timestamp,dhw_heat_kWh,dhw_heat_kW,water_L,water_LperH
2019-01-01 00:00:00,0.0,0.0,0.0,0.0
2019-01-01 01:00:00,0.0,0.0,0.0,0.0
2019-01-01 02:00:00,0.0,0.0,0.0,0.0
2019-01-01 03:00:00,0.0,0.0,0.0,0.0
2019-01-01 04:00:00,0.0,0.0,0.0,0.0
2019-01-01 05:00:00,0.0,0.0,0.0,0.0
2019-01-01 06:00:00,0.0,0.0,0.0,0.0
2019-01-01 07:00:00,0.0,0.0,0.0,0.0
2019-01-01 08:00:00,0.0,0.0,0.0,0.0
2019-01-01 09:00:00,0.0,0.0,0.0,0.0
2019-01-01 10:00:00,0.0,0.0,0.0,0.0
2019-01-01 11:00:00,0.0,0.0,0.0,0.0
2019-01-01 12:00:00,0.0,0.0,0.0,0.0
2019-01-01 13:00:00,0.0,0.0,0.0,0.0
2019-01-01 14:00:00,0.0,0.0,0.0,0.0
2019-01-01 15:00:00,0.0,0.0,0.0,0.0
2019-01-01 16:00:00,0.0,0.0,0.0,0.0
2019-01-01 17:00:00,0.0,0.0,0.0,0.0
2019-01-01 18:00:00,0.0,0.0,0.0,0.0
2019-01-01 19:00:00,0.0,0.0,0.0,0.0
2019-01-01 20:00:00,0.0,0.0,0.0,0.0
2019-01-01 21:00:00,0.0,0.0,0.0,0.0
2019-01-01 22:00:00,0.0,0.0,0.0,0.0
2019-01-01 23:00:00,0.0,0.0,0.0,0.0
2019-01-02 00:00:00,0.0,0.0,0.0,0.0
2019-01-02 01:00:00,0.0,0.0,0.0,0.0
2019-01-02 02:00:00,0.0,0.0,0.0,0.0
2019-01-02 03:00:00,0.0,0.0,0.0,0.0
2019-01-02 04:00:00,0.0,0.0,0.0,0.0
2019-01-02 05:00:00,0.0,0.0,0.0,0.0
2019-01-02 06:00:00,0.0,0.0,0.0,0.0
2019-01-02 07:00:00,155.611995,155.611995,3039.0,3039.0
2019-01-02 08:00:00,174.50663999999998,174.50663999999998,3408.0,3408.0
2019-01-02 09:00:00,311.582425,311.582425,6085.0,6085.0
2019-01-02 10:00:00,325.15175,325.15175,6350.0,6350.0
2019-01-02 11:00:00,217.00678999999997,217.00678999999997,4238.0,4238.0
2019-01-02 12:00:00,176.913275,176.913275,3455.0,3455.0
2019-01-02 13:00:00,216.648355,216.64835499999998,4231.0,4231.0
2019-01-02 14:00:00,247.93461000000002,247.93461,4842.0,4842.0
2019-01-02 15:00:00,279.88653,279.88653,5466.0,5466.0
2019-01-02 16:00:00,275.58530999999994,275.58530999999994,5382.0,5382.0
2019-01-02 17:00:00,191.60911,191.60911,3742.0,3742.0
2019-01-02 18:00:00,163.75359,163.75359,3198.0,3198.0
2019-01-02 19:00:00,159.04273,159.04273,3106.0,3106.0
2019-01-02 20:00:00,81.671975,81.67197499999999,1595.0,1595.0
2019-01-02 21:00:00,81.87679499999999,81.87679499999999,1599.0,1599.0
2019-01-02 22:00:00,81.72318,81.72318,1596.0,1596.0
2019-01-02 23:00:00,81.31354,81.31354,1588.0,1588.0
2019-01-03 00:00:00,81.569565,81.569565,1593.0,1593.0
2019-01-03 01:00:00,81.92799999999998,81.92799999999998,1600.0,1600.0
2019-01-03 02:00:00,81.92799999999998,81.92799999999998,1600.0,1600.0
2019-01-03 03:00:00,81.569565,81.569565,1593.0,1593.0
2019-01-03 04:00:00,81.82559000000002,81.82559000000002,1598.0,1598.0
2019-01-03 05:00:00,81.92799999999998,81.92799999999998,1600.0,1600.0
2019-01-03 06:00:00,81.87679499999999,81.87679499999999,1599.0,1599.0
2019-01-03 07:00:00,157.55778500000002,157.55778500000002,3077.0,3077.0
2019-01-03 08:00:00,194.88623,194.88623,3806.0,3806.0
2019-01-03 09:00:00,319.92884,319.92884,6248.0,6248.0
2019-01-03 10:00:00,315.32039,315.32039,6158.0,6158.0
2019-01-03 11:00:00,220.48872999999998,220.48872999999998,4306.0,4306.0
2019-01-03 12:00:00,179.575935,179.575935,3507.0,3507.0
2019-01-03 13:00:00,214.65135999999995,214.65135999999995,4192.0,4192.0
2019-01-03 14:00:00,242.353265,242.353265,4733.0,4733.0
2019-01-03 15:00:00,289.00102000000004,289.00102000000004,5644.0,5644.0
2019-01-03 16:00:00,291.56127000000004,291.56127000000004,5694.0,5694.0
2019-01-03 17:00:00,194.88622999999995,194.88622999999995,3806.0,3806.0
2019-01-03 18:00:00,163.44636000000003,163.44636000000003,3192.0,3192.0
2019-01-03 19:00:00,144.70533,144.70533,2826.0,2826.0
2019-01-03 20:00:00,81.87679499999999,81.87679499999999,1599.0,1599.0
2019-01-03 21:00:00,81.51836,81.51836,1592.0,1592.0
2019-01-03 22:00:00,81.72318,81.72318,1596.0,1596.0
2019-01-03 23:00:00,81.82559000000002,81.82559000000002,1598.0,1598.0
2019-01-04 00:00:00,81.671975,81.67197499999999,1595.0,1595.0
2019-01-04 01:00:00,81.82559000000002,81.82559000000002,1598.0,1598.0
2019-01-04 02:00:00,81.82559000000002,81.82559000000002,1598.0,1598.0
2019-01-04 03:00:00,81.51836,81.51836,1592.0,1592.0
2019-01-04 04:00:00,81.92799999999998,81.92799999999998,1600.0,1600.0
2019-01-04 05:00:00,81.72318,81.72318,1596.0,1596.0
2019-01-04 06:00:00,81.87679499999999,81.87679499999999,1599.0,1599.0
2019-01-04 07:00:00,151.15716000000003,151.15716000000003,2952.0,2952.0
2019-01-04 08:00:00,186.13017499999998,186.13017499999998,3635.0,3635.0
2019-01-04 09:00:00,323.6156,323.6156,6320.0,6320.0
2019-01-04 10:00:00,319.00714999999997,319.00715,6230.0,6230.0
2019-01-04 11:00:00,222.895365,222.895365,4353.0,4353.0
2019-01-04 12:00:00,181.06088000000003,181.06088000000003,3536.0,3536.0
2019-01-04 13:00:00,209.42845000000003,209.42845,4090.0,4090.0
2019-01-04 14:00:00,243.22375,243.22375,4750.0,4750.0
2019-01-04 15:00:00,279.835325,279.835325,5465.0,5465.0
2019-01-04 16:00:00,295.9649,295.96489999999994,5780.0,5780.0
2019-01-04 17:00:00,188.53681000000003,188.53681000000003,3682.0,3682.0
2019-01-04 18:00:00,163.13913000000002,163.13913000000002,3186.0,3186.0
2019-01-04 19:00:00,130.214315,130.214315,2543.0,2543.0
2019-01-04 20:00:00,81.72318,81.72318,1596.0,1596.0
2019-01-04 21:00:00,81.51836,81.51836,1592.0,1592.0
2019-01-04 22:00:00,81.87679499999999,81.87679499999999,1599.0,1599.0
2019-01-04 23:00:00,81.62077,81.62077,1594.0,1594.0
2019-01-05 00:00:00,81.92799999999998,81.92799999999998,1600.0,1600.0
2019-01-05 01:00:00,81.72318,81.72318,1596.0,1596.0
2019-01-05 02:00:00,81.467155,81.467155,1591.0,1591.0
2019-01-05 03:00:00,81.82559000000002,81.82559000000002,1598.0,1598.0
2019-01-05 04:00:00,81.92799999999998,81.92799999999998,1600.0,1600.0
2019-01-05 05:00:00,81.671975,81.67197499999999,1595.0,1595.0
2019-01-05 06:00:00,81.92799999999998,81.92799999999998,1600.0,1600.0
2019-01-05 07:00:00,81.82559000000002,81.82559000000002,1598.0,1598.0
2019-01-05 08:00:00,81.87679499999999,81.87679499999999,1599.0,1599.0
2019-01-05 09:00:00,81.467155,81.467155,1591.0,1591.0
2019-01-05 10:00:00,81.92799999999998,81.92799999999998,1600.0,1600.0
2019-01-05 11:00:00,81.92799999999998,81.92799999999998,1600.0,1600.0
2019-01-05 12:00:00,81.87679499999999,81.87679499999999,1599.0,1599.0
2019-01-05 13:00:00,81.72318,81.72318,1596.0,1596.0
2019-01-05 14:00:00,81.51836,81.51836,1592.0,1592.0
2019-01-05 15:00:00,81.82559000000002,81.82559000000002,1598.0,1598.0
2019-01-05 16:00:00,81.92799999999998,81.92799999999998,1600.0,1600.0
2019-01-05 17:00:00,81.72318,81.72318,1596.0,1596.0
2019-01-05 18:00:00,81.569565,81.569565,1593.0,1593.0
2019-01-05 19:00:00,81.77438500000002,81.77438500000002,1597.0,1597.0
2019-01-05 20:00:00,81.72318,81.72318,1596.0,1596.0
2019-01-05 21:00:00,81.82559000000002,81.82559000000002,1598.0,1598.0
2019-01-05 22:00:00,81.92799999999998,81.92799999999998,1600.0,1600.0
2019-01-05 23:00:00,81.82559000000002,81.82559000000002,1598.0,1598.0
2019-01-06 00:00:00,81.51836,81.51836,1592.0,1592.0
2019-01-06 01:00:00,81.41595,81.41595,1590.0,1590.0
2019-01-06 02:00:00,81.77438500000002,81.77438500000002,1597.0,1597.0
2019-01-06 03:00:00,81.51836,81.51836,1592.0,1592.0
2019-01-06 04:00:00,81.467155,81.467155,1591.0,1591.0
2019-01-06 05:00:00,81.51836,81.51836,1592.0,1592.0
2019-01-06 06:00:00,81.72318,81.72318,1596.0,1596.0
2019-01-06 07:00:00,81.41595,81.41595,1590.0,1590.0
2019-01-06 08:00:00,81.82559000000002,81.82559000000002,1598.0,1598.0
2019-01-06 09:00:00,81.87679499999999,81.87679499999999,1599.0,1599.0
2019-01-06 10:00:00,81.569565,81.569565,1593.0,1593.0
2019-01-06 11:00:00,81.87679499999999,81.87679499999999,1599.0,1599.0
2019-01-06 12:00:00,81.77438500000002,81.77438500000002,1597.0,1597.0
2019-01-06 13:00:00,81.41595,81.41595,1590.0,1590.0
2019-01-06 14:00:00,81.467155,81.467155,1591.0,1591.0
2019-01-06 15:00:00,81.87679499999999,81.87679499999999,1599.0,1599.0
2019-01-06 16:00:00,81.87679499999999,81.87679499999999,1599.0,1599.0
2019-01-06 17:00:00,55.301399999999994,55.301399999999994,1080.0,1080.0
2019-01-06 18:00:00,0.0,0.0,0.0,0.0
2019-01-06 19:00:00,0.0,0.0,0.0,0.0
2019-01-06 20:00:00,0.0,0.0,0.0,0.0
2019-01-06 21:00:00,0.0,0.0,0.0,0.0
2019-01-06 22:00:00,0.0,0.0,0.0,0.0
2019-01-06 23:00:00,0.0,0.0,0.0,0.0
2019-01-07 00:00:00,0.0,0.0,0.0,0.0
2019-01-07 01:00:00,0.0,0.0,0.0,0.0
2019-01-07 02:00:00,0.0,0.0,0.0,0.0
2019-01-07 03:00:00,0.0,0.0,0.0,0.0
2019-01-07 04:00:00,0.0,0.0,0.0,0.0
2019-01-07 05:00:00,0.0,0.0,0.0,0.0
2019-01-07 06:00:00,0.0,0.0,0.0,0.0
2019-01-07 07:00:00,153.30777,153.30777,2994.0,2994.0
2019-01-07 08:00:00,177.732555,177.732555,3471.0,3471.0
2019-01-07 09:00:00,334.88069999999993,334.88069999999993,6540.0,6540.0
2019-01-07 10:00:00,310.763145,310.76314499999995,6069.0,6069.0
2019-01-07 11:00:00,219.925475,219.92547499999998,4295.0,4295.0
2019-01-07 12:00:00,175.83797,175.83797,3434.0,3434.0
2019-01-07 13:00:00,207.27784,207.27784000000003,4048.0,4048.0
2019-01-07 14:00:00,233.955645,233.955645,4569.0,4569.0
2019-01-07 15:00:00,295.401645,295.40164500000003,5769.0,5769.0
2019-01-07 16:00:00,302.10949999999997,302.10949999999997,5900.0,5900.0
2019-01-07 17:00:00,196.21756,196.21756,3832.0,3832.0
2019-01-07 18:00:00,163.702385,163.702385,3197.0,3197.0
2019-01-07 19:00:00,163.44636000000003,163.44636000000003,3192.0,3192.0
2019-01-07 20:00:00,92.27140999999999,92.27140999999999,1802.0,1802.0
2019-01-07 21:00:00,81.92799999999998,81.92799999999998,1600.0,1600.0
2019-01-07 22:00:00,81.51836,81.51836,1592.0,1592.0
2019-01-07 23:00:00,81.41595,81.41595,1590.0,1590.0
2019-01-08 00:00:00,81.364745,81.364745,1589.0,1589.0
2019-01-08 01:00:00,81.72318,81.72318,1596.0,1596.0
2019-01-08 02:00:00,81.87679499999999,81.87679499999999,1599.0,1599.0
2019-01-08 03:00:00,81.671975,81.67197499999999,1595.0,1595.0
2019-01-08 04:00:00,81.62077,81.62077,1594.0,1594.0
2019-01-08 05:00:00,81.62077,81.62077,1594.0,1594.0
2019-01-08 06:00:00,81.467155,81.467155,1591.0,1591.0
2019-01-08 07:00:00,147.11196500000003,147.11196500000003,2873.0,2873.0
2019-01-08 08:00:00,176.24761,176.24761,3442.0,3442.0
2019-01-08 09:00:00,328.83851,328.83851,6422.0,6422.0
2019-01-08 10:00:00,328.37766500000004,328.37766500000004,6413.0,6413.0
2019-01-08 11:00:00,229.55201499999998,229.55201499999998,4483.0,4483.0
2019-01-08 12:00:00,178.39822,178.39822,3484.0,3484.0
2019-01-08 13:00:00,212.60316,212.60316,4152.0,4152.0
2019-01-08 14:00:00,246.65448500000002,246.65448500000002,4817.0,4817.0
2019-01-08 15:00:00,292.022115,292.02211500000004,5703.0,5703.0
2019-01-08 16:00:00,285.31426,285.31426,5572.0,5572.0
2019-01-08 17:00:00,191.5067,191.5067,3740.0,3740.0
2019-01-08 18:00:00,163.292745,163.292745,3189.0,3189.0
2019-01-08 19:00:00,163.292745,163.292745,3189.0,3189.0
2019-01-08 20:00:00,91.50333499999999,91.50333499999999,1787.0,1787.0
2019-01-08 21:00:00,81.77438500000002,81.77438500000002,1597.0,1597.0
2019-01-08 22:00:00,81.72318,81.72318,1596.0,1596.0
2019-01-08 23:00:00,81.87679499999999,81.87679499999999,1599.0,1599.0
2019-01-09 00:00:00,81.569565,81.569565,1593.0,1593.0
2019-01-09 01:00:00,81.87679499999999,81.87679499999999,1599.0,1599.0
2019-01-09 02:00:00,81.82559000000002,81.82559000000002,1598.0,1598.0
2019-01-09 03:00:00,81.72318,81.72318,1596.0,1596.0
2019-01-09 04:00:00,81.671975,81.67197499999999,1595.0,1595.0
2019-01-09 05:00:00,81.671975,81.67197499999999,1595.0,1595.0
2019-01-09 06:00:00,81.62077,81.62077,1594.0,1594.0
2019-01-09 07:00:00,146.34389,146.34389,2858.0,2858.0
2019-01-09 08:00:00,175.22351000000003,175.22351000000006,3422.0,3422.0
2019-01-09 09:00:00,304.46493000000004,304.46493000000004,5946.0,5946.0
2019-01-09 10:00:00,317.16377,317.16377,6194.0,6194.0
2019-01-09 11:00:00,230.06406499999997,230.06406499999997,4493.0,4493.0
2019-01-09 12:00:00,175.83796999999996,175.83796999999996,3434.0,3434.0
2019-01-09 13:00:00,207.78989,207.78989,4058.0,4058.0
2019-01-09 14:00:00,246.70568999999998,246.70568999999998,4818.0,4818.0
2019-01-09 15:00:00,287.6184849999999,287.6184849999999,5617.0,5617.0
2019-01-09 16:00:00,302.62154999999996,302.62154999999996,5910.0,5910.0
2019-01-09 17:00:00,193.70851500000003,193.70851500000003,3783.0,3783.0
2019-01-09 18:00:00,163.39515500000002,163.39515500000002,3191.0,3191.0
2019-01-09 19:00:00,162.98551500000002,162.98551500000002,3183.0,3183.0
2019-01-09 20:00:00,81.77438500000002,81.77438500000002,1597.0,1597.0
2019-01-09 21:00:00,81.92799999999998,81.92799999999998,1600.0,1600.0
2019-01-09 22:00:00,81.82559000000002,81.82559000000002,1598.0,1598.0
2019-01-09 23:00:00,81.569565,81.569565,1593.0,1593.0
2019-01-10 00:00:00,81.77438500000002,81.77438500000002,1597.0,1597.0
2019-01-10 01:00:00,81.92799999999998,81.92799999999998,1600.0,1600.0
2019-01-10 02:00:00,81.92799999999998,81.92799999999998,1600.0,1600.0
2019-01-10 03:00:00,81.87679499999999,81.87679499999999,1599.0,1599.0
2019-01-10 04:00:00,81.92799999999998,81.92799999999998,1600.0,1600.0
2019-01-10 05:00:00,81.92799999999998,81.92799999999998,1600.0,1600.0
2019-01-10 06:00:00,81.92799999999998,81.92799999999998,1600.0,1600.0
2019-01-10 07:00:00,146.75353,146.75353000000004,2866.0,2866.0
2019-01-10 08:00:00,180.95846999999998,180.95847,3534.0,3534.0
2019-01-10 09:00:00,329.14574000000005,329.14574000000005,6428.0,6428.0
2019-01-10 10:00:00,320.23607,320.23607,6254.0,6254.0
2019-01-10 11:00:00,221.35921499999998,221.35921499999998,4323.0,4323.0
2019-01-10 12:00:00,178.1934,178.1934,3480.0,3480.0
2019-01-10 13:00:00,209.684475,209.684475,4095.0,4095.0
2019-01-10 14:00:00,240.612295,240.612295,4699.0,4699.0
2019-01-10 15:00:00,296.630565,296.630565,5793.0,5793.0
2019-01-10 16:00:00,271.28409,271.28409,5298.0,5298.0
2019-01-10 17:00:00,193.91333500000002,193.91333500000002,3787.0,3787.0
2019-01-10 18:00:00,163.80479499999996,163.80479499999996,3199.0,3199.0
2019-01-10 19:00:00,163.49756499999998,163.49756499999998,3193.0,3193.0
2019-01-10 20:00:00,88.37983000000001,88.37983000000001,1726.0,1726.0
2019-01-10 21:00:00,81.87679499999999,81.87679499999999,1599.0,1599.0
2019-01-10 22:00:00,81.87679499999999,81.87679499999999,1599.0,1599.0
2019-01-10 23:00:00,81.82559000000002,81.82559000000002,1598.0,1598.0
2019-01-11 00:00:00,81.467155,81.467155,1591.0,1591.0
2019-01-11 01:00:00,81.87679499999999,81.87679499999999,1599.0,1599.0
2019-01-11 02:00:00,81.87679499999999,81.87679499999999,1599.0,1599.0
2019-01-11 03:00:00,81.92799999999998,81.92799999999998,1600.0,1600.0
2019-01-11 04:00:00,81.467155,81.467155,1591.0,1591.0
2019-01-11 05:00:00,81.569565,81.569565,1593.0,1593.0
2019-01-11 06:00:00,81.87679499999999,81.87679499999999,1599.0,1599.0
2019-01-11 07:00:00,151.25957,151.25956999999997,2954.0,2954.0
2019-01-11 08:00:00,179.62714,179.62714,3508.0,3508.0
2019-01-11 09:00:00,324.84452,324.84452,6344.0,6344.0
2019-01-11 10:00:00,323.564395,323.564395,6319.0,6319.0
2019-01-11 11:00:00,222.48572499999997,222.48572499999997,4345.0,4345.0
2019-01-11 12:00:00,176.45243,176.45243,3446.0,3446.0
2019-01-11 13:00:00,209.53086000000002,209.53086000000002,4092.0,4092.0
2019-01-11 14:00:00,240.202655,240.202655,4691.0,4691.0
2019-01-11 15:00:00,287.00402499999996,287.00402499999996,5605.0,5605.0
2019-01-11 16:00:00,284.54618500000004,284.54618500000004,5557.0,5557.0
2019-01-11 17:00:00,196.57599499999995,196.57599499999995,3839.0,3839.0
2019-01-11 18:00:00,163.65117999999998,163.65117999999998,3196.0,3196.0
2019-01-11 19:00:00,149.62100999999998,149.62100999999998,2922.0,2922.0
2019-01-11 20:00:00,81.77438500000002,81.77438500000002,1597.0,1597.0
2019-01-11 21:00:00,81.671975,81.67197499999999,1595.0,1595.0
2019-01-11 22:00:00,81.87679499999999,81.87679499999999,1599.0,1599.0
2019-01-11 23:00:00,81.87679499999999,81.87679499999999,1599.0,1599.0
2019-01-12 00:00:00,81.62077,81.62077,1594.0,1594.0
2019-01-12 01:00:00,81.72318,81.72318,1596.0,1596.0
2019-01-12 02:00:00,81.62077,81.62077,1594.0,1594.0
2019-01-12 03:00:00,81.87679499999999,81.87679499999999,1599.0,1599.0
2019-01-12 04:00:00,81.671975,81.67197499999999,1595.0,1595.0
2019-01-12 05:00:00,81.92799999999998,81.92799999999998,1600.0,1600.0
2019-01-12 06:00:00,81.569565,81.569565,1593.0,1593.0
2019-01-12 07:00:00,81.77438500000002,81.77438500000002,1597.0,1597.0
2019-01-12 08:00:00,81.671975,81.67197499999999,1595.0,1595.0
2019-01-12 09:00:00,81.569565,81.569565,1593.0,1593.0
2019-01-12 10:00:00,81.62077,81.62077,1594.0,1594.0
2019-01-12 11:00:00,81.82559000000002,81.82559000000002,1598.0,1598.0
2019-01-12 12:00:00,81.72318,81.72318,1596.0,1596.0
2019-01-12 13:00:00,81.77438500000002,81.77438500000002,1597.0,1597.0
2019-01-12 14:00:00,81.41595,81.41595,1590.0,1590.0
2019-01-12 15:00:00,81.82559000000002,81.82559000000002,1598.0,1598.0
2019-01-12 16:00:00,81.467155,81.467155,1591.0,1591.0
2019-01-12 17:00:00,81.467155,81.467155,1591.0,1591.0
2019-01-12 18:00:00,81.82559000000002,81.82559000000002,1598.0,1598.0
2019-01-12 19:00:00,81.467155,81.467155,1591.0,1591.0
2019-01-12 20:00:00,81.77438500000002,81.77438500000002,1597.0,1597.0
2019-01-12 21:00:00,81.82559000000002,81.82559000000002,1598.0,1598.0
2019-01-12 22:00:00,81.92799999999998,81.92799999999998,1600.0,1600.0
2019-01-12 23:00:00,81.92799999999998,81.92799999999998,1600.0,1600.0
2019-01-13 00:00:00,81.82559000000002,81.82559000000002,1598.0,1598.0
2019-01-13 01:00:00,81.82559000000002,81.82559000000002,1598.0,1598.0
2019-01-13 02:00:00,81.569565,81.569565,1593.0,1593.0
2019-01-13 03:00:00,81.62077,81.62077,1594.0,1594.0
2019-01-13 04:00:00,81.569565,81.569565,1593.0,1593.0
2019-01-13 05:00:00,81.77438500000002,81.77438500000002,1597.0,1597.0
2019-01-13 06:00:00,81.82559000000002,81.82559000000002,1598.0,1598.0
2019-01-13 07:00:00,81.77438500000002,81.77438500000002,1597.0,1597.0
2019-01-13 08:00:00,81.364745,81.364745,1589.0,1589.0
2019-01-13 09:00:00,81.82559000000002,81.82559000000002,1598.0,1598.0
2019-01-13 10:00:00,81.31354,81.31354,1588.0,1588.0
2019-01-13 11:00:00,81.72318,81.72318,1596.0,1596.0
2019-01-13 12:00:00,81.569565,81.569565,1593.0,1593.0
2019-01-13 13:00:00,81.87679499999999,81.87679499999999,1599.0,1599.0
2019-01-13 14:00:00,81.77438500000002,81.77438500000002,1597.0,1597.0
2019-01-13 15:00:00,81.77438500000002,81.77438500000002,1597.0,1597.0
2019-01-13 16:00:00,81.569565,81.569565,1593.0,1593.0
2019-01-13 17:00:00,81.92799999999998,81.92799999999998,1600.0,1600.0
2019-01-13 18:00:00,81.82559000000002,81.82559000000002,1598.0,1598.0
2019-01-13 19:00:00,81.92799999999998,81.92799999999998,1600.0,1600.0
2019-01-13 20:00:00,81.569565,81.569565,1593.0,1593.0
2019-01-13 21:00:00,81.569565,81.569565,1593.0,1593.0
2019-01-13 22:00:00,81.72318,81.72318,1596.0,1596.0
2019-01-13 23:00:00,81.82559000000002,81.82559000000002,1598.0,1598.0
2019-01-14 00:00:00,81.72318,81.72318,1596.0,1596.0
2019-01-14 01:00:00,81.62077,81.62077,1594.0,1594.0
2019-01-14 02:00:00,81.77438500000002,81.77438500000002,1597.0,1597.0
2019-01-14 03:00:00,81.82559000000002,81.82559000000002,1598.0,1598.0
2019-01-14 04:00:00,81.92799999999998,81.92799999999998,1600.0,1600.0
2019-01-14 05:00:00,81.87679499999999,81.87679499999999,1599.0,1599.0
2019-01-14 06:00:00,81.671975,81.67197499999999,1595.0,1595.0
2019-01-14 07:00:00,156.17525,156.17525,3050.0,3050.0
2019-01-14 08:00:00,175.684355,175.684355,3431.0,3431.0
2019-01-14 09:00:00,324.69090499999993,324.69090499999993,6341.0,6341.0
2019-01-14 10:00:00,332.11563,332.11562999999995,6486.0,6486.0
2019-01-14 11:00:00,233.341185,233.341185,4557.0,4557.0
2019-01-14 12:00:00,180.34401000000003,180.34401000000003,3522.0,3522.0
2019-01-14 13:00:00,213.52485000000001,213.52485000000001,4170.0,4170.0
2019-01-14 14:00:00,234.570105,234.570105,4581.0,4581.0
2019-01-14 15:00:00,304.26011000000005,304.26011000000005,5942.0,5942.0
2019-01-14 16:00:00,303.1336,303.1336,5920.0,5920.0
2019-01-14 17:00:00,194.42538500000003,194.42538500000003,3797.0,3797.0
2019-01-14 18:00:00,163.85599999999997,163.85599999999997,3200.0,3200.0
2019-01-14 19:00:00,163.702385,163.702385,3197.0,3197.0
2019-01-14 20:00:00,88.02139500000003,88.02139500000003,1719.0,1719.0
2019-01-14 21:00:00,81.87679499999999,81.87679499999999,1599.0,1599.0
2019-01-14 22:00:00,81.51836,81.51836,1592.0,1592.0
2019-01-14 23:00:00,81.569565,81.569565,1593.0,1593.0
2019-01-15 00:00:00,81.92799999999998,81.92799999999998,1600.0,1600.0
2019-01-15 01:00:00,81.671975,81.67197499999999,1595.0,1595.0
2019-01-15 02:00:00,81.77438500000002,81.77438500000002,1597.0,1597.0
2019-01-15 03:00:00,81.92799999999998,81.92799999999998,1600.0,1600.0
2019-01-15 04:00:00,81.41595,81.41595,1590.0,1590.0
2019-01-15 05:00:00,81.87679499999999,81.87679499999999,1599.0,1599.0
2019-01-15 06:00:00,81.87679499999999,81.87679499999999,1599.0,1599.0
2019-01-15 07:00:00,156.99453000000003,156.99453000000003,3066.0,3066.0
2019-01-15 08:00:00,169.89818999999997,169.89818999999997,3318.0,3318.0
2019-01-15 09:00:00,311.992065,311.992065,6093.0,6093.0
2019-01-15 10:00:00,320.85052999999994,320.85052999999994,6266.0,6266.0
2019-01-15 11:00:00,227.35020000000003,227.35020000000003,4440.0,4440.0
2019-01-15 12:00:00,176.401225,176.401225,3445.0,3445.0
2019-01-15 13:00:00,211.42544500000002,211.42544500000002,4129.0,4129.0
2019-01-15 14:00:00,243.88941500000004,243.88941500000007,4763.0,4763.0
2019-01-15 15:00:00,295.19682500000005,295.196825,5765.0,5765.0
2019-01-15 16:00:00,294.582365,294.582365,5753.0,5753.0
2019-01-15 17:00:00,191.5067,191.5067,3740.0,3740.0
2019-01-15 18:00:00,163.395155,163.395155,3191.0,3191.0
2019-01-15 19:00:00,161.24454500000002,161.24454500000002,3149.0,3149.0
2019-01-15 20:00:00,81.364745,81.364745,1589.0,1589.0
2019-01-15 21:00:00,81.77438500000002,81.77438500000002,1597.0,1597.0
2019-01-15 22:00:00,81.82559000000002,81.82559000000002,1598.0,1598.0
2019-01-15 23:00:00,81.87679499999999,81.87679499999999,1599.0,1599.0
2019-01-16 00:00:00,81.92799999999998,81.92799999999998,1600.0,1600.0
2019-01-16 01:00:00,81.82559000000002,81.82559000000002,1598.0,1598.0
2019-01-16 02:00:00,81.77438500000002,81.77438500000002,1597.0,1597.0
2019-01-16 03:00:00,81.51836,81.51836,1592.0,1592.0
2019-01-16 04:00:00,81.92799999999998,81.92799999999998,1600.0,1600.0
2019-01-16 05:00:00,81.569565,81.569565,1593.0,1593.0
2019-01-16 06:00:00,81.92799999999998,81.92799999999998,1600.0,1600.0
2019-01-16 07:00:00,146.13907,146.13907,2854.0,2854.0
2019-01-16 08:00:00,183.92836,183.92836,3592.0,3592.0
2019-01-16 09:00:00,328.32646000000005,328.32646000000005,6412.0,6412.0
2019-01-16 10:00:00,325.97103,325.97103,6366.0,6366.0
2019-01-16 11:00:00,236.311075,236.311075,4615.0,4615.0
2019-01-16 12:00:00,182.49462000000003,182.49462000000003,3564.0,3564.0
2019-01-16 13:00:00,215.521845,215.52184499999998,4209.0,4209.0
2019-01-16 14:00:00,238.51289000000003,238.51289000000003,4658.0,4658.0
2019-01-16 15:00:00,293.96790500000003,293.96790500000003,5741.0,5741.0
2019-01-16 16:00:00,293.60947,293.60947,5734.0,5734.0
2019-01-16 17:00:00,189.71452500000007,189.71452500000007,3705.0,3705.0
2019-01-16 18:00:00,163.13913,163.13913,3186.0,3186.0
2019-01-16 19:00:00,163.54877000000002,163.54877000000002,3194.0,3194.0
2019-01-16 20:00:00,91.29851500000002,91.29851500000002,1783.0,1783.0
2019-01-16 21:00:00,81.51836,81.51836,1592.0,1592.0
2019-01-16 22:00:00,81.77438500000002,81.77438500000002,1597.0,1597.0
2019-01-16 23:00:00,81.87679499999999,81.87679499999999,1599.0,1599.0
2019-01-17 00:00:00,81.51836,81.51836,1592.0,1592.0
2019-01-17 01:00:00,81.72318,81.72318,1596.0,1596.0
2019-01-17 02:00:00,81.671975,81.67197499999999,1595.0,1595.0
2019-01-17 03:00:00,81.92799999999998,81.92799999999998,1600.0,1600.0
2019-01-17 04:00:00,81.41595,81.41595,1590.0,1590.0
2019-01-17 05:00:00,81.569565,81.569565,1593.0,1593.0
2019-01-17 06:00:00,81.82559000000002,81.82559000000002,1598.0,1598.0
2019-01-17 07:00:00,145.62702000000002,145.62702000000002,2844.0,2844.0
2019-01-17 08:00:00,179.063885,179.063885,3497.0,3497.0
2019-01-17 09:00:00,330.016225,330.016225,6445.0,6445.0
2019-01-17 10:00:00,333.2933450000001,333.2933450000001,6509.0,6509.0
2019-01-17 11:00:00,225.14838500000005,225.14838500000005,4397.0,4397.0
2019-01-17 12:00:00,181.2657,181.2657,3540.0,3540.0
2019-01-17 13:00:00,209.07001499999996,209.07001499999996,4083.0,4083.0
2019-01-17 14:00:00,242.50688,242.50688000000002,4736.0,4736.0
2019-01-17 15:00:00,291.81729500000006,291.817295,5699.0,5699.0
2019-01-17 16:00:00,296.83538500000003,296.83538500000003,5797.0,5797.0
2019-01-17 17:00:00,192.274775,192.274775,3755.0,3755.0
2019-01-17 18:00:00,163.59997500000003,163.59997500000003,3195.0,3195.0
2019-01-17 19:00:00,153.56379500000003,153.56379500000003,2999.0,2999.0
2019-01-17 20:00:00,81.87679499999999,81.87679499999999,1599.0,1599.0
2019-01-17 21:00:00,81.82559000000002,81.82559000000002,1598.0,1598.0
2019-01-17 22:00:00,81.467155,81.467155,1591.0,1591.0
2019-01-17 23:00:00,81.72318,81.72318,1596.0,1596.0
2019-01-18 00:00:00,81.77438500000002,81.77438500000002,1597.0,1597.0
2019-01-18 01:00:00,81.92799999999998,81.92799999999998,1600.0,1600.0
2019-01-18 02:00:00,81.87679499999999,81.87679499999999,1599.0,1599.0
2019-01-18 03:00:00,81.92799999999998,81.92799999999998,1600.0,1600.0
2019-01-18 04:00:00,81.92799999999998,81.92799999999998,1600.0,1600.0
2019-01-18 05:00:00,81.77438500000002,81.77438500000002,1597.0,1597.0
2019-01-18 06:00:00,81.62077,81.62077,1594.0,1594.0
2019-01-18 07:00:00,156.840915,156.840915,3063.0,3063.0
2019-01-18 08:00:00,186.59102,186.59102,3644.0,3644.0
2019-01-18 09:00:00,324.84452,324.84452,6344.0,6344.0
2019-01-18 10:00:00,324.74210999999997,324.74210999999997,6342.0,6342.0
2019-01-18 11:00:00,224.32910500000003,224.32910500000003,4381.0,4381.0
2019-01-18 12:00:00,181.67534,181.67534,3548.0,3548.0
2019-01-18 13:00:00,202.618185,202.618185,3957.0,3957.0
2019-01-18 14:00:00,249.931605,249.931605,4881.0,4881.0
2019-01-18 15:00:00,295.24803,295.24803,5766.0,5766.0
2019-01-18 16:00:00,286.95282,286.95282,5604.0,5604.0
2019-01-18 17:00:00,196.67840499999997,196.67840499999997,3841.0,3841.0
2019-01-18 18:00:00,163.59997499999997,163.59997499999997,3195.0,3195.0
2019-01-18 19:00:00,153.30776999999998,153.30776999999998,2994.0,2994.0
2019-01-18 20:00:00,81.87679499999999,81.87679499999999,1599.0,1599.0
2019-01-18 21:00:00,81.364745,81.364745,1589.0,1589.0
2019-01-18 22:00:00,81.671975,81.67197499999999,1595.0,1595.0
2019-01-18 23:00:00,81.569565,81.569565,1593.0,1593.0
2019-01-19 00:00:00,81.87679499999999,81.87679499999999,1599.0,1599.0
2019-01-19 01:00:00,81.62077,81.62077,1594.0,1594.0
2019-01-19 02:00:00,81.82559000000002,81.82559000000002,1598.0,1598.0
2019-01-19 03:00:00,81.82559000000002,81.82559000000002,1598.0,1598.0
2019-01-19 04:00:00,81.41595,81.41595,1590.0,1590.0
2019-01-19 05:00:00,81.92799999999998,81.92799999999998,1600.0,1600.0
2019-01-19 06:00:00,81.82559000000002,81.82559000000002,1598.0,1598.0
2019-01-19 07:00:00,81.77438500000002,81.77438500000002,1597.0,1597.0
2019-01-19 08:00:00,81.72318,81.72318,1596.0,1596.0
2019-01-19 09:00:00,81.51836,81.51836,1592.0,1592.0
2019-01-19 10:00:00,81.62077,81.62077,1594.0,1594.0
2019-01-19 11:00:00,81.77438500000002,81.77438500000002,1597.0,1597.0
2019-01-19 12:00:00,81.87679499999999,81.87679499999999,1599.0,1599.0
2019-01-19 13:00:00,81.92799999999998,81.92799999999998,1600.0,1600.0
2019-01-19 14:00:00,81.92799999999998,81.92799999999998,1600.0,1600.0
2019-01-19 15:00:00,81.671975,81.67197499999999,1595.0,1595.0
2019-01-19 16:00:00,81.92799999999998,81.92799999999998,1600.0,1600.0
2019-01-19 17:00:00,81.92799999999998,81.92799999999998,1600.0,1600.0
2019-01-19 18:00:00,81.82559000000002,81.82559000000002,1598.0,1598.0
2019-01-19 19:00:00,81.569565,81.569565,1593.0,1593.0
2019-01-19 20:00:00,81.82559000000002,81.82559000000002,1598.0,1598.0
2019-01-19 21:00:00,81.92799999999998,81.92799999999998,1600.0,1600.0
2019-01-19 22:00:00,81.82559000000002,81.82559000000002,1598.0,1598.0
2019-01-19 23:00:00,81.364745,81.364745,1589.0,1589.0
2019-01-20 00:00:00,81.671975,81.67197499999999,1595.0,1595.0
2019-01-20 01:00:00,81.77438500000002,81.77438500000002,1597.0,1597.0
2019-01-20 02:00:00,81.72318,81.72318,1596.0,1596.0
2019-01-20 03:00:00,81.62077,81.62077,1594.0,1594.0
2019-01-20 04:00:00,81.87679499999999,81.87679499999999,1599.0,1599.0
2019-01-20 05:00:00,81.92799999999998,81.92799999999998,1600.0,1600.0
2019-01-20 06:00:00,81.82559000000002,81.82559000000002,1598.0,1598.0
2019-01-20 07:00:00,81.82559000000002,81.82559000000002,1598.0,1598.0
2019-01-20 08:00:00,81.77438500000002,81.77438500000002,1597.0,1597.0
2019-01-20 09:00:00,81.72318,81.72318,1596.0,1596.0
2019-01-20 10:00:00,81.671975,81.67197499999999,1595.0,1595.0
2019-01-20 11:00:00,81.92799999999998,81.92799999999998,1600.0,1600.0
2019-01-20 12:00:00,81.87679499999999,81.87679499999999,1599.0,1599.0
2019-01-20 13:00:00,81.671975,81.67197499999999,1595.0,1595.0
2019-01-20 14:00:00,81.467155,81.467155,1591.0,1591.0
2019-01-20 15:00:00,81.41595,81.41595,1590.0,1590.0
2019-01-20 16:00:00,81.87679499999999,81.87679499999999,1599.0,1599.0
2019-01-20 17:00:00,81.77438500000002,81.77438500000002,1597.0,1597.0
2019-01-20 18:00:00,81.671975,81.67197499999999,1595.0,1595.0
2019-01-20 19:00:00,81.671975,81.67197499999999,1595.0,1595.0
2019-01-20 20:00:00,81.87679499999999,81.87679499999999,1599.0,1599.0
2019-01-20 21:00:00,81.569565,81.569565,1593.0,1593.0
2019-01-20 22:00:00,81.77438500000002,81.77438500000002,1597.0,1597.0
2019-01-20 23:00:00,81.82559000000002,81.82559000000002,1598.0,1598.0
2019-01-21 00:00:00,81.87679499999999,81.87679499999999,1599.0,1599.0
2019-01-21 01:00:00,81.77438500000002,81.77438500000002,1597.0,1597.0
2019-01-21 02:00:00,81.62077,81.62077,1594.0,1594.0
2019-01-21 03:00:00,81.62077,81.62077,1594.0,1594.0
2019-01-21 04:00:00,81.92799999999998,81.92799999999998,1600.0,1600.0
2019-01-21 05:00:00,81.92799999999998,81.92799999999998,1600.0,1600.0
2019-01-21 06:00:00,81.82559000000002,81.82559000000002,1598.0,1598.0
2019-01-21 07:00:00,149.21137,149.21137,2914.0,2914.0
2019-01-21 08:00:00,177.27170999999998,177.27170999999998,3462.0,3462.0
2019-01-21 09:00:00,315.371595,315.371595,6159.0,6159.0
2019-01-21 10:00:00,312.76014,312.76014,6108.0,6108.0
2019-01-21 11:00:00,224.124285,224.124285,4377.0,4377.0
2019-01-21 12:00:00,181.88016000000002,181.88016000000005,3552.0,3552.0
2019-01-21 13:00:00,209.12122,209.12122,4084.0,4084.0
2019-01-21 14:00:00,241.27796,241.27796,4712.0,4712.0
2019-01-21 15:00:00,285.10944,285.10944,5568.0,5568.0
2019-01-21 16:00:00,287.56728,287.56728,5616.0,5616.0
2019-01-21 17:00:00,192.63320999999996,192.63320999999996,3762.0,3762.0
2019-01-21 18:00:00,163.190335,163.190335,3187.0,3187.0
2019-01-21 19:00:00,163.75358999999997,163.75358999999997,3198.0,3198.0
2019-01-21 20:00:00,101.38589999999998,101.38589999999998,1980.0,1980.0
2019-01-21 21:00:00,81.77438500000002,81.77438500000002,1597.0,1597.0
2019-01-21 22:00:00,81.72318,81.72318,1596.0,1596.0
2019-01-21 23:00:00,81.87679499999999,81.87679499999999,1599.0,1599.0
2019-01-22 00:00:00,81.87679499999999,81.87679499999999,1599.0,1599.0
2019-01-22 01:00:00,81.51836,81.51836,1592.0,1592.0
2019-01-22 02:00:00,81.364745,81.364745,1589.0,1589.0
2019-01-22 03:00:00,81.671975,81.67197499999999,1595.0,1595.0
2019-01-22 04:00:00,81.87679499999999,81.87679499999999,1599.0,1599.0
2019-01-22 05:00:00,81.72318,81.72318,1596.0,1596.0
2019-01-22 06:00:00,81.82559000000002,81.82559000000002,1598.0,1598.0
2019-01-22 07:00:00,143.93725500000002,143.93725500000002,2811.0,2811.0
2019-01-22 08:00:00,184.18438500000002,184.18438500000002,3597.0,3597.0
2019-01-22 09:00:00,319.31437999999997,319.31437999999997,6236.0,6236.0
2019-01-22 10:00:00,331.91081,331.9108100000001,6482.0,6482.0
2019-01-22 11:00:00,232.829135,232.829135,4547.0,4547.0
2019-01-22 12:00:00,178.29581,178.29581,3482.0,3482.0
2019-01-22 13:00:00,207.58507,207.58507,4054.0,4054.0
2019-01-22 14:00:00,237.027945,237.027945,4629.0,4629.0
2019-01-22 15:00:00,296.323335,296.32333500000004,5787.0,5787.0
2019-01-22 16:00:00,288.18174,288.18174,5628.0,5628.0
2019-01-22 17:00:00,192.73561999999998,192.73561999999998,3764.0,3764.0
2019-01-22 18:00:00,163.395155,163.395155,3191.0,3191.0
2019-01-22 19:00:00,158.069835,158.069835,3087.0,3087.0
2019-01-22 20:00:00,81.77438500000002,81.77438500000002,1597.0,1597.0
2019-01-22 21:00:00,81.72318,81.72318,1596.0,1596.0
2019-01-22 22:00:00,81.92799999999998,81.92799999999998,1600.0,1600.0
2019-01-22 23:00:00,81.671975,81.67197499999999,1595.0,1595.0
2019-01-23 00:00:00,81.62077,81.62077,1594.0,1594.0
2019-01-23 01:00:00,81.77438500000002,81.77438500000002,1597.0,1597.0
2019-01-23 02:00:00,81.51836,81.51836,1592.0,1592.0
2019-01-23 03:00:00,81.569565,81.569565,1593.0,1593.0
2019-01-23 04:00:00,81.82559000000002,81.82559000000002,1598.0,1598.0
2019-01-23 05:00:00,81.569565,81.569565,1593.0,1593.0
2019-01-23 06:00:00,81.82559000000002,81.82559000000002,1598.0,1598.0
2019-01-23 07:00:00,152.18126000000004,152.18126,2972.0,2972.0
2019-01-23 08:00:00,187.10307,187.10307,3654.0,3654.0
2019-01-23 09:00:00,323.974035,323.974035,6327.0,6327.0
2019-01-23 10:00:00,312.24809,312.24809000000005,6098.0,6098.0
2019-01-23 11:00:00,236.31107500000005,236.31107500000005,4615.0,4615.0
2019-01-23 12:00:00,177.11809499999998,177.118095,3459.0,3459.0
2019-01-23 13:00:00,212.85918500000005,212.85918500000005,4157.0,4157.0
2019-01-23 14:00:00,237.84722499999998,237.84722499999998,4645.0,4645.0
2019-01-23 15:00:00,289.20583999999997,289.20583999999997,5648.0,5648.0
2019-01-23 16:00:00,293.763085,293.763085,5737.0,5737.0
2019-01-23 17:00:00,197.85611999999998,197.85611999999998,3864.0,3864.0
2019-01-23 18:00:00,163.24154000000004,163.24154000000004,3188.0,3188.0
2019-01-23 19:00:00,163.59997499999997,163.59997499999997,3195.0,3195.0
2019-01-23 20:00:00,90.88887499999998,90.88887499999998,1775.0,1775.0
2019-01-23 21:00:00,81.92799999999998,81.92799999999998,1600.0,1600.0
2019-01-23 22:00:00,81.87679499999999,81.87679499999999,1599.0,1599.0
2019-01-23 23:00:00,81.467155,81.467155,1591.0,1591.0
2019-01-24 00:00:00,81.87679499999999,81.87679499999999,1599.0,1599.0
2019-01-24 01:00:00,81.72318,81.72318,1596.0,1596.0
2019-01-24 02:00:00,81.671975,81.67197499999999,1595.0,1595.0
2019-01-24 03:00:00,81.92799999999998,81.92799999999998,1600.0,1600.0
2019-01-24 04:00:00,81.82559000000002,81.82559000000002,1598.0,1598.0
2019-01-24 05:00:00,81.72318,81.72318,1596.0,1596.0
2019-01-24 06:00:00,81.72318,81.72318,1596.0,1596.0
2019-01-24 07:00:00,146.13906999999998,146.13906999999998,2854.0,2854.0
2019-01-24 08:00:00,180.70244499999995,180.70244499999995,3529.0,3529.0
2019-01-24 09:00:00,325.6637999999999,325.6637999999999,6360.0,6360.0
2019-01-24 10:00:00,318.80233,318.80233,6226.0,6226.0
2019-01-24 11:00:00,229.80803999999995,229.80803999999995,4488.0,4488.0
2019-01-24 12:00:00,182.69943999999995,182.69943999999995,3568.0,3568.0
2019-01-24 13:00:00,213.06400499999998,213.06400499999998,4161.0,4161.0
2019-01-24 14:00:00,240.35626999999997,240.35626999999997,4694.0,4694.0
2019-01-24 15:00:00,289.20583999999997,289.20583999999997,5648.0,5648.0
2019-01-24 16:00:00,295.9649,295.96489999999994,5780.0,5780.0
2019-01-24 17:00:00,194.37418,194.37418,3796.0,3796.0
2019-01-24 18:00:00,163.49756499999998,163.49756499999998,3193.0,3193.0
2019-01-24 19:00:00,152.64210500000002,152.64210500000002,2981.0,2981.0
2019-01-24 20:00:00,81.72318,81.72318,1596.0,1596.0
2019-01-24 21:00:00,81.467155,81.467155,1591.0,1591.0
2019-01-24 22:00:00,81.82559000000002,81.82559000000002,1598.0,1598.0
2019-01-24 23:00:00,81.92799999999998,81.92799999999998,1600.0,1600.0
2019-01-25 00:00:00,81.262335,81.262335,1587.0,1587.0
2019-01-25 01:00:00,81.569565,81.569565,1593.0,1593.0
2019-01-25 02:00:00,81.72318,81.72318,1596.0,1596.0
2019-01-25 03:00:00,81.87679499999999,81.87679499999999,1599.0,1599.0
2019-01-25 04:00:00,81.671975,81.67197499999999,1595.0,1595.0
2019-01-25 05:00:00,81.467155,81.467155,1591.0,1591.0
2019-01-25 06:00:00,81.569565,81.569565,1593.0,1593.0
2019-01-25 07:00:00,146.24148000000002,146.24148000000002,2856.0,2856.0
2019-01-25 08:00:00,182.955465,182.955465,3573.0,3573.0
2019-01-25 09:00:00,334.112625,334.112625,6525.0,6525.0
2019-01-25 10:00:00,338.925895,338.925895,6619.0,6619.0
2019-01-25 11:00:00,222.12728999999996,222.12728999999996,4338.0,4338.0
2019-01-25 12:00:00,179.52473000000003,179.52473000000003,3506.0,3506.0
2019-01-25 13:00:00,213.47364499999998,213.47364499999995,4169.0,4169.0
2019-01-25 14:00:00,244.29905500000004,244.29905500000004,4771.0,4771.0
2019-01-25 15:00:00,304.56734,304.56734000000006,5948.0,5948.0
2019-01-25 16:00:00,297.552255,297.552255,5811.0,5811.0
2019-01-25 17:00:00,198.316965,198.316965,3873.0,3873.0
2019-01-25 18:00:00,163.44635999999997,163.44636,3192.0,3192.0
2019-01-25 19:00:00,163.49756499999998,163.49756499999998,3193.0,3193.0
2019-01-25 20:00:00,105.17507,105.17507,2054.0,2054.0
2019-01-25 21:00:00,81.92799999999998,81.92799999999998,1600.0,1600.0
2019-01-25 22:00:00,81.569565,81.569565,1593.0,1593.0
2019-01-25 23:00:00,81.671975,81.67197499999999,1595.0,1595.0
2019-01-26 00:00:00,81.671975,81.67197499999999,1595.0,1595.0
2019-01-26 01:00:00,81.77438500000002,81.77438500000002,1597.0,1597.0
2019-01-26 02:00:00,81.87679499999999,81.87679499999999,1599.0,1599.0
2019-01-26 03:00:00,81.51836,81.51836,1592.0,1592.0
2019-01-26 04:00:00,81.671975,81.67197499999999,1595.0,1595.0
2019-01-26 05:00:00,81.72318,81.72318,1596.0,1596.0
2019-01-26 06:00:00,81.467155,81.467155,1591.0,1591.0
2019-01-26 07:00:00,81.62077,81.62077,1594.0,1594.0
2019-01-26 08:00:00,81.87679499999999,81.87679499999999,1599.0,1599.0
2019-01-26 09:00:00,81.62077,81.62077,1594.0,1594.0
2019-01-26 10:00:00,81.92799999999998,81.92799999999998,1600.0,1600.0
2019-01-26 11:00:00,81.82559000000002,81.82559000000002,1598.0,1598.0
2019-01-26 12:00:00,81.87679499999999,81.87679499999999,1599.0,1599.0
2019-01-26 13:00:00,81.41595,81.41595,1590.0,1590.0
2019-01-26 14:00:00,81.82559000000002,81.82559000000002,1598.0,1598.0
2019-01-26 15:00:00,81.51836,81.51836,1592.0,1592.0
2019-01-26 16:00:00,81.87679499999999,81.87679499999999,1599.0,1599.0
2019-01-26 17:00:00,81.569565,81.569565,1593.0,1593.0
2019-01-26 18:00:00,81.62077,81.62077,1594.0,1594.0
2019-01-26 19:00:00,81.82559000000002,81.82559000000002,1598.0,1598.0
2019-01-26 20:00:00,81.72318,81.72318,1596.0,1596.0
2019-01-26 21:00:00,81.82559000000002,81.82559000000002,1598.0,1598.0
2019-01-26 22:00:00,81.51836,81.51836,1592.0,1592.0
2019-01-26 23:00:00,81.82559000000002,81.82559000000002,1598.0,1598.0
2019-01-27 00:00:00,81.569565,81.569565,1593.0,1593.0
2019-01-27 01:00:00,81.82559000000002,81.82559000000002,1598.0,1598.0
2019-01-27 02:00:00,81.671975,81.67197499999999,1595.0,1595.0
2019-01-27 03:00:00,81.62077,81.62077,1594.0,1594.0
2019-01-27 04:00:00,81.671975,81.67197499999999,1595.0,1595.0
2019-01-27 05:00:00,81.82559000000002,81.82559000000002,1598.0,1598.0
2019-01-27 06:00:00,81.92799999999998,81.92799999999998,1600.0,1600.0
2019-01-27 07:00:00,81.72318,81.72318,1596.0,1596.0
2019-01-27 08:00:00,81.671975,81.67197499999999,1595.0,1595.0
2019-01-27 09:00:00,81.569565,81.569565,1593.0,1593.0
2019-01-27 10:00:00,81.92799999999998,81.92799999999998,1600.0,1600.0
2019-01-27 11:00:00,81.82559000000002,81.82559000000002,1598.0,1598.0
2019-01-27 12:00:00,81.87679499999999,81.87679499999999,1599.0,1599.0
2019-01-27 13:00:00,81.92799999999998,81.92799999999998,1600.0,1600.0
2019-01-27 14:00:00,81.569565,81.569565,1593.0,1593.0
2019-01-27 15:00:00,81.62077,81.62077,1594.0,1594.0
2019-01-27 16:00:00,81.467155,81.467155,1591.0,1591.0
2019-01-27 17:00:00,81.62077,81.62077,1594.0,1594.0
2019-01-27 18:00:00,81.569565,81.569565,1593.0,1593.0
2019-01-27 19:00:00,81.671975,81.67197499999999,1595.0,1595.0
2019-01-27 20:00:00,81.92799999999998,81.92799999999998,1600.0,1600.0
2019-01-27 21:00:00,81.92799999999998,81.92799999999998,1600.0,1600.0
2019-01-27 22:00:00,81.82559000000002,81.82559000000002,1598.0,1598.0
2019-01-27 23:00:00,81.87679499999999,81.87679499999999,1599.0,1599.0
2019-01-28 00:00:00,81.82559000000002,81.82559000000002,1598.0,1598.0
2019-01-28 01:00:00,81.72318,81.72318,1596.0,1596.0
2019-01-28 02:00:00,81.671975,81.67197499999999,1595.0,1595.0
2019-01-28 03:00:00,81.72318,81.72318,1596.0,1596.0
2019-01-28 04:00:00,81.87679499999999,81.87679499999999,1599.0,1599.0
2019-01-28 05:00:00,81.92799999999998,81.92799999999998,1600.0,1600.0
2019-01-28 06:00:00,81.467155,81.467155,1591.0,1591.0
2019-01-28 07:00:00,141.3258,141.3258,2760.0,2760.0
2019-01-28 08:00:00,183.00666999999999,183.00666999999999,3574.0,3574.0
2019-01-28 09:00:00,338.516255,338.516255,6611.0,6611.0
2019-01-28 10:00:00,338.8746900000001,338.8746900000001,6618.0,6618.0
2019-01-28 11:00:00,229.39840000000007,229.39840000000007,4480.0,4480.0
2019-01-28 12:00:00,179.473525,179.473525,3505.0,3505.0
2019-01-28 13:00:00,211.52785499999996,211.52785499999996,4131.0,4131.0
2019-01-28 14:00:00,241.22675500000003,241.22675500000003,4711.0,4711.0
2019-01-28 15:00:00,285.877515,285.877515,5583.0,5583.0
2019-01-28 16:00:00,289.10342999999995,289.10342999999995,5646.0,5646.0
2019-01-28 17:00:00,190.17537000000002,190.17537000000002,3714.0,3714.0
2019-01-28 18:00:00,163.44636000000003,163.44636000000003,3192.0,3192.0
2019-01-28 19:00:00,163.54877000000005,163.54877000000005,3194.0,3194.0
2019-01-28 20:00:00,104.20217499999998,104.20217499999998,2035.0,2035.0
2019-01-28 21:00:00,81.92799999999998,81.92799999999998,1600.0,1600.0
2019-01-28 22:00:00,81.82559000000002,81.82559000000002,1598.0,1598.0
2019-01-28 23:00:00,81.467155,81.467155,1591.0,1591.0
2019-01-29 00:00:00,81.87679499999999,81.87679499999999,1599.0,1599.0
2019-01-29 01:00:00,81.87679499999999,81.87679499999999,1599.0,1599.0
2019-01-29 02:00:00,81.77438500000002,81.77438500000002,1597.0,1597.0
2019-01-29 03:00:00,81.82559000000002,81.82559000000002,1598.0,1598.0
2019-01-29 04:00:00,81.77438500000002,81.77438500000002,1597.0,1597.0
2019-01-29 05:00:00,81.671975,81.67197499999999,1595.0,1595.0
2019-01-29 06:00:00,81.82559000000002,81.82559000000002,1598.0,1598.0
2019-01-29 07:00:00,144.91015000000002,144.91015000000002,2830.0,2830.0
2019-01-29 08:00:00,173.99459000000002,173.99459000000002,3398.0,3398.0
2019-01-29 09:00:00,318.4951,318.4951,6220.0,6220.0
2019-01-29 10:00:00,319.00714999999997,319.00715,6230.0,6230.0
2019-01-29 11:00:00,225.91646000000003,225.91646,4412.0,4412.0
2019-01-29 12:00:00,178.60304000000002,178.60304000000005,3488.0,3488.0
2019-01-29 13:00:00,203.38626000000002,203.38626000000002,3972.0,3972.0
2019-01-29 14:00:00,241.89242,241.89242,4724.0,4724.0
2019-01-29 15:00:00,287.26005000000004,287.26005000000004,5610.0,5610.0
2019-01-29 16:00:00,295.50405499999994,295.50405499999994,5771.0,5771.0
2019-01-29 17:00:00,194.732615,194.732615,3803.0,3803.0
2019-01-29 18:00:00,163.190335,163.190335,3187.0,3187.0
2019-01-29 19:00:00,163.702385,163.702385,3197.0,3197.0
2019-01-29 20:00:00,84.84668500000001,84.84668500000001,1657.0,1657.0
2019-01-29 21:00:00,81.671975,81.67197499999999,1595.0,1595.0
2019-01-29 22:00:00,81.87679499999999,81.87679499999999,1599.0,1599.0
2019-01-29 23:00:00,81.92799999999998,81.92799999999998,1600.0,1600.0
2019-01-30 00:00:00,81.62077,81.62077,1594.0,1594.0
2019-01-30 01:00:00,81.92799999999998,81.92799999999998,1600.0,1600.0
2019-01-30 02:00:00,81.62077,81.62077,1594.0,1594.0
2019-01-30 03:00:00,81.72318,81.72318,1596.0,1596.0
2019-01-30 04:00:00,81.82559000000002,81.82559000000002,1598.0,1598.0
2019-01-30 05:00:00,81.62077,81.62077,1594.0,1594.0
2019-01-30 06:00:00,81.87679499999999,81.87679499999999,1599.0,1599.0
2019-01-30 07:00:00,138.099885,138.099885,2697.0,2697.0
2019-01-30 08:00:00,176.401225,176.401225,3445.0,3445.0
2019-01-30 09:00:00,316.75413,316.75413000000003,6186.0,6186.0
2019-01-30 10:00:00,326.17584999999997,326.17584999999997,6370.0,6370.0
2019-01-30 11:00:00,233.03395499999996,233.03395499999996,4551.0,4551.0
2019-01-30 12:00:00,184.23558999999997,184.23558999999997,3598.0,3598.0
2019-01-30 13:00:00,207.48265999999998,207.48265999999998,4052.0,4052.0
2019-01-30 14:00:00,241.12434500000003,241.12434500000003,4709.0,4709.0
2019-01-30 15:00:00,288.59137999999996,288.59137999999996,5636.0,5636.0
2019-01-30 16:00:00,290.22994,290.22994,5668.0,5668.0
2019-01-30 17:00:00,190.4826,190.4826,3720.0,3720.0
2019-01-30 18:00:00,163.13913,163.13913,3186.0,3186.0
2019-01-30 19:00:00,160.322855,160.322855,3131.0,3131.0
2019-01-30 20:00:00,81.72318,81.72318,1596.0,1596.0
2019-01-30 21:00:00,81.82559000000002,81.82559000000002,1598.0,1598.0
2019-01-30 22:00:00,81.92799999999998,81.92799999999998,1600.0,1600.0
2019-01-30 23:00:00,81.92799999999998,81.92799999999998,1600.0,1600.0
2019-01-31 00:00:00,81.51836,81.51836,1592.0,1592.0
2019-01-31 01:00:00,81.92799999999998,81.92799999999998,1600.0,1600.0
2019-01-31 02:00:00,81.77438500000002,81.77438500000002,1597.0,1597.0
2019-01-31 03:00:00,81.62077,81.62077,1594.0,1594.0
2019-01-31 04:00:00,81.72318,81.72318,1596.0,1596.0
2019-01-31 05:00:00,81.87679499999999,81.87679499999999,1599.0,1599.0
2019-01-31 06:00:00,81.62077,81.62077,1594.0,1594.0
2019-01-31 07:00:00,142.913155,142.913155,2791.0,2791.0
2019-01-31 08:00:00,187.051865,187.05186499999996,3653.0,3653.0
2019-01-31 09:00:00,328.32646,328.32646,6412.0,6412.0
2019-01-31 10:00:00,325.35657,325.35657,6354.0,6354.0
2019-01-31 11:00:00,225.25079500000004,225.25079500000007,4399.0,4399.0
2019-01-31 12:00:00,179.72955000000002,179.72955000000005,3510.0,3510.0
2019-01-31 13:00:00,212.29593000000003,212.29593000000003,4146.0,4146.0
2019-01-31 14:00:00,244.24784999999997,244.24784999999997,4770.0,4770.0
2019-01-31 15:00:00,283.6757,283.6757,5540.0,5540.0
2019-01-31 16:00:00,291.20283500000005,291.20283500000005,5687.0,5687.0
2019-01-31 17:00:00,191.81393000000003,191.81393,3746.0,3746.0
2019-01-31 18:00:00,163.80479499999996,163.80479499999996,3199.0,3199.0
2019-01-31 19:00:00,163.44636000000003,163.44636000000003,3192.0,3192.0
2019-01-31 20:00:00,97.90396000000003,97.90396000000003,1912.0,1912.0
2019-01-31 21:00:00,81.62077,81.62077,1594.0,1594.0
2019-01-31 22:00:00,81.77438500000002,81.77438500000002,1597.0,1597.0
2019-01-31 23:00:00,81.671975,81.67197499999999,1595.0,1595.0
2019-02-01 00:00:00,81.77438500000002,81.77438500000002,1597.0,1597.0
2019-02-01 01:00:00,81.82559000000002,81.82559000000002,1598.0,1598.0
2019-02-01 02:00:00,81.77438500000002,81.77438500000002,1597.0,1597.0
2019-02-01 03:00:00,81.671975,81.67197499999999,1595.0,1595.0
2019-02-01 04:00:00,81.87679499999999,81.87679499999999,1599.0,1599.0
2019-02-01 05:00:00,81.467155,81.467155,1591.0,1591.0
2019-02-01 06:00:00,81.82559000000002,81.82559000000002,1598.0,1598.0
2019-02-01 07:00:00,152.69330999999997,152.69330999999997,2982.0,2982.0
2019-02-01 08:00:00,183.97956499999998,183.97956499999998,3593.0,3593.0
2019-02-01 09:00:00,325.91982500000006,325.919825,6365.0,6365.0
2019-02-01 10:00:00,325.202955,325.2029549999999,6351.0,6351.0
2019-02-01 11:00:00,216.545945,216.545945,4229.0,4229.0
2019-02-01 12:00:00,175.73556,175.73556,3432.0,3432.0
2019-02-01 13:00:00,212.24472500000002,212.24472500000002,4145.0,4145.0
2019-02-01 14:00:00,249.67557999999997,249.67557999999997,4876.0,4876.0
2019-02-01 15:00:00,291.76608999999996,291.76608999999996,5698.0,5698.0
2019-02-01 16:00:00,289.46186499999993,289.46186499999993,5653.0,5653.0
2019-02-01 17:00:00,198.62419500000001,198.62419500000001,3879.0,3879.0
2019-02-01 18:00:00,163.59997499999997,163.59997499999997,3195.0,3195.0
2019-02-01 19:00:00,163.395155,163.395155,3191.0,3191.0
2019-02-01 20:00:00,108.400985,108.400985,2117.0,2117.0
2019-02-01 21:00:00,81.62077,81.62077,1594.0,1594.0
2019-02-01 22:00:00,81.569565,81.569565,1593.0,1593.0
2019-02-01 23:00:00,81.87679499999999,81.87679499999999,1599.0,1599.0
2019-02-02 00:00:00,81.92799999999998,81.92799999999998,1600.0,1600.0
2019-02-02 01:00:00,81.467155,81.467155,1591.0,1591.0
2019-02-02 02:00:00,81.92799999999998,81.92799999999998,1600.0,1600.0
2019-02-02 03:00:00,81.72318,81.72318,1596.0,1596.0
2019-02-02 04:00:00,81.82559000000002,81.82559000000002,1598.0,1598.0
2019-02-02 05:00:00,81.569565,81.569565,1593.0,1593.0
2019-02-02 06:00:00,81.62077,81.62077,1594.0,1594.0
2019-02-02 07:00:00,81.62077,81.62077,1594.0,1594.0
2019-02-02 08:00:00,81.72318,81.72318,1596.0,1596.0
2019-02-02 09:00:00,81.87679499999999,81.87679499999999,1599.0,1599.0
2019-02-02 10:00:00,81.77438500000002,81.77438500000002,1597.0,1597.0
2019-02-02 11:00:00,81.41595,81.41595,1590.0,1590.0
2019-02-02 12:00:00,81.569565,81.569565,1593.0,1593.0
2019-02-02 13:00:00,81.62077,81.62077,1594.0,1594.0
2019-02-02 14:00:00,81.671975,81.67197499999999,1595.0,1595.0
2019-02-02 15:00:00,81.671975,81.67197499999999,1595.0,1595.0
2019-02-02 16:00:00,81.671975,81.67197499999999,1595.0,1595.0
2019-02-02 17:00:00,81.77438500000002,81.77438500000002,1597.0,1597.0
2019-02-02 18:00:00,81.51836,81.51836,1592.0,1592.0
2019-02-02 19:00:00,81.82559000000002,81.82559000000002,1598.0,1598.0
2019-02-02 20:00:00,81.62077,81.62077,1594.0,1594.0
2019-02-02 21:00:00,81.77438500000002,81.77438500000002,1597.0,1597.0
2019-02-02 22:00:00,81.671975,81.67197499999999,1595.0,1595.0
2019-02-02 23:00:00,81.72318,81.72318,1596.0,1596.0
2019-02-03 00:00:00,81.77438500000002,81.77438500000002,1597.0,1597.0
2019-02-03 01:00:00,81.92799999999998,81.92799999999998,1600.0,1600.0
2019-02-03 02:00:00,81.671975,81.67197499999999,1595.0,1595.0
2019-02-03 03:00:00,81.87679499999999,81.87679499999999,1599.0,1599.0
2019-02-03 04:00:00,81.82559000000002,81.82559000000002,1598.0,1598.0
2019-02-03 05:00:00,81.72318,81.72318,1596.0,1596.0
2019-02-03 06:00:00,81.72318,81.72318,1596.0,1596.0
2019-02-03 07:00:00,81.87679499999999,81.87679499999999,1599.0,1599.0
2019-02-03 08:00:00,81.87679499999999,81.87679499999999,1599.0,1599.0
2019-02-03 09:00:00,81.82559000000002,81.82559000000002,1598.0,1598.0
2019-02-03 10:00:00,81.364745,81.364745,1589.0,1589.0
2019-02-03 11:00:00,81.62077,81.62077,1594.0,1594.0
2019-02-03 12:00:00,81.92799999999998,81.92799999999998,1600.0,1600.0
2019-02-03 13:00:00,81.671975,81.67197499999999,1595.0,1595.0
2019-02-03 14:00:00,81.77438500000002,81.77438500000002,1597.0,1597.0
2019-02-03 15:00:00,81.77438500000002,81.77438500000002,1597.0,1597.0
2019-02-03 16:00:00,81.62077,81.62077,1594.0,1594.0
2019-02-03 17:00:00,81.671975,81.67197499999999,1595.0,1595.0
2019-02-03 18:00:00,81.87679499999999,81.87679499999999,1599.0,1599.0
2019-02-03 19:00:00,81.467155,81.467155,1591.0,1591.0
2019-02-03 20:00:00,81.82559000000002,81.82559000000002,1598.0,1598.0
2019-02-03 21:00:00,81.569565,81.569565,1593.0,1593.0
2019-02-03 22:00:00,81.467155,81.467155,1591.0,1591.0
2019-02-03 23:00:00,81.569565,81.569565,1593.0,1593.0
2019-02-04 00:00:00,81.569565,81.569565,1593.0,1593.0
2019-02-04 01:00:00,81.77438500000002,81.77438500000002,1597.0,1597.0
2019-02-04 02:00:00,81.77438500000002,81.77438500000002,1597.0,1597.0
2019-02-04 03:00:00,81.62077,81.62077,1594.0,1594.0
2019-02-04 04:00:00,81.77438500000002,81.77438500000002,1597.0,1597.0
2019-02-04 05:00:00,81.72318,81.72318,1596.0,1596.0
2019-02-04 06:00:00,81.92799999999998,81.92799999999998,1600.0,1600.0
2019-02-04 07:00:00,143.06676999999996,143.06676999999996,2794.0,2794.0
2019-02-04 08:00:00,183.21148999999997,183.21149,3578.0,3578.0
2019-02-04 09:00:00,315.73002999999994,315.73002999999994,6166.0,6166.0
2019-02-04 10:00:00,330.73309500000005,330.73309500000005,6459.0,6459.0
2019-02-04 11:00:00,223.817055,223.817055,4371.0,4371.0
2019-02-04 12:00:00,175.32592000000002,175.32592,3424.0,3424.0
2019-02-04 13:00:00,212.09111000000001,212.09111000000001,4142.0,4142.0
2019-02-04 14:00:00,247.62738,247.62738,4836.0,4836.0
2019-02-04 15:00:00,292.124525,292.124525,5705.0,5705.0
2019-02-04 16:00:00,290.793195,290.793195,5679.0,5679.0
2019-02-04 17:00:00,200.7236,200.72359999999998,3920.0,3920.0
2019-02-04 18:00:00,163.702385,163.702385,3197.0,3197.0
2019-02-04 19:00:00,163.65118,163.65118,3196.0,3196.0
2019-02-04 20:00:00,120.02452,120.02452,2344.0,2344.0
2019-02-04 21:00:00,81.87679499999999,81.87679499999999,1599.0,1599.0
2019-02-04 22:00:00,81.82559000000002,81.82559000000002,1598.0,1598.0
2019-02-04 23:00:00,81.92799999999998,81.92799999999998,1600.0,1600.0
2019-02-05 00:00:00,81.77438500000002,81.77438500000002,1597.0,1597.0
2019-02-05 01:00:00,81.82559000000002,81.82559000000002,1598.0,1598.0
2019-02-05 02:00:00,81.77438500000002,81.77438500000002,1597.0,1597.0
2019-02-05 03:00:00,81.87679499999999,81.87679499999999,1599.0,1599.0
2019-02-05 04:00:00,81.77438500000002,81.77438500000002,1597.0,1597.0
2019-02-05 05:00:00,81.671975,81.67197499999999,1595.0,1595.0
2019-02-05 06:00:00,81.92799999999998,81.92799999999998,1600.0,1600.0
2019-02-05 07:00:00,153.00054,153.00054,2988.0,2988.0
2019-02-05 08:00:00,184.696435,184.69643500000004,3607.0,3607.0
2019-02-05 09:00:00,306.052285,306.052285,5977.0,5977.0
2019-02-05 10:00:00,318.136665,318.136665,6213.0,6213.0
2019-02-05 11:00:00,226.73574,226.73574,4428.0,4428.0
2019-02-05 12:00:00,179.67834500000006,179.67834500000006,3509.0,3509.0
2019-02-05 13:00:00,209.32603999999998,209.32603999999998,4088.0,4088.0
2019-02-05 14:00:00,251.21173000000005,251.21173000000005,4906.0,4906.0
2019-02-05 15:00:00,296.57935999999995,296.57935999999995,5792.0,5792.0
2019-02-05 16:00:00,294.22392999999994,294.22392999999994,5746.0,5746.0
2019-02-05 17:00:00,195.244665,195.244665,3813.0,3813.0
2019-02-05 18:00:00,163.80479499999996,163.80479499999996,3199.0,3199.0
2019-02-05 19:00:00,163.702385,163.702385,3197.0,3197.0
2019-02-05 20:00:00,99.03047,99.03047,1934.0,1934.0
2019-02-05 21:00:00,81.92799999999998,81.92799999999998,1600.0,1600.0
2019-02-05 22:00:00,81.72318,81.72318,1596.0,1596.0
2019-02-05 23:00:00,81.87679499999999,81.87679499999999,1599.0,1599.0
2019-02-06 00:00:00,81.82559000000002,81.82559000000002,1598.0,1598.0
2019-02-06 01:00:00,81.72318,81.72318,1596.0,1596.0
2019-02-06 02:00:00,81.72318,81.72318,1596.0,1596.0
2019-02-06 03:00:00,81.62077,81.62077,1594.0,1594.0
2019-02-06 04:00:00,81.671975,81.67197499999999,1595.0,1595.0
2019-02-06 05:00:00,81.82559000000002,81.82559000000002,1598.0,1598.0
2019-02-06 06:00:00,81.77438500000002,81.77438500000002,1597.0,1597.0
2019-02-06 07:00:00,143.732435,143.732435,2807.0,2807.0
2019-02-06 08:00:00,180.087985,180.087985,3517.0,3517.0
2019-02-06 09:00:00,319.26317500000005,319.26317500000005,6235.0,6235.0
2019-02-06 10:00:00,311.83845,311.83845,6090.0,6090.0
2019-02-06 11:00:00,233.95564499999998,233.95564499999998,4569.0,4569.0
2019-02-06 12:00:00,179.83196000000004,179.83196000000004,3512.0,3512.0
2019-02-06 13:00:00,214.13931,214.13931,4182.0,4182.0
2019-02-06 14:00:00,246.65448499999997,246.65448499999997,4817.0,4817.0
2019-02-06 15:00:00,291.8685,291.8685,5700.0,5700.0
2019-02-06 16:00:00,292.48296,292.48296,5712.0,5712.0
2019-02-06 17:00:00,193.708515,193.708515,3783.0,3783.0
2019-02-06 18:00:00,163.44636000000003,163.44636000000003,3192.0,3192.0
2019-02-06 19:00:00,153.81982,153.81982,3004.0,3004.0
2019-02-06 20:00:00,81.62077,81.62077,1594.0,1594.0
2019-02-06 21:00:00,81.62077,81.62077,1594.0,1594.0
2019-02-06 22:00:00,81.62077,81.62077,1594.0,1594.0
2019-02-06 23:00:00,81.87679499999999,81.87679499999999,1599.0,1599.0
2019-02-07 00:00:00,81.82559000000002,81.82559000000002,1598.0,1598.0
2019-02-07 01:00:00,81.72318,81.72318,1596.0,1596.0
2019-02-07 02:00:00,81.87679499999999,81.87679499999999,1599.0,1599.0
2019-02-07 03:00:00,81.82559000000002,81.82559000000002,1598.0,1598.0
2019-02-07 04:00:00,81.92799999999998,81.92799999999998,1600.0,1600.0
2019-02-07 05:00:00,81.72318,81.72318,1596.0,1596.0
2019-02-07 06:00:00,81.92799999999998,81.92799999999998,1600.0,1600.0
2019-02-07 07:00:00,147.726425,147.726425,2885.0,2885.0
2019-02-07 08:00:00,179.42232000000004,179.42232000000004,3504.0,3504.0
2019-02-07 09:00:00,325.56139,325.56138999999996,6358.0,6358.0
2019-02-07 10:00:00,327.50718000000006,327.50718000000006,6396.0,6396.0
2019-02-07 11:00:00,229.859245,229.85924500000002,4489.0,4489.0
2019-02-07 12:00:00,179.166295,179.166295,3499.0,3499.0
2019-02-07 13:00:00,210.81098500000002,210.81098500000002,4117.0,4117.0
2019-02-07 14:00:00,244.45266999999998,244.45266999999998,4774.0,4774.0
2019-02-07 15:00:00,295.76007999999996,295.76007999999996,5776.0,5776.0
2019-02-07 16:00:00,295.606465,295.606465,5773.0,5773.0
2019-02-07 17:00:00,199.75070499999995,199.75070499999995,3901.0,3901.0
2019-02-07 18:00:00,163.702385,163.702385,3197.0,3197.0
2019-02-07 19:00:00,154.895125,154.895125,3025.0,3025.0
2019-02-07 20:00:00,81.671975,81.67197499999999,1595.0,1595.0
2019-02-07 21:00:00,81.87679499999999,81.87679499999999,1599.0,1599.0
2019-02-07 22:00:00,81.92799999999998,81.92799999999998,1600.0,1600.0
2019-02-07 23:00:00,81.569565,81.569565,1593.0,1593.0
2019-02-08 00:00:00,81.72318,81.72318,1596.0,1596.0
2019-02-08 01:00:00,81.87679499999999,81.87679499999999,1599.0,1599.0
2019-02-08 02:00:00,81.87679499999999,81.87679499999999,1599.0,1599.0
2019-02-08 03:00:00,81.467155,81.467155,1591.0,1591.0
2019-02-08 04:00:00,81.82559000000002,81.82559000000002,1598.0,1598.0
2019-02-08 05:00:00,81.671975,81.67197499999999,1595.0,1595.0
2019-02-08 06:00:00,81.77438500000002,81.77438500000002,1597.0,1597.0
2019-02-08 07:00:00,156.124045,156.12404500000002,3049.0,3049.0
2019-02-08 08:00:00,183.82594999999998,183.82594999999998,3590.0,3590.0
2019-02-08 09:00:00,332.52527,332.52527,6494.0,6494.0
2019-02-08 10:00:00,323.10355,323.10355,6310.0,6310.0
2019-02-08 11:00:00,231.70262499999995,231.70262499999995,4525.0,4525.0
2019-02-08 12:00:00,178.70544999999998,178.70544999999998,3490.0,3490.0
2019-02-08 13:00:00,207.021815,207.021815,4043.0,4043.0
2019-02-08 14:00:00,231.29298499999996,231.29298499999996,4517.0,4517.0
2019-02-08 15:00:00,296.732975,296.732975,5795.0,5795.0
2019-02-08 16:00:00,299.80527499999994,299.80527499999994,5855.0,5855.0
2019-02-08 17:00:00,195.91033,195.91033,3826.0,3826.0
2019-02-08 18:00:00,163.39515500000002,163.39515500000002,3191.0,3191.0
2019-02-08 19:00:00,163.497565,163.497565,3193.0,3193.0
2019-02-08 20:00:00,85.51235000000003,85.51235000000003,1670.0,1670.0
2019-02-08 21:00:00,81.82559000000002,81.82559000000002,1598.0,1598.0
2019-02-08 22:00:00,81.82559000000002,81.82559000000002,1598.0,1598.0
2019-02-08 23:00:00,81.92799999999998,81.92799999999998,1600.0,1600.0
2019-02-09 00:00:00,81.87679499999999,81.87679499999999,1599.0,1599.0
2019-02-09 01:00:00,81.671975,81.67197499999999,1595.0,1595.0
2019-02-09 02:00:00,81.87679499999999,81.87679499999999,1599.0,1599.0
2019-02-09 03:00:00,81.569565,81.569565,1593.0,1593.0
2019-02-09 04:00:00,81.92799999999998,81.92799999999998,1600.0,1600.0
2019-02-09 05:00:00,81.92799999999998,81.92799999999998,1600.0,1600.0
2019-02-09 06:00:00,81.72318,81.72318,1596.0,1596.0
2019-02-09 07:00:00,81.77438500000002,81.77438500000002,1597.0,1597.0
2019-02-09 08:00:00,81.87679499999999,81.87679499999999,1599.0,1599.0
2019-02-09 09:00:00,81.77438500000002,81.77438500000002,1597.0,1597.0
2019-02-09 10:00:00,81.41595,81.41595,1590.0,1590.0
2019-02-09 11:00:00,81.82559000000002,81.82559000000002,1598.0,1598.0
2019-02-09 12:00:00,81.467155,81.467155,1591.0,1591.0
2019-02-09 13:00:00,81.82559000000002,81.82559000000002,1598.0,1598.0
2019-02-09 14:00:00,81.87679499999999,81.87679499999999,1599.0,1599.0
2019-02-09 15:00:00,81.51836,81.51836,1592.0,1592.0
2019-02-09 16:00:00,81.87679499999999,81.87679499999999,1599.0,1599.0
2019-02-09 17:00:00,81.92799999999998,81.92799999999998,1600.0,1600.0
2019-02-09 18:00:00,81.87679499999999,81.87679499999999,1599.0,1599.0
2019-02-09 19:00:00,81.87679499999999,81.87679499999999,1599.0,1599.0
2019-02-09 20:00:00,81.92799999999998,81.92799999999998,1600.0,1600.0
2019-02-09 21:00:00,81.92799999999998,81.92799999999998,1600.0,1600.0
2019-02-09 22:00:00,81.51836,81.51836,1592.0,1592.0
2019-02-09 23:00:00,81.51836,81.51836,1592.0,1592.0
2019-02-10 00:00:00,81.51836,81.51836,1592.0,1592.0
2019-02-10 01:00:00,81.77438500000002,81.77438500000002,1597.0,1597.0
2019-02-10 02:00:00,81.87679499999999,81.87679499999999,1599.0,1599.0
2019-02-10 03:00:00,81.72318,81.72318,1596.0,1596.0
2019-02-10 04:00:00,81.72318,81.72318,1596.0,1596.0
2019-02-10 05:00:00,81.62077,81.62077,1594.0,1594.0
2019-02-10 06:00:00,81.671975,81.67197499999999,1595.0,1595.0
2019-02-10 07:00:00,81.92799999999998,81.92799999999998,1600.0,1600.0
2019-02-10 08:00:00,81.62077,81.62077,1594.0,1594.0
2019-02-10 09:00:00,81.92799999999998,81.92799999999998,1600.0,1600.0
2019-02-10 10:00:00,81.62077,81.62077,1594.0,1594.0
2019-02-10 11:00:00,81.77438500000002,81.77438500000002,1597.0,1597.0
2019-02-10 12:00:00,81.92799999999998,81.92799999999998,1600.0,1600.0
2019-02-10 13:00:00,81.87679499999999,81.87679499999999,1599.0,1599.0
2019-02-10 14:00:00,81.671975,81.67197499999999,1595.0,1595.0
2019-02-10 15:00:00,81.87679499999999,81.87679499999999,1599.0,1599.0
2019-02-10 16:00:00,81.87679499999999,81.87679499999999,1599.0,1599.0
2019-02-10 17:00:00,81.87679499999999,81.87679499999999,1599.0,1599.0
2019-02-10 18:00:00,81.51836,81.51836,1592.0,1592.0
2019-02-10 19:00:00,81.51836,81.51836,1592.0,1592.0
2019-02-10 20:00:00,81.72318,81.72318,1596.0,1596.0
2019-02-10 21:00:00,81.82559000000002,81.82559000000002,1598.0,1598.0
2019-02-10 22:00:00,81.87679499999999,81.87679499999999,1599.0,1599.0
2019-02-10 23:00:00,81.77438500000002,81.77438500000002,1597.0,1597.0
2019-02-11 00:00:00,81.87679499999999,81.87679499999999,1599.0,1599.0
2019-02-11 01:00:00,81.671975,81.67197499999999,1595.0,1595.0
2019-02-11 02:00:00,81.82559000000002,81.82559000000002,1598.0,1598.0
2019-02-11 03:00:00,81.92799999999998,81.92799999999998,1600.0,1600.0
2019-02-11 04:00:00,81.569565,81.569565,1593.0,1593.0
2019-02-11 05:00:00,81.87679499999999,81.87679499999999,1599.0,1599.0
2019-02-11 06:00:00,81.77438500000002,81.77438500000002,1597.0,1597.0
2019-02-11 07:00:00,147.931245,147.931245,2889.0,2889.0
2019-02-11 08:00:00,176.09399499999998,176.09399499999995,3439.0,3439.0
2019-02-11 09:00:00,310.353505,310.353505,6061.0,6061.0
2019-02-11 10:00:00,313.528215,313.528215,6123.0,6123.0
2019-02-11 11:00:00,223.10018500000004,223.100185,4357.0,4357.0
2019-02-11 12:00:00,181.98257000000004,181.98257000000004,3554.0,3554.0
2019-02-11 13:00:00,208.557965,208.557965,4073.0,4073.0
2019-02-11 14:00:00,240.97073,240.97073,4706.0,4706.0
2019-02-11 15:00:00,290.69078499999995,290.69078499999995,5677.0,5677.0
2019-02-11 16:00:00,291.817295,291.817295,5699.0,5699.0
2019-02-11 17:00:00,194.425385,194.425385,3797.0,3797.0
2019-02-11 18:00:00,163.65118,163.65118,3196.0,3196.0
2019-02-11 19:00:00,161.91021,161.91021,3162.0,3162.0
2019-02-11 20:00:00,81.82559000000002,81.82559000000002,1598.0,1598.0
2019-02-11 21:00:00,81.87679499999999,81.87679499999999,1599.0,1599.0
2019-02-11 22:00:00,81.72318,81.72318,1596.0,1596.0
2019-02-11 23:00:00,81.92799999999998,81.92799999999998,1600.0,1600.0
2019-02-12 00:00:00,81.51836,81.51836,1592.0,1592.0
2019-02-12 01:00:00,81.671975,81.67197499999999,1595.0,1595.0
2019-02-12 02:00:00,81.77438500000002,81.77438500000002,1597.0,1597.0
2019-02-12 03:00:00,81.92799999999998,81.92799999999998,1600.0,1600.0
2019-02-12 04:00:00,81.92799999999998,81.92799999999998,1600.0,1600.0
2019-02-12 05:00:00,81.62077,81.62077,1594.0,1594.0
2019-02-12 06:00:00,81.77438500000002,81.77438500000002,1597.0,1597.0
2019-02-12 07:00:00,143.322795,143.322795,2799.0,2799.0
2019-02-12 08:00:00,190.32898500000005,190.32898500000005,3717.0,3717.0
2019-02-12 09:00:00,331.34755499999994,331.34755499999994,6471.0,6471.0
2019-02-12 10:00:00,317.31738500000006,317.31738500000006,6197.0,6197.0
2019-02-12 11:00:00,221.46162499999997,221.46162499999997,4325.0,4325.0
2019-02-12 12:00:00,181.06088000000003,181.06088000000003,3536.0,3536.0
2019-02-12 13:00:00,208.40434999999997,208.40434999999997,4070.0,4070.0
2019-02-12 14:00:00,243.684595,243.684595,4759.0,4759.0
2019-02-12 15:00:00,296.37453999999997,296.37453999999997,5788.0,5788.0
2019-02-12 16:00:00,289.00102000000004,289.00102000000004,5644.0,5644.0
2019-02-12 17:00:00,195.60309999999996,195.60309999999996,3820.0,3820.0
2019-02-12 18:00:00,163.29274499999997,163.29274499999997,3189.0,3189.0
2019-02-12 19:00:00,163.292745,163.292745,3189.0,3189.0
2019-02-12 20:00:00,94.26840499999999,94.26840499999999,1841.0,1841.0
2019-02-12 21:00:00,81.82559000000002,81.82559000000002,1598.0,1598.0
2019-02-12 22:00:00,81.51836,81.51836,1592.0,1592.0
2019-02-12 23:00:00,81.671975,81.67197499999999,1595.0,1595.0
2019-02-13 00:00:00,81.87679499999999,81.87679499999999,1599.0,1599.0
2019-02-13 01:00:00,81.467155,81.467155,1591.0,1591.0
2019-02-13 02:00:00,81.62077,81.62077,1594.0,1594.0
2019-02-13 03:00:00,81.77438500000002,81.77438500000002,1597.0,1597.0
2019-02-13 04:00:00,81.77438500000002,81.77438500000002,1597.0,1597.0
2019-02-13 05:00:00,81.62077,81.62077,1594.0,1594.0
2019-02-13 06:00:00,81.671975,81.67197499999999,1595.0,1595.0
2019-02-13 07:00:00,150.59390499999998,150.59390499999998,2941.0,2941.0
2019-02-13 08:00:00,192.63321,192.63321,3762.0,3762.0
2019-02-13 09:00:00,323.461985,323.461985,6317.0,6317.0
2019-02-13 10:00:00,324.63969999999995,324.6397,6340.0,6340.0
2019-02-13 11:00:00,229.39840000000004,229.39840000000004,4480.0,4480.0
2019-02-13 12:00:00,182.49462,182.49462,3564.0,3564.0
2019-02-13 13:00:00,217.62125000000003,217.62125000000003,4250.0,4250.0
2019-02-13 14:00:00,244.45267,244.45267,4774.0,4774.0
2019-02-13 15:00:00,293.19983,293.19983,5726.0,5726.0
2019-02-13 16:00:00,298.32033,298.32033,5826.0,5826.0
2019-02-13 17:00:00,195.70551000000003,195.70551000000003,3822.0,3822.0
2019-02-13 18:00:00,163.65118,163.65118,3196.0,3196.0
2019-02-13 19:00:00,163.190335,163.190335,3187.0,3187.0
2019-02-13 20:00:00,116.38896499999998,116.38896499999997,2273.0,2273.0
2019-02-13 21:00:00,81.92799999999998,81.92799999999998,1600.0,1600.0
2019-02-13 22:00:00,81.77438500000002,81.77438500000002,1597.0,1597.0
2019-02-13 23:00:00,81.77438500000002,81.77438500000002,1597.0,1597.0
2019-02-14 00:00:00,81.92799999999998,81.92799999999998,1600.0,1600.0
2019-02-14 01:00:00,81.569565,81.569565,1593.0,1593.0
2019-02-14 02:00:00,81.87679499999999,81.87679499999999,1599.0,1599.0
2019-02-14 03:00:00,81.82559000000002,81.82559000000002,1598.0,1598.0
2019-02-14 04:00:00,81.82559000000002,81.82559000000002,1598.0,1598.0
2019-02-14 05:00:00,81.569565,81.569565,1593.0,1593.0
2019-02-14 06:00:00,81.41595,81.41595,1590.0,1590.0
2019-02-14 07:00:00,150.59390499999998,150.59390499999998,2941.0,2941.0
2019-02-14 08:00:00,182.2898,182.2898,3560.0,3560.0
2019-02-14 09:00:00,318.90474,318.90474,6228.0,6228.0
2019-02-14 10:00:00,310.251095,310.251095,6059.0,6059.0
2019-02-14 11:00:00,234.21167000000005,234.21167000000005,4574.0,4574.0
2019-02-14 12:00:00,177.68135,177.68135,3470.0,3470.0
2019-02-14 13:00:00,211.98870000000002,211.98870000000002,4140.0,4140.0
2019-02-14 14:00:00,246.04002499999996,246.04002499999996,4805.0,4805.0
2019-02-14 15:00:00,290.076325,290.076325,5665.0,5665.0
2019-02-14 16:00:00,300.931785,300.931785,5877.0,5877.0
2019-02-14 17:00:00,198.77781000000002,198.77781000000002,3882.0,3882.0
2019-02-14 18:00:00,163.44636,163.44636,3192.0,3192.0
2019-02-14 19:00:00,163.59997499999997,163.59997499999997,3195.0,3195.0
2019-02-14 20:00:00,95.24130000000002,95.24130000000002,1860.0,1860.0
2019-02-14 21:00:00,81.82559000000002,81.82559000000002,1598.0,1598.0
2019-02-14 22:00:00,81.92799999999998,81.92799999999998,1600.0,1600.0
2019-02-14 23:00:00,81.51836,81.51836,1592.0,1592.0
2019-02-15 00:00:00,81.82559000000002,81.82559000000002,1598.0,1598.0
2019-02-15 01:00:00,81.77438500000002,81.77438500000002,1597.0,1597.0
2019-02-15 02:00:00,81.82559000000002,81.82559000000002,1598.0,1598.0
2019-02-15 03:00:00,81.467155,81.467155,1591.0,1591.0
2019-02-15 04:00:00,81.671975,81.67197499999999,1595.0,1595.0
2019-02-15 05:00:00,81.87679499999999,81.87679499999999,1599.0,1599.0
2019-02-15 06:00:00,81.87679499999999,81.87679499999999,1599.0,1599.0
2019-02-15 07:00:00,146.395095,146.395095,2859.0,2859.0
2019-02-15 08:00:00,174.96748499999998,174.96748499999995,3417.0,3417.0
2019-02-15 09:00:00,334.36864999999995,334.36864999999995,6530.0,6530.0
2019-02-15 10:00:00,319.62161,319.62161,6242.0,6242.0
2019-02-15 11:00:00,224.07307999999998,224.07307999999998,4376.0,4376.0
2019-02-15 12:00:00,177.73255500000005,177.73255500000005,3471.0,3471.0
2019-02-15 13:00:00,210.29893500000006,210.29893500000006,4107.0,4107.0
2019-02-15 14:00:00,255.35933500000002,255.35933500000002,4987.0,4987.0
2019-02-15 15:00:00,289.25704499999995,289.25704499999995,5649.0,5649.0
2019-02-15 16:00:00,296.57936,296.57936,5792.0,5792.0
2019-02-15 17:00:00,199.39227,199.39227,3894.0,3894.0
2019-02-15 18:00:00,163.190335,163.190335,3187.0,3187.0
2019-02-15 19:00:00,163.34395,163.34394999999998,3190.0,3190.0
2019-02-15 20:00:00,125.14502,125.14502,2444.0,2444.0
2019-02-15 21:00:00,81.72318,81.72318,1596.0,1596.0
2019-02-15 22:00:00,81.671975,81.67197499999999,1595.0,1595.0
2019-02-15 23:00:00,81.72318,81.72318,1596.0,1596.0
2019-02-16 00:00:00,81.364745,81.364745,1589.0,1589.0
2019-02-16 01:00:00,81.87679499999999,81.87679499999999,1599.0,1599.0
2019-02-16 02:00:00,81.41595,81.41595,1590.0,1590.0
2019-02-16 03:00:00,81.671975,81.67197499999999,1595.0,1595.0
2019-02-16 04:00:00,81.41595,81.41595,1590.0,1590.0
2019-02-16 05:00:00,81.92799999999998,81.92799999999998,1600.0,1600.0
2019-02-16 06:00:00,81.82559000000002,81.82559000000002,1598.0,1598.0
2019-02-16 07:00:00,81.87679499999999,81.87679499999999,1599.0,1599.0
2019-02-16 08:00:00,81.82559000000002,81.82559000000002,1598.0,1598.0
2019-02-16 09:00:00,81.62077,81.62077,1594.0,1594.0
2019-02-16 10:00:00,81.467155,81.467155,1591.0,1591.0
2019-02-16 11:00:00,81.92799999999998,81.92799999999998,1600.0,1600.0
2019-02-16 12:00:00,81.671975,81.67197499999999,1595.0,1595.0
2019-02-16 13:00:00,81.77438500000002,81.77438500000002,1597.0,1597.0
2019-02-16 14:00:00,81.82559000000002,81.82559000000002,1598.0,1598.0
2019-02-16 15:00:00,81.87679499999999,81.87679499999999,1599.0,1599.0
2019-02-16 16:00:00,81.41595,81.41595,1590.0,1590.0
2019-02-16 17:00:00,81.671975,81.67197499999999,1595.0,1595.0
2019-02-16 18:00:00,81.92799999999998,81.92799999999998,1600.0,1600.0
2019-02-16 19:00:00,81.92799999999998,81.92799999999998,1600.0,1600.0
2019-02-16 20:00:00,81.87679499999999,81.87679499999999,1599.0,1599.0
2019-02-16 21:00:00,81.72318,81.72318,1596.0,1596.0
2019-02-16 22:00:00,81.671975,81.67197499999999,1595.0,1595.0
2019-02-16 23:00:00,81.82559000000002,81.82559000000002,1598.0,1598.0
2019-02-17 00:00:00,81.87679499999999,81.87679499999999,1599.0,1599.0
2019-02-17 01:00:00,81.92799999999998,81.92799999999998,1600.0,1600.0
2019-02-17 02:00:00,81.92799999999998,81.92799999999998,1600.0,1600.0
2019-02-17 03:00:00,81.82559000000002,81.82559000000002,1598.0,1598.0
2019-02-17 04:00:00,81.72318,81.72318,1596.0,1596.0
2019-02-17 05:00:00,81.92799999999998,81.92799999999998,1600.0,1600.0
2019-02-17 06:00:00,81.92799999999998,81.92799999999998,1600.0,1600.0
2019-02-17 07:00:00,81.364745,81.364745,1589.0,1589.0
2019-02-17 08:00:00,81.87679499999999,81.87679499999999,1599.0,1599.0
2019-02-17 09:00:00,81.62077,81.62077,1594.0,1594.0
2019-02-17 10:00:00,81.62077,81.62077,1594.0,1594.0
2019-02-17 11:00:00,81.87679499999999,81.87679499999999,1599.0,1599.0
2019-02-17 12:00:00,81.82559000000002,81.82559000000002,1598.0,1598.0
2019-02-17 13:00:00,81.671975,81.67197499999999,1595.0,1595.0
2019-02-17 14:00:00,81.671975,81.67197499999999,1595.0,1595.0
2019-02-17 15:00:00,81.82559000000002,81.82559000000002,1598.0,1598.0
2019-02-17 16:00:00,81.87679499999999,81.87679499999999,1599.0,1599.0
2019-02-17 17:00:00,81.51836,81.51836,1592.0,1592.0
2019-02-17 18:00:00,81.671975,81.67197499999999,1595.0,1595.0
2019-02-17 19:00:00,81.62077,81.62077,1594.0,1594.0
2019-02-17 20:00:00,81.77438500000002,81.77438500000002,1597.0,1597.0
2019-02-17 21:00:00,81.41595,81.41595,1590.0,1590.0
2019-02-17 22:00:00,81.92799999999998,81.92799999999998,1600.0,1600.0
2019-02-17 23:00:00,81.87679499999999,81.87679499999999,1599.0,1599.0
2019-02-18 00:00:00,81.62077,81.62077,1594.0,1594.0
2019-02-18 01:00:00,81.87679499999999,81.87679499999999,1599.0,1599.0
2019-02-18 02:00:00,81.92799999999998,81.92799999999998,1600.0,1600.0
2019-02-18 03:00:00,81.62077,81.62077,1594.0,1594.0
2019-02-18 04:00:00,81.569565,81.569565,1593.0,1593.0
2019-02-18 05:00:00,81.72318,81.72318,1596.0,1596.0
2019-02-18 06:00:00,81.77438500000002,81.77438500000002,1597.0,1597.0
2019-02-18 07:00:00,149.672215,149.672215,2923.0,2923.0
2019-02-18 08:00:00,174.81387000000004,174.81387000000004,3414.0,3414.0
2019-02-18 09:00:00,319.980045,319.980045,6249.0,6249.0
2019-02-18 10:00:00,327.60959,327.6095900000001,6398.0,6398.0
2019-02-18 11:00:00,229.859245,229.85924500000002,4489.0,4489.0
2019-02-18 12:00:00,176.86207000000002,176.86207000000002,3454.0,3454.0
2019-02-18 13:00:00,205.895305,205.895305,4021.0,4021.0
2019-02-18 14:00:00,240.30506499999998,240.30506499999998,4693.0,4693.0
2019-02-18 15:00:00,282.600395,282.600395,5519.0,5519.0
2019-02-18 16:00:00,297.91069,297.91069,5818.0,5818.0
2019-02-18 17:00:00,194.06695,194.06695,3790.0,3790.0
2019-02-18 18:00:00,163.08792499999998,163.08792499999998,3185.0,3185.0
2019-02-18 19:00:00,163.34395,163.34394999999998,3190.0,3190.0
2019-02-18 20:00:00,88.32862499999999,88.32862499999997,1725.0,1725.0
2019-02-18 21:00:00,81.92799999999998,81.92799999999998,1600.0,1600.0
2019-02-18 22:00:00,81.87679499999999,81.87679499999999,1599.0,1599.0
2019-02-18 23:00:00,81.569565,81.569565,1593.0,1593.0
2019-02-19 00:00:00,81.62077,81.62077,1594.0,1594.0
2019-02-19 01:00:00,81.87679499999999,81.87679499999999,1599.0,1599.0
2019-02-19 02:00:00,81.364745,81.364745,1589.0,1589.0
2019-02-19 03:00:00,81.77438500000002,81.77438500000002,1597.0,1597.0
2019-02-19 04:00:00,81.51836,81.51836,1592.0,1592.0
2019-02-19 05:00:00,81.92799999999998,81.92799999999998,1600.0,1600.0
2019-02-19 06:00:00,81.77438500000002,81.77438500000002,1597.0,1597.0
2019-02-19 07:00:00,155.611995,155.611995,3039.0,3039.0
2019-02-19 08:00:00,177.47653,177.47653,3466.0,3466.0
2019-02-19 09:00:00,335.59757,335.59757,6554.0,6554.0
2019-02-19 10:00:00,324.74211,324.74211,6342.0,6342.0
2019-02-19 11:00:00,225.660435,225.660435,4407.0,4407.0
2019-02-19 12:00:00,178.80785999999998,178.80786,3492.0,3492.0
2019-02-19 13:00:00,212.19352000000003,212.19352000000003,4144.0,4144.0
2019-02-19 14:00:00,247.52497,247.52497,4834.0,4834.0
2019-02-19 15:00:00,293.353445,293.353445,5729.0,5729.0
2019-02-19 16:00:00,291.510065,291.510065,5693.0,5693.0
2019-02-19 17:00:00,192.88923499999999,192.88923499999999,3767.0,3767.0
2019-02-19 18:00:00,163.39515500000002,163.39515500000002,3191.0,3191.0
2019-02-19 19:00:00,163.395155,163.395155,3191.0,3191.0
2019-02-19 20:00:00,82.64486999999998,82.64486999999998,1614.0,1614.0
2019-02-19 21:00:00,81.92799999999998,81.92799999999998,1600.0,1600.0
2019-02-19 22:00:00,81.87679499999999,81.87679499999999,1599.0,1599.0
2019-02-19 23:00:00,81.82559000000002,81.82559000000002,1598.0,1598.0
2019-02-20 00:00:00,81.92799999999998,81.92799999999998,1600.0,1600.0
2019-02-20 01:00:00,81.87679499999999,81.87679499999999,1599.0,1599.0
2019-02-20 02:00:00,81.87679499999999,81.87679499999999,1599.0,1599.0
2019-02-20 03:00:00,81.671975,81.67197499999999,1595.0,1595.0
2019-02-20 04:00:00,81.77438500000002,81.77438500000002,1597.0,1597.0
2019-02-20 05:00:00,81.92799999999998,81.92799999999998,1600.0,1600.0
2019-02-20 06:00:00,81.92799999999998,81.92799999999998,1600.0,1600.0
2019-02-20 07:00:00,150.44028999999998,150.44028999999998,2938.0,2938.0
2019-02-20 08:00:00,183.877155,183.877155,3591.0,3591.0
2019-02-20 09:00:00,333.24213999999995,333.24213999999995,6508.0,6508.0
2019-02-20 10:00:00,329.299355,329.29935500000005,6431.0,6431.0
2019-02-20 11:00:00,227.3502,227.3502,4440.0,4440.0
2019-02-20 12:00:00,175.786765,175.786765,3433.0,3433.0
2019-02-20 13:00:00,209.991705,209.991705,4101.0,4101.0
2019-02-20 14:00:00,250.85329500000006,250.85329500000006,4899.0,4899.0
2019-02-20 15:00:00,306.973975,306.973975,5995.0,5995.0
2019-02-20 16:00:00,294.22393000000005,294.22393000000005,5746.0,5746.0
2019-02-20 17:00:00,193.14526,193.14526,3772.0,3772.0
2019-02-20 18:00:00,163.190335,163.190335,3187.0,3187.0
2019-02-20 19:00:00,163.54877000000002,163.54877000000002,3194.0,3194.0
2019-02-20 20:00:00,81.72318,81.72318,1596.0,1596.0
2019-02-20 21:00:00,81.92799999999998,81.92799999999998,1600.0,1600.0
2019-02-20 22:00:00,81.92799999999998,81.92799999999998,1600.0,1600.0
2019-02-20 23:00:00,81.467155,81.467155,1591.0,1591.0
2019-02-21 00:00:00,81.77438500000002,81.77438500000002,1597.0,1597.0
2019-02-21 01:00:00,81.92799999999998,81.92799999999998,1600.0,1600.0
2019-02-21 02:00:00,81.62077,81.62077,1594.0,1594.0
2019-02-21 03:00:00,81.671975,81.67197499999999,1595.0,1595.0
2019-02-21 04:00:00,81.92799999999998,81.92799999999998,1600.0,1600.0
2019-02-21 05:00:00,81.41595,81.41595,1590.0,1590.0
2019-02-21 06:00:00,81.92799999999998,81.92799999999998,1600.0,1600.0
2019-02-21 07:00:00,143.527615,143.527615,2803.0,2803.0
2019-02-21 08:00:00,178.85906500000002,178.85906500000002,3493.0,3493.0
2019-02-21 09:00:00,332.52527000000003,332.52527000000003,6494.0,6494.0
2019-02-21 10:00:00,325.202955,325.2029549999999,6351.0,6351.0
2019-02-21 11:00:00,231.497805,231.497805,4521.0,4521.0
2019-02-21 12:00:00,179.21750000000003,179.21750000000003,3500.0,3500.0
2019-02-21 13:00:00,216.59714999999997,216.59714999999997,4230.0,4230.0
2019-02-21 14:00:00,245.83520500000006,245.83520500000006,4801.0,4801.0
2019-02-21 15:00:00,284.341365,284.341365,5553.0,5553.0
2019-02-21 16:00:00,285.10943999999995,285.10943999999995,5568.0,5568.0
2019-02-21 17:00:00,198.52178499999997,198.52178499999997,3877.0,3877.0
2019-02-21 18:00:00,163.59997500000003,163.59997500000003,3195.0,3195.0
2019-02-21 19:00:00,163.292745,163.292745,3189.0,3189.0
2019-02-21 20:00:00,96.06057999999999,96.06057999999999,1876.0,1876.0
2019-02-21 21:00:00,81.62077,81.62077,1594.0,1594.0
2019-02-21 22:00:00,81.72318,81.72318,1596.0,1596.0
2019-02-21 23:00:00,81.671975,81.67197499999999,1595.0,1595.0
2019-02-22 00:00:00,81.72318,81.72318,1596.0,1596.0
2019-02-22 01:00:00,81.82559000000002,81.82559000000002,1598.0,1598.0
2019-02-22 02:00:00,81.467155,81.467155,1591.0,1591.0
2019-02-22 03:00:00,81.77438500000002,81.77438500000002,1597.0,1597.0
2019-02-22 04:00:00,81.82559000000002,81.82559000000002,1598.0,1598.0
2019-02-22 05:00:00,81.82559000000002,81.82559000000002,1598.0,1598.0
2019-02-22 06:00:00,81.82559000000002,81.82559000000002,1598.0,1598.0
2019-02-22 07:00:00,148.13606499999997,148.13606499999997,2893.0,2893.0
2019-02-22 08:00:00,184.798845,184.79884499999997,3609.0,3609.0
2019-02-22 09:00:00,320.85052999999994,320.85052999999994,6266.0,6266.0
2019-02-22 10:00:00,323.871625,323.87162500000005,6325.0,6325.0
2019-02-22 11:00:00,224.48272000000003,224.48272000000003,4384.0,4384.0
2019-02-22 12:00:00,179.166295,179.166295,3499.0,3499.0
2019-02-22 13:00:00,212.34713499999995,212.34713499999995,4147.0,4147.0
2019-02-22 14:00:00,246.654485,246.654485,4817.0,4817.0
2019-02-22 15:00:00,282.65160000000003,282.65160000000003,5520.0,5520.0
2019-02-22 16:00:00,285.16064500000005,285.16064500000005,5569.0,5569.0
2019-02-22 17:00:00,195.50068999999996,195.50068999999996,3818.0,3818.0
2019-02-22 18:00:00,163.59997499999997,163.59997499999997,3195.0,3195.0
2019-02-22 19:00:00,163.65117999999998,163.65117999999998,3196.0,3196.0
2019-02-22 20:00:00,98.21118999999999,98.21119,1918.0,1918.0
2019-02-22 21:00:00,81.82559000000002,81.82559000000002,1598.0,1598.0
2019-02-22 22:00:00,81.82559000000002,81.82559000000002,1598.0,1598.0
2019-02-22 23:00:00,81.82559000000002,81.82559000000002,1598.0,1598.0
2019-02-23 00:00:00,81.671975,81.67197499999999,1595.0,1595.0
2019-02-23 01:00:00,81.92799999999998,81.92799999999998,1600.0,1600.0
2019-02-23 02:00:00,81.87679499999999,81.87679499999999,1599.0,1599.0
2019-02-23 03:00:00,81.87679499999999,81.87679499999999,1599.0,1599.0
2019-02-23 04:00:00,81.92799999999998,81.92799999999998,1600.0,1600.0
2019-02-23 05:00:00,81.77438500000002,81.77438500000002,1597.0,1597.0
2019-02-23 06:00:00,81.72318,81.72318,1596.0,1596.0
2019-02-23 07:00:00,81.671975,81.67197499999999,1595.0,1595.0
2019-02-23 08:00:00,81.77438500000002,81.77438500000002,1597.0,1597.0
2019-02-23 09:00:00,81.92799999999998,81.92799999999998,1600.0,1600.0
2019-02-23 10:00:00,81.569565,81.569565,1593.0,1593.0
2019-02-23 11:00:00,81.92799999999998,81.92799999999998,1600.0,1600.0
2019-02-23 12:00:00,81.82559000000002,81.82559000000002,1598.0,1598.0
2019-02-23 13:00:00,81.82559000000002,81.82559000000002,1598.0,1598.0
2019-02-23 14:00:00,81.41595,81.41595,1590.0,1590.0
2019-02-23 15:00:00,81.82559000000002,81.82559000000002,1598.0,1598.0
2019-02-23 16:00:00,81.92799999999998,81.92799999999998,1600.0,1600.0
2019-02-23 17:00:00,81.82559000000002,81.82559000000002,1598.0,1598.0
2019-02-23 18:00:00,81.671975,81.67197499999999,1595.0,1595.0
2019-02-23 19:00:00,81.77438500000002,81.77438500000002,1597.0,1597.0
2019-02-23 20:00:00,81.671975,81.67197499999999,1595.0,1595.0
2019-02-23 21:00:00,81.87679499999999,81.87679499999999,1599.0,1599.0
2019-02-23 22:00:00,81.82559000000002,81.82559000000002,1598.0,1598.0
2019-02-23 23:00:00,81.72318,81.72318,1596.0,1596.0
2019-02-24 00:00:00,81.62077,81.62077,1594.0,1594.0
2019-02-24 01:00:00,81.77438500000002,81.77438500000002,1597.0,1597.0
2019-02-24 02:00:00,81.671975,81.67197499999999,1595.0,1595.0
2019-02-24 03:00:00,81.87679499999999,81.87679499999999,1599.0,1599.0
2019-02-24 04:00:00,81.87679499999999,81.87679499999999,1599.0,1599.0
2019-02-24 05:00:00,81.87679499999999,81.87679499999999,1599.0,1599.0
2019-02-24 06:00:00,81.87679499999999,81.87679499999999,1599.0,1599.0
2019-02-24 07:00:00,81.77438500000002,81.77438500000002,1597.0,1597.0
2019-02-24 08:00:00,81.92799999999998,81.92799999999998,1600.0,1600.0
2019-02-24 09:00:00,81.82559000000002,81.82559000000002,1598.0,1598.0
2019-02-24 10:00:00,81.671975,81.67197499999999,1595.0,1595.0
2019-02-24 11:00:00,81.467155,81.467155,1591.0,1591.0
2019-02-24 12:00:00,81.72318,81.72318,1596.0,1596.0
2019-02-24 13:00:00,81.82559000000002,81.82559000000002,1598.0,1598.0
2019-02-24 14:00:00,81.87679499999999,81.87679499999999,1599.0,1599.0
2019-02-24 15:00:00,81.51836,81.51836,1592.0,1592.0
2019-02-24 16:00:00,81.77438500000002,81.77438500000002,1597.0,1597.0
2019-02-24 17:00:00,81.87679499999999,81.87679499999999,1599.0,1599.0
2019-02-24 18:00:00,81.92799999999998,81.92799999999998,1600.0,1600.0
2019-02-24 19:00:00,81.671975,81.67197499999999,1595.0,1595.0
2019-02-24 20:00:00,81.92799999999998,81.92799999999998,1600.0,1600.0
2019-02-24 21:00:00,81.87679499999999,81.87679499999999,1599.0,1599.0
2019-02-24 22:00:00,81.92799999999998,81.92799999999998,1600.0,1600.0
2019-02-24 23:00:00,81.51836,81.51836,1592.0,1592.0
2019-02-25 00:00:00,81.92799999999998,81.92799999999998,1600.0,1600.0
2019-02-25 01:00:00,81.41595,81.41595,1590.0,1590.0
2019-02-25 02:00:00,81.92799999999998,81.92799999999998,1600.0,1600.0
2019-02-25 03:00:00,81.92799999999998,81.92799999999998,1600.0,1600.0
2019-02-25 04:00:00,81.41595,81.41595,1590.0,1590.0
2019-02-25 05:00:00,81.87679499999999,81.87679499999999,1599.0,1599.0
2019-02-25 06:00:00,81.87679499999999,81.87679499999999,1599.0,1599.0
2019-02-25 07:00:00,146.087865,146.087865,2853.0,2853.0
2019-02-25 08:00:00,194.220565,194.220565,3793.0,3793.0
2019-02-25 09:00:00,331.04032499999994,331.04032499999994,6465.0,6465.0
2019-02-25 10:00:00,333.0373200000001,333.0373200000001,6504.0,6504.0
2019-02-25 11:00:00,225.96766500000004,225.96766500000004,4413.0,4413.0
2019-02-25 12:00:00,180.13918999999999,180.13918999999999,3518.0,3518.0
2019-02-25 13:00:00,223.15139000000002,223.15139000000002,4358.0,4358.0
2019-02-25 14:00:00,234.16046499999996,234.16046499999996,4573.0,4573.0
2019-02-25 15:00:00,306.973975,306.973975,5995.0,5995.0
2019-02-25 16:00:00,289.8203,289.8203,5660.0,5660.0
2019-02-25 17:00:00,194.47658999999996,194.47658999999996,3798.0,3798.0
2019-02-25 18:00:00,163.702385,163.702385,3197.0,3197.0
2019-02-25 19:00:00,154.22946000000002,154.22946000000002,3012.0,3012.0
2019-02-25 20:00:00,81.82559000000002,81.82559000000002,1598.0,1598.0
2019-02-25 21:00:00,81.87679499999999,81.87679499999999,1599.0,1599.0
2019-02-25 22:00:00,81.92799999999998,81.92799999999998,1600.0,1600.0
2019-02-25 23:00:00,81.41595,81.41595,1590.0,1590.0
2019-02-26 00:00:00,81.72318,81.72318,1596.0,1596.0
2019-02-26 01:00:00,81.87679499999999,81.87679499999999,1599.0,1599.0
2019-02-26 02:00:00,81.92799999999998,81.92799999999998,1600.0,1600.0
2019-02-26 03:00:00,81.671975,81.67197499999999,1595.0,1595.0
2019-02-26 04:00:00,81.87679499999999,81.87679499999999,1599.0,1599.0
2019-02-26 05:00:00,81.77438500000002,81.77438500000002,1597.0,1597.0
2019-02-26 06:00:00,81.92799999999998,81.92799999999998,1600.0,1600.0
2019-02-26 07:00:00,145.883045,145.883045,2849.0,2849.0
2019-02-26 08:00:00,189.56090999999998,189.56090999999998,3702.0,3702.0
2019-02-26 09:00:00,323.00114,323.00114,6308.0,6308.0
2019-02-26 10:00:00,331.09153000000003,331.09153000000003,6466.0,6466.0
2019-02-26 11:00:00,229.70562999999999,229.70562999999999,4486.0,4486.0
2019-02-26 12:00:00,179.063885,179.063885,3497.0,3497.0
2019-02-26 13:00:00,214.95859000000002,214.95859,4198.0,4198.0
2019-02-26 14:00:00,244.86231000000004,244.86231000000004,4782.0,4782.0
2019-02-26 15:00:00,294.63357,294.6335700000001,5754.0,5754.0
2019-02-26 16:00:00,297.60346000000004,297.60346000000004,5812.0,5812.0
2019-02-26 17:00:00,199.18745,199.18745,3890.0,3890.0
2019-02-26 18:00:00,163.395155,163.395155,3191.0,3191.0
2019-02-26 19:00:00,163.75358999999997,163.75358999999997,3198.0,3198.0
2019-02-26 20:00:00,93.80756000000002,93.80756000000002,1832.0,1832.0
2019-02-26 21:00:00,81.72318,81.72318,1596.0,1596.0
2019-02-26 22:00:00,81.92799999999998,81.92799999999998,1600.0,1600.0
2019-02-26 23:00:00,81.72318,81.72318,1596.0,1596.0
2019-02-27 00:00:00,81.82559000000002,81.82559000000002,1598.0,1598.0
2019-02-27 01:00:00,81.671975,81.67197499999999,1595.0,1595.0
2019-02-27 02:00:00,81.671975,81.67197499999999,1595.0,1595.0
2019-02-27 03:00:00,81.92799999999998,81.92799999999998,1600.0,1600.0
2019-02-27 04:00:00,81.72318,81.72318,1596.0,1596.0
2019-02-27 05:00:00,81.92799999999998,81.92799999999998,1600.0,1600.0
2019-02-27 06:00:00,81.92799999999998,81.92799999999998,1600.0,1600.0
2019-02-27 07:00:00,147.88004000000004,147.88004000000004,2888.0,2888.0
2019-02-27 08:00:00,185.51571500000003,185.51571500000003,3623.0,3623.0
2019-02-27 09:00:00,308.56133,308.56133,6026.0,6026.0
2019-02-27 10:00:00,325.100545,325.100545,6349.0,6349.0
2019-02-27 11:00:00,223.202595,223.20259500000003,4359.0,4359.0
2019-02-27 12:00:00,180.34401,180.34401,3522.0,3522.0
2019-02-27 13:00:00,216.75076499999994,216.75076499999994,4233.0,4233.0
2019-02-27 14:00:00,247.37135500000002,247.371355,4831.0,4831.0
2019-02-27 15:00:00,294.172725,294.172725,5745.0,5745.0
2019-02-27 16:00:00,293.45585500000004,293.45585500000004,5731.0,5731.0
2019-02-27 17:00:00,192.17236499999999,192.17236499999999,3753.0,3753.0
2019-02-27 18:00:00,163.80479499999996,163.80479499999996,3199.0,3199.0
2019-02-27 19:00:00,147.47039999999998,147.47039999999998,2880.0,2880.0
2019-02-27 20:00:00,81.51836,81.51836,1592.0,1592.0
2019-02-27 21:00:00,81.62077,81.62077,1594.0,1594.0
2019-02-27 22:00:00,81.87679499999999,81.87679499999999,1599.0,1599.0
2019-02-27 23:00:00,81.87679499999999,81.87679499999999,1599.0,1599.0
2019-02-28 00:00:00,81.92799999999998,81.92799999999998,1600.0,1600.0
2019-02-28 01:00:00,81.82559000000002,81.82559000000002,1598.0,1598.0
2019-02-28 02:00:00,81.77438500000002,81.77438500000002,1597.0,1597.0
2019-02-28 03:00:00,81.82559000000002,81.82559000000002,1598.0,1598.0
2019-02-28 04:00:00,81.92799999999998,81.92799999999998,1600.0,1600.0
2019-02-28 05:00:00,81.671975,81.67197499999999,1595.0,1595.0
2019-02-28 06:00:00,81.87679499999999,81.87679499999999,1599.0,1599.0
2019-02-28 07:00:00,148.59691,148.59691,2902.0,2902.0
2019-02-28 08:00:00,182.238595,182.238595,3559.0,3559.0
2019-02-28 09:00:00,319.92884,319.92884,6248.0,6248.0
2019-02-28 10:00:00,318.69992,318.69992,6224.0,6224.0
2019-02-28 11:00:00,234.26287500000004,234.26287500000004,4575.0,4575.0
2019-02-28 12:00:00,180.95846999999998,180.95847,3534.0,3534.0
2019-02-28 13:00:00,214.088105,214.088105,4181.0,4181.0
2019-02-28 14:00:00,241.32916500000005,241.32916500000005,4713.0,4713.0
2019-02-28 15:00:00,284.08534000000003,284.08534000000003,5548.0,5548.0
2019-02-28 16:00:00,293.30224000000004,293.30224000000004,5728.0,5728.0
2019-02-28 17:00:00,194.27177,194.27177,3794.0,3794.0
2019-02-28 18:00:00,163.80479499999996,163.80479499999996,3199.0,3199.0
2019-02-28 19:00:00,149.16016499999998,149.16016499999998,2913.0,2913.0
2019-02-28 20:00:00,81.92799999999998,81.92799999999998,1600.0,1600.0
2019-02-28 21:00:00,81.671975,81.67197499999999,1595.0,1595.0
2019-02-28 22:00:00,81.82559000000002,81.82559000000002,1598.0,1598.0
2019-02-28 23:00:00,81.62077,81.62077,1594.0,1594.0
2019-03-01 00:00:00,81.87679499999999,81.87679499999999,1599.0,1599.0
2019-03-01 01:00:00,81.364745,81.364745,1589.0,1589.0
2019-03-01 02:00:00,81.77438500000002,81.77438500000002,1597.0,1597.0
2019-03-01 03:00:00,81.467155,81.467155,1591.0,1591.0
2019-03-01 04:00:00,81.671975,81.67197499999999,1595.0,1595.0
2019-03-01 05:00:00,81.62077,81.62077,1594.0,1594.0
2019-03-01 06:00:00,81.72318,81.72318,1596.0,1596.0
2019-03-01 07:00:00,145.47340499999999,145.47340499999999,2841.0,2841.0
2019-03-01 08:00:00,172.10000499999998,172.10000499999998,3361.0,3361.0
2019-03-01 09:00:00,316.907745,316.907745,6189.0,6189.0
2019-03-01 10:00:00,327.865615,327.865615,6403.0,6403.0
2019-03-01 11:00:00,223.71464500000002,223.71464500000002,4369.0,4369.0
2019-03-01 12:00:00,178.756655,178.756655,3491.0,3491.0
2019-03-01 13:00:00,218.594145,218.594145,4269.0,4269.0
2019-03-01 14:00:00,241.58518999999998,241.58518999999998,4718.0,4718.0
2019-03-01 15:00:00,301.03419500000007,301.03419500000007,5879.0,5879.0
2019-03-01 16:00:00,292.79018999999994,292.79019,5718.0,5718.0
2019-03-01 17:00:00,190.4826,190.4826,3720.0,3720.0
2019-03-01 18:00:00,163.80479499999996,163.80479499999996,3199.0,3199.0
2019-03-01 19:00:00,135.43722499999998,135.43722499999998,2645.0,2645.0
2019-03-01 20:00:00,81.82559000000002,81.82559000000002,1598.0,1598.0
2019-03-01 21:00:00,81.62077,81.62077,1594.0,1594.0
2019-03-01 22:00:00,81.82559000000002,81.82559000000002,1598.0,1598.0
2019-03-01 23:00:00,81.77438500000002,81.77438500000002,1597.0,1597.0
2019-03-02 00:00:00,81.92799999999998,81.92799999999998,1600.0,1600.0
2019-03-02 01:00:00,81.92799999999998,81.92799999999998,1600.0,1600.0
2019-03-02 02:00:00,81.467155,81.467155,1591.0,1591.0
2019-03-02 03:00:00,81.87679499999999,81.87679499999999,1599.0,1599.0
2019-03-02 04:00:00,81.77438500000002,81.77438500000002,1597.0,1597.0
2019-03-02 05:00:00,81.87679499999999,81.87679499999999,1599.0,1599.0
2019-03-02 06:00:00,81.671975,81.67197499999999,1595.0,1595.0
2019-03-02 07:00:00,81.72318,81.72318,1596.0,1596.0
2019-03-02 08:00:00,81.72318,81.72318,1596.0,1596.0
2019-03-02 09:00:00,81.92799999999998,81.92799999999998,1600.0,1600.0
2019-03-02 10:00:00,81.31354,81.31354,1588.0,1588.0
2019-03-02 11:00:00,81.87679499999999,81.87679499999999,1599.0,1599.0
2019-03-02 12:00:00,81.92799999999998,81.92799999999998,1600.0,1600.0
2019-03-02 13:00:00,81.77438500000002,81.77438500000002,1597.0,1597.0
2019-03-02 14:00:00,81.569565,81.569565,1593.0,1593.0
2019-03-02 15:00:00,81.92799999999998,81.92799999999998,1600.0,1600.0
2019-03-02 16:00:00,81.92799999999998,81.92799999999998,1600.0,1600.0
2019-03-02 17:00:00,81.87679499999999,81.87679499999999,1599.0,1599.0
2019-03-02 18:00:00,81.87679499999999,81.87679499999999,1599.0,1599.0
2019-03-02 19:00:00,81.82559000000002,81.82559000000002,1598.0,1598.0
2019-03-02 20:00:00,81.72318,81.72318,1596.0,1596.0
2019-03-02 21:00:00,81.82559000000002,81.82559000000002,1598.0,1598.0
2019-03-02 22:00:00,81.569565,81.569565,1593.0,1593.0
2019-03-02 23:00:00,81.82559000000002,81.82559000000002,1598.0,1598.0
2019-03-03 00:00:00,81.671975,81.67197499999999,1595.0,1595.0
2019-03-03 01:00:00,81.671975,81.67197499999999,1595.0,1595.0
2019-03-03 02:00:00,81.671975,81.67197499999999,1595.0,1595.0
2019-03-03 03:00:00,81.671975,81.67197499999999,1595.0,1595.0
2019-03-03 04:00:00,81.82559000000002,81.82559000000002,1598.0,1598.0
2019-03-03 05:00:00,81.87679499999999,81.87679499999999,1599.0,1599.0
2019-03-03 06:00:00,81.87679499999999,81.87679499999999,1599.0,1599.0
2019-03-03 07:00:00,81.82559000000002,81.82559000000002,1598.0,1598.0
2019-03-03 08:00:00,81.92799999999998,81.92799999999998,1600.0,1600.0
2019-03-03 09:00:00,81.671975,81.67197499999999,1595.0,1595.0
2019-03-03 10:00:00,81.569565,81.569565,1593.0,1593.0
2019-03-03 11:00:00,81.41595,81.41595,1590.0,1590.0
2019-03-03 12:00:00,81.92799999999998,81.92799999999998,1600.0,1600.0
2019-03-03 13:00:00,81.72318,81.72318,1596.0,1596.0
2019-03-03 14:00:00,81.87679499999999,81.87679499999999,1599.0,1599.0
2019-03-03 15:00:00,81.77438500000002,81.77438500000002,1597.0,1597.0
2019-03-03 16:00:00,81.671975,81.67197499999999,1595.0,1595.0
2019-03-03 17:00:00,81.72318,81.72318,1596.0,1596.0
2019-03-03 18:00:00,81.671975,81.67197499999999,1595.0,1595.0
2019-03-03 19:00:00,81.72318,81.72318,1596.0,1596.0
2019-03-03 20:00:00,81.77438500000002,81.77438500000002,1597.0,1597.0
2019-03-03 21:00:00,81.467155,81.467155,1591.0,1591.0
2019-03-03 22:00:00,81.92799999999998,81.92799999999998,1600.0,1600.0
2019-03-03 23:00:00,81.77438500000002,81.77438500000002,1597.0,1597.0
2019-03-04 00:00:00,81.87679499999999,81.87679499999999,1599.0,1599.0
2019-03-04 01:00:00,81.87679499999999,81.87679499999999,1599.0,1599.0
2019-03-04 02:00:00,81.87679499999999,81.87679499999999,1599.0,1599.0
2019-03-04 03:00:00,81.77438500000002,81.77438500000002,1597.0,1597.0
2019-03-04 04:00:00,81.77438500000002,81.77438500000002,1597.0,1597.0
2019-03-04 05:00:00,81.569565,81.569565,1593.0,1593.0
2019-03-04 06:00:00,81.77438500000002,81.77438500000002,1597.0,1597.0
2019-03-04 07:00:00,145.93425,145.93425,2850.0,2850.0
2019-03-04 08:00:00,171.89518499999997,171.89518499999997,3357.0,3357.0
2019-03-04 09:00:00,320.389685,320.389685,6257.0,6257.0
2019-03-04 10:00:00,333.65178000000003,333.65178000000003,6516.0,6516.0
2019-03-04 11:00:00,228.78393999999997,228.78393999999997,4468.0,4468.0
2019-03-04 12:00:00,182.39220999999998,182.39220999999998,3562.0,3562.0
2019-03-04 13:00:00,209.12122,209.12122,4084.0,4084.0
2019-03-04 14:00:00,241.02193500000004,241.02193500000004,4707.0,4707.0
2019-03-04 15:00:00,292.89259999999996,292.89259999999996,5720.0,5720.0
2019-03-04 16:00:00,296.63056500000005,296.63056500000005,5793.0,5793.0
2019-03-04 17:00:00,196.16635499999995,196.16635499999995,3831.0,3831.0
2019-03-04 18:00:00,163.75358999999997,163.75358999999997,3198.0,3198.0
2019-03-04 19:00:00,158.889115,158.889115,3103.0,3103.0
2019-03-04 20:00:00,81.77438500000002,81.77438500000002,1597.0,1597.0
2019-03-04 21:00:00,81.87679499999999,81.87679499999999,1599.0,1599.0
2019-03-04 22:00:00,81.72318,81.72318,1596.0,1596.0
2019-03-04 23:00:00,81.77438500000002,81.77438500000002,1597.0,1597.0
2019-03-05 00:00:00,81.51836,81.51836,1592.0,1592.0
2019-03-05 01:00:00,81.77438500000002,81.77438500000002,1597.0,1597.0
2019-03-05 02:00:00,81.72318,81.72318,1596.0,1596.0
2019-03-05 03:00:00,81.92799999999998,81.92799999999998,1600.0,1600.0
2019-03-05 04:00:00,81.87679499999999,81.87679499999999,1599.0,1599.0
2019-03-05 05:00:00,81.77438500000002,81.77438500000002,1597.0,1597.0
2019-03-05 06:00:00,81.671975,81.67197499999999,1595.0,1595.0
2019-03-05 07:00:00,156.328865,156.328865,3053.0,3053.0
2019-03-05 08:00:00,188.4344,188.4344,3680.0,3680.0
2019-03-05 09:00:00,319.41679,319.41679,6238.0,6238.0
2019-03-05 10:00:00,328.9921250000001,328.9921250000001,6425.0,6425.0
2019-03-05 11:00:00,229.24478500000004,229.24478500000004,4477.0,4477.0
2019-03-05 12:00:00,180.804855,180.804855,3531.0,3531.0
2019-03-05 13:00:00,211.118215,211.118215,4123.0,4123.0
2019-03-05 14:00:00,252.491855,252.491855,4931.0,4931.0
2019-03-05 15:00:00,295.70887500000003,295.70887500000003,5775.0,5775.0
2019-03-05 16:00:00,279.88653,279.88653,5466.0,5466.0
2019-03-05 17:00:00,195.14225500000003,195.14225500000003,3811.0,3811.0
2019-03-05 18:00:00,163.13913000000002,163.13913000000002,3186.0,3186.0
2019-03-05 19:00:00,163.13913000000002,163.13913000000002,3186.0,3186.0
2019-03-05 20:00:00,115.21124999999999,115.21125,2250.0,2250.0
2019-03-05 21:00:00,81.77438500000002,81.77438500000002,1597.0,1597.0
2019-03-05 22:00:00,81.92799999999998,81.92799999999998,1600.0,1600.0
2019-03-05 23:00:00,81.72318,81.72318,1596.0,1596.0
2019-03-06 00:00:00,81.671975,81.67197499999999,1595.0,1595.0
2019-03-06 01:00:00,81.72318,81.72318,1596.0,1596.0
2019-03-06 02:00:00,81.62077,81.62077,1594.0,1594.0
2019-03-06 03:00:00,81.92799999999998,81.92799999999998,1600.0,1600.0
2019-03-06 04:00:00,81.87679499999999,81.87679499999999,1599.0,1599.0
2019-03-06 05:00:00,81.467155,81.467155,1591.0,1591.0
2019-03-06 06:00:00,81.82559000000002,81.82559000000002,1598.0,1598.0
2019-03-06 07:00:00,147.26558,147.26558,2876.0,2876.0
2019-03-06 08:00:00,183.365105,183.365105,3581.0,3581.0
2019-03-06 09:00:00,326.63669500000003,326.63669500000003,6379.0,6379.0
2019-03-06 10:00:00,326.841515,326.841515,6383.0,6383.0
2019-03-06 11:00:00,230.780935,230.780935,4507.0,4507.0
2019-03-06 12:00:00,182.28979999999996,182.28979999999996,3560.0,3560.0
2019-03-06 13:00:00,212.91038999999998,212.91038999999995,4158.0,4158.0
2019-03-06 14:00:00,250.75088499999998,250.75088499999998,4897.0,4897.0
2019-03-06 15:00:00,285.26305499999995,285.26305499999995,5571.0,5571.0
2019-03-06 16:00:00,295.606465,295.606465,5773.0,5773.0
2019-03-06 17:00:00,193.96454000000003,193.96454000000006,3788.0,3788.0
2019-03-06 18:00:00,163.54877000000005,163.54877000000005,3194.0,3194.0
2019-03-06 19:00:00,161.50057,161.50057,3154.0,3154.0
2019-03-06 20:00:00,81.82559000000002,81.82559000000002,1598.0,1598.0
2019-03-06 21:00:00,81.92799999999998,81.92799999999998,1600.0,1600.0
2019-03-06 22:00:00,81.41595,81.41595,1590.0,1590.0
2019-03-06 23:00:00,81.92799999999998,81.92799999999998,1600.0,1600.0
2019-03-07 00:00:00,81.671975,81.67197499999999,1595.0,1595.0
2019-03-07 01:00:00,81.467155,81.467155,1591.0,1591.0
2019-03-07 02:00:00,81.82559000000002,81.82559000000002,1598.0,1598.0
2019-03-07 03:00:00,81.72318,81.72318,1596.0,1596.0
2019-03-07 04:00:00,81.82559000000002,81.82559000000002,1598.0,1598.0
2019-03-07 05:00:00,81.77438500000002,81.77438500000002,1597.0,1597.0
2019-03-07 06:00:00,81.467155,81.467155,1591.0,1591.0
2019-03-07 07:00:00,144.75653499999999,144.75653499999999,2827.0,2827.0
2019-03-07 08:00:00,189.66331999999997,189.66331999999997,3704.0,3704.0
2019-03-07 09:00:00,318.59750999999994,318.59750999999994,6222.0,6222.0
2019-03-07 10:00:00,328.32646,328.32646,6412.0,6412.0
2019-03-07 11:00:00,217.365225,217.365225,4245.0,4245.0
2019-03-07 12:00:00,180.702445,180.702445,3529.0,3529.0
2019-03-07 13:00:00,212.96159500000005,212.96159500000005,4159.0,4159.0
2019-03-07 14:00:00,232.47070000000002,232.47070000000005,4540.0,4540.0
2019-03-07 15:00:00,300.317325,300.317325,5865.0,5865.0
2019-03-07 16:00:00,292.68778000000003,292.68778000000003,5716.0,5716.0
2019-03-07 17:00:00,197.90732499999996,197.90732499999996,3865.0,3865.0
2019-03-07 18:00:00,163.65118,163.65118,3196.0,3196.0
2019-03-07 19:00:00,157.660195,157.660195,3079.0,3079.0
2019-03-07 20:00:00,81.77438500000002,81.77438500000002,1597.0,1597.0
2019-03-07 21:00:00,81.77438500000002,81.77438500000002,1597.0,1597.0
2019-03-07 22:00:00,81.87679499999999,81.87679499999999,1599.0,1599.0
2019-03-07 23:00:00,81.467155,81.467155,1591.0,1591.0
2019-03-08 00:00:00,81.671975,81.67197499999999,1595.0,1595.0
2019-03-08 01:00:00,81.92799999999998,81.92799999999998,1600.0,1600.0
2019-03-08 02:00:00,81.72318,81.72318,1596.0,1596.0
2019-03-08 03:00:00,81.87679499999999,81.87679499999999,1599.0,1599.0
2019-03-08 04:00:00,81.671975,81.67197499999999,1595.0,1595.0
2019-03-08 05:00:00,81.671975,81.67197499999999,1595.0,1595.0
2019-03-08 06:00:00,81.62077,81.62077,1594.0,1594.0
2019-03-08 07:00:00,150.389085,150.389085,2937.0,2937.0
2019-03-08 08:00:00,188.075965,188.07596499999997,3673.0,3673.0
2019-03-08 09:00:00,327.60959,327.6095900000001,6398.0,6398.0
2019-03-08 10:00:00,313.98906,313.98906,6132.0,6132.0
2019-03-08 11:00:00,221.666445,221.666445,4329.0,4329.0
2019-03-08 12:00:00,179.98557499999995,179.98557499999995,3515.0,3515.0
2019-03-08 13:00:00,208.762785,208.762785,4077.0,4077.0
2019-03-08 14:00:00,244.81110500000005,244.81110500000005,4781.0,4781.0
2019-03-08 15:00:00,299.907685,299.907685,5857.0,5857.0
2019-03-08 16:00:00,297.961895,297.961895,5819.0,5819.0
2019-03-08 17:00:00,200.51878000000002,200.51878000000002,3916.0,3916.0
2019-03-08 18:00:00,163.65118,163.65118,3196.0,3196.0
2019-03-08 19:00:00,163.08792499999998,163.08792499999998,3185.0,3185.0
2019-03-08 20:00:00,94.78045499999999,94.78045499999999,1851.0,1851.0
2019-03-08 21:00:00,81.92799999999998,81.92799999999998,1600.0,1600.0
2019-03-08 22:00:00,81.82559000000002,81.82559000000002,1598.0,1598.0
2019-03-08 23:00:00,81.62077,81.62077,1594.0,1594.0
2019-03-09 00:00:00,81.77438500000002,81.77438500000002,1597.0,1597.0
2019-03-09 01:00:00,81.569565,81.569565,1593.0,1593.0
2019-03-09 02:00:00,81.77438500000002,81.77438500000002,1597.0,1597.0
2019-03-09 03:00:00,81.51836,81.51836,1592.0,1592.0
2019-03-09 04:00:00,81.77438500000002,81.77438500000002,1597.0,1597.0
2019-03-09 05:00:00,81.467155,81.467155,1591.0,1591.0
2019-03-09 06:00:00,81.62077,81.62077,1594.0,1594.0
2019-03-09 07:00:00,81.77438500000002,81.77438500000002,1597.0,1597.0
2019-03-09 08:00:00,81.82559000000002,81.82559000000002,1598.0,1598.0
2019-03-09 09:00:00,81.62077,81.62077,1594.0,1594.0
2019-03-09 10:00:00,81.51836,81.51836,1592.0,1592.0
2019-03-09 11:00:00,81.77438500000002,81.77438500000002,1597.0,1597.0
2019-03-09 12:00:00,81.569565,81.569565,1593.0,1593.0
2019-03-09 13:00:00,81.92799999999998,81.92799999999998,1600.0,1600.0
2019-03-09 14:00:00,81.92799999999998,81.92799999999998,1600.0,1600.0
2019-03-09 15:00:00,81.671975,81.67197499999999,1595.0,1595.0
2019-03-09 16:00:00,81.62077,81.62077,1594.0,1594.0
2019-03-09 17:00:00,81.82559000000002,81.82559000000002,1598.0,1598.0
2019-03-09 18:00:00,81.87679499999999,81.87679499999999,1599.0,1599.0
2019-03-09 19:00:00,81.671975,81.67197499999999,1595.0,1595.0
2019-03-09 20:00:00,81.569565,81.569565,1593.0,1593.0
2019-03-09 21:00:00,81.87679499999999,81.87679499999999,1599.0,1599.0
2019-03-09 22:00:00,81.72318,81.72318,1596.0,1596.0
2019-03-09 23:00:00,81.92799999999998,81.92799999999998,1600.0,1600.0
2019-03-10 00:00:00,81.671975,81.67197499999999,1595.0,1595.0
2019-03-10 01:00:00,81.92799999999998,81.92799999999998,1600.0,1600.0
2019-03-10 02:00:00,81.671975,81.67197499999999,1595.0,1595.0
2019-03-10 03:00:00,81.569565,81.569565,1593.0,1593.0
2019-03-10 04:00:00,81.569565,81.569565,1593.0,1593.0
2019-03-10 05:00:00,81.92799999999998,81.92799999999998,1600.0,1600.0
2019-03-10 06:00:00,81.77438500000002,81.77438500000002,1597.0,1597.0
2019-03-10 07:00:00,81.51836,81.51836,1592.0,1592.0
2019-03-10 08:00:00,81.671975,81.67197499999999,1595.0,1595.0
2019-03-10 09:00:00,81.77438500000002,81.77438500000002,1597.0,1597.0
2019-03-10 10:00:00,81.77438500000002,81.77438500000002,1597.0,1597.0
2019-03-10 11:00:00,81.467155,81.467155,1591.0,1591.0
2019-03-10 12:00:00,81.87679499999999,81.87679499999999,1599.0,1599.0
2019-03-10 13:00:00,81.92799999999998,81.92799999999998,1600.0,1600.0
2019-03-10 14:00:00,81.87679499999999,81.87679499999999,1599.0,1599.0
2019-03-10 15:00:00,81.72318,81.72318,1596.0,1596.0
2019-03-10 16:00:00,81.82559000000002,81.82559000000002,1598.0,1598.0
2019-03-10 17:00:00,81.77438500000002,81.77438500000002,1597.0,1597.0
2019-03-10 18:00:00,81.92799999999998,81.92799999999998,1600.0,1600.0
2019-03-10 19:00:00,81.569565,81.569565,1593.0,1593.0
2019-03-10 20:00:00,81.87679499999999,81.87679499999999,1599.0,1599.0
2019-03-10 21:00:00,81.72318,81.72318,1596.0,1596.0
2019-03-10 22:00:00,81.62077,81.62077,1594.0,1594.0
2019-03-10 23:00:00,81.82559000000002,81.82559000000002,1598.0,1598.0
2019-03-11 00:00:00,81.467155,81.467155,1591.0,1591.0
2019-03-11 01:00:00,81.77438500000002,81.77438500000002,1597.0,1597.0
2019-03-11 02:00:00,81.72318,81.72318,1596.0,1596.0
2019-03-11 03:00:00,81.82559000000002,81.82559000000002,1598.0,1598.0
2019-03-11 04:00:00,81.87679499999999,81.87679499999999,1599.0,1599.0
2019-03-11 05:00:00,81.92799999999998,81.92799999999998,1600.0,1600.0
2019-03-11 06:00:00,81.82559000000002,81.82559000000002,1598.0,1598.0
2019-03-11 07:00:00,143.73243499999998,143.73243499999998,2807.0,2807.0
2019-03-11 08:00:00,188.58801499999998,188.58801499999998,3683.0,3683.0
2019-03-11 09:00:00,326.79031000000003,326.79031000000003,6382.0,6382.0
2019-03-11 10:00:00,321.311375,321.311375,6275.0,6275.0
2019-03-11 11:00:00,224.63633500000003,224.63633500000003,4387.0,4387.0
2019-03-11 12:00:00,181.419315,181.41931499999998,3543.0,3543.0
2019-03-11 13:00:00,204.82000000000002,204.82000000000002,4000.0,4000.0
2019-03-11 14:00:00,241.02193499999996,241.02193499999998,4707.0,4707.0
2019-03-11 15:00:00,290.998015,290.998015,5683.0,5683.0
2019-03-11 16:00:00,291.817295,291.817295,5699.0,5699.0
2019-03-11 17:00:00,193.70851499999998,193.70851499999995,3783.0,3783.0
2019-03-11 18:00:00,163.65117999999998,163.65117999999998,3196.0,3196.0
2019-03-11 19:00:00,163.190335,163.190335,3187.0,3187.0
2019-03-11 20:00:00,88.63585499999999,88.63585499999999,1731.0,1731.0
2019-03-11 21:00:00,81.82559000000002,81.82559000000002,1598.0,1598.0
2019-03-11 22:00:00,81.51836,81.51836,1592.0,1592.0
2019-03-11 23:00:00,81.569565,81.569565,1593.0,1593.0
2019-03-12 00:00:00,81.92799999999998,81.92799999999998,1600.0,1600.0
2019-03-12 01:00:00,81.82559000000002,81.82559000000002,1598.0,1598.0
2019-03-12 02:00:00,81.671975,81.67197499999999,1595.0,1595.0
2019-03-12 03:00:00,81.41595,81.41595,1590.0,1590.0
2019-03-12 04:00:00,81.77438500000002,81.77438500000002,1597.0,1597.0
2019-03-12 05:00:00,81.92799999999998,81.92799999999998,1600.0,1600.0
2019-03-12 06:00:00,81.72318,81.72318,1596.0,1596.0
2019-03-12 07:00:00,151.10595499999997,151.10595499999997,2951.0,2951.0
2019-03-12 08:00:00,180.65123999999997,180.65123999999997,3528.0,3528.0
2019-03-12 09:00:00,323.257165,323.257165,6313.0,6313.0
2019-03-12 10:00:00,316.13967,316.13967,6174.0,6174.0
2019-03-12 11:00:00,230.371295,230.371295,4499.0,4499.0
2019-03-12 12:00:00,179.57593500000002,179.57593500000002,3507.0,3507.0
2019-03-12 13:00:00,212.91039,212.91039,4158.0,4158.0
2019-03-12 14:00:00,247.32014999999996,247.32014999999996,4830.0,4830.0
2019-03-12 15:00:00,291.66368000000006,291.66368000000006,5696.0,5696.0
2019-03-12 16:00:00,292.99501,292.99501,5722.0,5722.0
2019-03-12 17:00:00,194.88622999999998,194.88622999999998,3806.0,3806.0
2019-03-12 18:00:00,163.190335,163.190335,3187.0,3187.0
2019-03-12 19:00:00,163.702385,163.702385,3197.0,3197.0
2019-03-12 20:00:00,103.894945,103.894945,2029.0,2029.0
2019-03-12 21:00:00,81.364745,81.364745,1589.0,1589.0
2019-03-12 22:00:00,81.41595,81.41595,1590.0,1590.0
2019-03-12 23:00:00,81.92799999999998,81.92799999999998,1600.0,1600.0
2019-03-13 00:00:00,81.72318,81.72318,1596.0,1596.0
2019-03-13 01:00:00,81.92799999999998,81.92799999999998,1600.0,1600.0
2019-03-13 02:00:00,81.87679499999999,81.87679499999999,1599.0,1599.0
2019-03-13 03:00:00,81.87679499999999,81.87679499999999,1599.0,1599.0
2019-03-13 04:00:00,81.72318,81.72318,1596.0,1596.0
2019-03-13 05:00:00,81.671975,81.67197499999999,1595.0,1595.0
2019-03-13 06:00:00,81.92799999999998,81.92799999999998,1600.0,1600.0
2019-03-13 07:00:00,165.852995,165.852995,3239.0,3239.0
2019-03-13 08:00:00,188.28078499999998,188.28078499999998,3677.0,3677.0
2019-03-13 09:00:00,327.30235999999996,327.30235999999996,6392.0,6392.0
2019-03-13 10:00:00,326.22705500000006,326.22705500000006,6371.0,6371.0
2019-03-13 11:00:00,227.811045,227.811045,4449.0,4449.0
2019-03-13 12:00:00,179.98557499999998,179.98557499999998,3515.0,3515.0
2019-03-13 13:00:00,213.93448999999998,213.93449,4178.0,4178.0
2019-03-13 14:00:00,240.91952499999996,240.91952499999996,4705.0,4705.0
2019-03-13 15:00:00,287.413665,287.413665,5613.0,5613.0
2019-03-13 16:00:00,297.39863999999994,297.39863999999994,5808.0,5808.0
2019-03-13 17:00:00,193.196465,193.196465,3773.0,3773.0
2019-03-13 18:00:00,163.292745,163.292745,3189.0,3189.0
2019-03-13 19:00:00,163.44636000000003,163.44636000000003,3192.0,3192.0
2019-03-13 20:00:00,88.533445,88.533445,1729.0,1729.0
2019-03-13 21:00:00,81.72318,81.72318,1596.0,1596.0
2019-03-13 22:00:00,81.87679499999999,81.87679499999999,1599.0,1599.0
2019-03-13 23:00:00,81.92799999999998,81.92799999999998,1600.0,1600.0
2019-03-14 00:00:00,81.671975,81.67197499999999,1595.0,1595.0
2019-03-14 01:00:00,81.41595,81.41595,1590.0,1590.0
2019-03-14 02:00:00,81.87679499999999,81.87679499999999,1599.0,1599.0
2019-03-14 03:00:00,81.671975,81.67197499999999,1595.0,1595.0
2019-03-14 04:00:00,81.671975,81.67197499999999,1595.0,1595.0
2019-03-14 05:00:00,81.82559000000002,81.82559000000002,1598.0,1598.0
2019-03-14 06:00:00,81.72318,81.72318,1596.0,1596.0
2019-03-14 07:00:00,156.58489,156.58489,3058.0,3058.0
2019-03-14 08:00:00,175.53074,175.53074,3428.0,3428.0
2019-03-14 09:00:00,323.41078,323.41078,6316.0,6316.0
2019-03-14 10:00:00,330.73309500000005,330.73309500000005,6459.0,6459.0
2019-03-14 11:00:00,227.29899499999996,227.29899499999996,4439.0,4439.0
2019-03-14 12:00:00,176.91327500000003,176.91327500000006,3455.0,3455.0
2019-03-14 13:00:00,208.55796499999997,208.55796499999997,4073.0,4073.0
2019-03-14 14:00:00,236.97674,236.97673999999998,4628.0,4628.0
2019-03-14 15:00:00,288.232945,288.232945,5629.0,5629.0
2019-03-14 16:00:00,297.55225499999995,297.55225499999995,5811.0,5811.0
2019-03-14 17:00:00,191.55790499999995,191.55790499999998,3741.0,3741.0
2019-03-14 18:00:00,163.54877000000002,163.54877000000002,3194.0,3194.0
2019-03-14 19:00:00,163.65118000000004,163.65118000000004,3196.0,3196.0
2019-03-14 20:00:00,98.262395,98.262395,1919.0,1919.0
2019-03-14 21:00:00,81.92799999999998,81.92799999999998,1600.0,1600.0
2019-03-14 22:00:00,81.82559000000002,81.82559000000002,1598.0,1598.0
2019-03-14 23:00:00,81.92799999999998,81.92799999999998,1600.0,1600.0
2019-03-15 00:00:00,81.87679499999999,81.87679499999999,1599.0,1599.0
2019-03-15 01:00:00,81.671975,81.67197499999999,1595.0,1595.0
2019-03-15 02:00:00,81.671975,81.67197499999999,1595.0,1595.0
2019-03-15 03:00:00,81.41595,81.41595,1590.0,1590.0
2019-03-15 04:00:00,81.569565,81.569565,1593.0,1593.0
2019-03-15 05:00:00,81.77438500000002,81.77438500000002,1597.0,1597.0
2019-03-15 06:00:00,81.87679499999999,81.87679499999999,1599.0,1599.0
2019-03-15 07:00:00,143.83484499999997,143.83484499999997,2809.0,2809.0
2019-03-15 08:00:00,178.70545,178.70544999999998,3490.0,3490.0
2019-03-15 09:00:00,327.91682,327.91682,6404.0,6404.0
2019-03-15 10:00:00,321.20896500000003,321.20896500000003,6273.0,6273.0
2019-03-15 11:00:00,235.64541000000003,235.64541000000003,4602.0,4602.0
2019-03-15 12:00:00,182.59702999999996,182.59702999999996,3566.0,3566.0
2019-03-15 13:00:00,210.503755,210.503755,4111.0,4111.0
2019-03-15 14:00:00,241.02193499999998,241.02193499999998,4707.0,4707.0
2019-03-15 15:00:00,302.97998499999994,302.97998499999994,5917.0,5917.0
2019-03-15 16:00:00,301.64865499999996,301.64865499999996,5891.0,5891.0
2019-03-15 17:00:00,194.78382000000002,194.78382000000002,3804.0,3804.0
2019-03-15 18:00:00,163.24154000000001,163.24154000000004,3188.0,3188.0
2019-03-15 19:00:00,160.425265,160.425265,3133.0,3133.0
2019-03-15 20:00:00,81.77438500000002,81.77438500000002,1597.0,1597.0
2019-03-15 21:00:00,81.569565,81.569565,1593.0,1593.0
2019-03-15 22:00:00,81.671975,81.67197499999999,1595.0,1595.0
2019-03-15 23:00:00,81.671975,81.67197499999999,1595.0,1595.0
2019-03-16 00:00:00,81.87679499999999,81.87679499999999,1599.0,1599.0
2019-03-16 01:00:00,81.82559000000002,81.82559000000002,1598.0,1598.0
2019-03-16 02:00:00,81.62077,81.62077,1594.0,1594.0
2019-03-16 03:00:00,81.82559000000002,81.82559000000002,1598.0,1598.0
2019-03-16 04:00:00,81.82559000000002,81.82559000000002,1598.0,1598.0
2019-03-16 05:00:00,81.87679499999999,81.87679499999999,1599.0,1599.0
2019-03-16 06:00:00,81.92799999999998,81.92799999999998,1600.0,1600.0
2019-03-16 07:00:00,81.82559000000002,81.82559000000002,1598.0,1598.0
2019-03-16 08:00:00,81.77438500000002,81.77438500000002,1597.0,1597.0
2019-03-16 09:00:00,81.51836,81.51836,1592.0,1592.0
2019-03-16 10:00:00,81.62077,81.62077,1594.0,1594.0
2019-03-16 11:00:00,81.671975,81.67197499999999,1595.0,1595.0
2019-03-16 12:00:00,81.72318,81.72318,1596.0,1596.0
2019-03-16 13:00:00,81.92799999999998,81.92799999999998,1600.0,1600.0
2019-03-16 14:00:00,81.92799999999998,81.92799999999998,1600.0,1600.0
2019-03-16 15:00:00,81.72318,81.72318,1596.0,1596.0
2019-03-16 16:00:00,81.77438500000002,81.77438500000002,1597.0,1597.0
2019-03-16 17:00:00,81.62077,81.62077,1594.0,1594.0
2019-03-16 18:00:00,81.82559000000002,81.82559000000002,1598.0,1598.0
2019-03-16 19:00:00,81.82559000000002,81.82559000000002,1598.0,1598.0
2019-03-16 20:00:00,81.92799999999998,81.92799999999998,1600.0,1600.0
2019-03-16 21:00:00,81.87679499999999,81.87679499999999,1599.0,1599.0
2019-03-16 22:00:00,81.72318,81.72318,1596.0,1596.0
2019-03-16 23:00:00,81.87679499999999,81.87679499999999,1599.0,1599.0
2019-03-17 00:00:00,81.92799999999998,81.92799999999998,1600.0,1600.0
2019-03-17 01:00:00,81.77438500000002,81.77438500000002,1597.0,1597.0
2019-03-17 02:00:00,81.92799999999998,81.92799999999998,1600.0,1600.0
2019-03-17 03:00:00,81.82559000000002,81.82559000000002,1598.0,1598.0
2019-03-17 04:00:00,81.671975,81.67197499999999,1595.0,1595.0
2019-03-17 05:00:00,81.671975,81.67197499999999,1595.0,1595.0
2019-03-17 06:00:00,81.671975,81.67197499999999,1595.0,1595.0
2019-03-17 07:00:00,81.92799999999998,81.92799999999998,1600.0,1600.0
2019-03-17 08:00:00,81.87679499999999,81.87679499999999,1599.0,1599.0
2019-03-17 09:00:00,81.87679499999999,81.87679499999999,1599.0,1599.0
2019-03-17 10:00:00,81.569565,81.569565,1593.0,1593.0
2019-03-17 11:00:00,81.62077,81.62077,1594.0,1594.0
2019-03-17 12:00:00,81.569565,81.569565,1593.0,1593.0
2019-03-17 13:00:00,81.92799999999998,81.92799999999998,1600.0,1600.0
2019-03-17 14:00:00,81.82559000000002,81.82559000000002,1598.0,1598.0
2019-03-17 15:00:00,81.77438500000002,81.77438500000002,1597.0,1597.0
2019-03-17 16:00:00,81.87679499999999,81.87679499999999,1599.0,1599.0
2019-03-17 17:00:00,81.671975,81.67197499999999,1595.0,1595.0
2019-03-17 18:00:00,81.82559000000002,81.82559000000002,1598.0,1598.0
2019-03-17 19:00:00,81.72318,81.72318,1596.0,1596.0
2019-03-17 20:00:00,81.364745,81.364745,1589.0,1589.0
2019-03-17 21:00:00,81.92799999999998,81.92799999999998,1600.0,1600.0
2019-03-17 22:00:00,81.72318,81.72318,1596.0,1596.0
2019-03-17 23:00:00,81.92799999999998,81.92799999999998,1600.0,1600.0
2019-03-18 00:00:00,81.87679499999999,81.87679499999999,1599.0,1599.0
2019-03-18 01:00:00,81.72318,81.72318,1596.0,1596.0
2019-03-18 02:00:00,81.92799999999998,81.92799999999998,1600.0,1600.0
2019-03-18 03:00:00,81.77438500000002,81.77438500000002,1597.0,1597.0
2019-03-18 04:00:00,81.82559000000002,81.82559000000002,1598.0,1598.0
2019-03-18 05:00:00,81.77438500000002,81.77438500000002,1597.0,1597.0
2019-03-18 06:00:00,81.87679499999999,81.87679499999999,1599.0,1599.0
2019-03-18 07:00:00,143.27158999999997,143.27158999999997,2798.0,2798.0
2019-03-18 08:00:00,179.11509,179.11509,3498.0,3498.0
2019-03-18 09:00:00,323.10355000000004,323.1035500000001,6310.0,6310.0
2019-03-18 10:00:00,323.41078,323.41078,6316.0,6316.0
2019-03-18 11:00:00,221.25680500000004,221.25680500000004,4321.0,4321.0
2019-03-18 12:00:00,176.86207000000002,176.86207000000002,3454.0,3454.0
2019-03-18 13:00:00,214.0369,214.0369,4180.0,4180.0
2019-03-18 14:00:00,235.64541000000003,235.64541000000003,4602.0,4602.0
2019-03-18 15:00:00,290.33235,290.33235,5670.0,5670.0
2019-03-18 16:00:00,290.02512,290.02512,5664.0,5664.0
2019-03-18 17:00:00,196.31997,196.31997,3834.0,3834.0
2019-03-18 18:00:00,163.80479499999996,163.80479499999996,3199.0,3199.0
2019-03-18 19:00:00,156.124045,156.12404500000002,3049.0,3049.0
2019-03-18 20:00:00,81.51836,81.51836,1592.0,1592.0
2019-03-18 21:00:00,81.92799999999998,81.92799999999998,1600.0,1600.0
2019-03-18 22:00:00,81.87679499999999,81.87679499999999,1599.0,1599.0
2019-03-18 23:00:00,81.92799999999998,81.92799999999998,1600.0,1600.0
2019-03-19 00:00:00,81.92799999999998,81.92799999999998,1600.0,1600.0
2019-03-19 01:00:00,81.72318,81.72318,1596.0,1596.0
2019-03-19 02:00:00,81.92799999999998,81.92799999999998,1600.0,1600.0
2019-03-19 03:00:00,81.87679499999999,81.87679499999999,1599.0,1599.0
2019-03-19 04:00:00,81.82559000000002,81.82559000000002,1598.0,1598.0
2019-03-19 05:00:00,81.62077,81.62077,1594.0,1594.0
2019-03-19 06:00:00,81.62077,81.62077,1594.0,1594.0
2019-03-19 07:00:00,150.33788000000004,150.33788000000004,2936.0,2936.0
2019-03-19 08:00:00,180.600035,180.600035,3527.0,3527.0
2019-03-19 09:00:00,318.08546,318.08546,6212.0,6212.0
2019-03-19 10:00:00,320.79932500000007,320.79932500000007,6265.0,6265.0
2019-03-19 11:00:00,232.62431499999997,232.62431499999997,4543.0,4543.0
2019-03-19 12:00:00,179.72955,179.72955,3510.0,3510.0
2019-03-19 13:00:00,206.04892,206.04892,4024.0,4024.0
2019-03-19 14:00:00,242.04603500000002,242.04603500000002,4727.0,4727.0
2019-03-19 15:00:00,292.58536999999995,292.58536999999995,5714.0,5714.0
2019-03-19 16:00:00,300.16371000000004,300.16371000000004,5862.0,5862.0
2019-03-19 17:00:00,192.22357000000002,192.22357000000002,3754.0,3754.0
2019-03-19 18:00:00,163.59997499999997,163.59997499999997,3195.0,3195.0
2019-03-19 19:00:00,163.59997500000003,163.59997500000003,3195.0,3195.0
2019-03-19 20:00:00,106.96724499999998,106.96724499999998,2089.0,2089.0
2019-03-19 21:00:00,81.72318,81.72318,1596.0,1596.0
2019-03-19 22:00:00,81.82559000000002,81.82559000000002,1598.0,1598.0
2019-03-19 23:00:00,81.92799999999998,81.92799999999998,1600.0,1600.0
2019-03-20 00:00:00,81.92799999999998,81.92799999999998,1600.0,1600.0
2019-03-20 01:00:00,81.87679499999999,81.87679499999999,1599.0,1599.0
2019-03-20 02:00:00,81.82559000000002,81.82559000000002,1598.0,1598.0
2019-03-20 03:00:00,81.62077,81.62077,1594.0,1594.0
2019-03-20 04:00:00,81.72318,81.72318,1596.0,1596.0
2019-03-20 05:00:00,81.51836,81.51836,1592.0,1592.0
2019-03-20 06:00:00,81.72318,81.72318,1596.0,1596.0
2019-03-20 07:00:00,140.19929000000002,140.19929000000002,2738.0,2738.0
2019-03-20 08:00:00,175.99158500000001,175.99158500000001,3437.0,3437.0
2019-03-20 09:00:00,313.78423999999995,313.78423999999995,6128.0,6128.0
2019-03-20 10:00:00,319.62161000000003,319.62161000000003,6242.0,6242.0
2019-03-20 11:00:00,231.39539500000004,231.39539500000004,4519.0,4519.0
2019-03-20 12:00:00,178.80785999999998,178.80786,3492.0,3492.0
2019-03-20 13:00:00,211.118215,211.118215,4123.0,4123.0
2019-03-20 14:00:00,246.60328,246.60328,4816.0,4816.0
2019-03-20 15:00:00,281.78111499999994,281.78111499999994,5503.0,5503.0
2019-03-20 16:00:00,284.59738999999996,284.59738999999996,5558.0,5558.0
2019-03-20 17:00:00,192.68441500000003,192.68441500000003,3763.0,3763.0
2019-03-20 18:00:00,163.395155,163.395155,3191.0,3191.0
2019-03-20 19:00:00,163.497565,163.497565,3193.0,3193.0
2019-03-20 20:00:00,95.90696500000001,95.906965,1873.0,1873.0
2019-03-20 21:00:00,81.467155,81.467155,1591.0,1591.0
2019-03-20 22:00:00,81.77438500000002,81.77438500000002,1597.0,1597.0
2019-03-20 23:00:00,81.62077,81.62077,1594.0,1594.0
2019-03-21 00:00:00,81.92799999999998,81.92799999999998,1600.0,1600.0
2019-03-21 01:00:00,81.77438500000002,81.77438500000002,1597.0,1597.0
2019-03-21 02:00:00,81.92799999999998,81.92799999999998,1600.0,1600.0
2019-03-21 03:00:00,81.77438500000002,81.77438500000002,1597.0,1597.0
2019-03-21 04:00:00,81.671975,81.67197499999999,1595.0,1595.0
2019-03-21 05:00:00,81.77438500000002,81.77438500000002,1597.0,1597.0
2019-03-21 06:00:00,81.92799999999998,81.92799999999998,1600.0,1600.0
2019-03-21 07:00:00,141.63303000000002,141.63303000000002,2766.0,2766.0
2019-03-21 08:00:00,186.130175,186.130175,3635.0,3635.0
2019-03-21 09:00:00,313.78424,313.78424,6128.0,6128.0
2019-03-21 10:00:00,305.847465,305.847465,5973.0,5973.0
2019-03-21 11:00:00,230.78093500000003,230.78093500000006,4507.0,4507.0
2019-03-21 12:00:00,178.75665500000002,178.75665500000002,3491.0,3491.0
2019-03-21 13:00:00,214.54894999999996,214.54894999999996,4190.0,4190.0
2019-03-21 14:00:00,242.86531499999998,242.86531499999998,4743.0,4743.0
2019-03-21 15:00:00,290.89560500000005,290.89560500000005,5681.0,5681.0
2019-03-21 16:00:00,287.26005000000004,287.26005000000004,5610.0,5610.0
2019-03-21 17:00:00,194.52779499999997,194.52779499999997,3799.0,3799.0
2019-03-21 18:00:00,163.39515500000002,163.39515500000002,3191.0,3191.0
2019-03-21 19:00:00,163.34395,163.34394999999998,3190.0,3190.0
2019-03-21 20:00:00,89.76236499999999,89.76236499999999,1753.0,1753.0
2019-03-21 21:00:00,81.671975,81.67197499999999,1595.0,1595.0
2019-03-21 22:00:00,81.82559000000002,81.82559000000002,1598.0,1598.0
2019-03-21 23:00:00,81.77438500000002,81.77438500000002,1597.0,1597.0
2019-03-22 00:00:00,81.87679499999999,81.87679499999999,1599.0,1599.0
2019-03-22 01:00:00,81.82559000000002,81.82559000000002,1598.0,1598.0
2019-03-22 02:00:00,81.62077,81.62077,1594.0,1594.0
2019-03-22 03:00:00,81.87679499999999,81.87679499999999,1599.0,1599.0
2019-03-22 04:00:00,81.82559000000002,81.82559000000002,1598.0,1598.0
2019-03-22 05:00:00,81.51836,81.51836,1592.0,1592.0
2019-03-22 06:00:00,81.72318,81.72318,1596.0,1596.0
2019-03-22 07:00:00,156.943325,156.943325,3065.0,3065.0
2019-03-22 08:00:00,174.40423000000004,174.40423000000004,3406.0,3406.0
2019-03-22 09:00:00,321.82342499999993,321.82342499999993,6285.0,6285.0
2019-03-22 10:00:00,309.58543,309.58543,6046.0,6046.0
2019-03-22 11:00:00,224.07308,224.07308,4376.0,4376.0
2019-03-22 12:00:00,179.93437000000006,179.93437000000006,3514.0,3514.0
2019-03-22 13:00:00,209.01880999999997,209.01880999999997,4082.0,4082.0
2019-03-22 14:00:00,241.79000999999997,241.79000999999997,4722.0,4722.0
2019-03-22 15:00:00,291.56127,291.56127,5694.0,5694.0
2019-03-22 16:00:00,282.702805,282.702805,5521.0,5521.0
2019-03-22 17:00:00,202.15734,202.15734,3948.0,3948.0
2019-03-22 18:00:00,163.44636,163.44636,3192.0,3192.0
2019-03-22 19:00:00,152.74451500000004,152.744515,2983.0,2983.0
2019-03-22 20:00:00,81.87679499999999,81.87679499999999,1599.0,1599.0
2019-03-22 21:00:00,81.262335,81.262335,1587.0,1587.0
2019-03-22 22:00:00,81.77438500000002,81.77438500000002,1597.0,1597.0
2019-03-22 23:00:00,81.569565,81.569565,1593.0,1593.0
2019-03-23 00:00:00,81.92799999999998,81.92799999999998,1600.0,1600.0
2019-03-23 01:00:00,81.62077,81.62077,1594.0,1594.0
2019-03-23 02:00:00,81.72318,81.72318,1596.0,1596.0
2019-03-23 03:00:00,81.62077,81.62077,1594.0,1594.0
2019-03-23 04:00:00,81.77438500000002,81.77438500000002,1597.0,1597.0
2019-03-23 05:00:00,81.77438500000002,81.77438500000002,1597.0,1597.0
2019-03-23 06:00:00,81.72318,81.72318,1596.0,1596.0
2019-03-23 07:00:00,81.77438500000002,81.77438500000002,1597.0,1597.0
2019-03-23 08:00:00,81.82559000000002,81.82559000000002,1598.0,1598.0
2019-03-23 09:00:00,81.87679499999999,81.87679499999999,1599.0,1599.0
2019-03-23 10:00:00,81.82559000000002,81.82559000000002,1598.0,1598.0
2019-03-23 11:00:00,81.72318,81.72318,1596.0,1596.0
2019-03-23 12:00:00,81.671975,81.67197499999999,1595.0,1595.0
2019-03-23 13:00:00,81.77438500000002,81.77438500000002,1597.0,1597.0
2019-03-23 14:00:00,81.72318,81.72318,1596.0,1596.0
2019-03-23 15:00:00,81.92799999999998,81.92799999999998,1600.0,1600.0
2019-03-23 16:00:00,81.82559000000002,81.82559000000002,1598.0,1598.0
2019-03-23 17:00:00,81.82559000000002,81.82559000000002,1598.0,1598.0
2019-03-23 18:00:00,81.77438500000002,81.77438500000002,1597.0,1597.0
2019-03-23 19:00:00,81.62077,81.62077,1594.0,1594.0
2019-03-23 20:00:00,81.77438500000002,81.77438500000002,1597.0,1597.0
2019-03-23 21:00:00,81.72318,81.72318,1596.0,1596.0
2019-03-23 22:00:00,81.62077,81.62077,1594.0,1594.0
2019-03-23 23:00:00,81.51836,81.51836,1592.0,1592.0
2019-03-24 00:00:00,81.82559000000002,81.82559000000002,1598.0,1598.0
2019-03-24 01:00:00,81.62077,81.62077,1594.0,1594.0
2019-03-24 02:00:00,81.87679499999999,81.87679499999999,1599.0,1599.0
2019-03-24 03:00:00,81.77438500000002,81.77438500000002,1597.0,1597.0
2019-03-24 04:00:00,81.671975,81.67197499999999,1595.0,1595.0
2019-03-24 05:00:00,81.72318,81.72318,1596.0,1596.0
2019-03-24 06:00:00,81.77438500000002,81.77438500000002,1597.0,1597.0
2019-03-24 07:00:00,81.51836,81.51836,1592.0,1592.0
2019-03-24 08:00:00,81.82559000000002,81.82559000000002,1598.0,1598.0
2019-03-24 09:00:00,81.87679499999999,81.87679499999999,1599.0,1599.0
2019-03-24 10:00:00,81.62077,81.62077,1594.0,1594.0
2019-03-24 11:00:00,81.82559000000002,81.82559000000002,1598.0,1598.0
2019-03-24 12:00:00,81.87679499999999,81.87679499999999,1599.0,1599.0
2019-03-24 13:00:00,81.87679499999999,81.87679499999999,1599.0,1599.0
2019-03-24 14:00:00,81.77438500000002,81.77438500000002,1597.0,1597.0
2019-03-24 15:00:00,81.62077,81.62077,1594.0,1594.0
2019-03-24 16:00:00,81.87679499999999,81.87679499999999,1599.0,1599.0
2019-03-24 17:00:00,81.82559000000002,81.82559000000002,1598.0,1598.0
2019-03-24 18:00:00,81.82559000000002,81.82559000000002,1598.0,1598.0
2019-03-24 19:00:00,81.51836,81.51836,1592.0,1592.0
2019-03-24 20:00:00,81.72318,81.72318,1596.0,1596.0
2019-03-24 21:00:00,81.87679499999999,81.87679499999999,1599.0,1599.0
2019-03-24 22:00:00,81.467155,81.467155,1591.0,1591.0
2019-03-24 23:00:00,81.92799999999998,81.92799999999998,1600.0,1600.0
2019-03-25 00:00:00,81.77438500000002,81.77438500000002,1597.0,1597.0
2019-03-25 01:00:00,81.72318,81.72318,1596.0,1596.0
2019-03-25 02:00:00,81.82559000000002,81.82559000000002,1598.0,1598.0
2019-03-25 03:00:00,81.87679499999999,81.87679499999999,1599.0,1599.0
2019-03-25 04:00:00,81.671975,81.67197499999999,1595.0,1595.0
2019-03-25 05:00:00,81.364745,81.364745,1589.0,1589.0
2019-03-25 06:00:00,81.72318,81.72318,1596.0,1596.0
2019-03-25 07:00:00,153.973435,153.97343500000002,3007.0,3007.0
2019-03-25 08:00:00,183.00667,183.00667000000004,3574.0,3574.0
2019-03-25 09:00:00,322.84752499999996,322.84752499999996,6305.0,6305.0
2019-03-25 10:00:00,324.99813500000005,324.99813500000005,6347.0,6347.0
2019-03-25 11:00:00,217.82607,217.82607,4254.0,4254.0
2019-03-25 12:00:00,178.14219500000002,178.142195,3479.0,3479.0
2019-03-25 13:00:00,211.27183,211.27183,4126.0,4126.0
2019-03-25 14:00:00,247.26894499999997,247.26894499999997,4829.0,4829.0
2019-03-25 15:00:00,294.582365,294.582365,5753.0,5753.0
2019-03-25 16:00:00,283.31726499999996,283.31726499999996,5533.0,5533.0
2019-03-25 17:00:00,191.30188,191.30188,3736.0,3736.0
2019-03-25 18:00:00,163.65118000000004,163.65118000000004,3196.0,3196.0
2019-03-25 19:00:00,157.30176,157.30176,3072.0,3072.0
2019-03-25 20:00:00,81.92799999999998,81.92799999999998,1600.0,1600.0
2019-03-25 21:00:00,81.62077,81.62077,1594.0,1594.0
2019-03-25 22:00:00,81.92799999999998,81.92799999999998,1600.0,1600.0
2019-03-25 23:00:00,81.41595,81.41595,1590.0,1590.0
2019-03-26 00:00:00,81.77438500000002,81.77438500000002,1597.0,1597.0
2019-03-26 01:00:00,81.92799999999998,81.92799999999998,1600.0,1600.0
2019-03-26 02:00:00,81.92799999999998,81.92799999999998,1600.0,1600.0
2019-03-26 03:00:00,81.92799999999998,81.92799999999998,1600.0,1600.0
2019-03-26 04:00:00,81.467155,81.467155,1591.0,1591.0
2019-03-26 05:00:00,81.82559000000002,81.82559000000002,1598.0,1598.0
2019-03-26 06:00:00,81.92799999999998,81.92799999999998,1600.0,1600.0
2019-03-26 07:00:00,145.370995,145.370995,2839.0,2839.0
2019-03-26 08:00:00,179.11509,179.11509,3498.0,3498.0
2019-03-26 09:00:00,334.77828999999997,334.77828999999997,6538.0,6538.0
2019-03-26 10:00:00,321.36258,321.36258,6276.0,6276.0
2019-03-26 11:00:00,235.90143499999996,235.90143499999996,4607.0,4607.0
2019-03-26 12:00:00,178.96147500000004,178.96147500000004,3495.0,3495.0
2019-03-26 13:00:00,213.78087499999998,213.78087499999998,4175.0,4175.0
2019-03-26 14:00:00,237.33517500000002,237.33517500000002,4635.0,4635.0
2019-03-26 15:00:00,294.582365,294.582365,5753.0,5753.0
2019-03-26 16:00:00,285.00703000000004,285.00703000000004,5566.0,5566.0
2019-03-26 17:00:00,185.31089500000002,185.31089500000002,3619.0,3619.0
2019-03-26 18:00:00,163.190335,163.190335,3187.0,3187.0
2019-03-26 19:00:00,163.497565,163.497565,3193.0,3193.0
2019-03-26 20:00:00,89.09670000000001,89.09670000000001,1740.0,1740.0
2019-03-26 21:00:00,81.569565,81.569565,1593.0,1593.0
2019-03-26 22:00:00,81.87679499999999,81.87679499999999,1599.0,1599.0
2019-03-26 23:00:00,81.92799999999998,81.92799999999998,1600.0,1600.0
2019-03-27 00:00:00,81.82559000000002,81.82559000000002,1598.0,1598.0
2019-03-27 01:00:00,81.51836,81.51836,1592.0,1592.0
2019-03-27 02:00:00,81.87679499999999,81.87679499999999,1599.0,1599.0
2019-03-27 03:00:00,81.87679499999999,81.87679499999999,1599.0,1599.0
2019-03-27 04:00:00,81.671975,81.67197499999999,1595.0,1595.0
2019-03-27 05:00:00,81.671975,81.67197499999999,1595.0,1595.0
2019-03-27 06:00:00,81.82559000000002,81.82559000000002,1598.0,1598.0
2019-03-27 07:00:00,146.292685,146.29268499999998,2857.0,2857.0
2019-03-27 08:00:00,189.35609,189.35609,3698.0,3698.0
2019-03-27 09:00:00,332.52527,332.52527,6494.0,6494.0
2019-03-27 10:00:00,321.004145,321.004145,6269.0,6269.0
2019-03-27 11:00:00,228.16948,228.16948000000002,4456.0,4456.0
2019-03-27 12:00:00,177.83496499999998,177.83496499999998,3473.0,3473.0
2019-03-27 13:00:00,206.56096999999997,206.56096999999997,4034.0,4034.0
2019-03-27 14:00:00,240.30506500000004,240.30506500000004,4693.0,4693.0
2019-03-27 15:00:00,275.79013,275.79013,5386.0,5386.0
2019-03-27 16:00:00,277.275075,277.275075,5415.0,5415.0
2019-03-27 17:00:00,194.47659,194.47659,3798.0,3798.0
2019-03-27 18:00:00,163.702385,163.702385,3197.0,3197.0
2019-03-27 19:00:00,163.13913,163.13913,3186.0,3186.0
2019-03-27 20:00:00,85.25632499999999,85.25632499999999,1665.0,1665.0
2019-03-27 21:00:00,81.671975,81.67197499999999,1595.0,1595.0
2019-03-27 22:00:00,81.72318,81.72318,1596.0,1596.0
2019-03-27 23:00:00,81.92799999999998,81.92799999999998,1600.0,1600.0
2019-03-28 00:00:00,81.671975,81.67197499999999,1595.0,1595.0
2019-03-28 01:00:00,81.87679499999999,81.87679499999999,1599.0,1599.0
2019-03-28 02:00:00,81.77438500000002,81.77438500000002,1597.0,1597.0
2019-03-28 03:00:00,81.72318,81.72318,1596.0,1596.0
2019-03-28 04:00:00,81.77438500000002,81.77438500000002,1597.0,1597.0
2019-03-28 05:00:00,81.87679499999999,81.87679499999999,1599.0,1599.0
2019-03-28 06:00:00,81.72318,81.72318,1596.0,1596.0
2019-03-28 07:00:00,146.95835000000002,146.95835000000002,2870.0,2870.0
2019-03-28 08:00:00,190.73862499999998,190.73862499999998,3725.0,3725.0
2019-03-28 09:00:00,328.480075,328.480075,6415.0,6415.0
2019-03-28 10:00:00,330.88670999999994,330.88670999999994,6462.0,6462.0
2019-03-28 11:00:00,224.02187499999997,224.02187499999997,4375.0,4375.0
2019-03-28 12:00:00,179.780755,179.780755,3511.0,3511.0
2019-03-28 13:00:00,214.804975,214.804975,4195.0,4195.0
2019-03-28 14:00:00,245.01592500000004,245.01592500000007,4785.0,4785.0
2019-03-28 15:00:00,299.0372,299.0372,5840.0,5840.0
2019-03-28 16:00:00,289.359455,289.359455,5651.0,5651.0
2019-03-28 17:00:00,197.44648,197.44648,3856.0,3856.0
2019-03-28 18:00:00,163.80479499999996,163.80479499999996,3199.0,3199.0
2019-03-28 19:00:00,161.85900500000002,161.85900500000002,3161.0,3161.0
2019-03-28 20:00:00,81.467155,81.467155,1591.0,1591.0
2019-03-28 21:00:00,81.92799999999998,81.92799999999998,1600.0,1600.0
2019-03-28 22:00:00,81.364745,81.364745,1589.0,1589.0
2019-03-28 23:00:00,81.51836,81.51836,1592.0,1592.0
2019-03-29 00:00:00,81.77438500000002,81.77438500000002,1597.0,1597.0
2019-03-29 01:00:00,81.569565,81.569565,1593.0,1593.0
2019-03-29 02:00:00,81.92799999999998,81.92799999999998,1600.0,1600.0
2019-03-29 03:00:00,81.72318,81.72318,1596.0,1596.0
2019-03-29 04:00:00,81.569565,81.569565,1593.0,1593.0
2019-03-29 05:00:00,81.87679499999999,81.87679499999999,1599.0,1599.0
2019-03-29 06:00:00,81.92799999999998,81.92799999999998,1600.0,1600.0
2019-03-29 07:00:00,154.12705,154.12705,3010.0,3010.0
2019-03-29 08:00:00,165.18733,165.18733,3226.0,3226.0
2019-03-29 09:00:00,345.58254500000004,345.5825450000001,6749.0,6749.0
2019-03-29 10:00:00,316.29328499999997,316.29328499999997,6177.0,6177.0
2019-03-29 11:00:00,229.29599000000002,229.29599000000002,4478.0,4478.0
2019-03-29 12:00:00,180.70244499999995,180.70244499999995,3529.0,3529.0
2019-03-29 13:00:00,207.99471,207.99471,4062.0,4062.0
2019-03-29 14:00:00,236.5671,236.5671,4620.0,4620.0
2019-03-29 15:00:00,288.84740500000004,288.84740500000004,5641.0,5641.0
2019-03-29 16:00:00,277.275075,277.275075,5415.0,5415.0
2019-03-29 17:00:00,196.166355,196.166355,3831.0,3831.0
2019-03-29 18:00:00,163.24154,163.24154,3188.0,3188.0
2019-03-29 19:00:00,163.75358999999997,163.75358999999997,3198.0,3198.0
2019-03-29 20:00:00,90.32562000000001,90.32562000000001,1764.0,1764.0
2019-03-29 21:00:00,81.569565,81.569565,1593.0,1593.0
2019-03-29 22:00:00,81.77438500000002,81.77438500000002,1597.0,1597.0
2019-03-29 23:00:00,81.671975,81.67197499999999,1595.0,1595.0
2019-03-30 00:00:00,81.77438500000002,81.77438500000002,1597.0,1597.0
2019-03-30 01:00:00,81.87679499999999,81.87679499999999,1599.0,1599.0
2019-03-30 02:00:00,81.77438500000002,81.77438500000002,1597.0,1597.0
2019-03-30 03:00:00,81.62077,81.62077,1594.0,1594.0
2019-03-30 04:00:00,81.87679499999999,81.87679499999999,1599.0,1599.0
2019-03-30 05:00:00,81.467155,81.467155,1591.0,1591.0
2019-03-30 06:00:00,81.82559000000002,81.82559000000002,1598.0,1598.0
2019-03-30 07:00:00,81.62077,81.62077,1594.0,1594.0
2019-03-30 08:00:00,81.62077,81.62077,1594.0,1594.0
2019-03-30 09:00:00,81.92799999999998,81.92799999999998,1600.0,1600.0
2019-03-30 10:00:00,81.82559000000002,81.82559000000002,1598.0,1598.0
2019-03-30 11:00:00,81.92799999999998,81.92799999999998,1600.0,1600.0
2019-03-30 12:00:00,81.77438500000002,81.77438500000002,1597.0,1597.0
2019-03-30 13:00:00,81.671975,81.67197499999999,1595.0,1595.0
2019-03-30 14:00:00,81.51836,81.51836,1592.0,1592.0
2019-03-30 15:00:00,81.31354,81.31354,1588.0,1588.0
2019-03-30 16:00:00,81.82559000000002,81.82559000000002,1598.0,1598.0
2019-03-30 17:00:00,81.87679499999999,81.87679499999999,1599.0,1599.0
2019-03-30 18:00:00,81.671975,81.67197499999999,1595.0,1595.0
2019-03-30 19:00:00,81.77438500000002,81.77438500000002,1597.0,1597.0
2019-03-30 20:00:00,81.87679499999999,81.87679499999999,1599.0,1599.0
2019-03-30 21:00:00,81.671975,81.67197499999999,1595.0,1595.0
2019-03-30 22:00:00,81.72318,81.72318,1596.0,1596.0
2019-03-30 23:00:00,81.82559000000002,81.82559000000002,1598.0,1598.0
2019-03-31 00:00:00,81.671975,81.67197499999999,1595.0,1595.0
2019-03-31 01:00:00,81.82559000000002,81.82559000000002,1598.0,1598.0
2019-03-31 02:00:00,81.51836,81.51836,1592.0,1592.0
2019-03-31 03:00:00,81.92799999999998,81.92799999999998,1600.0,1600.0
2019-03-31 04:00:00,81.569565,81.569565,1593.0,1593.0
2019-03-31 05:00:00,81.62077,81.62077,1594.0,1594.0
2019-03-31 06:00:00,81.92799999999998,81.92799999999998,1600.0,1600.0
2019-03-31 07:00:00,81.92799999999998,81.92799999999998,1600.0,1600.0
2019-03-31 08:00:00,81.92799999999998,81.92799999999998,1600.0,1600.0
2019-03-31 09:00:00,81.87679499999999,81.87679499999999,1599.0,1599.0
2019-03-31 10:00:00,81.82559000000002,81.82559000000002,1598.0,1598.0
2019-03-31 11:00:00,81.77438500000002,81.77438500000002,1597.0,1597.0
2019-03-31 12:00:00,81.92799999999998,81.92799999999998,1600.0,1600.0
2019-03-31 13:00:00,81.569565,81.569565,1593.0,1593.0
2019-03-31 14:00:00,81.77438500000002,81.77438500000002,1597.0,1597.0
2019-03-31 15:00:00,81.62077,81.62077,1594.0,1594.0
2019-03-31 16:00:00,81.62077,81.62077,1594.0,1594.0
2019-03-31 17:00:00,81.467155,81.467155,1591.0,1591.0
2019-03-31 18:00:00,81.51836,81.51836,1592.0,1592.0
2019-03-31 19:00:00,81.569565,81.569565,1593.0,1593.0
2019-03-31 20:00:00,81.77438500000002,81.77438500000002,1597.0,1597.0
2019-03-31 21:00:00,81.82559000000002,81.82559000000002,1598.0,1598.0
2019-03-31 22:00:00,81.72318,81.72318,1596.0,1596.0
2019-03-31 23:00:00,81.467155,81.467155,1591.0,1591.0
2019-04-01 00:00:00,81.72318,81.72318,1596.0,1596.0
2019-04-01 01:00:00,81.671975,81.67197499999999,1595.0,1595.0
2019-04-01 02:00:00,81.77438500000002,81.77438500000002,1597.0,1597.0
2019-04-01 03:00:00,81.72318,81.72318,1596.0,1596.0
2019-04-01 04:00:00,81.92799999999998,81.92799999999998,1600.0,1600.0
2019-04-01 05:00:00,81.77438500000002,81.77438500000002,1597.0,1597.0
2019-04-01 06:00:00,81.92799999999998,81.92799999999998,1600.0,1600.0
2019-04-01 07:00:00,155.97042999999996,155.97042999999996,3046.0,3046.0
2019-04-01 08:00:00,189.66331999999997,189.66331999999997,3704.0,3704.0
2019-04-01 09:00:00,305.23300500000005,305.23300500000005,5961.0,5961.0
2019-04-01 10:00:00,312.24809,312.24809000000005,6098.0,6098.0
2019-04-01 11:00:00,229.80804,229.80804,4488.0,4488.0
2019-04-01 12:00:00,181.26569999999995,181.26569999999995,3540.0,3540.0
2019-04-01 13:00:00,208.91639999999995,208.91639999999995,4080.0,4080.0
2019-04-01 14:00:00,244.40146500000003,244.40146500000003,4773.0,4773.0
2019-04-01 15:00:00,285.672695,285.672695,5579.0,5579.0
2019-04-01 16:00:00,287.66969,287.66969,5618.0,5618.0
2019-04-01 17:00:00,200.672395,200.672395,3919.0,3919.0
2019-04-01 18:00:00,163.75358999999997,163.75358999999997,3198.0,3198.0
2019-04-01 19:00:00,155.56079,155.56079,3038.0,3038.0
2019-04-01 20:00:00,81.87679499999999,81.87679499999999,1599.0,1599.0
2019-04-01 21:00:00,81.92799999999998,81.92799999999998,1600.0,1600.0
2019-04-01 22:00:00,81.51836,81.51836,1592.0,1592.0
2019-04-01 23:00:00,81.31354,81.31354,1588.0,1588.0
2019-04-02 00:00:00,81.77438500000002,81.77438500000002,1597.0,1597.0
2019-04-02 01:00:00,81.87679499999999,81.87679499999999,1599.0,1599.0
2019-04-02 02:00:00,81.82559000000002,81.82559000000002,1598.0,1598.0
2019-04-02 03:00:00,81.77438500000002,81.77438500000002,1597.0,1597.0
2019-04-02 04:00:00,81.671975,81.67197499999999,1595.0,1595.0
2019-04-02 05:00:00,81.77438500000002,81.77438500000002,1597.0,1597.0
2019-04-02 06:00:00,81.671975,81.67197499999999,1595.0,1595.0
2019-04-02 07:00:00,143.27159,143.27159,2798.0,2798.0
2019-04-02 08:00:00,172.66325999999998,172.66325999999998,3372.0,3372.0
2019-04-02 09:00:00,304.77216000000004,304.77216000000004,5952.0,5952.0
2019-04-02 10:00:00,317.88064,317.88064,6208.0,6208.0
2019-04-02 11:00:00,228.83514499999998,228.83514499999995,4469.0,4469.0
2019-04-02 12:00:00,175.22350999999995,175.22350999999995,3422.0,3422.0
2019-04-02 13:00:00,216.80197,216.80197,4234.0,4234.0
2019-04-02 14:00:00,241.84121500000003,241.841215,4723.0,4723.0
2019-04-02 15:00:00,292.124525,292.124525,5705.0,5705.0
2019-04-02 16:00:00,293.09742000000006,293.09742000000006,5724.0,5724.0
2019-04-02 17:00:00,200.31396000000004,200.31396000000004,3912.0,3912.0
2019-04-02 18:00:00,163.44636000000003,163.44636000000003,3192.0,3192.0
2019-04-02 19:00:00,154.17825499999998,154.17825499999998,3011.0,3011.0
2019-04-02 20:00:00,81.92799999999998,81.92799999999998,1600.0,1600.0
2019-04-02 21:00:00,81.77438500000002,81.77438500000002,1597.0,1597.0
2019-04-02 22:00:00,81.77438500000002,81.77438500000002,1597.0,1597.0
2019-04-02 23:00:00,81.92799999999998,81.92799999999998,1600.0,1600.0
2019-04-03 00:00:00,81.62077,81.62077,1594.0,1594.0
2019-04-03 01:00:00,81.51836,81.51836,1592.0,1592.0
2019-04-03 02:00:00,81.51836,81.51836,1592.0,1592.0
2019-04-03 03:00:00,81.92799999999998,81.92799999999998,1600.0,1600.0
2019-04-03 04:00:00,81.62077,81.62077,1594.0,1594.0
2019-04-03 05:00:00,81.77438500000002,81.77438500000002,1597.0,1597.0
2019-04-03 06:00:00,81.87679499999999,81.87679499999999,1599.0,1599.0
2019-04-03 07:00:00,157.40417000000005,157.40417000000005,3074.0,3074.0
2019-04-03 08:00:00,170.461445,170.46144500000003,3329.0,3329.0
2019-04-03 09:00:00,317.77823,317.77823,6206.0,6206.0
2019-04-03 10:00:00,329.913815,329.913815,6443.0,6443.0
2019-04-03 11:00:00,223.612235,223.612235,4367.0,4367.0
2019-04-03 12:00:00,186.07897,186.07897,3634.0,3634.0
2019-04-03 13:00:00,222.22969999999995,222.22969999999995,4340.0,4340.0
2019-04-03 14:00:00,236.05505,236.05505,4610.0,4610.0
2019-04-03 15:00:00,289.564275,289.564275,5655.0,5655.0
2019-04-03 16:00:00,284.59739,284.59739,5558.0,5558.0
2019-04-03 17:00:00,199.08503999999996,199.08503999999996,3888.0,3888.0
2019-04-03 18:00:00,162.98551500000002,162.98551500000002,3183.0,3183.0
2019-04-03 19:00:00,156.431275,156.431275,3055.0,3055.0
2019-04-03 20:00:00,81.92799999999998,81.92799999999998,1600.0,1600.0
2019-04-03 21:00:00,81.467155,81.467155,1591.0,1591.0
2019-04-03 22:00:00,81.92799999999998,81.92799999999998,1600.0,1600.0
2019-04-03 23:00:00,81.62077,81.62077,1594.0,1594.0
2019-04-04 00:00:00,81.92799999999998,81.92799999999998,1600.0,1600.0
2019-04-04 01:00:00,81.72318,81.72318,1596.0,1596.0
2019-04-04 02:00:00,81.72318,81.72318,1596.0,1596.0
2019-04-04 03:00:00,81.31354,81.31354,1588.0,1588.0
2019-04-04 04:00:00,81.92799999999998,81.92799999999998,1600.0,1600.0
2019-04-04 05:00:00,81.569565,81.569565,1593.0,1593.0
2019-04-04 06:00:00,81.82559000000002,81.82559000000002,1598.0,1598.0
2019-04-04 07:00:00,145.62702,145.62702,2844.0,2844.0
2019-04-04 08:00:00,185.87415000000001,185.87415000000001,3630.0,3630.0
2019-04-04 09:00:00,321.208965,321.208965,6273.0,6273.0
2019-04-04 10:00:00,327.04633500000006,327.046335,6387.0,6387.0
2019-04-04 11:00:00,227.81104499999998,227.81104499999995,4449.0,4449.0
2019-04-04 12:00:00,179.57593500000002,179.57593500000002,3507.0,3507.0
2019-04-04 13:00:00,209.32603999999998,209.32603999999998,4088.0,4088.0
2019-04-04 14:00:00,243.63339,243.63339000000002,4758.0,4758.0
2019-04-04 15:00:00,289.51307,289.51307,5654.0,5654.0
2019-04-04 16:00:00,282.95883,282.95883,5526.0,5526.0
2019-04-04 17:00:00,198.112145,198.112145,3869.0,3869.0
2019-04-04 18:00:00,163.497565,163.497565,3193.0,3193.0
2019-04-04 19:00:00,122.78959,122.78959,2398.0,2398.0
2019-04-04 20:00:00,81.31354,81.31354,1588.0,1588.0
2019-04-04 21:00:00,81.82559000000002,81.82559000000002,1598.0,1598.0
2019-04-04 22:00:00,81.82559000000002,81.82559000000002,1598.0,1598.0
2019-04-04 23:00:00,81.77438500000002,81.77438500000002,1597.0,1597.0
2019-04-05 00:00:00,81.671975,81.67197499999999,1595.0,1595.0
2019-04-05 01:00:00,81.92799999999998,81.92799999999998,1600.0,1600.0
2019-04-05 02:00:00,81.87679499999999,81.87679499999999,1599.0,1599.0
2019-04-05 03:00:00,81.87679499999999,81.87679499999999,1599.0,1599.0
2019-04-05 04:00:00,81.72318,81.72318,1596.0,1596.0
2019-04-05 05:00:00,81.364745,81.364745,1589.0,1589.0
2019-04-05 06:00:00,81.92799999999998,81.92799999999998,1600.0,1600.0
2019-04-05 07:00:00,150.13306,150.13305999999997,2932.0,2932.0
2019-04-05 08:00:00,176.503635,176.503635,3447.0,3447.0
2019-04-05 09:00:00,317.214975,317.214975,6195.0,6195.0
2019-04-05 10:00:00,317.317385,317.31738499999994,6197.0,6197.0
2019-04-05 11:00:00,228.57912,228.57912,4464.0,4464.0
2019-04-05 12:00:00,179.063885,179.063885,3497.0,3497.0
2019-04-05 13:00:00,205.89530499999998,205.89530499999998,4021.0,4021.0
2019-04-05 14:00:00,235.44058999999996,235.44058999999996,4598.0,4598.0
2019-04-05 15:00:00,296.47695,296.47695,5790.0,5790.0
2019-04-05 16:00:00,287.46486999999996,287.46486999999996,5614.0,5614.0
2019-04-05 17:00:00,197.34407000000002,197.34407,3854.0,3854.0
2019-04-05 18:00:00,163.34395,163.34394999999998,3190.0,3190.0
2019-04-05 19:00:00,133.59384500000002,133.59384500000002,2609.0,2609.0
2019-04-05 20:00:00,81.62077,81.62077,1594.0,1594.0
2019-04-05 21:00:00,81.77438500000002,81.77438500000002,1597.0,1597.0
2019-04-05 22:00:00,81.82559000000002,81.82559000000002,1598.0,1598.0
2019-04-05 23:00:00,81.82559000000002,81.82559000000002,1598.0,1598.0
2019-04-06 00:00:00,81.62077,81.62077,1594.0,1594.0
2019-04-06 01:00:00,81.87679499999999,81.87679499999999,1599.0,1599.0
2019-04-06 02:00:00,81.51836,81.51836,1592.0,1592.0
2019-04-06 03:00:00,81.41595,81.41595,1590.0,1590.0
2019-04-06 04:00:00,81.671975,81.67197499999999,1595.0,1595.0
2019-04-06 05:00:00,81.77438500000002,81.77438500000002,1597.0,1597.0
2019-04-06 06:00:00,81.82559000000002,81.82559000000002,1598.0,1598.0
2019-04-06 07:00:00,81.87679499999999,81.87679499999999,1599.0,1599.0
2019-04-06 08:00:00,81.82559000000002,81.82559000000002,1598.0,1598.0
2019-04-06 09:00:00,81.77438500000002,81.77438500000002,1597.0,1597.0
2019-04-06 10:00:00,81.87679499999999,81.87679499999999,1599.0,1599.0
2019-04-06 11:00:00,81.671975,81.67197499999999,1595.0,1595.0
2019-04-06 12:00:00,81.77438500000002,81.77438500000002,1597.0,1597.0
2019-04-06 13:00:00,81.87679499999999,81.87679499999999,1599.0,1599.0
2019-04-06 14:00:00,81.671975,81.67197499999999,1595.0,1595.0
2019-04-06 15:00:00,81.87679499999999,81.87679499999999,1599.0,1599.0
2019-04-06 16:00:00,81.82559000000002,81.82559000000002,1598.0,1598.0
2019-04-06 17:00:00,81.92799999999998,81.92799999999998,1600.0,1600.0
2019-04-06 18:00:00,81.87679499999999,81.87679499999999,1599.0,1599.0
2019-04-06 19:00:00,81.467155,81.467155,1591.0,1591.0
2019-04-06 20:00:00,81.87679499999999,81.87679499999999,1599.0,1599.0
2019-04-06 21:00:00,81.77438500000002,81.77438500000002,1597.0,1597.0
2019-04-06 22:00:00,81.92799999999998,81.92799999999998,1600.0,1600.0
2019-04-06 23:00:00,81.467155,81.467155,1591.0,1591.0
2019-04-07 00:00:00,81.671975,81.67197499999999,1595.0,1595.0
2019-04-07 01:00:00,81.77438500000002,81.77438500000002,1597.0,1597.0
2019-04-07 02:00:00,81.569565,81.569565,1593.0,1593.0
2019-04-07 03:00:00,81.82559000000002,81.82559000000002,1598.0,1598.0
2019-04-07 04:00:00,81.77438500000002,81.77438500000002,1597.0,1597.0
2019-04-07 05:00:00,81.569565,81.569565,1593.0,1593.0
2019-04-07 06:00:00,81.87679499999999,81.87679499999999,1599.0,1599.0
2019-04-07 07:00:00,81.72318,81.72318,1596.0,1596.0
2019-04-07 08:00:00,81.671975,81.67197499999999,1595.0,1595.0
2019-04-07 09:00:00,81.62077,81.62077,1594.0,1594.0
2019-04-07 10:00:00,81.569565,81.569565,1593.0,1593.0
2019-04-07 11:00:00,81.77438500000002,81.77438500000002,1597.0,1597.0
2019-04-07 12:00:00,81.77438500000002,81.77438500000002,1597.0,1597.0
2019-04-07 13:00:00,81.82559000000002,81.82559000000002,1598.0,1598.0
2019-04-07 14:00:00,81.82559000000002,81.82559000000002,1598.0,1598.0
2019-04-07 15:00:00,81.671975,81.67197499999999,1595.0,1595.0
2019-04-07 16:00:00,81.87679499999999,81.87679499999999,1599.0,1599.0
2019-04-07 17:00:00,81.72318,81.72318,1596.0,1596.0
2019-04-07 18:00:00,81.87679499999999,81.87679499999999,1599.0,1599.0
2019-04-07 19:00:00,81.87679499999999,81.87679499999999,1599.0,1599.0
2019-04-07 20:00:00,81.72318,81.72318,1596.0,1596.0
2019-04-07 21:00:00,81.82559000000002,81.82559000000002,1598.0,1598.0
2019-04-07 22:00:00,81.82559000000002,81.82559000000002,1598.0,1598.0
2019-04-07 23:00:00,81.77438500000002,81.77438500000002,1597.0,1597.0
2019-04-08 00:00:00,81.92799999999998,81.92799999999998,1600.0,1600.0
2019-04-08 01:00:00,81.72318,81.72318,1596.0,1596.0
2019-04-08 02:00:00,81.51836,81.51836,1592.0,1592.0
2019-04-08 03:00:00,81.72318,81.72318,1596.0,1596.0
2019-04-08 04:00:00,81.92799999999998,81.92799999999998,1600.0,1600.0
2019-04-08 05:00:00,81.72318,81.72318,1596.0,1596.0
2019-04-08 06:00:00,81.82559000000002,81.82559000000002,1598.0,1598.0
2019-04-08 07:00:00,142.913155,142.913155,2791.0,2791.0
2019-04-08 08:00:00,181.57292999999996,181.57292999999996,3546.0,3546.0
2019-04-08 09:00:00,317.82943500000005,317.82943500000005,6207.0,6207.0
2019-04-08 10:00:00,312.70893500000005,312.70893500000005,6107.0,6107.0
2019-04-08 11:00:00,219.823065,219.82306500000004,4293.0,4293.0
2019-04-08 12:00:00,177.06688999999997,177.06688999999997,3458.0,3458.0
2019-04-08 13:00:00,205.94651000000005,205.94651000000007,4022.0,4022.0
2019-04-08 14:00:00,238.973735,238.973735,4667.0,4667.0
2019-04-08 15:00:00,299.498045,299.498045,5849.0,5849.0
2019-04-08 16:00:00,277.684715,277.684715,5423.0,5423.0
2019-04-08 17:00:00,191.14826499999998,191.14826499999998,3733.0,3733.0
2019-04-08 18:00:00,163.44636,163.44636,3192.0,3192.0
2019-04-08 19:00:00,163.39515500000002,163.39515500000002,3191.0,3191.0
2019-04-08 20:00:00,104.406995,104.406995,2039.0,2039.0
2019-04-08 21:00:00,81.87679499999999,81.87679499999999,1599.0,1599.0
2019-04-08 22:00:00,81.92799999999998,81.92799999999998,1600.0,1600.0
2019-04-08 23:00:00,81.72318,81.72318,1596.0,1596.0
2019-04-09 00:00:00,81.364745,81.364745,1589.0,1589.0
2019-04-09 01:00:00,81.87679499999999,81.87679499999999,1599.0,1599.0
2019-04-09 02:00:00,81.92799999999998,81.92799999999998,1600.0,1600.0
2019-04-09 03:00:00,81.569565,81.569565,1593.0,1593.0
2019-04-09 04:00:00,81.82559000000002,81.82559000000002,1598.0,1598.0
2019-04-09 05:00:00,81.51836,81.51836,1592.0,1592.0
2019-04-09 06:00:00,81.92799999999998,81.92799999999998,1600.0,1600.0
2019-04-09 07:00:00,144.858945,144.858945,2829.0,2829.0
2019-04-09 08:00:00,183.36510499999997,183.36510499999997,3581.0,3581.0
2019-04-09 09:00:00,316.24207999999993,316.24207999999993,6176.0,6176.0
2019-04-09 10:00:00,317.31738500000006,317.31738500000006,6197.0,6197.0
2019-04-09 11:00:00,222.02488,222.02488,4336.0,4336.0
2019-04-09 12:00:00,175.63314999999997,175.63314999999997,3430.0,3430.0
2019-04-09 13:00:00,213.42244000000002,213.42244000000002,4168.0,4168.0
2019-04-09 14:00:00,236.00384499999998,236.00384499999998,4609.0,4609.0
2019-04-09 15:00:00,290.84439999999995,290.84439999999995,5680.0,5680.0
2019-04-09 16:00:00,281.11545,281.11545,5490.0,5490.0
2019-04-09 17:00:00,193.09405499999997,193.09405499999997,3771.0,3771.0
2019-04-09 18:00:00,163.702385,163.702385,3197.0,3197.0
2019-04-09 19:00:00,145.31978999999998,145.31978999999998,2838.0,2838.0
2019-04-09 20:00:00,81.72318,81.72318,1596.0,1596.0
2019-04-09 21:00:00,81.92799999999998,81.92799999999998,1600.0,1600.0
2019-04-09 22:00:00,81.92799999999998,81.92799999999998,1600.0,1600.0
2019-04-09 23:00:00,81.72318,81.72318,1596.0,1596.0
2019-04-10 00:00:00,81.671975,81.67197499999999,1595.0,1595.0
2019-04-10 01:00:00,81.51836,81.51836,1592.0,1592.0
2019-04-10 02:00:00,81.62077,81.62077,1594.0,1594.0
2019-04-10 03:00:00,81.72318,81.72318,1596.0,1596.0
2019-04-10 04:00:00,81.92799999999998,81.92799999999998,1600.0,1600.0
2019-04-10 05:00:00,81.87679499999999,81.87679499999999,1599.0,1599.0
2019-04-10 06:00:00,81.77438500000002,81.77438500000002,1597.0,1597.0
2019-04-10 07:00:00,141.42820999999998,141.42820999999998,2762.0,2762.0
2019-04-10 08:00:00,187.81994,187.81994,3668.0,3668.0
2019-04-10 09:00:00,311.63363,311.63363,6086.0,6086.0
2019-04-10 10:00:00,309.2782,309.2782,6040.0,6040.0
2019-04-10 11:00:00,224.99477,224.99476999999996,4394.0,4394.0
2019-04-10 12:00:00,178.19339999999997,178.19339999999997,3480.0,3480.0
2019-04-10 13:00:00,205.22964,205.22964,4008.0,4008.0
2019-04-10 14:00:00,238.51289000000003,238.51289000000003,4658.0,4658.0
2019-04-10 15:00:00,282.44678,282.44678,5516.0,5516.0
2019-04-10 16:00:00,290.48596499999996,290.48596499999996,5673.0,5673.0
2019-04-10 17:00:00,195.80792000000002,195.80792000000002,3824.0,3824.0
2019-04-10 18:00:00,163.65118,163.65118,3196.0,3196.0
2019-04-10 19:00:00,114.90402000000002,114.90402000000002,2244.0,2244.0
2019-04-10 20:00:00,81.92799999999998,81.92799999999998,1600.0,1600.0
2019-04-10 21:00:00,81.41595,81.41595,1590.0,1590.0
2019-04-10 22:00:00,81.671975,81.67197499999999,1595.0,1595.0
2019-04-10 23:00:00,81.62077,81.62077,1594.0,1594.0
2019-04-11 00:00:00,81.72318,81.72318,1596.0,1596.0
2019-04-11 01:00:00,81.82559000000002,81.82559000000002,1598.0,1598.0
2019-04-11 02:00:00,81.92799999999998,81.92799999999998,1600.0,1600.0
2019-04-11 03:00:00,81.77438500000002,81.77438500000002,1597.0,1597.0
2019-04-11 04:00:00,81.467155,81.467155,1591.0,1591.0
2019-04-11 05:00:00,81.364745,81.364745,1589.0,1589.0
2019-04-11 06:00:00,81.82559000000002,81.82559000000002,1598.0,1598.0
2019-04-11 07:00:00,140.71134,140.71134,2748.0,2748.0
2019-04-11 08:00:00,181.52172500000003,181.52172500000003,3545.0,3545.0
2019-04-11 09:00:00,314.65472500000004,314.65472500000004,6145.0,6145.0
2019-04-11 10:00:00,311.3776050000001,311.3776050000001,6081.0,6081.0
2019-04-11 11:00:00,223.25379999999998,223.25379999999998,4360.0,4360.0
2019-04-11 12:00:00,176.60604499999997,176.60604499999997,3449.0,3449.0
2019-04-11 13:00:00,212.91038999999998,212.91038999999995,4158.0,4158.0
2019-04-11 14:00:00,240.10024500000003,240.10024500000003,4689.0,4689.0
2019-04-11 15:00:00,291.86850000000004,291.86850000000004,5700.0,5700.0
2019-04-11 16:00:00,294.12152,294.12152,5744.0,5744.0
2019-04-11 17:00:00,194.98864,194.98864,3808.0,3808.0
2019-04-11 18:00:00,163.75359,163.75359,3198.0,3198.0
2019-04-11 19:00:00,122.73838499999998,122.73838499999998,2397.0,2397.0
2019-04-11 20:00:00,81.77438500000002,81.77438500000002,1597.0,1597.0
2019-04-11 21:00:00,81.72318,81.72318,1596.0,1596.0
2019-04-11 22:00:00,81.72318,81.72318,1596.0,1596.0
2019-04-11 23:00:00,81.41595,81.41595,1590.0,1590.0
2019-04-12 00:00:00,81.87679499999999,81.87679499999999,1599.0,1599.0
2019-04-12 01:00:00,81.62077,81.62077,1594.0,1594.0
2019-04-12 02:00:00,81.82559000000002,81.82559000000002,1598.0,1598.0
2019-04-12 03:00:00,81.569565,81.569565,1593.0,1593.0
2019-04-12 04:00:00,81.51836,81.51836,1592.0,1592.0
2019-04-12 05:00:00,81.77438500000002,81.77438500000002,1597.0,1597.0
2019-04-12 06:00:00,81.72318,81.72318,1596.0,1596.0
2019-04-12 07:00:00,150.64511,150.64511,2942.0,2942.0
2019-04-12 08:00:00,173.738565,173.73856500000002,3393.0,3393.0
2019-04-12 09:00:00,311.787245,311.787245,6089.0,6089.0
2019-04-12 10:00:00,301.54624500000006,301.5462450000001,5889.0,5889.0
2019-04-12 11:00:00,224.48271999999997,224.48271999999997,4384.0,4384.0
2019-04-12 12:00:00,181.36811,181.36811,3542.0,3542.0
2019-04-12 13:00:00,206.50976500000004,206.50976500000007,4033.0,4033.0
2019-04-12 14:00:00,239.79301500000003,239.79301500000003,4683.0,4683.0
2019-04-12 15:00:00,288.028125,288.028125,5625.0,5625.0
2019-04-12 16:00:00,289.973915,289.973915,5663.0,5663.0
2019-04-12 17:00:00,188.89524500000002,188.89524500000002,3689.0,3689.0
2019-04-12 18:00:00,163.13913000000002,163.13913000000002,3186.0,3186.0
2019-04-12 19:00:00,163.54877000000002,163.54877000000002,3194.0,3194.0
2019-04-12 20:00:00,93.55153499999999,93.55153499999999,1827.0,1827.0
2019-04-12 21:00:00,81.51836,81.51836,1592.0,1592.0
2019-04-12 22:00:00,81.41595,81.41595,1590.0,1590.0
2019-04-12 23:00:00,81.51836,81.51836,1592.0,1592.0
2019-04-13 00:00:00,81.72318,81.72318,1596.0,1596.0
2019-04-13 01:00:00,81.82559000000002,81.82559000000002,1598.0,1598.0
2019-04-13 02:00:00,81.87679499999999,81.87679499999999,1599.0,1599.0
2019-04-13 03:00:00,81.72318,81.72318,1596.0,1596.0
2019-04-13 04:00:00,81.31354,81.31354,1588.0,1588.0
2019-04-13 05:00:00,81.72318,81.72318,1596.0,1596.0
2019-04-13 06:00:00,81.671975,81.67197499999999,1595.0,1595.0
2019-04-13 07:00:00,81.62077,81.62077,1594.0,1594.0
2019-04-13 08:00:00,81.87679499999999,81.87679499999999,1599.0,1599.0
2019-04-13 09:00:00,81.671975,81.67197499999999,1595.0,1595.0
2019-04-13 10:00:00,81.51836,81.51836,1592.0,1592.0
2019-04-13 11:00:00,81.82559000000002,81.82559000000002,1598.0,1598.0
2019-04-13 12:00:00,81.92799999999998,81.92799999999998,1600.0,1600.0
2019-04-13 13:00:00,81.82559000000002,81.82559000000002,1598.0,1598.0
2019-04-13 14:00:00,81.92799999999998,81.92799999999998,1600.0,1600.0
2019-04-13 15:00:00,81.72318,81.72318,1596.0,1596.0
2019-04-13 16:00:00,81.82559000000002,81.82559000000002,1598.0,1598.0
2019-04-13 17:00:00,81.72318,81.72318,1596.0,1596.0
2019-04-13 18:00:00,81.82559000000002,81.82559000000002,1598.0,1598.0
2019-04-13 19:00:00,81.72318,81.72318,1596.0,1596.0
2019-04-13 20:00:00,81.87679499999999,81.87679499999999,1599.0,1599.0
2019-04-13 21:00:00,81.82559000000002,81.82559000000002,1598.0,1598.0
2019-04-13 22:00:00,81.569565,81.569565,1593.0,1593.0
2019-04-13 23:00:00,81.72318,81.72318,1596.0,1596.0
2019-04-14 00:00:00,81.72318,81.72318,1596.0,1596.0
2019-04-14 01:00:00,81.92799999999998,81.92799999999998,1600.0,1600.0
2019-04-14 02:00:00,81.62077,81.62077,1594.0,1594.0
2019-04-14 03:00:00,81.82559000000002,81.82559000000002,1598.0,1598.0
2019-04-14 04:00:00,81.92799999999998,81.92799999999998,1600.0,1600.0
2019-04-14 05:00:00,81.671975,81.67197499999999,1595.0,1595.0
2019-04-14 06:00:00,81.92799999999998,81.92799999999998,1600.0,1600.0
2019-04-14 07:00:00,81.72318,81.72318,1596.0,1596.0
2019-04-14 08:00:00,81.92799999999998,81.92799999999998,1600.0,1600.0
2019-04-14 09:00:00,81.92799999999998,81.92799999999998,1600.0,1600.0
2019-04-14 10:00:00,81.51836,81.51836,1592.0,1592.0
2019-04-14 11:00:00,81.82559000000002,81.82559000000002,1598.0,1598.0
2019-04-14 12:00:00,81.82559000000002,81.82559000000002,1598.0,1598.0
2019-04-14 13:00:00,81.82559000000002,81.82559000000002,1598.0,1598.0
2019-04-14 14:00:00,81.92799999999998,81.92799999999998,1600.0,1600.0
2019-04-14 15:00:00,81.92799999999998,81.92799999999998,1600.0,1600.0
2019-04-14 16:00:00,81.87679499999999,81.87679499999999,1599.0,1599.0
2019-04-14 17:00:00,81.77438500000002,81.77438500000002,1597.0,1597.0
2019-04-14 18:00:00,81.82559000000002,81.82559000000002,1598.0,1598.0
2019-04-14 19:00:00,81.82559000000002,81.82559000000002,1598.0,1598.0
2019-04-14 20:00:00,81.467155,81.467155,1591.0,1591.0
2019-04-14 21:00:00,81.671975,81.67197499999999,1595.0,1595.0
2019-04-14 22:00:00,81.569565,81.569565,1593.0,1593.0
2019-04-14 23:00:00,81.87679499999999,81.87679499999999,1599.0,1599.0
2019-04-15 00:00:00,81.41595,81.41595,1590.0,1590.0
2019-04-15 01:00:00,81.87679499999999,81.87679499999999,1599.0,1599.0
2019-04-15 02:00:00,81.671975,81.67197499999999,1595.0,1595.0
2019-04-15 03:00:00,81.87679499999999,81.87679499999999,1599.0,1599.0
2019-04-15 04:00:00,81.87679499999999,81.87679499999999,1599.0,1599.0
2019-04-15 05:00:00,81.467155,81.467155,1591.0,1591.0
2019-04-15 06:00:00,81.92799999999998,81.92799999999998,1600.0,1600.0
2019-04-15 07:00:00,137.58783499999998,137.58783499999998,2687.0,2687.0
2019-04-15 08:00:00,182.49462,182.49462,3564.0,3564.0
2019-04-15 09:00:00,323.41078,323.41078,6316.0,6316.0
2019-04-15 10:00:00,320.44088999999997,320.44088999999997,6258.0,6258.0
2019-04-15 11:00:00,223.97066999999996,223.97066999999998,4374.0,4374.0
2019-04-15 12:00:00,182.13618499999998,182.13618499999998,3557.0,3557.0
2019-04-15 13:00:00,210.45254999999997,210.45254999999997,4110.0,4110.0
2019-04-15 14:00:00,238.66650500000003,238.66650500000003,4661.0,4661.0
2019-04-15 15:00:00,283.77810999999997,283.77810999999997,5542.0,5542.0
2019-04-15 16:00:00,285.877515,285.877515,5583.0,5583.0
2019-04-15 17:00:00,199.44347499999998,199.44347499999998,3895.0,3895.0
2019-04-15 18:00:00,163.80479499999996,163.80479499999996,3199.0,3199.0
2019-04-15 19:00:00,153.05174500000004,153.05174500000004,2989.0,2989.0
2019-04-15 20:00:00,81.72318,81.72318,1596.0,1596.0
2019-04-15 21:00:00,81.72318,81.72318,1596.0,1596.0
2019-04-15 22:00:00,81.569565,81.569565,1593.0,1593.0
2019-04-15 23:00:00,81.72318,81.72318,1596.0,1596.0
2019-04-16 00:00:00,81.77438500000002,81.77438500000002,1597.0,1597.0
2019-04-16 01:00:00,81.82559000000002,81.82559000000002,1598.0,1598.0
2019-04-16 02:00:00,81.72318,81.72318,1596.0,1596.0
2019-04-16 03:00:00,81.82559000000002,81.82559000000002,1598.0,1598.0
2019-04-16 04:00:00,81.671975,81.67197499999999,1595.0,1595.0
2019-04-16 05:00:00,81.467155,81.467155,1591.0,1591.0
2019-04-16 06:00:00,81.77438500000002,81.77438500000002,1597.0,1597.0
2019-04-16 07:00:00,140.25049499999997,140.25049499999997,2739.0,2739.0
2019-04-16 08:00:00,173.07290000000003,173.0729,3380.0,3380.0
2019-04-16 09:00:00,306.61554,306.61554,5988.0,5988.0
2019-04-16 10:00:00,311.58242500000006,311.58242500000006,6085.0,6085.0
2019-04-16 11:00:00,219.15739999999997,219.15739999999997,4280.0,4280.0
2019-04-16 12:00:00,181.93136500000003,181.93136500000003,3553.0,3553.0
2019-04-16 13:00:00,205.076025,205.076025,4005.0,4005.0
2019-04-16 14:00:00,235.23577,235.23577,4594.0,4594.0
2019-04-16 15:00:00,292.22693499999997,292.2269349999999,5707.0,5707.0
2019-04-16 16:00:00,281.883525,281.883525,5505.0,5505.0
2019-04-16 17:00:00,194.579,194.579,3800.0,3800.0
2019-04-16 18:00:00,163.54877000000002,163.54877000000002,3194.0,3194.0
2019-04-16 19:00:00,112.85582,112.85582,2204.0,2204.0
2019-04-16 20:00:00,81.87679499999999,81.87679499999999,1599.0,1599.0
2019-04-16 21:00:00,81.87679499999999,81.87679499999999,1599.0,1599.0
2019-04-16 22:00:00,81.92799999999998,81.92799999999998,1600.0,1600.0
2019-04-16 23:00:00,81.82559000000002,81.82559000000002,1598.0,1598.0
2019-04-17 00:00:00,81.364745,81.364745,1589.0,1589.0
2019-04-17 01:00:00,81.51836,81.51836,1592.0,1592.0
2019-04-17 02:00:00,81.82559000000002,81.82559000000002,1598.0,1598.0
2019-04-17 03:00:00,81.72318,81.72318,1596.0,1596.0
2019-04-17 04:00:00,81.72318,81.72318,1596.0,1596.0
2019-04-17 05:00:00,81.62077,81.62077,1594.0,1594.0
2019-04-17 06:00:00,81.77438500000002,81.77438500000002,1597.0,1597.0
2019-04-17 07:00:00,149.672215,149.672215,2923.0,2923.0
2019-04-17 08:00:00,181.88016,181.88016,3552.0,3552.0
2019-04-17 09:00:00,316.13967,316.13967,6174.0,6174.0
2019-04-17 10:00:00,312.04326999999995,312.04326999999995,6094.0,6094.0
2019-04-17 11:00:00,223.45861999999997,223.45861999999997,4364.0,4364.0
2019-04-17 12:00:00,179.780755,179.780755,3511.0,3511.0
2019-04-17 13:00:00,209.17242500000003,209.17242500000003,4085.0,4085.0
2019-04-17 14:00:00,245.11833499999997,245.11833499999997,4787.0,4787.0
2019-04-17 15:00:00,284.08534,284.08534,5548.0,5548.0
2019-04-17 16:00:00,290.22993999999994,290.22993999999994,5668.0,5668.0
2019-04-17 17:00:00,197.54888999999997,197.54888999999994,3858.0,3858.0
2019-04-17 18:00:00,163.49756499999998,163.49756499999998,3193.0,3193.0
2019-04-17 19:00:00,119.71729000000002,119.71729000000002,2338.0,2338.0
2019-04-17 20:00:00,81.569565,81.569565,1593.0,1593.0
2019-04-17 21:00:00,81.72318,81.72318,1596.0,1596.0
2019-04-17 22:00:00,81.92799999999998,81.92799999999998,1600.0,1600.0
2019-04-17 23:00:00,81.62077,81.62077,1594.0,1594.0
2019-04-18 00:00:00,81.82559000000002,81.82559000000002,1598.0,1598.0
2019-04-18 01:00:00,81.72318,81.72318,1596.0,1596.0
2019-04-18 02:00:00,81.77438500000002,81.77438500000002,1597.0,1597.0
2019-04-18 03:00:00,81.51836,81.51836,1592.0,1592.0
2019-04-18 04:00:00,81.51836,81.51836,1592.0,1592.0
2019-04-18 05:00:00,81.77438500000002,81.77438500000002,1597.0,1597.0
2019-04-18 06:00:00,81.77438500000002,81.77438500000002,1597.0,1597.0
2019-04-18 07:00:00,150.08185500000002,150.08185500000002,2931.0,2931.0
2019-04-18 08:00:00,173.27772000000002,173.27772000000002,3384.0,3384.0
2019-04-18 09:00:00,325.35657,325.35657,6354.0,6354.0
2019-04-18 10:00:00,310.353505,310.353505,6061.0,6061.0
2019-04-18 11:00:00,221.768855,221.768855,4331.0,4331.0
2019-04-18 12:00:00,180.34401000000003,180.34401000000003,3522.0,3522.0
2019-04-18 13:00:00,205.84410000000005,205.84410000000005,4020.0,4020.0
2019-04-18 14:00:00,232.93154500000003,232.93154500000003,4549.0,4549.0
2019-04-18 15:00:00,279.42568500000004,279.42568500000004,5457.0,5457.0
2019-04-18 16:00:00,289.87150500000007,289.87150500000007,5661.0,5661.0
2019-04-18 17:00:00,196.01274,196.01274,3828.0,3828.0
2019-04-18 18:00:00,163.54877000000002,163.54877000000002,3194.0,3194.0
2019-04-18 19:00:00,157.55778499999997,157.55778499999997,3077.0,3077.0
2019-04-18 20:00:00,81.92799999999998,81.92799999999998,1600.0,1600.0
2019-04-18 21:00:00,81.62077,81.62077,1594.0,1594.0
2019-04-18 22:00:00,81.72318,81.72318,1596.0,1596.0
2019-04-18 23:00:00,81.77438500000002,81.77438500000002,1597.0,1597.0
2019-04-19 00:00:00,81.77438500000002,81.77438500000002,1597.0,1597.0
2019-04-19 01:00:00,81.87679499999999,81.87679499999999,1599.0,1599.0
2019-04-19 02:00:00,81.82559000000002,81.82559000000002,1598.0,1598.0
2019-04-19 03:00:00,81.62077,81.62077,1594.0,1594.0
2019-04-19 04:00:00,81.569565,81.569565,1593.0,1593.0
2019-04-19 05:00:00,81.87679499999999,81.87679499999999,1599.0,1599.0
2019-04-19 06:00:00,81.569565,81.569565,1593.0,1593.0
2019-04-19 07:00:00,81.82559000000002,81.82559000000002,1598.0,1598.0
2019-04-19 08:00:00,81.82559000000002,81.82559000000002,1598.0,1598.0
2019-04-19 09:00:00,81.62077,81.62077,1594.0,1594.0
2019-04-19 10:00:00,81.77438500000002,81.77438500000002,1597.0,1597.0
2019-04-19 11:00:00,81.569565,81.569565,1593.0,1593.0
2019-04-19 12:00:00,81.82559000000002,81.82559000000002,1598.0,1598.0
2019-04-19 13:00:00,81.87679499999999,81.87679499999999,1599.0,1599.0
2019-04-19 14:00:00,81.92799999999998,81.92799999999998,1600.0,1600.0
2019-04-19 15:00:00,81.51836,81.51836,1592.0,1592.0
2019-04-19 16:00:00,81.82559000000002,81.82559000000002,1598.0,1598.0
2019-04-19 17:00:00,81.72318,81.72318,1596.0,1596.0
2019-04-19 18:00:00,81.72318,81.72318,1596.0,1596.0
2019-04-19 19:00:00,81.72318,81.72318,1596.0,1596.0
2019-04-19 20:00:00,81.62077,81.62077,1594.0,1594.0
2019-04-19 21:00:00,81.87679499999999,81.87679499999999,1599.0,1599.0
2019-04-19 22:00:00,81.87679499999999,81.87679499999999,1599.0,1599.0
2019-04-19 23:00:00,81.77438500000002,81.77438500000002,1597.0,1597.0
2019-04-20 00:00:00,81.87679499999999,81.87679499999999,1599.0,1599.0
2019-04-20 01:00:00,81.77438500000002,81.77438500000002,1597.0,1597.0
2019-04-20 02:00:00,81.82559000000002,81.82559000000002,1598.0,1598.0
2019-04-20 03:00:00,81.87679499999999,81.87679499999999,1599.0,1599.0
2019-04-20 04:00:00,81.72318,81.72318,1596.0,1596.0
2019-04-20 05:00:00,81.671975,81.67197499999999,1595.0,1595.0
2019-04-20 06:00:00,81.77438500000002,81.77438500000002,1597.0,1597.0
2019-04-20 07:00:00,81.82559000000002,81.82559000000002,1598.0,1598.0
2019-04-20 08:00:00,81.82559000000002,81.82559000000002,1598.0,1598.0
2019-04-20 09:00:00,81.82559000000002,81.82559000000002,1598.0,1598.0
2019-04-20 10:00:00,81.569565,81.569565,1593.0,1593.0
2019-04-20 11:00:00,81.92799999999998,81.92799999999998,1600.0,1600.0
2019-04-20 12:00:00,81.77438500000002,81.77438500000002,1597.0,1597.0
2019-04-20 13:00:00,81.467155,81.467155,1591.0,1591.0
2019-04-20 14:00:00,81.82559000000002,81.82559000000002,1598.0,1598.0
2019-04-20 15:00:00,81.92799999999998,81.92799999999998,1600.0,1600.0
2019-04-20 16:00:00,81.51836,81.51836,1592.0,1592.0
2019-04-20 17:00:00,81.77438500000002,81.77438500000002,1597.0,1597.0
2019-04-20 18:00:00,81.77438500000002,81.77438500000002,1597.0,1597.0
2019-04-20 19:00:00,81.82559000000002,81.82559000000002,1598.0,1598.0
2019-04-20 20:00:00,81.92799999999998,81.92799999999998,1600.0,1600.0
2019-04-20 21:00:00,81.77438500000002,81.77438500000002,1597.0,1597.0
2019-04-20 22:00:00,81.87679499999999,81.87679499999999,1599.0,1599.0
2019-04-20 23:00:00,81.77438500000002,81.77438500000002,1597.0,1597.0
2019-04-21 00:00:00,81.467155,81.467155,1591.0,1591.0
2019-04-21 01:00:00,81.87679499999999,81.87679499999999,1599.0,1599.0
2019-04-21 02:00:00,81.72318,81.72318,1596.0,1596.0
2019-04-21 03:00:00,81.72318,81.72318,1596.0,1596.0
2019-04-21 04:00:00,81.77438500000002,81.77438500000002,1597.0,1597.0
2019-04-21 05:00:00,81.671975,81.67197499999999,1595.0,1595.0
2019-04-21 06:00:00,81.92799999999998,81.92799999999998,1600.0,1600.0
2019-04-21 07:00:00,81.671975,81.67197499999999,1595.0,1595.0
2019-04-21 08:00:00,81.364745,81.364745,1589.0,1589.0
2019-04-21 09:00:00,81.51836,81.51836,1592.0,1592.0
2019-04-21 10:00:00,81.92799999999998,81.92799999999998,1600.0,1600.0
2019-04-21 11:00:00,81.671975,81.67197499999999,1595.0,1595.0
2019-04-21 12:00:00,81.82559000000002,81.82559000000002,1598.0,1598.0
2019-04-21 13:00:00,81.82559000000002,81.82559000000002,1598.0,1598.0
2019-04-21 14:00:00,81.62077,81.62077,1594.0,1594.0
2019-04-21 15:00:00,81.72318,81.72318,1596.0,1596.0
2019-04-21 16:00:00,81.92799999999998,81.92799999999998,1600.0,1600.0
2019-04-21 17:00:00,81.51836,81.51836,1592.0,1592.0
2019-04-21 18:00:00,81.82559000000002,81.82559000000002,1598.0,1598.0
2019-04-21 19:00:00,81.467155,81.467155,1591.0,1591.0
2019-04-21 20:00:00,81.62077,81.62077,1594.0,1594.0
2019-04-21 21:00:00,81.569565,81.569565,1593.0,1593.0
2019-04-21 22:00:00,81.87679499999999,81.87679499999999,1599.0,1599.0
2019-04-21 23:00:00,81.467155,81.467155,1591.0,1591.0
2019-04-22 00:00:00,81.671975,81.67197499999999,1595.0,1595.0
2019-04-22 01:00:00,81.92799999999998,81.92799999999998,1600.0,1600.0
2019-04-22 02:00:00,81.92799999999998,81.92799999999998,1600.0,1600.0
2019-04-22 03:00:00,81.62077,81.62077,1594.0,1594.0
2019-04-22 04:00:00,81.72318,81.72318,1596.0,1596.0
2019-04-22 05:00:00,81.92799999999998,81.92799999999998,1600.0,1600.0
2019-04-22 06:00:00,81.569565,81.569565,1593.0,1593.0
2019-04-22 07:00:00,81.92799999999998,81.92799999999998,1600.0,1600.0
2019-04-22 08:00:00,81.51836,81.51836,1592.0,1592.0
2019-04-22 09:00:00,81.87679499999999,81.87679499999999,1599.0,1599.0
2019-04-22 10:00:00,81.87679499999999,81.87679499999999,1599.0,1599.0
2019-04-22 11:00:00,81.72318,81.72318,1596.0,1596.0
2019-04-22 12:00:00,81.671975,81.67197499999999,1595.0,1595.0
2019-04-22 13:00:00,81.77438500000002,81.77438500000002,1597.0,1597.0
2019-04-22 14:00:00,81.92799999999998,81.92799999999998,1600.0,1600.0
2019-04-22 15:00:00,81.82559000000002,81.82559000000002,1598.0,1598.0
2019-04-22 16:00:00,81.72318,81.72318,1596.0,1596.0
2019-04-22 17:00:00,81.87679499999999,81.87679499999999,1599.0,1599.0
2019-04-22 18:00:00,81.467155,81.467155,1591.0,1591.0
2019-04-22 19:00:00,81.41595,81.41595,1590.0,1590.0
2019-04-22 20:00:00,81.77438500000002,81.77438500000002,1597.0,1597.0
2019-04-22 21:00:00,81.72318,81.72318,1596.0,1596.0
2019-04-22 22:00:00,81.72318,81.72318,1596.0,1596.0
2019-04-22 23:00:00,81.671975,81.67197499999999,1595.0,1595.0
2019-04-23 00:00:00,81.87679499999999,81.87679499999999,1599.0,1599.0
2019-04-23 01:00:00,81.87679499999999,81.87679499999999,1599.0,1599.0
2019-04-23 02:00:00,81.92799999999998,81.92799999999998,1600.0,1600.0
2019-04-23 03:00:00,81.92799999999998,81.92799999999998,1600.0,1600.0
2019-04-23 04:00:00,81.87679499999999,81.87679499999999,1599.0,1599.0
2019-04-23 05:00:00,81.92799999999998,81.92799999999998,1600.0,1600.0
2019-04-23 06:00:00,81.77438500000002,81.77438500000002,1597.0,1597.0
2019-04-23 07:00:00,147.57280999999998,147.57280999999998,2882.0,2882.0
2019-04-23 08:00:00,171.792775,171.792775,3355.0,3355.0
2019-04-23 09:00:00,320.492095,320.49209500000006,6259.0,6259.0
2019-04-23 10:00:00,307.69084499999997,307.69084499999997,6009.0,6009.0
2019-04-23 11:00:00,225.40440999999996,225.40440999999996,4402.0,4402.0
2019-04-23 12:00:00,178.44942500000002,178.44942500000002,3485.0,3485.0
2019-04-23 13:00:00,200.7236,200.72359999999998,3920.0,3920.0
2019-04-23 14:00:00,239.89542499999996,239.895425,4685.0,4685.0
2019-04-23 15:00:00,278.55519999999996,278.55519999999996,5440.0,5440.0
2019-04-23 16:00:00,288.07932999999997,288.07932999999997,5626.0,5626.0
2019-04-23 17:00:00,195.50069,195.50069,3818.0,3818.0
2019-04-23 18:00:00,163.54877,163.54877,3194.0,3194.0
2019-04-23 19:00:00,139.68723999999997,139.68723999999997,2728.0,2728.0
2019-04-23 20:00:00,81.671975,81.67197499999999,1595.0,1595.0
2019-04-23 21:00:00,81.82559000000002,81.82559000000002,1598.0,1598.0
2019-04-23 22:00:00,81.87679499999999,81.87679499999999,1599.0,1599.0
2019-04-23 23:00:00,81.72318,81.72318,1596.0,1596.0
2019-04-24 00:00:00,81.87679499999999,81.87679499999999,1599.0,1599.0
2019-04-24 01:00:00,81.82559000000002,81.82559000000002,1598.0,1598.0
2019-04-24 02:00:00,81.72318,81.72318,1596.0,1596.0
2019-04-24 03:00:00,81.41595,81.41595,1590.0,1590.0
2019-04-24 04:00:00,81.62077,81.62077,1594.0,1594.0
2019-04-24 05:00:00,81.77438500000002,81.77438500000002,1597.0,1597.0
2019-04-24 06:00:00,81.82559000000002,81.82559000000002,1598.0,1598.0
2019-04-24 07:00:00,146.75352999999998,146.75352999999998,2866.0,2866.0
2019-04-24 08:00:00,187.10306999999997,187.10306999999997,3654.0,3654.0
2019-04-24 09:00:00,330.16983999999997,330.16983999999997,6448.0,6448.0
2019-04-24 10:00:00,324.53729,324.53729,6338.0,6338.0
2019-04-24 11:00:00,229.96165499999998,229.96165499999995,4491.0,4491.0
2019-04-24 12:00:00,176.09399499999998,176.09399499999995,3439.0,3439.0
2019-04-24 13:00:00,208.045915,208.045915,4063.0,4063.0
2019-04-24 14:00:00,242.455675,242.455675,4735.0,4735.0
2019-04-24 15:00:00,280.96183499999995,280.96183499999995,5487.0,5487.0
2019-04-24 16:00:00,276.40459,276.40459,5398.0,5398.0
2019-04-24 17:00:00,196.31996999999998,196.31997,3834.0,3834.0
2019-04-24 18:00:00,163.190335,163.190335,3187.0,3187.0
2019-04-24 19:00:00,138.20229500000002,138.20229500000002,2699.0,2699.0
2019-04-24 20:00:00,81.92799999999998,81.92799999999998,1600.0,1600.0
2019-04-24 21:00:00,81.92799999999998,81.92799999999998,1600.0,1600.0
2019-04-24 22:00:00,81.72318,81.72318,1596.0,1596.0
2019-04-24 23:00:00,81.72318,81.72318,1596.0,1596.0
2019-04-25 00:00:00,81.92799999999998,81.92799999999998,1600.0,1600.0
2019-04-25 01:00:00,81.82559000000002,81.82559000000002,1598.0,1598.0
2019-04-25 02:00:00,81.77438500000002,81.77438500000002,1597.0,1597.0
2019-04-25 03:00:00,81.62077,81.62077,1594.0,1594.0
2019-04-25 04:00:00,81.51836,81.51836,1592.0,1592.0
2019-04-25 05:00:00,81.77438500000002,81.77438500000002,1597.0,1597.0
2019-04-25 06:00:00,81.77438500000002,81.77438500000002,1597.0,1597.0
2019-04-25 07:00:00,135.129995,135.129995,2639.0,2639.0
2019-04-25 08:00:00,177.68134999999998,177.68135,3470.0,3470.0
2019-04-25 09:00:00,310.60953,310.60953,6066.0,6066.0
2019-04-25 10:00:00,323.56439500000005,323.56439500000005,6319.0,6319.0
2019-04-25 11:00:00,229.14237500000002,229.14237500000002,4475.0,4475.0
2019-04-25 12:00:00,177.834965,177.834965,3473.0,3473.0
2019-04-25 13:00:00,209.63326999999998,209.63326999999995,4094.0,4094.0
2019-04-25 14:00:00,239.02494,239.02494,4668.0,4668.0
2019-04-25 15:00:00,288.744995,288.744995,5639.0,5639.0
2019-04-25 16:00:00,279.42568500000004,279.42568500000004,5457.0,5457.0
2019-04-25 17:00:00,192.88923499999999,192.88923499999999,3767.0,3767.0
2019-04-25 18:00:00,163.497565,163.497565,3193.0,3193.0
2019-04-25 19:00:00,123.967305,123.967305,2421.0,2421.0
2019-04-25 20:00:00,81.72318,81.72318,1596.0,1596.0
2019-04-25 21:00:00,81.92799999999998,81.92799999999998,1600.0,1600.0
2019-04-25 22:00:00,81.72318,81.72318,1596.0,1596.0
2019-04-25 23:00:00,81.77438500000002,81.77438500000002,1597.0,1597.0
2019-04-26 00:00:00,81.77438500000002,81.77438500000002,1597.0,1597.0
2019-04-26 01:00:00,81.77438500000002,81.77438500000002,1597.0,1597.0
2019-04-26 02:00:00,81.77438500000002,81.77438500000002,1597.0,1597.0
2019-04-26 03:00:00,81.82559000000002,81.82559000000002,1598.0,1598.0
2019-04-26 04:00:00,81.77438500000002,81.77438500000002,1597.0,1597.0
2019-04-26 05:00:00,81.82559000000002,81.82559000000002,1598.0,1598.0
2019-04-26 06:00:00,81.72318,81.72318,1596.0,1596.0
2019-04-26 07:00:00,143.88604999999998,143.88604999999998,2810.0,2810.0
2019-04-26 08:00:00,179.62714,179.62714,3508.0,3508.0
2019-04-26 09:00:00,320.95294000000007,320.95294000000007,6268.0,6268.0
2019-04-26 10:00:00,320.492095,320.49209500000006,6259.0,6259.0
2019-04-26 11:00:00,226.42851000000002,226.42851000000002,4422.0,4422.0
2019-04-26 12:00:00,177.68134999999998,177.68135,3470.0,3470.0
2019-04-26 13:00:00,208.557965,208.557965,4073.0,4073.0
2019-04-26 14:00:00,242.19965000000002,242.19965000000002,4730.0,4730.0
2019-04-26 15:00:00,292.534165,292.534165,5713.0,5713.0
2019-04-26 16:00:00,275.53410499999995,275.53410499999995,5381.0,5381.0
2019-04-26 17:00:00,195.347075,195.347075,3815.0,3815.0
2019-04-26 18:00:00,163.85599999999997,163.85599999999997,3200.0,3200.0
2019-04-26 19:00:00,139.53362499999997,139.53362499999997,2725.0,2725.0
2019-04-26 20:00:00,81.51836,81.51836,1592.0,1592.0
2019-04-26 21:00:00,81.77438500000002,81.77438500000002,1597.0,1597.0
2019-04-26 22:00:00,81.72318,81.72318,1596.0,1596.0
2019-04-26 23:00:00,81.92799999999998,81.92799999999998,1600.0,1600.0
2019-04-27 00:00:00,81.87679499999999,81.87679499999999,1599.0,1599.0
2019-04-27 01:00:00,81.87679499999999,81.87679499999999,1599.0,1599.0
2019-04-27 02:00:00,81.87679499999999,81.87679499999999,1599.0,1599.0
2019-04-27 03:00:00,81.467155,81.467155,1591.0,1591.0
2019-04-27 04:00:00,81.77438500000002,81.77438500000002,1597.0,1597.0
2019-04-27 05:00:00,81.467155,81.467155,1591.0,1591.0
2019-04-27 06:00:00,81.92799999999998,81.92799999999998,1600.0,1600.0
2019-04-27 07:00:00,81.77438500000002,81.77438500000002,1597.0,1597.0
2019-04-27 08:00:00,81.77438500000002,81.77438500000002,1597.0,1597.0
2019-04-27 09:00:00,81.87679499999999,81.87679499999999,1599.0,1599.0
2019-04-27 10:00:00,81.72318,81.72318,1596.0,1596.0
2019-04-27 11:00:00,81.671975,81.67197499999999,1595.0,1595.0
2019-04-27 12:00:00,81.87679499999999,81.87679499999999,1599.0,1599.0
2019-04-27 13:00:00,81.72318,81.72318,1596.0,1596.0
2019-04-27 14:00:00,81.72318,81.72318,1596.0,1596.0
2019-04-27 15:00:00,81.72318,81.72318,1596.0,1596.0
2019-04-27 16:00:00,81.92799999999998,81.92799999999998,1600.0,1600.0
2019-04-27 17:00:00,81.92799999999998,81.92799999999998,1600.0,1600.0
2019-04-27 18:00:00,81.77438500000002,81.77438500000002,1597.0,1597.0
2019-04-27 19:00:00,81.92799999999998,81.92799999999998,1600.0,1600.0
2019-04-27 20:00:00,81.62077,81.62077,1594.0,1594.0
2019-04-27 21:00:00,81.92799999999998,81.92799999999998,1600.0,1600.0
2019-04-27 22:00:00,81.72318,81.72318,1596.0,1596.0
2019-04-27 23:00:00,81.77438500000002,81.77438500000002,1597.0,1597.0
2019-04-28 00:00:00,81.82559000000002,81.82559000000002,1598.0,1598.0
2019-04-28 01:00:00,81.77438500000002,81.77438500000002,1597.0,1597.0
2019-04-28 02:00:00,81.77438500000002,81.77438500000002,1597.0,1597.0
2019-04-28 03:00:00,81.82559000000002,81.82559000000002,1598.0,1598.0
2019-04-28 04:00:00,81.77438500000002,81.77438500000002,1597.0,1597.0
2019-04-28 05:00:00,81.87679499999999,81.87679499999999,1599.0,1599.0
2019-04-28 06:00:00,81.92799999999998,81.92799999999998,1600.0,1600.0
2019-04-28 07:00:00,81.62077,81.62077,1594.0,1594.0
2019-04-28 08:00:00,81.77438500000002,81.77438500000002,1597.0,1597.0
2019-04-28 09:00:00,81.72318,81.72318,1596.0,1596.0
2019-04-28 10:00:00,81.77438500000002,81.77438500000002,1597.0,1597.0
2019-04-28 11:00:00,81.72318,81.72318,1596.0,1596.0
2019-04-28 12:00:00,81.62077,81.62077,1594.0,1594.0
2019-04-28 13:00:00,81.77438500000002,81.77438500000002,1597.0,1597.0
2019-04-28 14:00:00,81.671975,81.67197499999999,1595.0,1595.0
2019-04-28 15:00:00,81.87679499999999,81.87679499999999,1599.0,1599.0
2019-04-28 16:00:00,81.82559000000002,81.82559000000002,1598.0,1598.0
2019-04-28 17:00:00,81.72318,81.72318,1596.0,1596.0
2019-04-28 18:00:00,81.62077,81.62077,1594.0,1594.0
2019-04-28 19:00:00,81.87679499999999,81.87679499999999,1599.0,1599.0
2019-04-28 20:00:00,81.92799999999998,81.92799999999998,1600.0,1600.0
2019-04-28 21:00:00,81.92799999999998,81.92799999999998,1600.0,1600.0
2019-04-28 22:00:00,81.82559000000002,81.82559000000002,1598.0,1598.0
2019-04-28 23:00:00,81.92799999999998,81.92799999999998,1600.0,1600.0
2019-04-29 00:00:00,81.87679499999999,81.87679499999999,1599.0,1599.0
2019-04-29 01:00:00,81.87679499999999,81.87679499999999,1599.0,1599.0
2019-04-29 02:00:00,81.82559000000002,81.82559000000002,1598.0,1598.0
2019-04-29 03:00:00,81.92799999999998,81.92799999999998,1600.0,1600.0
2019-04-29 04:00:00,81.82559000000002,81.82559000000002,1598.0,1598.0
2019-04-29 05:00:00,81.87679499999999,81.87679499999999,1599.0,1599.0
2019-04-29 06:00:00,81.77438500000002,81.77438500000002,1597.0,1597.0
2019-04-29 07:00:00,141.94026,141.94026,2772.0,2772.0
2019-04-29 08:00:00,186.28378999999998,186.28378999999998,3638.0,3638.0
2019-04-29 09:00:00,308.25409999999994,308.25409999999994,6020.0,6020.0
2019-04-29 10:00:00,306.10348999999997,306.10348999999997,5978.0,5978.0
2019-04-29 11:00:00,227.75984,227.75984,4448.0,4448.0
2019-04-29 12:00:00,176.75966,176.75966,3452.0,3452.0
2019-04-29 13:00:00,204.00072,204.00071999999997,3984.0,3984.0
2019-04-29 14:00:00,233.136365,233.13636499999998,4553.0,4553.0
2019-04-29 15:00:00,276.250975,276.250975,5395.0,5395.0
2019-04-29 16:00:00,284.90461999999997,284.90461999999997,5564.0,5564.0
2019-04-29 17:00:00,192.684415,192.684415,3763.0,3763.0
2019-04-29 18:00:00,163.65117999999998,163.65117999999998,3196.0,3196.0
2019-04-29 19:00:00,121.50946499999999,121.50946499999999,2373.0,2373.0
2019-04-29 20:00:00,81.77438500000002,81.77438500000002,1597.0,1597.0
2019-04-29 21:00:00,81.569565,81.569565,1593.0,1593.0
2019-04-29 22:00:00,81.72318,81.72318,1596.0,1596.0
2019-04-29 23:00:00,81.51836,81.51836,1592.0,1592.0
2019-04-30 00:00:00,81.77438500000002,81.77438500000002,1597.0,1597.0
2019-04-30 01:00:00,81.72318,81.72318,1596.0,1596.0
2019-04-30 02:00:00,81.72318,81.72318,1596.0,1596.0
2019-04-30 03:00:00,81.671975,81.67197499999999,1595.0,1595.0
2019-04-30 04:00:00,81.77438500000002,81.77438500000002,1597.0,1597.0
2019-04-30 05:00:00,81.82559000000002,81.82559000000002,1598.0,1598.0
2019-04-30 06:00:00,81.87679499999999,81.87679499999999,1599.0,1599.0
2019-04-30 07:00:00,145.88304499999998,145.88304499999998,2849.0,2849.0
2019-04-30 08:00:00,180.702445,180.702445,3529.0,3529.0
2019-04-30 09:00:00,315.47400500000003,315.47400500000003,6161.0,6161.0
2019-04-30 10:00:00,308.612535,308.612535,6027.0,6027.0
2019-04-30 11:00:00,222.94656999999998,222.94656999999998,4354.0,4354.0
2019-04-30 12:00:00,179.47352500000005,179.47352500000005,3505.0,3505.0
2019-04-30 13:00:00,215.93148499999998,215.93148499999998,4217.0,4217.0
2019-04-30 14:00:00,233.03395499999996,233.03395499999996,4551.0,4551.0
2019-04-30 15:00:00,281.883525,281.883525,5505.0,5505.0
2019-04-30 16:00:00,287.15764,287.15764,5608.0,5608.0
2019-04-30 17:00:00,196.678405,196.678405,3841.0,3841.0
2019-04-30 18:00:00,163.59997499999997,163.59997499999997,3195.0,3195.0
2019-04-30 19:00:00,122.07272000000003,122.07272000000003,2384.0,2384.0
2019-04-30 20:00:00,81.51836,81.51836,1592.0,1592.0
2019-04-30 21:00:00,81.77438500000002,81.77438500000002,1597.0,1597.0
2019-04-30 22:00:00,81.82559000000002,81.82559000000002,1598.0,1598.0
2019-04-30 23:00:00,81.671975,81.67197499999999,1595.0,1595.0
2019-05-01 00:00:00,81.77438500000002,81.77438500000002,1597.0,1597.0
2019-05-01 01:00:00,81.87679499999999,81.87679499999999,1599.0,1599.0
2019-05-01 02:00:00,81.671975,81.67197499999999,1595.0,1595.0
2019-05-01 03:00:00,81.569565,81.569565,1593.0,1593.0
2019-05-01 04:00:00,81.77438500000002,81.77438500000002,1597.0,1597.0
2019-05-01 05:00:00,81.92799999999998,81.92799999999998,1600.0,1600.0
2019-05-01 06:00:00,81.82559000000002,81.82559000000002,1598.0,1598.0
2019-05-01 07:00:00,81.671975,81.67197499999999,1595.0,1595.0
2019-05-01 08:00:00,81.41595,81.41595,1590.0,1590.0
2019-05-01 09:00:00,81.87679499999999,81.87679499999999,1599.0,1599.0
2019-05-01 10:00:00,81.467155,81.467155,1591.0,1591.0
2019-05-01 11:00:00,81.87679499999999,81.87679499999999,1599.0,1599.0
2019-05-01 12:00:00,81.569565,81.569565,1593.0,1593.0
2019-05-01 13:00:00,81.82559000000002,81.82559000000002,1598.0,1598.0
2019-05-01 14:00:00,81.62077,81.62077,1594.0,1594.0
2019-05-01 15:00:00,81.77438500000002,81.77438500000002,1597.0,1597.0
2019-05-01 16:00:00,81.62077,81.62077,1594.0,1594.0
2019-05-01 17:00:00,81.82559000000002,81.82559000000002,1598.0,1598.0
2019-05-01 18:00:00,81.82559000000002,81.82559000000002,1598.0,1598.0
2019-05-01 19:00:00,81.77438500000002,81.77438500000002,1597.0,1597.0
2019-05-01 20:00:00,81.92799999999998,81.92799999999998,1600.0,1600.0
2019-05-01 21:00:00,81.41595,81.41595,1590.0,1590.0
2019-05-01 22:00:00,81.364745,81.364745,1589.0,1589.0
2019-05-01 23:00:00,81.51836,81.51836,1592.0,1592.0
2019-05-02 00:00:00,81.72318,81.72318,1596.0,1596.0
2019-05-02 01:00:00,81.77438500000002,81.77438500000002,1597.0,1597.0
2019-05-02 02:00:00,81.87679499999999,81.87679499999999,1599.0,1599.0
2019-05-02 03:00:00,81.41595,81.41595,1590.0,1590.0
2019-05-02 04:00:00,81.87679499999999,81.87679499999999,1599.0,1599.0
2019-05-02 05:00:00,81.82559000000002,81.82559000000002,1598.0,1598.0
2019-05-02 06:00:00,81.82559000000002,81.82559000000002,1598.0,1598.0
2019-05-02 07:00:00,147.931245,147.931245,2889.0,2889.0
2019-05-02 08:00:00,181.16329,181.16329,3538.0,3538.0
2019-05-02 09:00:00,307.281205,307.281205,6001.0,6001.0
2019-05-02 10:00:00,305.64264499999996,305.64264499999996,5969.0,5969.0
2019-05-02 11:00:00,222.07608500000003,222.07608500000003,4337.0,4337.0
2019-05-02 12:00:00,182.95546500000006,182.95546500000006,3573.0,3573.0
2019-05-02 13:00:00,206.45856,206.45856,4032.0,4032.0
2019-05-02 14:00:00,238.41047999999995,238.41047999999995,4656.0,4656.0
2019-05-02 15:00:00,282.44678000000005,282.44678000000005,5516.0,5516.0
2019-05-02 16:00:00,277.73592,277.73592,5424.0,5424.0
2019-05-02 17:00:00,191.30188000000004,191.30188000000004,3736.0,3736.0
2019-05-02 18:00:00,163.59997499999997,163.59997499999997,3195.0,3195.0
2019-05-02 19:00:00,122.84079500000001,122.840795,2399.0,2399.0
2019-05-02 20:00:00,81.92799999999998,81.92799999999998,1600.0,1600.0
2019-05-02 21:00:00,81.92799999999998,81.92799999999998,1600.0,1600.0
2019-05-02 22:00:00,81.92799999999998,81.92799999999998,1600.0,1600.0
2019-05-02 23:00:00,81.62077,81.62077,1594.0,1594.0
2019-05-03 00:00:00,81.92799999999998,81.92799999999998,1600.0,1600.0
2019-05-03 01:00:00,81.92799999999998,81.92799999999998,1600.0,1600.0
2019-05-03 02:00:00,81.62077,81.62077,1594.0,1594.0
2019-05-03 03:00:00,81.92799999999998,81.92799999999998,1600.0,1600.0
2019-05-03 04:00:00,81.72318,81.72318,1596.0,1596.0
2019-05-03 05:00:00,81.62077,81.62077,1594.0,1594.0
2019-05-03 06:00:00,81.364745,81.364745,1589.0,1589.0
2019-05-03 07:00:00,146.95835000000002,146.95835000000002,2870.0,2870.0
2019-05-03 08:00:00,176.65725,176.65725,3450.0,3450.0
2019-05-03 09:00:00,307.178795,307.178795,5999.0,5999.0
2019-05-03 10:00:00,313.425805,313.425805,6121.0,6121.0
2019-05-03 11:00:00,221.00078,221.00078,4316.0,4316.0
2019-05-03 12:00:00,181.98256999999995,181.98256999999995,3554.0,3554.0
2019-05-03 13:00:00,214.54894999999996,214.54894999999996,4190.0,4190.0
2019-05-03 14:00:00,237.59120000000004,237.59120000000004,4640.0,4640.0
2019-05-03 15:00:00,277.53110000000004,277.53110000000004,5420.0,5420.0
2019-05-03 16:00:00,288.437765,288.437765,5633.0,5633.0
2019-05-03 17:00:00,193.196465,193.196465,3773.0,3773.0
2019-05-03 18:00:00,163.80479499999996,163.80479499999996,3199.0,3199.0
2019-05-03 19:00:00,136.05168500000002,136.05168500000002,2657.0,2657.0
2019-05-03 20:00:00,81.72318,81.72318,1596.0,1596.0
2019-05-03 21:00:00,81.72318,81.72318,1596.0,1596.0
2019-05-03 22:00:00,81.77438500000002,81.77438500000002,1597.0,1597.0
2019-05-03 23:00:00,81.62077,81.62077,1594.0,1594.0
2019-05-04 00:00:00,81.671975,81.67197499999999,1595.0,1595.0
2019-05-04 01:00:00,81.62077,81.62077,1594.0,1594.0
2019-05-04 02:00:00,81.77438500000002,81.77438500000002,1597.0,1597.0
2019-05-04 03:00:00,81.62077,81.62077,1594.0,1594.0
2019-05-04 04:00:00,81.92799999999998,81.92799999999998,1600.0,1600.0
2019-05-04 05:00:00,81.82559000000002,81.82559000000002,1598.0,1598.0
2019-05-04 06:00:00,81.62077,81.62077,1594.0,1594.0
2019-05-04 07:00:00,81.87679499999999,81.87679499999999,1599.0,1599.0
2019-05-04 08:00:00,81.569565,81.569565,1593.0,1593.0
2019-05-04 09:00:00,81.77438500000002,81.77438500000002,1597.0,1597.0
2019-05-04 10:00:00,81.87679499999999,81.87679499999999,1599.0,1599.0
2019-05-04 11:00:00,81.77438500000002,81.77438500000002,1597.0,1597.0
2019-05-04 12:00:00,81.77438500000002,81.77438500000002,1597.0,1597.0
2019-05-04 13:00:00,81.87679499999999,81.87679499999999,1599.0,1599.0
2019-05-04 14:00:00,81.62077,81.62077,1594.0,1594.0
2019-05-04 15:00:00,81.92799999999998,81.92799999999998,1600.0,1600.0
2019-05-04 16:00:00,81.92799999999998,81.92799999999998,1600.0,1600.0
2019-05-04 17:00:00,81.87679499999999,81.87679499999999,1599.0,1599.0
2019-05-04 18:00:00,81.87679499999999,81.87679499999999,1599.0,1599.0
2019-05-04 19:00:00,81.82559000000002,81.82559000000002,1598.0,1598.0
2019-05-04 20:00:00,81.77438500000002,81.77438500000002,1597.0,1597.0
2019-05-04 21:00:00,81.51836,81.51836,1592.0,1592.0
2019-05-04 22:00:00,81.92799999999998,81.92799999999998,1600.0,1600.0
2019-05-04 23:00:00,81.77438500000002,81.77438500000002,1597.0,1597.0
2019-05-05 00:00:00,81.82559000000002,81.82559000000002,1598.0,1598.0
2019-05-05 01:00:00,81.87679499999999,81.87679499999999,1599.0,1599.0
2019-05-05 02:00:00,81.92799999999998,81.92799999999998,1600.0,1600.0
2019-05-05 03:00:00,81.92799999999998,81.92799999999998,1600.0,1600.0
2019-05-05 04:00:00,81.671975,81.67197499999999,1595.0,1595.0
2019-05-05 05:00:00,81.77438500000002,81.77438500000002,1597.0,1597.0
2019-05-05 06:00:00,81.364745,81.364745,1589.0,1589.0
2019-05-05 07:00:00,81.72318,81.72318,1596.0,1596.0
2019-05-05 08:00:00,81.87679499999999,81.87679499999999,1599.0,1599.0
2019-05-05 09:00:00,81.82559000000002,81.82559000000002,1598.0,1598.0
2019-05-05 10:00:00,81.87679499999999,81.87679499999999,1599.0,1599.0
2019-05-05 11:00:00,81.671975,81.67197499999999,1595.0,1595.0
2019-05-05 12:00:00,81.87679499999999,81.87679499999999,1599.0,1599.0
2019-05-05 13:00:00,81.72318,81.72318,1596.0,1596.0
2019-05-05 14:00:00,81.92799999999998,81.92799999999998,1600.0,1600.0
2019-05-05 15:00:00,81.87679499999999,81.87679499999999,1599.0,1599.0
2019-05-05 16:00:00,81.62077,81.62077,1594.0,1594.0
2019-05-05 17:00:00,81.77438500000002,81.77438500000002,1597.0,1597.0
2019-05-05 18:00:00,81.82559000000002,81.82559000000002,1598.0,1598.0
2019-05-05 19:00:00,81.82559000000002,81.82559000000002,1598.0,1598.0
2019-05-05 20:00:00,81.92799999999998,81.92799999999998,1600.0,1600.0
2019-05-05 21:00:00,81.87679499999999,81.87679499999999,1599.0,1599.0
2019-05-05 22:00:00,81.467155,81.467155,1591.0,1591.0
2019-05-05 23:00:00,81.87679499999999,81.87679499999999,1599.0,1599.0
2019-05-06 00:00:00,81.72318,81.72318,1596.0,1596.0
2019-05-06 01:00:00,81.87679499999999,81.87679499999999,1599.0,1599.0
2019-05-06 02:00:00,81.671975,81.67197499999999,1595.0,1595.0
2019-05-06 03:00:00,81.72318,81.72318,1596.0,1596.0
2019-05-06 04:00:00,81.77438500000002,81.77438500000002,1597.0,1597.0
2019-05-06 05:00:00,81.92799999999998,81.92799999999998,1600.0,1600.0
2019-05-06 06:00:00,81.87679499999999,81.87679499999999,1599.0,1599.0
2019-05-06 07:00:00,147.36799000000002,147.36799000000002,2878.0,2878.0
2019-05-06 08:00:00,169.79578,169.79578,3316.0,3316.0
2019-05-06 09:00:00,319.41679000000005,319.41679000000005,6238.0,6238.0
2019-05-06 10:00:00,294.12152000000003,294.12152000000003,5744.0,5744.0
2019-05-06 11:00:00,224.89236,224.89236000000002,4392.0,4392.0
2019-05-06 12:00:00,182.49462000000003,182.49462000000003,3564.0,3564.0
2019-05-06 13:00:00,202.515775,202.515775,3955.0,3955.0
2019-05-06 14:00:00,234.467695,234.467695,4579.0,4579.0
2019-05-06 15:00:00,290.38355499999994,290.38355499999994,5671.0,5671.0
2019-05-06 16:00:00,277.582305,277.582305,5421.0,5421.0
2019-05-06 17:00:00,195.60309999999996,195.60309999999996,3820.0,3820.0
2019-05-06 18:00:00,163.59997499999997,163.59997499999997,3195.0,3195.0
2019-05-06 19:00:00,131.08480000000003,131.08480000000003,2560.0,2560.0
2019-05-06 20:00:00,81.82559000000002,81.82559000000002,1598.0,1598.0
2019-05-06 21:00:00,81.72318,81.72318,1596.0,1596.0
2019-05-06 22:00:00,81.77438500000002,81.77438500000002,1597.0,1597.0
2019-05-06 23:00:00,81.671975,81.67197499999999,1595.0,1595.0
2019-05-07 00:00:00,81.671975,81.67197499999999,1595.0,1595.0
2019-05-07 01:00:00,81.77438500000002,81.77438500000002,1597.0,1597.0
2019-05-07 02:00:00,81.87679499999999,81.87679499999999,1599.0,1599.0
2019-05-07 03:00:00,81.671975,81.67197499999999,1595.0,1595.0
2019-05-07 04:00:00,81.87679499999999,81.87679499999999,1599.0,1599.0
2019-05-07 05:00:00,81.31354,81.31354,1588.0,1588.0
2019-05-07 06:00:00,81.569565,81.569565,1593.0,1593.0
2019-05-07 07:00:00,143.015565,143.015565,2793.0,2793.0
2019-05-07 08:00:00,172.66326,172.66326,3372.0,3372.0
2019-05-07 09:00:00,307.48602500000004,307.48602500000004,6005.0,6005.0
2019-05-07 10:00:00,316.907745,316.907745,6189.0,6189.0
2019-05-07 11:00:00,213.52484999999996,213.52484999999996,4170.0,4170.0
2019-05-07 12:00:00,182.80184999999997,182.80184999999997,3570.0,3570.0
2019-05-07 13:00:00,203.18143999999998,203.18143999999998,3968.0,3968.0
2019-05-07 14:00:00,237.74481499999996,237.74481499999993,4643.0,4643.0
2019-05-07 15:00:00,278.299175,278.299175,5435.0,5435.0
2019-05-07 16:00:00,289.82030000000003,289.82030000000003,5660.0,5660.0
2019-05-07 17:00:00,196.01274,196.01274,3828.0,3828.0
2019-05-07 18:00:00,163.54877000000002,163.54877000000002,3194.0,3194.0
2019-05-07 19:00:00,122.021515,122.021515,2383.0,2383.0
2019-05-07 20:00:00,81.82559000000002,81.82559000000002,1598.0,1598.0
2019-05-07 21:00:00,81.51836,81.51836,1592.0,1592.0
2019-05-07 22:00:00,81.87679499999999,81.87679499999999,1599.0,1599.0
2019-05-07 23:00:00,81.92799999999998,81.92799999999998,1600.0,1600.0
2019-05-08 00:00:00,81.92799999999998,81.92799999999998,1600.0,1600.0
2019-05-08 01:00:00,81.569565,81.569565,1593.0,1593.0
2019-05-08 02:00:00,81.569565,81.569565,1593.0,1593.0
2019-05-08 03:00:00,81.92799999999998,81.92799999999998,1600.0,1600.0
2019-05-08 04:00:00,81.87679499999999,81.87679499999999,1599.0,1599.0
2019-05-08 05:00:00,81.82559000000002,81.82559000000002,1598.0,1598.0
2019-05-08 06:00:00,81.72318,81.72318,1596.0,1596.0
2019-05-08 07:00:00,146.190275,146.19027500000004,2855.0,2855.0
2019-05-08 08:00:00,178.91027000000003,178.91027000000003,3494.0,3494.0
2019-05-08 09:00:00,311.8384500000001,311.83845000000014,6090.0,6090.0
2019-05-08 10:00:00,312.45291000000003,312.45291000000003,6102.0,6102.0
2019-05-08 11:00:00,222.12728999999996,222.12728999999996,4338.0,4338.0
2019-05-08 12:00:00,174.45543500000002,174.45543500000002,3407.0,3407.0
2019-05-08 13:00:00,211.78388,211.78388,4136.0,4136.0
2019-05-08 14:00:00,238.82012,238.82012,4664.0,4664.0
2019-05-08 15:00:00,282.44677999999993,282.44677999999993,5516.0,5516.0
2019-05-08 16:00:00,290.74199,290.74199,5678.0,5678.0
2019-05-08 17:00:00,199.03383499999995,199.03383499999995,3887.0,3887.0
2019-05-08 18:00:00,159.91321499999998,159.91321499999998,3123.0,3123.0
2019-05-08 19:00:00,81.671975,81.67197499999999,1595.0,1595.0
2019-05-08 20:00:00,81.569565,81.569565,1593.0,1593.0
2019-05-08 21:00:00,81.62077,81.62077,1594.0,1594.0
2019-05-08 22:00:00,81.82559000000002,81.82559000000002,1598.0,1598.0
2019-05-08 23:00:00,81.569565,81.569565,1593.0,1593.0
2019-05-09 00:00:00,81.77438500000002,81.77438500000002,1597.0,1597.0
2019-05-09 01:00:00,81.82559000000002,81.82559000000002,1598.0,1598.0
2019-05-09 02:00:00,81.72318,81.72318,1596.0,1596.0
2019-05-09 03:00:00,81.92799999999998,81.92799999999998,1600.0,1600.0
2019-05-09 04:00:00,81.92799999999998,81.92799999999998,1600.0,1600.0
2019-05-09 05:00:00,81.77438500000002,81.77438500000002,1597.0,1597.0
2019-05-09 06:00:00,81.671975,81.67197499999999,1595.0,1595.0
2019-05-09 07:00:00,144.756535,144.756535,2827.0,2827.0
2019-05-09 08:00:00,168.925295,168.925295,3299.0,3299.0
2019-05-09 09:00:00,307.48602500000004,307.48602500000004,6005.0,6005.0
2019-05-09 10:00:00,312.299295,312.299295,6099.0,6099.0
2019-05-09 11:00:00,216.64835499999998,216.64835499999998,4231.0,4231.0
2019-05-09 12:00:00,180.13919,180.13919,3518.0,3518.0
2019-05-09 13:00:00,210.29893499999997,210.29893499999997,4107.0,4107.0
2019-05-09 14:00:00,239.84422,239.84422,4684.0,4684.0
2019-05-09 15:00:00,286.1847450000001,286.1847450000001,5589.0,5589.0
2019-05-09 16:00:00,289.461865,289.461865,5653.0,5653.0
2019-05-09 17:00:00,192.53079999999997,192.53079999999997,3760.0,3760.0
2019-05-09 18:00:00,163.54877,163.54877,3194.0,3194.0
2019-05-09 19:00:00,134.208305,134.208305,2621.0,2621.0
2019-05-09 20:00:00,81.82559000000002,81.82559000000002,1598.0,1598.0
2019-05-09 21:00:00,81.87679499999999,81.87679499999999,1599.0,1599.0
2019-05-09 22:00:00,81.87679499999999,81.87679499999999,1599.0,1599.0
2019-05-09 23:00:00,81.72318,81.72318,1596.0,1596.0
2019-05-10 00:00:00,81.72318,81.72318,1596.0,1596.0
2019-05-10 01:00:00,81.62077,81.62077,1594.0,1594.0
2019-05-10 02:00:00,81.77438500000002,81.77438500000002,1597.0,1597.0
2019-05-10 03:00:00,81.92799999999998,81.92799999999998,1600.0,1600.0
2019-05-10 04:00:00,81.87679499999999,81.87679499999999,1599.0,1599.0
2019-05-10 05:00:00,81.87679499999999,81.87679499999999,1599.0,1599.0
2019-05-10 06:00:00,81.82559000000002,81.82559000000002,1598.0,1598.0
2019-05-10 07:00:00,141.53062,141.53062,2764.0,2764.0
2019-05-10 08:00:00,169.28372999999996,169.28372999999996,3306.0,3306.0
2019-05-10 09:00:00,301.90468,301.90468,5896.0,5896.0
2019-05-10 10:00:00,311.68483499999996,311.68483499999996,6087.0,6087.0
2019-05-10 11:00:00,226.27489499999996,226.27489499999996,4419.0,4419.0
2019-05-10 12:00:00,176.60604500000002,176.60604500000002,3449.0,3449.0
2019-05-10 13:00:00,214.95859000000002,214.95859,4198.0,4198.0
2019-05-10 14:00:00,234.87733499999996,234.87733499999996,4587.0,4587.0
2019-05-10 15:00:00,274.305185,274.305185,5357.0,5357.0
2019-05-10 16:00:00,273.33229,273.33229,5338.0,5338.0
2019-05-10 17:00:00,194.47659000000004,194.47659000000004,3798.0,3798.0
2019-05-10 18:00:00,163.85599999999997,163.85599999999997,3200.0,3200.0
2019-05-10 19:00:00,108.50339500000003,108.50339500000001,2119.0,2119.0
2019-05-10 20:00:00,81.77438500000002,81.77438500000002,1597.0,1597.0
2019-05-10 21:00:00,81.569565,81.569565,1593.0,1593.0
2019-05-10 22:00:00,81.87679499999999,81.87679499999999,1599.0,1599.0
2019-05-10 23:00:00,81.72318,81.72318,1596.0,1596.0
2019-05-11 00:00:00,81.364745,81.364745,1589.0,1589.0
2019-05-11 01:00:00,81.364745,81.364745,1589.0,1589.0
2019-05-11 02:00:00,81.671975,81.67197499999999,1595.0,1595.0
2019-05-11 03:00:00,81.72318,81.72318,1596.0,1596.0
2019-05-11 04:00:00,81.77438500000002,81.77438500000002,1597.0,1597.0
2019-05-11 05:00:00,81.82559000000002,81.82559000000002,1598.0,1598.0
2019-05-11 06:00:00,81.467155,81.467155,1591.0,1591.0
2019-05-11 07:00:00,81.72318,81.72318,1596.0,1596.0
2019-05-11 08:00:00,81.62077,81.62077,1594.0,1594.0
2019-05-11 09:00:00,81.671975,81.67197499999999,1595.0,1595.0
2019-05-11 10:00:00,81.87679499999999,81.87679499999999,1599.0,1599.0
2019-05-11 11:00:00,81.82559000000002,81.82559000000002,1598.0,1598.0
2019-05-11 12:00:00,81.87679499999999,81.87679499999999,1599.0,1599.0
2019-05-11 13:00:00,81.569565,81.569565,1593.0,1593.0
2019-05-11 14:00:00,81.671975,81.67197499999999,1595.0,1595.0
2019-05-11 15:00:00,81.82559000000002,81.82559000000002,1598.0,1598.0
2019-05-11 16:00:00,81.671975,81.67197499999999,1595.0,1595.0
2019-05-11 17:00:00,81.569565,81.569565,1593.0,1593.0
2019-05-11 18:00:00,81.87679499999999,81.87679499999999,1599.0,1599.0
2019-05-11 19:00:00,81.671975,81.67197499999999,1595.0,1595.0
2019-05-11 20:00:00,81.92799999999998,81.92799999999998,1600.0,1600.0
2019-05-11 21:00:00,81.72318,81.72318,1596.0,1596.0
2019-05-11 22:00:00,81.467155,81.467155,1591.0,1591.0
2019-05-11 23:00:00,81.92799999999998,81.92799999999998,1600.0,1600.0
2019-05-12 00:00:00,81.82559000000002,81.82559000000002,1598.0,1598.0
2019-05-12 01:00:00,81.87679499999999,81.87679499999999,1599.0,1599.0
2019-05-12 02:00:00,81.72318,81.72318,1596.0,1596.0
2019-05-12 03:00:00,81.87679499999999,81.87679499999999,1599.0,1599.0
2019-05-12 04:00:00,81.72318,81.72318,1596.0,1596.0
2019-05-12 05:00:00,81.92799999999998,81.92799999999998,1600.0,1600.0
2019-05-12 06:00:00,81.77438500000002,81.77438500000002,1597.0,1597.0
2019-05-12 07:00:00,81.671975,81.67197499999999,1595.0,1595.0
2019-05-12 08:00:00,81.62077,81.62077,1594.0,1594.0
2019-05-12 09:00:00,81.671975,81.67197499999999,1595.0,1595.0
2019-05-12 10:00:00,81.92799999999998,81.92799999999998,1600.0,1600.0
2019-05-12 11:00:00,81.467155,81.467155,1591.0,1591.0
2019-05-12 12:00:00,81.82559000000002,81.82559000000002,1598.0,1598.0
2019-05-12 13:00:00,81.82559000000002,81.82559000000002,1598.0,1598.0
2019-05-12 14:00:00,81.62077,81.62077,1594.0,1594.0
2019-05-12 15:00:00,81.92799999999998,81.92799999999998,1600.0,1600.0
2019-05-12 16:00:00,81.72318,81.72318,1596.0,1596.0
2019-05-12 17:00:00,81.77438500000002,81.77438500000002,1597.0,1597.0
2019-05-12 18:00:00,81.92799999999998,81.92799999999998,1600.0,1600.0
2019-05-12 19:00:00,81.51836,81.51836,1592.0,1592.0
2019-05-12 20:00:00,81.92799999999998,81.92799999999998,1600.0,1600.0
2019-05-12 21:00:00,81.92799999999998,81.92799999999998,1600.0,1600.0
2019-05-12 22:00:00,81.51836,81.51836,1592.0,1592.0
2019-05-12 23:00:00,81.92799999999998,81.92799999999998,1600.0,1600.0
2019-05-13 00:00:00,81.87679499999999,81.87679499999999,1599.0,1599.0
2019-05-13 01:00:00,81.77438500000002,81.77438500000002,1597.0,1597.0
2019-05-13 02:00:00,81.82559000000002,81.82559000000002,1598.0,1598.0
2019-05-13 03:00:00,81.77438500000002,81.77438500000002,1597.0,1597.0
2019-05-13 04:00:00,81.671975,81.67197499999999,1595.0,1595.0
2019-05-13 05:00:00,81.82559000000002,81.82559000000002,1598.0,1598.0
2019-05-13 06:00:00,81.87679499999999,81.87679499999999,1599.0,1599.0
2019-05-13 07:00:00,146.54870999999997,146.54870999999997,2862.0,2862.0
2019-05-13 08:00:00,172.714465,172.71446499999996,3373.0,3373.0
2019-05-13 09:00:00,313.83544500000005,313.83544500000005,6129.0,6129.0
2019-05-13 10:00:00,316.70292499999994,316.70292499999994,6185.0,6185.0
2019-05-13 11:00:00,228.47671,228.47671,4462.0,4462.0
2019-05-13 12:00:00,176.04279000000002,176.04279000000002,3438.0,3438.0
2019-05-13 13:00:00,208.250735,208.250735,4067.0,4067.0
2019-05-13 14:00:00,237.027945,237.027945,4629.0,4629.0
2019-05-13 15:00:00,278.60640500000005,278.60640500000005,5441.0,5441.0
2019-05-13 16:00:00,280.29617,280.29617,5474.0,5474.0
2019-05-13 17:00:00,191.71152,191.71152,3744.0,3744.0
2019-05-13 18:00:00,163.75358999999997,163.75358999999997,3198.0,3198.0
2019-05-13 19:00:00,114.39197000000001,114.39197000000001,2234.0,2234.0
2019-05-13 20:00:00,81.92799999999998,81.92799999999998,1600.0,1600.0
2019-05-13 21:00:00,81.51836,81.51836,1592.0,1592.0
2019-05-13 22:00:00,81.82559000000002,81.82559000000002,1598.0,1598.0
2019-05-13 23:00:00,81.87679499999999,81.87679499999999,1599.0,1599.0
2019-05-14 00:00:00,81.569565,81.569565,1593.0,1593.0
2019-05-14 01:00:00,81.77438500000002,81.77438500000002,1597.0,1597.0
2019-05-14 02:00:00,81.92799999999998,81.92799999999998,1600.0,1600.0
2019-05-14 03:00:00,81.72318,81.72318,1596.0,1596.0
2019-05-14 04:00:00,81.77438500000002,81.77438500000002,1597.0,1597.0
2019-05-14 05:00:00,81.671975,81.67197499999999,1595.0,1595.0
2019-05-14 06:00:00,81.62077,81.62077,1594.0,1594.0
2019-05-14 07:00:00,140.30170000000004,140.30170000000004,2740.0,2740.0
2019-05-14 08:00:00,175.63314999999997,175.63314999999997,3430.0,3430.0
2019-05-14 09:00:00,306.359515,306.359515,5983.0,5983.0
2019-05-14 10:00:00,310.40470999999997,310.4047099999999,6062.0,6062.0
2019-05-14 11:00:00,222.69054500000001,222.69054500000001,4349.0,4349.0
2019-05-14 12:00:00,180.907265,180.907265,3533.0,3533.0
2019-05-14 13:00:00,199.54588500000003,199.54588500000003,3897.0,3897.0
2019-05-14 14:00:00,227.70863500000004,227.70863500000004,4447.0,4447.0
2019-05-14 15:00:00,289.257045,289.257045,5649.0,5649.0
2019-05-14 16:00:00,285.62149,285.62149,5578.0,5578.0
2019-05-14 17:00:00,192.83803,192.83803,3766.0,3766.0
2019-05-14 18:00:00,163.54877,163.54877,3194.0,3194.0
2019-05-14 19:00:00,102.666025,102.666025,2005.0,2005.0
2019-05-14 20:00:00,81.77438500000002,81.77438500000002,1597.0,1597.0
2019-05-14 21:00:00,81.87679499999999,81.87679499999999,1599.0,1599.0
2019-05-14 22:00:00,81.62077,81.62077,1594.0,1594.0
2019-05-14 23:00:00,81.92799999999998,81.92799999999998,1600.0,1600.0
2019-05-15 00:00:00,81.87679499999999,81.87679499999999,1599.0,1599.0
2019-05-15 01:00:00,81.92799999999998,81.92799999999998,1600.0,1600.0
2019-05-15 02:00:00,81.671975,81.67197499999999,1595.0,1595.0
2019-05-15 03:00:00,81.92799999999998,81.92799999999998,1600.0,1600.0
2019-05-15 04:00:00,81.51836,81.51836,1592.0,1592.0
2019-05-15 05:00:00,81.87679499999999,81.87679499999999,1599.0,1599.0
2019-05-15 06:00:00,81.671975,81.67197499999999,1595.0,1595.0
2019-05-15 07:00:00,140.967365,140.967365,2753.0,2753.0
2019-05-15 08:00:00,174.250615,174.250615,3403.0,3403.0
2019-05-15 09:00:00,318.955945,318.955945,6229.0,6229.0
2019-05-15 10:00:00,312.3505,312.3505,6100.0,6100.0
2019-05-15 11:00:00,218.69655500000002,218.69655500000002,4271.0,4271.0
2019-05-15 12:00:00,181.00967500000002,181.00967500000002,3535.0,3535.0
2019-05-15 13:00:00,206.66338,206.66338,4036.0,4036.0
2019-05-15 14:00:00,237.59120000000001,237.59120000000001,4640.0,4640.0
2019-05-15 15:00:00,292.38054999999997,292.38054999999997,5710.0,5710.0
2019-05-15 16:00:00,283.6757,283.6757,5540.0,5540.0
2019-05-15 17:00:00,202.25975000000003,202.25975000000003,3950.0,3950.0
2019-05-15 18:00:00,157.865015,157.865015,3083.0,3083.0
2019-05-15 19:00:00,81.569565,81.569565,1593.0,1593.0
2019-05-15 20:00:00,81.72318,81.72318,1596.0,1596.0
2019-05-15 21:00:00,81.92799999999998,81.92799999999998,1600.0,1600.0
2019-05-15 22:00:00,81.82559000000002,81.82559000000002,1598.0,1598.0
2019-05-15 23:00:00,81.82559000000002,81.82559000000002,1598.0,1598.0
2019-05-16 00:00:00,81.72318,81.72318,1596.0,1596.0
2019-05-16 01:00:00,81.72318,81.72318,1596.0,1596.0
2019-05-16 02:00:00,81.92799999999998,81.92799999999998,1600.0,1600.0
2019-05-16 03:00:00,81.87679499999999,81.87679499999999,1599.0,1599.0
2019-05-16 04:00:00,81.72318,81.72318,1596.0,1596.0
2019-05-16 05:00:00,81.82559000000002,81.82559000000002,1598.0,1598.0
2019-05-16 06:00:00,81.92799999999998,81.92799999999998,1600.0,1600.0
2019-05-16 07:00:00,141.069775,141.069775,2755.0,2755.0
2019-05-16 08:00:00,175.37712500000004,175.37712500000004,3425.0,3425.0
2019-05-16 09:00:00,330.88671000000005,330.88671000000005,6462.0,6462.0
2019-05-16 10:00:00,314.859545,314.8595450000001,6149.0,6149.0
2019-05-16 11:00:00,223.81705500000007,223.81705500000007,4371.0,4371.0
2019-05-16 12:00:00,179.78075499999997,179.78075499999997,3511.0,3511.0
2019-05-16 13:00:00,202.20854500000002,202.20854500000002,3949.0,3949.0
2019-05-16 14:00:00,234.058055,234.058055,4571.0,4571.0
2019-05-16 15:00:00,277.63351,277.63351,5422.0,5422.0
2019-05-16 16:00:00,279.98893999999996,279.98893999999996,5468.0,5468.0
2019-05-16 17:00:00,197.34407000000002,197.34407,3854.0,3854.0
2019-05-16 18:00:00,163.59997500000003,163.59997500000003,3195.0,3195.0
2019-05-16 19:00:00,112.90702500000002,112.90702500000003,2205.0,2205.0
2019-05-16 20:00:00,81.671975,81.67197499999999,1595.0,1595.0
2019-05-16 21:00:00,81.72318,81.72318,1596.0,1596.0
2019-05-16 22:00:00,81.82559000000002,81.82559000000002,1598.0,1598.0
2019-05-16 23:00:00,81.569565,81.569565,1593.0,1593.0
2019-05-17 00:00:00,81.87679499999999,81.87679499999999,1599.0,1599.0
2019-05-17 01:00:00,81.569565,81.569565,1593.0,1593.0
2019-05-17 02:00:00,81.92799999999998,81.92799999999998,1600.0,1600.0
2019-05-17 03:00:00,81.92799999999998,81.92799999999998,1600.0,1600.0
2019-05-17 04:00:00,81.82559000000002,81.82559000000002,1598.0,1598.0
2019-05-17 05:00:00,81.92799999999998,81.92799999999998,1600.0,1600.0
2019-05-17 06:00:00,81.62077,81.62077,1594.0,1594.0
2019-05-17 07:00:00,141.63303,141.63303,2766.0,2766.0
2019-05-17 08:00:00,176.96447999999998,176.96447999999998,3456.0,3456.0
2019-05-17 09:00:00,308.45892,308.45892,6024.0,6024.0
2019-05-17 10:00:00,308.305305,308.305305,6021.0,6021.0
2019-05-17 11:00:00,210.45254999999997,210.45254999999997,4110.0,4110.0
2019-05-17 12:00:00,177.57894,177.57894,3468.0,3468.0
2019-05-17 13:00:00,209.63326999999998,209.63326999999995,4094.0,4094.0
2019-05-17 14:00:00,238.10325,238.10324999999997,4650.0,4650.0
2019-05-17 15:00:00,283.214855,283.214855,5531.0,5531.0
2019-05-17 16:00:00,281.93473,281.93473,5506.0,5506.0
2019-05-17 17:00:00,198.16335,198.16335,3870.0,3870.0
2019-05-17 18:00:00,163.65118000000004,163.65118000000004,3196.0,3196.0
2019-05-17 19:00:00,91.70815499999998,91.70815499999998,1791.0,1791.0
2019-05-17 20:00:00,81.92799999999998,81.92799999999998,1600.0,1600.0
2019-05-17 21:00:00,81.72318,81.72318,1596.0,1596.0
2019-05-17 22:00:00,81.62077,81.62077,1594.0,1594.0
2019-05-17 23:00:00,81.92799999999998,81.92799999999998,1600.0,1600.0
2019-05-18 00:00:00,81.51836,81.51836,1592.0,1592.0
2019-05-18 01:00:00,81.87679499999999,81.87679499999999,1599.0,1599.0
2019-05-18 02:00:00,81.72318,81.72318,1596.0,1596.0
2019-05-18 03:00:00,81.51836,81.51836,1592.0,1592.0
2019-05-18 04:00:00,81.671975,81.67197499999999,1595.0,1595.0
2019-05-18 05:00:00,81.82559000000002,81.82559000000002,1598.0,1598.0
2019-05-18 06:00:00,81.77438500000002,81.77438500000002,1597.0,1597.0
2019-05-18 07:00:00,81.92799999999998,81.92799999999998,1600.0,1600.0
2019-05-18 08:00:00,81.467155,81.467155,1591.0,1591.0
2019-05-18 09:00:00,81.671975,81.67197499999999,1595.0,1595.0
2019-05-18 10:00:00,81.92799999999998,81.92799999999998,1600.0,1600.0
2019-05-18 11:00:00,81.51836,81.51836,1592.0,1592.0
2019-05-18 12:00:00,81.87679499999999,81.87679499999999,1599.0,1599.0
2019-05-18 13:00:00,81.72318,81.72318,1596.0,1596.0
2019-05-18 14:00:00,81.51836,81.51836,1592.0,1592.0
2019-05-18 15:00:00,81.92799999999998,81.92799999999998,1600.0,1600.0
2019-05-18 16:00:00,81.92799999999998,81.92799999999998,1600.0,1600.0
2019-05-18 17:00:00,81.72318,81.72318,1596.0,1596.0
2019-05-18 18:00:00,81.82559000000002,81.82559000000002,1598.0,1598.0
2019-05-18 19:00:00,81.92799999999998,81.92799999999998,1600.0,1600.0
2019-05-18 20:00:00,81.62077,81.62077,1594.0,1594.0
2019-05-18 21:00:00,81.92799999999998,81.92799999999998,1600.0,1600.0
2019-05-18 22:00:00,81.82559000000002,81.82559000000002,1598.0,1598.0
2019-05-18 23:00:00,81.82559000000002,81.82559000000002,1598.0,1598.0
2019-05-19 00:00:00,81.72318,81.72318,1596.0,1596.0
2019-05-19 01:00:00,81.569565,81.569565,1593.0,1593.0
2019-05-19 02:00:00,81.467155,81.467155,1591.0,1591.0
2019-05-19 03:00:00,81.77438500000002,81.77438500000002,1597.0,1597.0
2019-05-19 04:00:00,81.87679499999999,81.87679499999999,1599.0,1599.0
2019-05-19 05:00:00,81.72318,81.72318,1596.0,1596.0
2019-05-19 06:00:00,81.82559000000002,81.82559000000002,1598.0,1598.0
2019-05-19 07:00:00,81.51836,81.51836,1592.0,1592.0
2019-05-19 08:00:00,81.82559000000002,81.82559000000002,1598.0,1598.0
2019-05-19 09:00:00,81.92799999999998,81.92799999999998,1600.0,1600.0
2019-05-19 10:00:00,81.82559000000002,81.82559000000002,1598.0,1598.0
2019-05-19 11:00:00,81.77438500000002,81.77438500000002,1597.0,1597.0
2019-05-19 12:00:00,81.92799999999998,81.92799999999998,1600.0,1600.0
2019-05-19 13:00:00,81.77438500000002,81.77438500000002,1597.0,1597.0
2019-05-19 14:00:00,81.92799999999998,81.92799999999998,1600.0,1600.0
2019-05-19 15:00:00,81.87679499999999,81.87679499999999,1599.0,1599.0
2019-05-19 16:00:00,81.51836,81.51836,1592.0,1592.0
2019-05-19 17:00:00,81.82559000000002,81.82559000000002,1598.0,1598.0
2019-05-19 18:00:00,81.671975,81.67197499999999,1595.0,1595.0
2019-05-19 19:00:00,81.92799999999998,81.92799999999998,1600.0,1600.0
2019-05-19 20:00:00,81.87679499999999,81.87679499999999,1599.0,1599.0
2019-05-19 21:00:00,81.671975,81.67197499999999,1595.0,1595.0
2019-05-19 22:00:00,81.364745,81.364745,1589.0,1589.0
2019-05-19 23:00:00,81.72318,81.72318,1596.0,1596.0
2019-05-20 00:00:00,81.92799999999998,81.92799999999998,1600.0,1600.0
2019-05-20 01:00:00,81.51836,81.51836,1592.0,1592.0
2019-05-20 02:00:00,81.671975,81.67197499999999,1595.0,1595.0
2019-05-20 03:00:00,81.51836,81.51836,1592.0,1592.0
2019-05-20 04:00:00,81.51836,81.51836,1592.0,1592.0
2019-05-20 05:00:00,81.62077,81.62077,1594.0,1594.0
2019-05-20 06:00:00,81.41595,81.41595,1590.0,1590.0
2019-05-20 07:00:00,146.24148,146.24148,2856.0,2856.0
2019-05-20 08:00:00,174.71146,174.71146,3412.0,3412.0
2019-05-20 09:00:00,308.15169,308.1516899999999,6018.0,6018.0
2019-05-20 10:00:00,309.63663499999996,309.63663499999996,6047.0,6047.0
2019-05-20 11:00:00,226.01887000000005,226.01887000000005,4414.0,4414.0
2019-05-20 12:00:00,178.24460500000006,178.24460500000006,3481.0,3481.0
2019-05-20 13:00:00,209.37724499999996,209.37724499999996,4089.0,4089.0
2019-05-20 14:00:00,234.00685000000004,234.00685000000004,4570.0,4570.0
2019-05-20 15:00:00,278.81122500000004,278.81122500000004,5445.0,5445.0
2019-05-20 16:00:00,285.365465,285.365465,5573.0,5573.0
2019-05-20 17:00:00,192.01875,192.01875,3750.0,3750.0
2019-05-20 18:00:00,163.03672,163.03672,3184.0,3184.0
2019-05-20 19:00:00,92.37382000000002,92.37382000000002,1804.0,1804.0
2019-05-20 20:00:00,81.82559000000002,81.82559000000002,1598.0,1598.0
2019-05-20 21:00:00,81.77438500000002,81.77438500000002,1597.0,1597.0
2019-05-20 22:00:00,81.569565,81.569565,1593.0,1593.0
2019-05-20 23:00:00,81.72318,81.72318,1596.0,1596.0
2019-05-21 00:00:00,81.62077,81.62077,1594.0,1594.0
2019-05-21 01:00:00,81.77438500000002,81.77438500000002,1597.0,1597.0
2019-05-21 02:00:00,81.671975,81.67197499999999,1595.0,1595.0
2019-05-21 03:00:00,81.82559000000002,81.82559000000002,1598.0,1598.0
2019-05-21 04:00:00,81.72318,81.72318,1596.0,1596.0
2019-05-21 05:00:00,81.671975,81.67197499999999,1595.0,1595.0
2019-05-21 06:00:00,81.82559000000002,81.82559000000002,1598.0,1598.0
2019-05-21 07:00:00,142.65712999999997,142.65712999999997,2786.0,2786.0
2019-05-21 08:00:00,174.66025500000003,174.66025500000006,3411.0,3411.0
2019-05-21 09:00:00,308.76615000000004,308.76615000000004,6030.0,6030.0
2019-05-21 10:00:00,305.028185,305.028185,5957.0,5957.0
2019-05-21 11:00:00,220.13029500000002,220.13029500000002,4299.0,4299.0
2019-05-21 12:00:00,180.24159999999998,180.24159999999998,3520.0,3520.0
2019-05-21 13:00:00,208.19952999999998,208.19952999999998,4066.0,4066.0
2019-05-21 14:00:00,237.130355,237.130355,4631.0,4631.0
2019-05-21 15:00:00,282.49798499999997,282.49798499999997,5517.0,5517.0
2019-05-21 16:00:00,279.68171,279.68171,5462.0,5462.0
2019-05-21 17:00:00,193.14526000000006,193.14526000000006,3772.0,3772.0
2019-05-21 18:00:00,127.244425,127.24442500000002,2485.0,2485.0
2019-05-21 19:00:00,81.41595,81.41595,1590.0,1590.0
2019-05-21 20:00:00,81.92799999999998,81.92799999999998,1600.0,1600.0
2019-05-21 21:00:00,81.51836,81.51836,1592.0,1592.0
2019-05-21 22:00:00,81.31354,81.31354,1588.0,1588.0
2019-05-21 23:00:00,81.671975,81.67197499999999,1595.0,1595.0
2019-05-22 00:00:00,81.262335,81.262335,1587.0,1587.0
2019-05-22 01:00:00,81.51836,81.51836,1592.0,1592.0
2019-05-22 02:00:00,81.31354,81.31354,1588.0,1588.0
2019-05-22 03:00:00,81.92799999999998,81.92799999999998,1600.0,1600.0
2019-05-22 04:00:00,81.467155,81.467155,1591.0,1591.0
2019-05-22 05:00:00,81.82559000000002,81.82559000000002,1598.0,1598.0
2019-05-22 06:00:00,81.51836,81.51836,1592.0,1592.0
2019-05-22 07:00:00,149.877035,149.877035,2927.0,2927.0
2019-05-22 08:00:00,173.48254000000003,173.48254000000003,3388.0,3388.0
2019-05-22 09:00:00,309.48302,309.48302,6044.0,6044.0
2019-05-22 10:00:00,309.84145500000005,309.84145500000005,6051.0,6051.0
2019-05-22 11:00:00,226.22369,226.22369,4418.0,4418.0
2019-05-22 12:00:00,178.60304000000002,178.60304000000005,3488.0,3488.0
2019-05-22 13:00:00,210.29893499999997,210.29893499999997,4107.0,4107.0
2019-05-22 14:00:00,239.22976,239.22975999999997,4672.0,4672.0
2019-05-22 15:00:00,275.99494999999996,275.99494999999996,5390.0,5390.0
2019-05-22 16:00:00,266.98287000000005,266.98287000000005,5214.0,5214.0
2019-05-22 17:00:00,186.84704499999995,186.84704499999995,3649.0,3649.0
2019-05-22 18:00:00,163.03672,163.03672,3184.0,3184.0
2019-05-22 19:00:00,101.59072,101.59072,1984.0,1984.0
2019-05-22 20:00:00,81.92799999999998,81.92799999999998,1600.0,1600.0
2019-05-22 21:00:00,81.77438500000002,81.77438500000002,1597.0,1597.0
2019-05-22 22:00:00,81.62077,81.62077,1594.0,1594.0
2019-05-22 23:00:00,81.62077,81.62077,1594.0,1594.0
2019-05-23 00:00:00,81.87679499999999,81.87679499999999,1599.0,1599.0
2019-05-23 01:00:00,81.467155,81.467155,1591.0,1591.0
2019-05-23 02:00:00,81.82559000000002,81.82559000000002,1598.0,1598.0
2019-05-23 03:00:00,81.72318,81.72318,1596.0,1596.0
2019-05-23 04:00:00,81.82559000000002,81.82559000000002,1598.0,1598.0
2019-05-23 05:00:00,81.671975,81.67197499999999,1595.0,1595.0
2019-05-23 06:00:00,81.72318,81.72318,1596.0,1596.0
2019-05-23 07:00:00,136.97337499999998,136.97337499999998,2675.0,2675.0
2019-05-23 08:00:00,180.44642,180.44642,3524.0,3524.0
2019-05-23 09:00:00,309.99507000000006,309.99507,6054.0,6054.0
2019-05-23 10:00:00,311.12158,311.12158,6076.0,6076.0
2019-05-23 11:00:00,221.25680499999996,221.25680499999993,4321.0,4321.0
2019-05-23 12:00:00,178.449425,178.449425,3485.0,3485.0
2019-05-23 13:00:00,206.25374000000002,206.25374000000002,4028.0,4028.0
2019-05-23 14:00:00,228.47671,228.47671,4462.0,4462.0
2019-05-23 15:00:00,279.06725000000006,279.06725000000006,5450.0,5450.0
2019-05-23 16:00:00,280.040145,280.040145,5469.0,5469.0
2019-05-23 17:00:00,191.86513499999998,191.86513499999998,3747.0,3747.0
2019-05-23 18:00:00,158.42827,158.42827,3094.0,3094.0
2019-05-23 19:00:00,81.92799999999998,81.92799999999998,1600.0,1600.0
2019-05-23 20:00:00,81.82559000000002,81.82559000000002,1598.0,1598.0
2019-05-23 21:00:00,81.77438500000002,81.77438500000002,1597.0,1597.0
2019-05-23 22:00:00,81.77438500000002,81.77438500000002,1597.0,1597.0
2019-05-23 23:00:00,81.82559000000002,81.82559000000002,1598.0,1598.0
2019-05-24 00:00:00,81.92799999999998,81.92799999999998,1600.0,1600.0
2019-05-24 01:00:00,81.62077,81.62077,1594.0,1594.0
2019-05-24 02:00:00,81.41595,81.41595,1590.0,1590.0
2019-05-24 03:00:00,81.87679499999999,81.87679499999999,1599.0,1599.0
2019-05-24 04:00:00,81.82559000000002,81.82559000000002,1598.0,1598.0
2019-05-24 05:00:00,81.41595,81.41595,1590.0,1590.0
2019-05-24 06:00:00,81.72318,81.72318,1596.0,1596.0
2019-05-24 07:00:00,147.26558,147.26558,2876.0,2876.0
2019-05-24 08:00:00,164.624075,164.624075,3215.0,3215.0
2019-05-24 09:00:00,290.998015,290.998015,5683.0,5683.0
2019-05-24 10:00:00,309.226995,309.226995,6039.0,6039.0
2019-05-24 11:00:00,224.43151499999996,224.43151499999996,4383.0,4383.0
2019-05-24 12:00:00,175.53074000000004,175.53074000000004,3428.0,3428.0
2019-05-24 13:00:00,215.67546000000002,215.67546000000002,4212.0,4212.0
2019-05-24 14:00:00,236.87433,236.87433,4626.0,4626.0
2019-05-24 15:00:00,278.9648399999999,278.9648399999999,5448.0,5448.0
2019-05-24 16:00:00,290.79319499999997,290.79319499999997,5679.0,5679.0
2019-05-24 17:00:00,190.226575,190.22657500000003,3715.0,3715.0
2019-05-24 18:00:00,163.03672,163.03672,3184.0,3184.0
2019-05-24 19:00:00,86.48524499999999,86.48524499999999,1689.0,1689.0
2019-05-24 20:00:00,81.77438500000002,81.77438500000002,1597.0,1597.0
2019-05-24 21:00:00,81.51836,81.51836,1592.0,1592.0
2019-05-24 22:00:00,81.92799999999998,81.92799999999998,1600.0,1600.0
2019-05-24 23:00:00,81.87679499999999,81.87679499999999,1599.0,1599.0
2019-05-25 00:00:00,81.87679499999999,81.87679499999999,1599.0,1599.0
2019-05-25 01:00:00,81.671975,81.67197499999999,1595.0,1595.0
2019-05-25 02:00:00,81.82559000000002,81.82559000000002,1598.0,1598.0
2019-05-25 03:00:00,81.77438500000002,81.77438500000002,1597.0,1597.0
2019-05-25 04:00:00,81.92799999999998,81.92799999999998,1600.0,1600.0
2019-05-25 05:00:00,81.72318,81.72318,1596.0,1596.0
2019-05-25 06:00:00,81.671975,81.67197499999999,1595.0,1595.0
2019-05-25 07:00:00,81.87679499999999,81.87679499999999,1599.0,1599.0
2019-05-25 08:00:00,81.77438500000002,81.77438500000002,1597.0,1597.0
2019-05-25 09:00:00,81.72318,81.72318,1596.0,1596.0
2019-05-25 10:00:00,81.82559000000002,81.82559000000002,1598.0,1598.0
2019-05-25 11:00:00,81.77438500000002,81.77438500000002,1597.0,1597.0
2019-05-25 12:00:00,81.87679499999999,81.87679499999999,1599.0,1599.0
2019-05-25 13:00:00,81.62077,81.62077,1594.0,1594.0
2019-05-25 14:00:00,81.92799999999998,81.92799999999998,1600.0,1600.0
2019-05-25 15:00:00,81.72318,81.72318,1596.0,1596.0
2019-05-25 16:00:00,81.569565,81.569565,1593.0,1593.0
2019-05-25 17:00:00,81.51836,81.51836,1592.0,1592.0
2019-05-25 18:00:00,81.82559000000002,81.82559000000002,1598.0,1598.0
2019-05-25 19:00:00,81.92799999999998,81.92799999999998,1600.0,1600.0
2019-05-25 20:00:00,81.72318,81.72318,1596.0,1596.0
2019-05-25 21:00:00,81.72318,81.72318,1596.0,1596.0
2019-05-25 22:00:00,81.72318,81.72318,1596.0,1596.0
2019-05-25 23:00:00,81.92799999999998,81.92799999999998,1600.0,1600.0
2019-05-26 00:00:00,81.87679499999999,81.87679499999999,1599.0,1599.0
2019-05-26 01:00:00,81.31354,81.31354,1588.0,1588.0
2019-05-26 02:00:00,81.82559000000002,81.82559000000002,1598.0,1598.0
2019-05-26 03:00:00,81.87679499999999,81.87679499999999,1599.0,1599.0
2019-05-26 04:00:00,81.41595,81.41595,1590.0,1590.0
2019-05-26 05:00:00,81.92799999999998,81.92799999999998,1600.0,1600.0
2019-05-26 06:00:00,81.467155,81.467155,1591.0,1591.0
2019-05-26 07:00:00,81.82559000000002,81.82559000000002,1598.0,1598.0
2019-05-26 08:00:00,81.82559000000002,81.82559000000002,1598.0,1598.0
2019-05-26 09:00:00,81.51836,81.51836,1592.0,1592.0
2019-05-26 10:00:00,81.82559000000002,81.82559000000002,1598.0,1598.0
2019-05-26 11:00:00,81.87679499999999,81.87679499999999,1599.0,1599.0
2019-05-26 12:00:00,81.467155,81.467155,1591.0,1591.0
2019-05-26 13:00:00,81.62077,81.62077,1594.0,1594.0
2019-05-26 14:00:00,81.569565,81.569565,1593.0,1593.0
2019-05-26 15:00:00,81.92799999999998,81.92799999999998,1600.0,1600.0
2019-05-26 16:00:00,81.92799999999998,81.92799999999998,1600.0,1600.0
2019-05-26 17:00:00,81.87679499999999,81.87679499999999,1599.0,1599.0
2019-05-26 18:00:00,81.77438500000002,81.77438500000002,1597.0,1597.0
2019-05-26 19:00:00,81.569565,81.569565,1593.0,1593.0
2019-05-26 20:00:00,81.51836,81.51836,1592.0,1592.0
2019-05-26 21:00:00,81.92799999999998,81.92799999999998,1600.0,1600.0
2019-05-26 22:00:00,81.92799999999998,81.92799999999998,1600.0,1600.0
2019-05-26 23:00:00,81.671975,81.67197499999999,1595.0,1595.0
2019-05-27 00:00:00,81.72318,81.72318,1596.0,1596.0
2019-05-27 01:00:00,81.87679499999999,81.87679499999999,1599.0,1599.0
2019-05-27 02:00:00,81.72318,81.72318,1596.0,1596.0
2019-05-27 03:00:00,81.82559000000002,81.82559000000002,1598.0,1598.0
2019-05-27 04:00:00,81.77438500000002,81.77438500000002,1597.0,1597.0
2019-05-27 05:00:00,81.569565,81.569565,1593.0,1593.0
2019-05-27 06:00:00,81.87679499999999,81.87679499999999,1599.0,1599.0
2019-05-27 07:00:00,148.64811499999996,148.648115,2903.0,2903.0
2019-05-27 08:00:00,166.00661000000002,166.00661000000002,3242.0,3242.0
2019-05-27 09:00:00,313.63062499999995,313.63062499999995,6125.0,6125.0
2019-05-27 10:00:00,305.84746499999994,305.84746499999994,5973.0,5973.0
2019-05-27 11:00:00,218.95257999999995,218.95257999999995,4276.0,4276.0
2019-05-27 12:00:00,180.95846999999998,180.95847,3534.0,3534.0
2019-05-27 13:00:00,207.48266,207.48266,4052.0,4052.0
2019-05-27 14:00:00,241.68759999999995,241.68759999999992,4720.0,4720.0
2019-05-27 15:00:00,274.66362000000004,274.66362000000004,5364.0,5364.0
2019-05-27 16:00:00,284.59739,284.59739,5558.0,5558.0
2019-05-27 17:00:00,189.816935,189.816935,3707.0,3707.0
2019-05-27 18:00:00,163.44636000000003,163.44636000000003,3192.0,3192.0
2019-05-27 19:00:00,89.35272500000002,89.35272500000002,1745.0,1745.0
2019-05-27 20:00:00,81.569565,81.569565,1593.0,1593.0
2019-05-27 21:00:00,81.77438500000002,81.77438500000002,1597.0,1597.0
2019-05-27 22:00:00,81.77438500000002,81.77438500000002,1597.0,1597.0
2019-05-27 23:00:00,81.77438500000002,81.77438500000002,1597.0,1597.0
2019-05-28 00:00:00,81.92799999999998,81.92799999999998,1600.0,1600.0
2019-05-28 01:00:00,81.41595,81.41595,1590.0,1590.0
2019-05-28 02:00:00,81.77438500000002,81.77438500000002,1597.0,1597.0
2019-05-28 03:00:00,81.364745,81.364745,1589.0,1589.0
2019-05-28 04:00:00,81.87679499999999,81.87679499999999,1599.0,1599.0
2019-05-28 05:00:00,81.671975,81.67197499999999,1595.0,1595.0
2019-05-28 06:00:00,81.671975,81.67197499999999,1595.0,1595.0
2019-05-28 07:00:00,133.44022999999999,133.44022999999999,2606.0,2606.0
2019-05-28 08:00:00,164.57286999999997,164.57287,3214.0,3214.0
2019-05-28 09:00:00,303.33842,303.33842,5924.0,5924.0
2019-05-28 10:00:00,309.32940500000007,309.32940500000007,6041.0,6041.0
2019-05-28 11:00:00,215.98269000000002,215.98269000000005,4218.0,4218.0
2019-05-28 12:00:00,180.19039500000002,180.19039500000005,3519.0,3519.0
2019-05-28 13:00:00,201.64529,201.64529,3938.0,3938.0
2019-05-28 14:00:00,245.015925,245.015925,4785.0,4785.0
2019-05-28 15:00:00,281.42268,281.42268,5496.0,5496.0
2019-05-28 16:00:00,267.54612499999996,267.54612499999996,5225.0,5225.0
2019-05-28 17:00:00,190.94344499999997,190.94344499999997,3729.0,3729.0
2019-05-28 18:00:00,147.31678499999998,147.31678499999998,2877.0,2877.0
2019-05-28 19:00:00,81.82559000000002,81.82559000000002,1598.0,1598.0
2019-05-28 20:00:00,81.82559000000002,81.82559000000002,1598.0,1598.0
2019-05-28 21:00:00,81.51836,81.51836,1592.0,1592.0
2019-05-28 22:00:00,81.87679499999999,81.87679499999999,1599.0,1599.0
2019-05-28 23:00:00,81.82559000000002,81.82559000000002,1598.0,1598.0
2019-05-29 00:00:00,81.92799999999998,81.92799999999998,1600.0,1600.0
2019-05-29 01:00:00,81.92799999999998,81.92799999999998,1600.0,1600.0
2019-05-29 02:00:00,81.77438500000002,81.77438500000002,1597.0,1597.0
2019-05-29 03:00:00,81.82559000000002,81.82559000000002,1598.0,1598.0
2019-05-29 04:00:00,81.82559000000002,81.82559000000002,1598.0,1598.0
2019-05-29 05:00:00,81.92799999999998,81.92799999999998,1600.0,1600.0
2019-05-29 06:00:00,81.92799999999998,81.92799999999998,1600.0,1600.0
2019-05-29 07:00:00,143.78364,143.78364,2808.0,2808.0
2019-05-29 08:00:00,174.81387000000004,174.81387000000004,3414.0,3414.0
2019-05-29 09:00:00,313.425805,313.425805,6121.0,6121.0
2019-05-29 10:00:00,321.36258000000004,321.36258000000004,6276.0,6276.0
2019-05-29 11:00:00,225.66043499999995,225.66043499999998,4407.0,4407.0
2019-05-29 12:00:00,180.95846999999998,180.95847,3534.0,3534.0
2019-05-29 13:00:00,202.87420999999998,202.87420999999998,3962.0,3962.0
2019-05-29 14:00:00,230.32009,230.32009,4498.0,4498.0
2019-05-29 15:00:00,276.76302499999997,276.76302499999997,5405.0,5405.0
2019-05-29 16:00:00,275.02205499999997,275.02205499999997,5371.0,5371.0
2019-05-29 17:00:00,196.26876500000003,196.26876500000003,3833.0,3833.0
2019-05-29 18:00:00,163.59997499999997,163.59997499999997,3195.0,3195.0
2019-05-29 19:00:00,90.22321,90.22321,1762.0,1762.0
2019-05-29 20:00:00,81.92799999999998,81.92799999999998,1600.0,1600.0
2019-05-29 21:00:00,81.671975,81.67197499999999,1595.0,1595.0
2019-05-29 22:00:00,81.82559000000002,81.82559000000002,1598.0,1598.0
2019-05-29 23:00:00,81.92799999999998,81.92799999999998,1600.0,1600.0
2019-05-30 00:00:00,81.82559000000002,81.82559000000002,1598.0,1598.0
2019-05-30 01:00:00,81.72318,81.72318,1596.0,1596.0
2019-05-30 02:00:00,81.77438500000002,81.77438500000002,1597.0,1597.0
2019-05-30 03:00:00,81.87679499999999,81.87679499999999,1599.0,1599.0
2019-05-30 04:00:00,81.364745,81.364745,1589.0,1589.0
2019-05-30 05:00:00,81.82559000000002,81.82559000000002,1598.0,1598.0
2019-05-30 06:00:00,81.82559000000002,81.82559000000002,1598.0,1598.0
2019-05-30 07:00:00,81.77438500000002,81.77438500000002,1597.0,1597.0
2019-05-30 08:00:00,81.92799999999998,81.92799999999998,1600.0,1600.0
2019-05-30 09:00:00,81.569565,81.569565,1593.0,1593.0
2019-05-30 10:00:00,81.87679499999999,81.87679499999999,1599.0,1599.0
2019-05-30 11:00:00,81.467155,81.467155,1591.0,1591.0
2019-05-30 12:00:00,81.82559000000002,81.82559000000002,1598.0,1598.0
2019-05-30 13:00:00,81.671975,81.67197499999999,1595.0,1595.0
2019-05-30 14:00:00,81.92799999999998,81.92799999999998,1600.0,1600.0
2019-05-30 15:00:00,81.77438500000002,81.77438500000002,1597.0,1597.0
2019-05-30 16:00:00,81.62077,81.62077,1594.0,1594.0
2019-05-30 17:00:00,81.77438500000002,81.77438500000002,1597.0,1597.0
2019-05-30 18:00:00,81.51836,81.51836,1592.0,1592.0
2019-05-30 19:00:00,81.62077,81.62077,1594.0,1594.0
2019-05-30 20:00:00,81.87679499999999,81.87679499999999,1599.0,1599.0
2019-05-30 21:00:00,81.77438500000002,81.77438500000002,1597.0,1597.0
2019-05-30 22:00:00,81.51836,81.51836,1592.0,1592.0
2019-05-30 23:00:00,81.72318,81.72318,1596.0,1596.0
2019-05-31 00:00:00,81.467155,81.467155,1591.0,1591.0
2019-05-31 01:00:00,81.87679499999999,81.87679499999999,1599.0,1599.0
2019-05-31 02:00:00,81.569565,81.569565,1593.0,1593.0
2019-05-31 03:00:00,81.77438500000002,81.77438500000002,1597.0,1597.0
2019-05-31 04:00:00,81.92799999999998,81.92799999999998,1600.0,1600.0
2019-05-31 05:00:00,81.82559000000002,81.82559000000002,1598.0,1598.0
2019-05-31 06:00:00,81.82559000000002,81.82559000000002,1598.0,1598.0
2019-05-31 07:00:00,144.75653499999996,144.75653499999996,2827.0,2827.0
2019-05-31 08:00:00,167.03070999999997,167.03070999999997,3262.0,3262.0
2019-05-31 09:00:00,312.29929500000003,312.29929500000003,6099.0,6099.0
2019-05-31 10:00:00,296.27213,296.27213,5786.0,5786.0
2019-05-31 11:00:00,225.71164,225.71164,4408.0,4408.0
2019-05-31 12:00:00,181.21449500000003,181.21449500000003,3539.0,3539.0
2019-05-31 13:00:00,208.19953,208.19953,4066.0,4066.0
2019-05-31 14:00:00,235.18456500000002,235.18456500000002,4593.0,4593.0
2019-05-31 15:00:00,276.046155,276.046155,5391.0,5391.0
2019-05-31 16:00:00,285.41667,285.41667,5574.0,5574.0
2019-05-31 17:00:00,186.43740499999998,186.43740499999998,3641.0,3641.0
2019-05-31 18:00:00,155.50958500000002,155.50958500000002,3037.0,3037.0
2019-05-31 19:00:00,81.569565,81.569565,1593.0,1593.0
2019-05-31 20:00:00,81.72318,81.72318,1596.0,1596.0
2019-05-31 21:00:00,81.72318,81.72318,1596.0,1596.0
2019-05-31 22:00:00,81.82559000000002,81.82559000000002,1598.0,1598.0
2019-05-31 23:00:00,81.87679499999999,81.87679499999999,1599.0,1599.0
2019-06-01 00:00:00,81.671975,81.67197499999999,1595.0,1595.0
2019-06-01 01:00:00,81.92799999999998,81.92799999999998,1600.0,1600.0
2019-06-01 02:00:00,81.671975,81.67197499999999,1595.0,1595.0
2019-06-01 03:00:00,81.82559000000002,81.82559000000002,1598.0,1598.0
2019-06-01 04:00:00,81.82559000000002,81.82559000000002,1598.0,1598.0
2019-06-01 05:00:00,81.87679499999999,81.87679499999999,1599.0,1599.0
2019-06-01 06:00:00,81.87679499999999,81.87679499999999,1599.0,1599.0
2019-06-01 07:00:00,81.51836,81.51836,1592.0,1592.0
2019-06-01 08:00:00,81.41595,81.41595,1590.0,1590.0
2019-06-01 09:00:00,81.77438500000002,81.77438500000002,1597.0,1597.0
2019-06-01 10:00:00,81.72318,81.72318,1596.0,1596.0
2019-06-01 11:00:00,81.92799999999998,81.92799999999998,1600.0,1600.0
2019-06-01 12:00:00,81.77438500000002,81.77438500000002,1597.0,1597.0
2019-06-01 13:00:00,81.569565,81.569565,1593.0,1593.0
2019-06-01 14:00:00,81.72318,81.72318,1596.0,1596.0
2019-06-01 15:00:00,81.82559000000002,81.82559000000002,1598.0,1598.0
2019-06-01 16:00:00,81.82559000000002,81.82559000000002,1598.0,1598.0
2019-06-01 17:00:00,81.92799999999998,81.92799999999998,1600.0,1600.0
2019-06-01 18:00:00,81.82559000000002,81.82559000000002,1598.0,1598.0
2019-06-01 19:00:00,81.87679499999999,81.87679499999999,1599.0,1599.0
2019-06-01 20:00:00,81.671975,81.67197499999999,1595.0,1595.0
2019-06-01 21:00:00,81.82559000000002,81.82559000000002,1598.0,1598.0
2019-06-01 22:00:00,81.82559000000002,81.82559000000002,1598.0,1598.0
2019-06-01 23:00:00,81.87679499999999,81.87679499999999,1599.0,1599.0
2019-06-02 00:00:00,81.72318,81.72318,1596.0,1596.0
2019-06-02 01:00:00,81.671975,81.67197499999999,1595.0,1595.0
2019-06-02 02:00:00,81.671975,81.67197499999999,1595.0,1595.0
2019-06-02 03:00:00,81.671975,81.67197499999999,1595.0,1595.0
2019-06-02 04:00:00,81.62077,81.62077,1594.0,1594.0
2019-06-02 05:00:00,81.41595,81.41595,1590.0,1590.0
2019-06-02 06:00:00,81.77438500000002,81.77438500000002,1597.0,1597.0
2019-06-02 07:00:00,81.569565,81.569565,1593.0,1593.0
2019-06-02 08:00:00,81.92799999999998,81.92799999999998,1600.0,1600.0
2019-06-02 09:00:00,81.92799999999998,81.92799999999998,1600.0,1600.0
2019-06-02 10:00:00,81.51836,81.51836,1592.0,1592.0
2019-06-02 11:00:00,81.92799999999998,81.92799999999998,1600.0,1600.0
2019-06-02 12:00:00,81.87679499999999,81.87679499999999,1599.0,1599.0
2019-06-02 13:00:00,81.51836,81.51836,1592.0,1592.0
2019-06-02 14:00:00,81.82559000000002,81.82559000000002,1598.0,1598.0
2019-06-02 15:00:00,81.82559000000002,81.82559000000002,1598.0,1598.0
2019-06-02 16:00:00,81.87679499999999,81.87679499999999,1599.0,1599.0
2019-06-02 17:00:00,81.92799999999998,81.92799999999998,1600.0,1600.0
2019-06-02 18:00:00,81.77438500000002,81.77438500000002,1597.0,1597.0
2019-06-02 19:00:00,81.62077,81.62077,1594.0,1594.0
2019-06-02 20:00:00,81.72318,81.72318,1596.0,1596.0
2019-06-02 21:00:00,81.82559000000002,81.82559000000002,1598.0,1598.0
2019-06-02 22:00:00,81.62077,81.62077,1594.0,1594.0
2019-06-02 23:00:00,81.72318,81.72318,1596.0,1596.0
2019-06-03 00:00:00,81.87679499999999,81.87679499999999,1599.0,1599.0
2019-06-03 01:00:00,81.467155,81.467155,1591.0,1591.0
2019-06-03 02:00:00,81.72318,81.72318,1596.0,1596.0
2019-06-03 03:00:00,81.77438500000002,81.77438500000002,1597.0,1597.0
2019-06-03 04:00:00,81.87679499999999,81.87679499999999,1599.0,1599.0
2019-06-03 05:00:00,81.82559000000002,81.82559000000002,1598.0,1598.0
2019-06-03 06:00:00,81.51836,81.51836,1592.0,1592.0
2019-06-03 07:00:00,144.50051,144.50051,2822.0,2822.0
2019-06-03 08:00:00,175.83797,175.83797,3434.0,3434.0
2019-06-03 09:00:00,304.208905,304.208905,5941.0,5941.0
2019-06-03 10:00:00,309.739045,309.739045,6049.0,6049.0
2019-06-03 11:00:00,213.67846499999996,213.67846499999996,4173.0,4173.0
2019-06-03 12:00:00,172.66326,172.66326,3372.0,3372.0
2019-06-03 13:00:00,202.66939000000005,202.66939000000008,3958.0,3958.0
2019-06-03 14:00:00,236.77192000000002,236.77192000000002,4624.0,4624.0
2019-06-03 15:00:00,273.178675,273.178675,5335.0,5335.0
2019-06-03 16:00:00,280.29617,280.29617,5474.0,5474.0
2019-06-03 17:00:00,193.09405499999997,193.09405499999997,3771.0,3771.0
2019-06-03 18:00:00,134.15709999999999,134.15709999999999,2620.0,2620.0
2019-06-03 19:00:00,81.82559000000002,81.82559000000002,1598.0,1598.0
2019-06-03 20:00:00,81.671975,81.67197499999999,1595.0,1595.0
2019-06-03 21:00:00,81.62077,81.62077,1594.0,1594.0
2019-06-03 22:00:00,81.87679499999999,81.87679499999999,1599.0,1599.0
2019-06-03 23:00:00,81.467155,81.467155,1591.0,1591.0
2019-06-04 00:00:00,81.51836,81.51836,1592.0,1592.0
2019-06-04 01:00:00,81.41595,81.41595,1590.0,1590.0
2019-06-04 02:00:00,81.87679499999999,81.87679499999999,1599.0,1599.0
2019-06-04 03:00:00,81.87679499999999,81.87679499999999,1599.0,1599.0
2019-06-04 04:00:00,81.671975,81.67197499999999,1595.0,1595.0
2019-06-04 05:00:00,81.82559000000002,81.82559000000002,1598.0,1598.0
2019-06-04 06:00:00,81.87679499999999,81.87679499999999,1599.0,1599.0
2019-06-04 07:00:00,137.33181000000002,137.33181000000002,2682.0,2682.0
2019-06-04 08:00:00,164.47046,164.47046,3212.0,3212.0
2019-06-04 09:00:00,318.13666500000005,318.13666500000005,6213.0,6213.0
2019-06-04 10:00:00,307.23,307.23,6000.0,6000.0
2019-06-04 11:00:00,225.455615,225.45561500000002,4403.0,4403.0
2019-06-04 12:00:00,177.88617,177.88617,3474.0,3474.0
2019-06-04 13:00:00,204.00072000000006,204.00072000000006,3984.0,3984.0
2019-06-04 14:00:00,240.45868,240.45868,4696.0,4696.0
2019-06-04 15:00:00,284.49498,284.49498,5556.0,5556.0
2019-06-04 16:00:00,285.51908,285.51908,5576.0,5576.0
2019-06-04 17:00:00,192.42839000000004,192.42839000000004,3758.0,3758.0
2019-06-04 18:00:00,142.86194999999998,142.86194999999998,2790.0,2790.0
2019-06-04 19:00:00,81.87679499999999,81.87679499999999,1599.0,1599.0
2019-06-04 20:00:00,81.87679499999999,81.87679499999999,1599.0,1599.0
2019-06-04 21:00:00,81.671975,81.67197499999999,1595.0,1595.0
2019-06-04 22:00:00,81.92799999999998,81.92799999999998,1600.0,1600.0
2019-06-04 23:00:00,81.87679499999999,81.87679499999999,1599.0,1599.0
2019-06-05 00:00:00,81.72318,81.72318,1596.0,1596.0
2019-06-05 01:00:00,81.41595,81.41595,1590.0,1590.0
2019-06-05 02:00:00,81.92799999999998,81.92799999999998,1600.0,1600.0
2019-06-05 03:00:00,81.77438500000002,81.77438500000002,1597.0,1597.0
2019-06-05 04:00:00,81.41595,81.41595,1590.0,1590.0
2019-06-05 05:00:00,81.569565,81.569565,1593.0,1593.0
2019-06-05 06:00:00,81.87679499999999,81.87679499999999,1599.0,1599.0
2019-06-05 07:00:00,140.45531499999998,140.45531499999998,2743.0,2743.0
2019-06-05 08:00:00,165.64817500000004,165.64817500000004,3235.0,3235.0
2019-06-05 09:00:00,309.022175,309.022175,6035.0,6035.0
2019-06-05 10:00:00,308.817355,308.817355,6031.0,6031.0
2019-06-05 11:00:00,216.443535,216.443535,4227.0,4227.0
2019-06-05 12:00:00,178.859065,178.859065,3493.0,3493.0
2019-06-05 13:00:00,208.25073500000002,208.25073500000002,4067.0,4067.0
2019-06-05 14:00:00,234.36528499999994,234.36528499999994,4577.0,4577.0
2019-06-05 15:00:00,279.16965999999996,279.16965999999996,5452.0,5452.0
2019-06-05 16:00:00,270.3624,270.3624,5280.0,5280.0
2019-06-05 17:00:00,193.81092500000003,193.81092500000003,3785.0,3785.0
2019-06-05 18:00:00,142.810745,142.810745,2789.0,2789.0
2019-06-05 19:00:00,81.87679499999999,81.87679499999999,1599.0,1599.0
2019-06-05 20:00:00,81.62077,81.62077,1594.0,1594.0
2019-06-05 21:00:00,81.82559000000002,81.82559000000002,1598.0,1598.0
2019-06-05 22:00:00,81.92799999999998,81.92799999999998,1600.0,1600.0
2019-06-05 23:00:00,81.569565,81.569565,1593.0,1593.0
2019-06-06 00:00:00,81.82559000000002,81.82559000000002,1598.0,1598.0
2019-06-06 01:00:00,81.72318,81.72318,1596.0,1596.0
2019-06-06 02:00:00,81.87679499999999,81.87679499999999,1599.0,1599.0
2019-06-06 03:00:00,81.87679499999999,81.87679499999999,1599.0,1599.0
2019-06-06 04:00:00,81.62077,81.62077,1594.0,1594.0
2019-06-06 05:00:00,81.262335,81.262335,1587.0,1587.0
2019-06-06 06:00:00,81.82559000000002,81.82559000000002,1598.0,1598.0
2019-06-06 07:00:00,140.352905,140.352905,2741.0,2741.0
2019-06-06 08:00:00,167.74758000000003,167.74758000000003,3276.0,3276.0
2019-06-06 09:00:00,302.46793500000007,302.46793500000007,5907.0,5907.0
2019-06-06 10:00:00,300.98299,300.98299,5878.0,5878.0
2019-06-06 11:00:00,222.17849500000003,222.17849500000003,4339.0,4339.0
2019-06-06 12:00:00,178.34701499999997,178.34701499999994,3483.0,3483.0
2019-06-06 13:00:00,207.12422499999997,207.12422499999997,4045.0,4045.0
2019-06-06 14:00:00,235.13335999999998,235.13335999999998,4592.0,4592.0
2019-06-06 15:00:00,272.871445,272.871445,5329.0,5329.0
2019-06-06 16:00:00,280.39858000000004,280.39858000000004,5476.0,5476.0
2019-06-06 17:00:00,192.63321,192.63321,3762.0,3762.0
2019-06-06 18:00:00,160.88610999999997,160.88610999999997,3142.0,3142.0
2019-06-06 19:00:00,81.82559000000002,81.82559000000002,1598.0,1598.0
2019-06-06 20:00:00,81.82559000000002,81.82559000000002,1598.0,1598.0
2019-06-06 21:00:00,81.82559000000002,81.82559000000002,1598.0,1598.0
2019-06-06 22:00:00,81.87679499999999,81.87679499999999,1599.0,1599.0
2019-06-06 23:00:00,81.77438500000002,81.77438500000002,1597.0,1597.0
2019-06-07 00:00:00,81.51836,81.51836,1592.0,1592.0
2019-06-07 01:00:00,81.92799999999998,81.92799999999998,1600.0,1600.0
2019-06-07 02:00:00,81.87679499999999,81.87679499999999,1599.0,1599.0
2019-06-07 03:00:00,81.92799999999998,81.92799999999998,1600.0,1600.0
2019-06-07 04:00:00,81.92799999999998,81.92799999999998,1600.0,1600.0
2019-06-07 05:00:00,81.87679499999999,81.87679499999999,1599.0,1599.0
2019-06-07 06:00:00,81.72318,81.72318,1596.0,1596.0
2019-06-07 07:00:00,142.810745,142.810745,2789.0,2789.0
2019-06-07 08:00:00,174.50664,174.50664,3408.0,3408.0
2019-06-07 09:00:00,313.937855,313.93785499999996,6131.0,6131.0
2019-06-07 10:00:00,300.16371000000004,300.16371000000004,5862.0,5862.0
2019-06-07 11:00:00,222.63933999999998,222.63933999999998,4348.0,4348.0
2019-06-07 12:00:00,179.16629500000002,179.16629500000005,3499.0,3499.0
2019-06-07 13:00:00,205.99771500000003,205.99771500000003,4023.0,4023.0
2019-06-07 14:00:00,236.10625500000003,236.10625500000003,4611.0,4611.0
2019-06-07 15:00:00,273.793135,273.793135,5347.0,5347.0
2019-06-07 16:00:00,282.03714,282.03714,5508.0,5508.0
2019-06-07 17:00:00,193.14526000000004,193.14526000000004,3772.0,3772.0
2019-06-07 18:00:00,142.96436,142.96436,2792.0,2792.0
2019-06-07 19:00:00,81.77438500000002,81.77438500000002,1597.0,1597.0
2019-06-07 20:00:00,81.41595,81.41595,1590.0,1590.0
2019-06-07 21:00:00,81.569565,81.569565,1593.0,1593.0
2019-06-07 22:00:00,81.92799999999998,81.92799999999998,1600.0,1600.0
2019-06-07 23:00:00,81.72318,81.72318,1596.0,1596.0
2019-06-08 00:00:00,81.82559000000002,81.82559000000002,1598.0,1598.0
2019-06-08 01:00:00,81.87679499999999,81.87679499999999,1599.0,1599.0
2019-06-08 02:00:00,81.92799999999998,81.92799999999998,1600.0,1600.0
2019-06-08 03:00:00,81.77438500000002,81.77438500000002,1597.0,1597.0
2019-06-08 04:00:00,81.364745,81.364745,1589.0,1589.0
2019-06-08 05:00:00,81.82559000000002,81.82559000000002,1598.0,1598.0
2019-06-08 06:00:00,81.87679499999999,81.87679499999999,1599.0,1599.0
2019-06-08 07:00:00,81.77438500000002,81.77438500000002,1597.0,1597.0
2019-06-08 08:00:00,81.41595,81.41595,1590.0,1590.0
2019-06-08 09:00:00,81.77438500000002,81.77438500000002,1597.0,1597.0
2019-06-08 10:00:00,81.569565,81.569565,1593.0,1593.0
2019-06-08 11:00:00,81.31354,81.31354,1588.0,1588.0
2019-06-08 12:00:00,81.92799999999998,81.92799999999998,1600.0,1600.0
2019-06-08 13:00:00,81.77438500000002,81.77438500000002,1597.0,1597.0
2019-06-08 14:00:00,81.72318,81.72318,1596.0,1596.0
2019-06-08 15:00:00,81.82559000000002,81.82559000000002,1598.0,1598.0
2019-06-08 16:00:00,81.87679499999999,81.87679499999999,1599.0,1599.0
2019-06-08 17:00:00,81.82559000000002,81.82559000000002,1598.0,1598.0
2019-06-08 18:00:00,81.82559000000002,81.82559000000002,1598.0,1598.0
2019-06-08 19:00:00,81.82559000000002,81.82559000000002,1598.0,1598.0
2019-06-08 20:00:00,81.72318,81.72318,1596.0,1596.0
2019-06-08 21:00:00,81.87679499999999,81.87679499999999,1599.0,1599.0
2019-06-08 22:00:00,81.51836,81.51836,1592.0,1592.0
2019-06-08 23:00:00,81.92799999999998,81.92799999999998,1600.0,1600.0
2019-06-09 00:00:00,81.569565,81.569565,1593.0,1593.0
2019-06-09 01:00:00,81.51836,81.51836,1592.0,1592.0
2019-06-09 02:00:00,81.82559000000002,81.82559000000002,1598.0,1598.0
2019-06-09 03:00:00,81.72318,81.72318,1596.0,1596.0
2019-06-09 04:00:00,81.92799999999998,81.92799999999998,1600.0,1600.0
2019-06-09 05:00:00,81.569565,81.569565,1593.0,1593.0
2019-06-09 06:00:00,81.62077,81.62077,1594.0,1594.0
2019-06-09 07:00:00,81.92799999999998,81.92799999999998,1600.0,1600.0
2019-06-09 08:00:00,81.62077,81.62077,1594.0,1594.0
2019-06-09 09:00:00,81.82559000000002,81.82559000000002,1598.0,1598.0
2019-06-09 10:00:00,81.671975,81.67197499999999,1595.0,1595.0
2019-06-09 11:00:00,81.569565,81.569565,1593.0,1593.0
2019-06-09 12:00:00,81.87679499999999,81.87679499999999,1599.0,1599.0
2019-06-09 13:00:00,81.87679499999999,81.87679499999999,1599.0,1599.0
2019-06-09 14:00:00,81.62077,81.62077,1594.0,1594.0
2019-06-09 15:00:00,81.87679499999999,81.87679499999999,1599.0,1599.0
2019-06-09 16:00:00,81.72318,81.72318,1596.0,1596.0
2019-06-09 17:00:00,81.41595,81.41595,1590.0,1590.0
2019-06-09 18:00:00,81.62077,81.62077,1594.0,1594.0
2019-06-09 19:00:00,81.82559000000002,81.82559000000002,1598.0,1598.0
2019-06-09 20:00:00,81.72318,81.72318,1596.0,1596.0
2019-06-09 21:00:00,81.77438500000002,81.77438500000002,1597.0,1597.0
2019-06-09 22:00:00,81.72318,81.72318,1596.0,1596.0
2019-06-09 23:00:00,81.82559000000002,81.82559000000002,1598.0,1598.0
2019-06-10 00:00:00,81.92799999999998,81.92799999999998,1600.0,1600.0
2019-06-10 01:00:00,81.77438500000002,81.77438500000002,1597.0,1597.0
2019-06-10 02:00:00,81.569565,81.569565,1593.0,1593.0
2019-06-10 03:00:00,81.92799999999998,81.92799999999998,1600.0,1600.0
2019-06-10 04:00:00,81.92799999999998,81.92799999999998,1600.0,1600.0
2019-06-10 05:00:00,81.569565,81.569565,1593.0,1593.0
2019-06-10 06:00:00,81.82559000000002,81.82559000000002,1598.0,1598.0
2019-06-10 07:00:00,81.671975,81.67197499999999,1595.0,1595.0
2019-06-10 08:00:00,5.63255,5.63255,110.0,110.0
2019-06-10 09:00:00,0.0,0.0,0.0,0.0
2019-06-10 10:00:00,0.0,0.0,0.0,0.0
2019-06-10 11:00:00,0.0,0.0,0.0,0.0
2019-06-10 12:00:00,0.0,0.0,0.0,0.0
2019-06-10 13:00:00,0.0,0.0,0.0,0.0
2019-06-10 14:00:00,0.0,0.0,0.0,0.0
2019-06-10 15:00:00,0.0,0.0,0.0,0.0
2019-06-10 16:00:00,0.0,0.0,0.0,0.0
2019-06-10 17:00:00,0.0,0.0,0.0,0.0
2019-06-10 18:00:00,0.0,0.0,0.0,0.0
2019-06-10 19:00:00,0.0,0.0,0.0,0.0
2019-06-10 20:00:00,0.0,0.0,0.0,0.0
2019-06-10 21:00:00,0.0,0.0,0.0,0.0
2019-06-10 22:00:00,0.0,0.0,0.0,0.0
2019-06-10 23:00:00,0.0,0.0,0.0,0.0
2019-06-11 00:00:00,0.0,0.0,0.0,0.0
2019-06-11 01:00:00,0.0,0.0,0.0,0.0
2019-06-11 02:00:00,0.0,0.0,0.0,0.0
2019-06-11 03:00:00,0.0,0.0,0.0,0.0
2019-06-11 04:00:00,0.0,0.0,0.0,0.0
2019-06-11 05:00:00,0.0,0.0,0.0,0.0
2019-06-11 06:00:00,0.0,0.0,0.0,0.0
2019-06-11 07:00:00,140.3017,140.3017,2740.0,2740.0
2019-06-11 08:00:00,169.38614,169.38614,3308.0,3308.0
2019-06-11 09:00:00,296.6817700000001,296.6817700000001,5794.0,5794.0
2019-06-11 10:00:00,302.97998500000006,302.97998500000006,5917.0,5917.0
2019-06-11 11:00:00,217.570045,217.570045,4249.0,4249.0
2019-06-11 12:00:00,176.81086500000004,176.81086500000004,3453.0,3453.0
2019-06-11 13:00:00,206.97061000000002,206.97061000000002,4042.0,4042.0
2019-06-11 14:00:00,231.75383,231.75383,4526.0,4526.0
2019-06-11 15:00:00,296.425745,296.425745,5789.0,5789.0
2019-06-11 16:00:00,267.49492,267.49492,5224.0,5224.0
2019-06-11 17:00:00,185.66933,185.66933,3626.0,3626.0
2019-06-11 18:00:00,139.84085499999998,139.84085499999998,2731.0,2731.0
2019-06-11 19:00:00,81.82559000000002,81.82559000000002,1598.0,1598.0
2019-06-11 20:00:00,81.87679499999999,81.87679499999999,1599.0,1599.0
2019-06-11 21:00:00,81.92799999999998,81.92799999999998,1600.0,1600.0
2019-06-11 22:00:00,81.72318,81.72318,1596.0,1596.0
2019-06-11 23:00:00,81.92799999999998,81.92799999999998,1600.0,1600.0
2019-06-12 00:00:00,81.87679499999999,81.87679499999999,1599.0,1599.0
2019-06-12 01:00:00,81.87679499999999,81.87679499999999,1599.0,1599.0
2019-06-12 02:00:00,81.62077,81.62077,1594.0,1594.0
2019-06-12 03:00:00,81.77438500000002,81.77438500000002,1597.0,1597.0
2019-06-12 04:00:00,81.82559000000002,81.82559000000002,1598.0,1598.0
2019-06-12 05:00:00,81.92799999999998,81.92799999999998,1600.0,1600.0
2019-06-12 06:00:00,81.72318,81.72318,1596.0,1596.0
2019-06-12 07:00:00,145.4222,145.4222,2840.0,2840.0
2019-06-12 08:00:00,165.80179,165.80179,3238.0,3238.0
2019-06-12 09:00:00,306.10349,306.10349,5978.0,5978.0
2019-06-12 10:00:00,312.50411499999996,312.50411499999996,6103.0,6103.0
2019-06-12 11:00:00,229.19357999999994,229.19357999999994,4476.0,4476.0
2019-06-12 12:00:00,179.985575,179.985575,3515.0,3515.0
2019-06-12 13:00:00,210.81098500000004,210.81098500000004,4117.0,4117.0
2019-06-12 14:00:00,240.66350000000003,240.66350000000003,4700.0,4700.0
2019-06-12 15:00:00,277.32628,277.32628,5416.0,5416.0
2019-06-12 16:00:00,266.77804999999995,266.77804999999995,5210.0,5210.0
2019-06-12 17:00:00,191.19947000000002,191.19947000000002,3734.0,3734.0
2019-06-12 18:00:00,158.47947499999998,158.47947499999995,3095.0,3095.0
2019-06-12 19:00:00,81.92799999999998,81.92799999999998,1600.0,1600.0
2019-06-12 20:00:00,81.92799999999998,81.92799999999998,1600.0,1600.0
2019-06-12 21:00:00,81.62077,81.62077,1594.0,1594.0
2019-06-12 22:00:00,81.82559000000002,81.82559000000002,1598.0,1598.0
2019-06-12 23:00:00,81.262335,81.262335,1587.0,1587.0
2019-06-13 00:00:00,81.41595,81.41595,1590.0,1590.0
2019-06-13 01:00:00,81.569565,81.569565,1593.0,1593.0
2019-06-13 02:00:00,81.467155,81.467155,1591.0,1591.0
2019-06-13 03:00:00,81.77438500000002,81.77438500000002,1597.0,1597.0
2019-06-13 04:00:00,81.82559000000002,81.82559000000002,1598.0,1598.0
2019-06-13 05:00:00,81.87679499999999,81.87679499999999,1599.0,1599.0
2019-06-13 06:00:00,81.62077,81.62077,1594.0,1594.0
2019-06-13 07:00:00,143.27159,143.27159,2798.0,2798.0
2019-06-13 08:00:00,168.925295,168.925295,3299.0,3299.0
2019-06-13 09:00:00,294.99200500000006,294.9920050000001,5761.0,5761.0
2019-06-13 10:00:00,295.14561999999995,295.14561999999995,5764.0,5764.0
2019-06-13 11:00:00,222.84416000000002,222.84416000000002,4352.0,4352.0
2019-06-13 12:00:00,173.99459000000002,173.99459000000002,3398.0,3398.0
2019-06-13 13:00:00,198.26575999999997,198.26575999999997,3872.0,3872.0
2019-06-13 14:00:00,237.18156,237.18156,4632.0,4632.0
2019-06-13 15:00:00,276.71182,276.71182,5404.0,5404.0
2019-06-13 16:00:00,286.901615,286.901615,5603.0,5603.0
2019-06-13 17:00:00,185.97656000000003,185.97656000000003,3632.0,3632.0
2019-06-13 18:00:00,163.44636000000003,163.44636000000003,3192.0,3192.0
2019-06-13 19:00:00,129.907085,129.907085,2537.0,2537.0
2019-06-13 20:00:00,81.82559000000002,81.82559000000002,1598.0,1598.0
2019-06-13 21:00:00,81.62077,81.62077,1594.0,1594.0
2019-06-13 22:00:00,81.62077,81.62077,1594.0,1594.0
2019-06-13 23:00:00,81.62077,81.62077,1594.0,1594.0
2019-06-14 00:00:00,81.92799999999998,81.92799999999998,1600.0,1600.0
2019-06-14 01:00:00,81.92799999999998,81.92799999999998,1600.0,1600.0
2019-06-14 02:00:00,81.92799999999998,81.92799999999998,1600.0,1600.0
2019-06-14 03:00:00,81.92799999999998,81.92799999999998,1600.0,1600.0
2019-06-14 04:00:00,81.82559000000002,81.82559000000002,1598.0,1598.0
2019-06-14 05:00:00,81.77438500000002,81.77438500000002,1597.0,1597.0
2019-06-14 06:00:00,81.92799999999998,81.92799999999998,1600.0,1600.0
2019-06-14 07:00:00,145.72943,145.72942999999998,2846.0,2846.0
2019-06-14 08:00:00,170.76867500000003,170.76867500000003,3335.0,3335.0
2019-06-14 09:00:00,292.89259999999996,292.89259999999996,5720.0,5720.0
2019-06-14 10:00:00,297.347435,297.347435,5807.0,5807.0
2019-06-14 11:00:00,223.40741499999996,223.407415,4363.0,4363.0
2019-06-14 12:00:00,180.95846999999998,180.95847,3534.0,3534.0
2019-06-14 13:00:00,208.967605,208.96760500000002,4081.0,4081.0
2019-06-14 14:00:00,232.009855,232.009855,4531.0,4531.0
2019-06-14 15:00:00,266.72684499999997,266.72684499999997,5209.0,5209.0
2019-06-14 16:00:00,289.30824999999993,289.30824999999993,5650.0,5650.0
2019-06-14 17:00:00,192.274775,192.274775,3755.0,3755.0
2019-06-14 18:00:00,155.25356,155.25356,3032.0,3032.0
2019-06-14 19:00:00,81.671975,81.67197499999999,1595.0,1595.0
2019-06-14 20:00:00,81.92799999999998,81.92799999999998,1600.0,1600.0
2019-06-14 21:00:00,81.87679499999999,81.87679499999999,1599.0,1599.0
2019-06-14 22:00:00,81.77438500000002,81.77438500000002,1597.0,1597.0
2019-06-14 23:00:00,81.77438500000002,81.77438500000002,1597.0,1597.0
2019-06-15 00:00:00,81.569565,81.569565,1593.0,1593.0
2019-06-15 01:00:00,81.82559000000002,81.82559000000002,1598.0,1598.0
2019-06-15 02:00:00,81.82559000000002,81.82559000000002,1598.0,1598.0
2019-06-15 03:00:00,81.92799999999998,81.92799999999998,1600.0,1600.0
2019-06-15 04:00:00,81.467155,81.467155,1591.0,1591.0
2019-06-15 05:00:00,81.92799999999998,81.92799999999998,1600.0,1600.0
2019-06-15 06:00:00,81.62077,81.62077,1594.0,1594.0
2019-06-15 07:00:00,81.87679499999999,81.87679499999999,1599.0,1599.0
2019-06-15 08:00:00,81.671975,81.67197499999999,1595.0,1595.0
2019-06-15 09:00:00,81.569565,81.569565,1593.0,1593.0
2019-06-15 10:00:00,81.82559000000002,81.82559000000002,1598.0,1598.0
2019-06-15 11:00:00,81.82559000000002,81.82559000000002,1598.0,1598.0
2019-06-15 12:00:00,81.77438500000002,81.77438500000002,1597.0,1597.0
2019-06-15 13:00:00,81.82559000000002,81.82559000000002,1598.0,1598.0
2019-06-15 14:00:00,81.72318,81.72318,1596.0,1596.0
2019-06-15 15:00:00,81.92799999999998,81.92799999999998,1600.0,1600.0
2019-06-15 16:00:00,81.467155,81.467155,1591.0,1591.0
2019-06-15 17:00:00,81.467155,81.467155,1591.0,1591.0
2019-06-15 18:00:00,81.77438500000002,81.77438500000002,1597.0,1597.0
2019-06-15 19:00:00,81.82559000000002,81.82559000000002,1598.0,1598.0
2019-06-15 20:00:00,81.51836,81.51836,1592.0,1592.0
2019-06-15 21:00:00,81.82559000000002,81.82559000000002,1598.0,1598.0
2019-06-15 22:00:00,81.77438500000002,81.77438500000002,1597.0,1597.0
2019-06-15 23:00:00,81.569565,81.569565,1593.0,1593.0
2019-06-16 00:00:00,81.671975,81.67197499999999,1595.0,1595.0
2019-06-16 01:00:00,81.77438500000002,81.77438500000002,1597.0,1597.0
2019-06-16 02:00:00,81.87679499999999,81.87679499999999,1599.0,1599.0
2019-06-16 03:00:00,81.87679499999999,81.87679499999999,1599.0,1599.0
2019-06-16 04:00:00,81.72318,81.72318,1596.0,1596.0
2019-06-16 05:00:00,81.77438500000002,81.77438500000002,1597.0,1597.0
2019-06-16 06:00:00,81.92799999999998,81.92799999999998,1600.0,1600.0
2019-06-16 07:00:00,81.82559000000002,81.82559000000002,1598.0,1598.0
2019-06-16 08:00:00,81.569565,81.569565,1593.0,1593.0
2019-06-16 09:00:00,81.87679499999999,81.87679499999999,1599.0,1599.0
2019-06-16 10:00:00,81.77438500000002,81.77438500000002,1597.0,1597.0
2019-06-16 11:00:00,81.72318,81.72318,1596.0,1596.0
2019-06-16 12:00:00,81.77438500000002,81.77438500000002,1597.0,1597.0
2019-06-16 13:00:00,71.89182000000001,71.89182000000001,1404.0,1404.0
2019-06-16 14:00:00,0.0,0.0,0.0,0.0
2019-06-16 15:00:00,0.0,0.0,0.0,0.0
2019-06-16 16:00:00,0.0,0.0,0.0,0.0
2019-06-16 17:00:00,0.0,0.0,0.0,0.0
2019-06-16 18:00:00,0.0,0.0,0.0,0.0
2019-06-16 19:00:00,0.0,0.0,0.0,0.0
2019-06-16 20:00:00,0.0,0.0,0.0,0.0
2019-06-16 21:00:00,0.0,0.0,0.0,0.0
2019-06-16 22:00:00,0.0,0.0,0.0,0.0
2019-06-16 23:00:00,0.0,0.0,0.0,0.0
2019-06-17 00:00:00,0.0,0.0,0.0,0.0
2019-06-17 01:00:00,0.0,0.0,0.0,0.0
2019-06-17 02:00:00,0.0,0.0,0.0,0.0
2019-06-17 03:00:00,0.0,0.0,0.0,0.0
2019-06-17 04:00:00,0.0,0.0,0.0,0.0
2019-06-17 05:00:00,0.0,0.0,0.0,0.0
2019-06-17 06:00:00,0.0,0.0,0.0,0.0
2019-06-17 07:00:00,134.25951,134.25951,2622.0,2622.0
2019-06-17 08:00:00,165.64817499999998,165.64817499999998,3235.0,3235.0
2019-06-17 09:00:00,309.02217499999995,309.02217499999995,6035.0,6035.0
2019-06-17 10:00:00,302.31432,302.31432000000007,5904.0,5904.0
2019-06-17 11:00:00,219.413425,219.413425,4285.0,4285.0
2019-06-17 12:00:00,177.68135,177.68135,3470.0,3470.0
2019-06-17 13:00:00,196.67840500000003,196.67840500000005,3841.0,3841.0
2019-06-17 14:00:00,235.74782,235.74782,4604.0,4604.0
2019-06-17 15:00:00,276.14856499999996,276.14856499999996,5393.0,5393.0
2019-06-17 16:00:00,275.38049,275.38049,5378.0,5378.0
2019-06-17 17:00:00,194.88623,194.88623,3806.0,3806.0
2019-06-17 18:00:00,123.40405,123.40405,2410.0,2410.0
2019-06-17 19:00:00,81.82559000000002,81.82559000000002,1598.0,1598.0
2019-06-17 20:00:00,81.72318,81.72318,1596.0,1596.0
2019-06-17 21:00:00,81.77438500000002,81.77438500000002,1597.0,1597.0
2019-06-17 22:00:00,81.671975,81.67197499999999,1595.0,1595.0
2019-06-17 23:00:00,81.92799999999998,81.92799999999998,1600.0,1600.0
2019-06-18 00:00:00,81.671975,81.67197499999999,1595.0,1595.0
2019-06-18 01:00:00,81.569565,81.569565,1593.0,1593.0
2019-06-18 02:00:00,81.92799999999998,81.92799999999998,1600.0,1600.0
2019-06-18 03:00:00,81.92799999999998,81.92799999999998,1600.0,1600.0
2019-06-18 04:00:00,81.62077,81.62077,1594.0,1594.0
2019-06-18 05:00:00,81.671975,81.67197499999999,1595.0,1595.0
2019-06-18 06:00:00,81.82559000000002,81.82559000000002,1598.0,1598.0
2019-06-18 07:00:00,134.925175,134.925175,2635.0,2635.0
2019-06-18 08:00:00,173.124105,173.124105,3381.0,3381.0
2019-06-18 09:00:00,306.769155,306.769155,5991.0,5991.0
2019-06-18 10:00:00,301.034195,301.034195,5879.0,5879.0
2019-06-18 11:00:00,221.92246999999998,221.92246999999998,4334.0,4334.0
2019-06-18 12:00:00,173.431335,173.431335,3387.0,3387.0
2019-06-18 13:00:00,204.76879500000004,204.76879500000004,3999.0,3999.0
2019-06-18 14:00:00,239.33216999999996,239.33217,4674.0,4674.0
2019-06-18 15:00:00,266.47082000000006,266.47082000000006,5204.0,5204.0
2019-06-18 16:00:00,264.52502999999996,264.52502999999996,5166.0,5166.0
2019-06-18 17:00:00,190.58500999999998,190.58500999999998,3722.0,3722.0
2019-06-18 18:00:00,126.22032499999999,126.220325,2465.0,2465.0
2019-06-18 19:00:00,81.569565,81.569565,1593.0,1593.0
2019-06-18 20:00:00,81.82559000000002,81.82559000000002,1598.0,1598.0
2019-06-18 21:00:00,81.62077,81.62077,1594.0,1594.0
2019-06-18 22:00:00,81.671975,81.67197499999999,1595.0,1595.0
2019-06-18 23:00:00,81.72318,81.72318,1596.0,1596.0
2019-06-19 00:00:00,81.92799999999998,81.92799999999998,1600.0,1600.0
2019-06-19 01:00:00,81.72318,81.72318,1596.0,1596.0
2019-06-19 02:00:00,81.82559000000002,81.82559000000002,1598.0,1598.0
2019-06-19 03:00:00,81.51836,81.51836,1592.0,1592.0
2019-06-19 04:00:00,81.51836,81.51836,1592.0,1592.0
2019-06-19 05:00:00,81.77438500000002,81.77438500000002,1597.0,1597.0
2019-06-19 06:00:00,81.62077,81.62077,1594.0,1594.0
2019-06-19 07:00:00,137.792655,137.792655,2691.0,2691.0
2019-06-19 08:00:00,172.304825,172.304825,3365.0,3365.0
2019-06-19 09:00:00,309.02217499999995,309.02217499999995,6035.0,6035.0
2019-06-19 10:00:00,294.78718499999997,294.78718499999997,5757.0,5757.0
2019-06-19 11:00:00,217.36522500000007,217.36522500000007,4245.0,4245.0
2019-06-19 12:00:00,173.89218,173.89218,3396.0,3396.0
2019-06-19 13:00:00,199.443475,199.443475,3895.0,3895.0
2019-06-19 14:00:00,217.877275,217.877275,4255.0,4255.0
2019-06-19 15:00:00,261.19670500000007,261.19670500000007,5101.0,5101.0
2019-06-19 16:00:00,280.65460499999995,280.65460499999995,5481.0,5481.0
2019-06-19 17:00:00,192.12116,192.12116,3752.0,3752.0
2019-06-19 18:00:00,151.87403,151.87403,2966.0,2966.0
2019-06-19 19:00:00,81.77438500000002,81.77438500000002,1597.0,1597.0
2019-06-19 20:00:00,81.87679499999999,81.87679499999999,1599.0,1599.0
2019-06-19 21:00:00,81.41595,81.41595,1590.0,1590.0
2019-06-19 22:00:00,81.82559000000002,81.82559000000002,1598.0,1598.0
2019-06-19 23:00:00,81.82559000000002,81.82559000000002,1598.0,1598.0
2019-06-20 00:00:00,81.82559000000002,81.82559000000002,1598.0,1598.0
2019-06-20 01:00:00,81.92799999999998,81.92799999999998,1600.0,1600.0
2019-06-20 02:00:00,81.41595,81.41595,1590.0,1590.0
2019-06-20 03:00:00,81.87679499999999,81.87679499999999,1599.0,1599.0
2019-06-20 04:00:00,81.62077,81.62077,1594.0,1594.0
2019-06-20 05:00:00,81.77438500000002,81.77438500000002,1597.0,1597.0
2019-06-20 06:00:00,81.671975,81.67197499999999,1595.0,1595.0
2019-06-20 07:00:00,135.64204499999997,135.64204499999997,2649.0,2649.0
2019-06-20 08:00:00,172.25361999999998,172.25361999999996,3364.0,3364.0
2019-06-20 09:00:00,304.46493000000004,304.46493000000004,5946.0,5946.0
2019-06-20 10:00:00,299.60045500000007,299.60045500000007,5851.0,5851.0
2019-06-20 11:00:00,216.23871499999996,216.23871499999996,4223.0,4223.0
2019-06-20 12:00:00,177.52773499999998,177.52773499999998,3467.0,3467.0
2019-06-20 13:00:00,203.94951499999996,203.94951499999996,3983.0,3983.0
2019-06-20 14:00:00,242.35326500000002,242.35326500000002,4733.0,4733.0
2019-06-20 15:00:00,276.507,276.507,5400.0,5400.0
2019-06-20 16:00:00,265.29310499999997,265.29310499999997,5181.0,5181.0
2019-06-20 17:00:00,191.50669999999994,191.50669999999994,3740.0,3740.0
2019-06-20 18:00:00,118.18113999999998,118.18113999999998,2308.0,2308.0
2019-06-20 19:00:00,81.82559000000002,81.82559000000002,1598.0,1598.0
2019-06-20 20:00:00,81.77438500000002,81.77438500000002,1597.0,1597.0
2019-06-20 21:00:00,81.77438500000002,81.77438500000002,1597.0,1597.0
2019-06-20 22:00:00,81.569565,81.569565,1593.0,1593.0
2019-06-20 23:00:00,81.77438500000002,81.77438500000002,1597.0,1597.0
2019-06-21 00:00:00,81.92799999999998,81.92799999999998,1600.0,1600.0
2019-06-21 01:00:00,81.82559000000002,81.82559000000002,1598.0,1598.0
2019-06-21 02:00:00,81.92799999999998,81.92799999999998,1600.0,1600.0
2019-06-21 03:00:00,81.77438500000002,81.77438500000002,1597.0,1597.0
2019-06-21 04:00:00,81.77438500000002,81.77438500000002,1597.0,1597.0
2019-06-21 05:00:00,81.82559000000002,81.82559000000002,1598.0,1598.0
2019-06-21 06:00:00,81.77438500000002,81.77438500000002,1597.0,1597.0
2019-06-21 07:00:00,146.70232499999997,146.70232499999997,2865.0,2865.0
2019-06-21 08:00:00,170.359035,170.359035,3327.0,3327.0
2019-06-21 09:00:00,302.87757500000004,302.877575,5915.0,5915.0
2019-06-21 10:00:00,297.80827999999997,297.80827999999997,5816.0,5816.0
2019-06-21 11:00:00,217.67245500000004,217.67245500000004,4251.0,4251.0
2019-06-21 12:00:00,179.67834499999998,179.67834499999998,3509.0,3509.0
2019-06-21 13:00:00,208.967605,208.96760500000002,4081.0,4081.0
2019-06-21 14:00:00,238.256865,238.256865,4653.0,4653.0
2019-06-21 15:00:00,280.757015,280.757015,5483.0,5483.0
2019-06-21 16:00:00,283.21485499999994,283.21485499999994,5531.0,5531.0
2019-06-21 17:00:00,192.17236499999996,192.17236499999996,3753.0,3753.0
2019-06-21 18:00:00,143.63002500000002,143.63002500000002,2805.0,2805.0
2019-06-21 19:00:00,81.671975,81.67197499999999,1595.0,1595.0
2019-06-21 20:00:00,81.77438500000002,81.77438500000002,1597.0,1597.0
2019-06-21 21:00:00,81.77438500000002,81.77438500000002,1597.0,1597.0
2019-06-21 22:00:00,81.82559000000002,81.82559000000002,1598.0,1598.0
2019-06-21 23:00:00,81.92799999999998,81.92799999999998,1600.0,1600.0
2019-06-22 00:00:00,81.92799999999998,81.92799999999998,1600.0,1600.0
2019-06-22 01:00:00,81.92799999999998,81.92799999999998,1600.0,1600.0
2019-06-22 02:00:00,81.92799999999998,81.92799999999998,1600.0,1600.0
2019-06-22 03:00:00,81.62077,81.62077,1594.0,1594.0
2019-06-22 04:00:00,81.72318,81.72318,1596.0,1596.0
2019-06-22 05:00:00,81.77438500000002,81.77438500000002,1597.0,1597.0
2019-06-22 06:00:00,81.87679499999999,81.87679499999999,1599.0,1599.0
2019-06-22 07:00:00,81.62077,81.62077,1594.0,1594.0
2019-06-22 08:00:00,81.569565,81.569565,1593.0,1593.0
2019-06-22 09:00:00,81.72318,81.72318,1596.0,1596.0
2019-06-22 10:00:00,81.77438500000002,81.77438500000002,1597.0,1597.0
2019-06-22 11:00:00,81.62077,81.62077,1594.0,1594.0
2019-06-22 12:00:00,81.77438500000002,81.77438500000002,1597.0,1597.0
2019-06-22 13:00:00,81.87679499999999,81.87679499999999,1599.0,1599.0
2019-06-22 14:00:00,81.77438500000002,81.77438500000002,1597.0,1597.0
2019-06-22 15:00:00,81.671975,81.67197499999999,1595.0,1595.0
2019-06-22 16:00:00,81.87679499999999,81.87679499999999,1599.0,1599.0
2019-06-22 17:00:00,81.671975,81.67197499999999,1595.0,1595.0
2019-06-22 18:00:00,81.92799999999998,81.92799999999998,1600.0,1600.0
2019-06-22 19:00:00,81.77438500000002,81.77438500000002,1597.0,1597.0
2019-06-22 20:00:00,81.87679499999999,81.87679499999999,1599.0,1599.0
2019-06-22 21:00:00,81.72318,81.72318,1596.0,1596.0
2019-06-22 22:00:00,81.87679499999999,81.87679499999999,1599.0,1599.0
2019-06-22 23:00:00,81.72318,81.72318,1596.0,1596.0
2019-06-23 00:00:00,81.72318,81.72318,1596.0,1596.0
2019-06-23 01:00:00,81.671975,81.67197499999999,1595.0,1595.0
2019-06-23 02:00:00,81.82559000000002,81.82559000000002,1598.0,1598.0
2019-06-23 03:00:00,81.82559000000002,81.82559000000002,1598.0,1598.0
2019-06-23 04:00:00,81.72318,81.72318,1596.0,1596.0
2019-06-23 05:00:00,81.92799999999998,81.92799999999998,1600.0,1600.0
2019-06-23 06:00:00,81.62077,81.62077,1594.0,1594.0
2019-06-23 07:00:00,81.92799999999998,81.92799999999998,1600.0,1600.0
2019-06-23 08:00:00,81.72318,81.72318,1596.0,1596.0
2019-06-23 09:00:00,81.92799999999998,81.92799999999998,1600.0,1600.0
2019-06-23 10:00:00,81.92799999999998,81.92799999999998,1600.0,1600.0
2019-06-23 11:00:00,81.87679499999999,81.87679499999999,1599.0,1599.0
2019-06-23 12:00:00,81.72318,81.72318,1596.0,1596.0
2019-06-23 13:00:00,81.364745,81.364745,1589.0,1589.0
2019-06-23 14:00:00,81.62077,81.62077,1594.0,1594.0
2019-06-23 15:00:00,81.72318,81.72318,1596.0,1596.0
2019-06-23 16:00:00,81.671975,81.67197499999999,1595.0,1595.0
2019-06-23 17:00:00,81.72318,81.72318,1596.0,1596.0
2019-06-23 18:00:00,30.979025,30.979025,605.0,605.0
2019-06-23 19:00:00,0.0,0.0,0.0,0.0
2019-06-23 20:00:00,0.0,0.0,0.0,0.0
2019-06-23 21:00:00,0.0,0.0,0.0,0.0
2019-06-23 22:00:00,0.0,0.0,0.0,0.0
2019-06-23 23:00:00,0.0,0.0,0.0,0.0
2019-06-24 00:00:00,0.0,0.0,0.0,0.0
2019-06-24 01:00:00,0.0,0.0,0.0,0.0
2019-06-24 02:00:00,0.0,0.0,0.0,0.0
2019-06-24 03:00:00,0.0,0.0,0.0,0.0
2019-06-24 04:00:00,0.0,0.0,0.0,0.0
2019-06-24 05:00:00,0.0,0.0,0.0,0.0
2019-06-24 06:00:00,0.0,0.0,0.0,0.0
2019-06-24 07:00:00,138.099885,138.099885,2697.0,2697.0
2019-06-24 08:00:00,168.05481000000006,168.05481000000006,3282.0,3282.0
2019-06-24 09:00:00,310.046275,310.046275,6055.0,6055.0
2019-06-24 10:00:00,294.99200500000006,294.9920050000001,5761.0,5761.0
2019-06-24 11:00:00,225.40440999999996,225.40440999999996,4402.0,4402.0
2019-06-24 12:00:00,178.1934,178.1934,3480.0,3480.0
2019-06-24 13:00:00,203.43746500000003,203.43746500000003,3973.0,3973.0
2019-06-24 14:00:00,226.37730500000004,226.37730500000006,4421.0,4421.0
2019-06-24 15:00:00,273.22988,273.22988,5336.0,5336.0
2019-06-24 16:00:00,275.43169500000005,275.43169500000005,5379.0,5379.0
2019-06-24 17:00:00,191.148265,191.148265,3733.0,3733.0
2019-06-24 18:00:00,96.11178500000003,96.11178500000003,1877.0,1877.0
2019-06-24 19:00:00,81.77438500000002,81.77438500000002,1597.0,1597.0
2019-06-24 20:00:00,81.62077,81.62077,1594.0,1594.0
2019-06-24 21:00:00,81.467155,81.467155,1591.0,1591.0
2019-06-24 22:00:00,81.41595,81.41595,1590.0,1590.0
2019-06-24 23:00:00,81.92799999999998,81.92799999999998,1600.0,1600.0
2019-06-25 00:00:00,81.72318,81.72318,1596.0,1596.0
2019-06-25 01:00:00,81.671975,81.67197499999999,1595.0,1595.0
2019-06-25 02:00:00,81.364745,81.364745,1589.0,1589.0
2019-06-25 03:00:00,81.87679499999999,81.87679499999999,1599.0,1599.0
2019-06-25 04:00:00,81.82559000000002,81.82559000000002,1598.0,1598.0
2019-06-25 05:00:00,81.62077,81.62077,1594.0,1594.0
2019-06-25 06:00:00,81.671975,81.67197499999999,1595.0,1595.0
2019-06-25 07:00:00,137.28060500000004,137.28060500000004,2681.0,2681.0
2019-06-25 08:00:00,166.569865,166.569865,3253.0,3253.0
2019-06-25 09:00:00,305.79625999999996,305.79625999999996,5972.0,5972.0
2019-06-25 10:00:00,293.148625,293.14862500000004,5725.0,5725.0
2019-06-25 11:00:00,209.88929500000003,209.88929500000006,4099.0,4099.0
2019-06-25 12:00:00,173.89218000000002,173.89218000000002,3396.0,3396.0
2019-06-25 13:00:00,204.92241,204.92241,4002.0,4002.0
2019-06-25 14:00:00,229.654425,229.654425,4485.0,4485.0
2019-06-25 15:00:00,266.522025,266.522025,5205.0,5205.0
2019-06-25 16:00:00,275.38049,275.38049,5378.0,5378.0
2019-06-25 17:00:00,187.81993999999997,187.81993999999997,3668.0,3668.0
2019-06-25 18:00:00,131.136005,131.136005,2561.0,2561.0
2019-06-25 19:00:00,81.87679499999999,81.87679499999999,1599.0,1599.0
2019-06-25 20:00:00,81.92799999999998,81.92799999999998,1600.0,1600.0
2019-06-25 21:00:00,81.72318,81.72318,1596.0,1596.0
2019-06-25 22:00:00,81.82559000000002,81.82559000000002,1598.0,1598.0
2019-06-25 23:00:00,81.671975,81.67197499999999,1595.0,1595.0
2019-06-26 00:00:00,81.87679499999999,81.87679499999999,1599.0,1599.0
2019-06-26 01:00:00,81.82559000000002,81.82559000000002,1598.0,1598.0
2019-06-26 02:00:00,81.62077,81.62077,1594.0,1594.0
2019-06-26 03:00:00,81.467155,81.467155,1591.0,1591.0
2019-06-26 04:00:00,81.51836,81.51836,1592.0,1592.0
2019-06-26 05:00:00,81.77438500000002,81.77438500000002,1597.0,1597.0
2019-06-26 06:00:00,81.82559000000002,81.82559000000002,1598.0,1598.0
2019-06-26 07:00:00,143.117975,143.117975,2795.0,2795.0
2019-06-26 08:00:00,166.46745499999997,166.46745499999997,3251.0,3251.0
2019-06-26 09:00:00,298.4227399999999,298.42273999999986,5828.0,5828.0
2019-06-26 10:00:00,301.34142499999996,301.34142499999996,5885.0,5885.0
2019-06-26 11:00:00,217.979685,217.979685,4257.0,4257.0
2019-06-26 12:00:00,180.19039499999997,180.19039499999997,3519.0,3519.0
2019-06-26 13:00:00,201.38926500000002,201.38926500000002,3933.0,3933.0
2019-06-26 14:00:00,234.160465,234.160465,4573.0,4573.0
2019-06-26 15:00:00,265.907565,265.907565,5193.0,5193.0
2019-06-26 16:00:00,272.973855,272.973855,5331.0,5331.0
2019-06-26 17:00:00,191.762725,191.762725,3745.0,3745.0
2019-06-26 18:00:00,147.26558,147.26558,2876.0,2876.0
2019-06-26 19:00:00,81.92799999999998,81.92799999999998,1600.0,1600.0
2019-06-26 20:00:00,81.92799999999998,81.92799999999998,1600.0,1600.0
2019-06-26 21:00:00,81.87679499999999,81.87679499999999,1599.0,1599.0
2019-06-26 22:00:00,81.467155,81.467155,1591.0,1591.0
2019-06-26 23:00:00,81.92799999999998,81.92799999999998,1600.0,1600.0
2019-06-27 00:00:00,81.51836,81.51836,1592.0,1592.0
2019-06-27 01:00:00,81.77438500000002,81.77438500000002,1597.0,1597.0
2019-06-27 02:00:00,81.92799999999998,81.92799999999998,1600.0,1600.0
2019-06-27 03:00:00,81.77438500000002,81.77438500000002,1597.0,1597.0
2019-06-27 04:00:00,81.82559000000002,81.82559000000002,1598.0,1598.0
2019-06-27 05:00:00,81.87679499999999,81.87679499999999,1599.0,1599.0
2019-06-27 06:00:00,81.82559000000002,81.82559000000002,1598.0,1598.0
2019-06-27 07:00:00,135.38601999999997,135.38601999999997,2644.0,2644.0
2019-06-27 08:00:00,168.82288499999999,168.82288499999999,3297.0,3297.0
2019-06-27 09:00:00,294.684775,294.684775,5755.0,5755.0
2019-06-27 10:00:00,294.73598000000004,294.73598000000004,5756.0,5756.0
2019-06-27 11:00:00,216.59715,216.59715,4230.0,4230.0
2019-06-27 12:00:00,177.1693,177.1693,3460.0,3460.0
2019-06-27 13:00:00,206.45855999999998,206.45855999999998,4032.0,4032.0
2019-06-27 14:00:00,226.63332999999994,226.63332999999994,4426.0,4426.0
2019-06-27 15:00:00,276.558205,276.558205,5401.0,5401.0
2019-06-27 16:00:00,265.2419,265.2419,5180.0,5180.0
2019-06-27 17:00:00,190.53380500000003,190.53380500000003,3721.0,3721.0
2019-06-27 18:00:00,102.00036000000001,102.00036000000001,1992.0,1992.0
2019-06-27 19:00:00,81.72318,81.72318,1596.0,1596.0
2019-06-27 20:00:00,81.569565,81.569565,1593.0,1593.0
2019-06-27 21:00:00,81.77438500000002,81.77438500000002,1597.0,1597.0
2019-06-27 22:00:00,81.671975,81.67197499999999,1595.0,1595.0
2019-06-27 23:00:00,81.77438500000002,81.77438500000002,1597.0,1597.0
2019-06-28 00:00:00,81.72318,81.72318,1596.0,1596.0
2019-06-28 01:00:00,81.569565,81.569565,1593.0,1593.0
2019-06-28 02:00:00,81.82559000000002,81.82559000000002,1598.0,1598.0
2019-06-28 03:00:00,81.77438500000002,81.77438500000002,1597.0,1597.0
2019-06-28 04:00:00,81.671975,81.67197499999999,1595.0,1595.0
2019-06-28 05:00:00,81.72318,81.72318,1596.0,1596.0
2019-06-28 06:00:00,81.62077,81.62077,1594.0,1594.0
2019-06-28 07:00:00,139.89206,139.89206,2732.0,2732.0
2019-06-28 08:00:00,178.039785,178.039785,3477.0,3477.0
2019-06-28 09:00:00,307.23,307.23,6000.0,6000.0
2019-06-28 10:00:00,304.413725,304.413725,5945.0,5945.0
2019-06-28 11:00:00,219.618245,219.618245,4289.0,4289.0
2019-06-28 12:00:00,177.63014500000003,177.63014500000003,3469.0,3469.0
2019-06-28 13:00:00,201.79890500000008,201.79890500000008,3941.0,3941.0
2019-06-28 14:00:00,229.50081,229.50081,4482.0,4482.0
2019-06-28 15:00:00,277.889535,277.889535,5427.0,5427.0
2019-06-28 16:00:00,284.341365,284.341365,5553.0,5553.0
2019-06-28 17:00:00,191.76272500000002,191.76272500000002,3745.0,3745.0
2019-06-28 18:00:00,100.77144,100.77144,1968.0,1968.0
2019-06-28 19:00:00,81.62077,81.62077,1594.0,1594.0
2019-06-28 20:00:00,81.77438500000002,81.77438500000002,1597.0,1597.0
2019-06-28 21:00:00,81.92799999999998,81.92799999999998,1600.0,1600.0
2019-06-28 22:00:00,81.41595,81.41595,1590.0,1590.0
2019-06-28 23:00:00,81.87679499999999,81.87679499999999,1599.0,1599.0
2019-06-29 00:00:00,81.364745,81.364745,1589.0,1589.0
2019-06-29 01:00:00,81.92799999999998,81.92799999999998,1600.0,1600.0
2019-06-29 02:00:00,81.87679499999999,81.87679499999999,1599.0,1599.0
2019-06-29 03:00:00,81.467155,81.467155,1591.0,1591.0
2019-06-29 04:00:00,81.364745,81.364745,1589.0,1589.0
2019-06-29 05:00:00,81.671975,81.67197499999999,1595.0,1595.0
2019-06-29 06:00:00,81.51836,81.51836,1592.0,1592.0
2019-06-29 07:00:00,81.82559000000002,81.82559000000002,1598.0,1598.0
2019-06-29 08:00:00,81.62077,81.62077,1594.0,1594.0
2019-06-29 09:00:00,81.82559000000002,81.82559000000002,1598.0,1598.0
2019-06-29 10:00:00,81.92799999999998,81.92799999999998,1600.0,1600.0
2019-06-29 11:00:00,81.77438500000002,81.77438500000002,1597.0,1597.0
2019-06-29 12:00:00,81.92799999999998,81.92799999999998,1600.0,1600.0
2019-06-29 13:00:00,81.87679499999999,81.87679499999999,1599.0,1599.0
2019-06-29 14:00:00,81.72318,81.72318,1596.0,1596.0
2019-06-29 15:00:00,81.569565,81.569565,1593.0,1593.0
2019-06-29 16:00:00,81.92799999999998,81.92799999999998,1600.0,1600.0
2019-06-29 17:00:00,81.82559000000002,81.82559000000002,1598.0,1598.0
2019-06-29 18:00:00,81.569565,81.569565,1593.0,1593.0
2019-06-29 19:00:00,81.92799999999998,81.92799999999998,1600.0,1600.0
2019-06-29 20:00:00,81.87679499999999,81.87679499999999,1599.0,1599.0
2019-06-29 21:00:00,81.51836,81.51836,1592.0,1592.0
2019-06-29 22:00:00,81.72318,81.72318,1596.0,1596.0
2019-06-29 23:00:00,81.51836,81.51836,1592.0,1592.0
2019-06-30 00:00:00,81.77438500000002,81.77438500000002,1597.0,1597.0
2019-06-30 01:00:00,81.569565,81.569565,1593.0,1593.0
2019-06-30 02:00:00,81.77438500000002,81.77438500000002,1597.0,1597.0
2019-06-30 03:00:00,81.92799999999998,81.92799999999998,1600.0,1600.0
2019-06-30 04:00:00,81.671975,81.67197499999999,1595.0,1595.0
2019-06-30 05:00:00,81.569565,81.569565,1593.0,1593.0
2019-06-30 06:00:00,81.77438500000002,81.77438500000002,1597.0,1597.0
2019-06-30 07:00:00,81.72318,81.72318,1596.0,1596.0
2019-06-30 08:00:00,81.82559000000002,81.82559000000002,1598.0,1598.0
2019-06-30 09:00:00,81.72318,81.72318,1596.0,1596.0
2019-06-30 10:00:00,81.671975,81.67197499999999,1595.0,1595.0
2019-06-30 11:00:00,81.72318,81.72318,1596.0,1596.0
2019-06-30 12:00:00,81.77438500000002,81.77438500000002,1597.0,1597.0
2019-06-30 13:00:00,81.92799999999998,81.92799999999998,1600.0,1600.0
2019-06-30 14:00:00,81.41595,81.41595,1590.0,1590.0
2019-06-30 15:00:00,81.77438500000002,81.77438500000002,1597.0,1597.0
2019-06-30 16:00:00,46.135705,46.135705,901.0,901.0
2019-06-30 17:00:00,0.0,0.0,0.0,0.0
2019-06-30 18:00:00,0.0,0.0,0.0,0.0
2019-06-30 19:00:00,0.0,0.0,0.0,0.0
2019-06-30 20:00:00,0.0,0.0,0.0,0.0
2019-06-30 21:00:00,0.0,0.0,0.0,0.0
2019-06-30 22:00:00,0.0,0.0,0.0,0.0
2019-06-30 23:00:00,0.0,0.0,0.0,0.0
2019-07-01 00:00:00,0.0,0.0,0.0,0.0
2019-07-01 01:00:00,0.0,0.0,0.0,0.0
2019-07-01 02:00:00,0.0,0.0,0.0,0.0
2019-07-01 03:00:00,0.0,0.0,0.0,0.0
2019-07-01 04:00:00,0.0,0.0,0.0,0.0
2019-07-01 05:00:00,0.0,0.0,0.0,0.0
2019-07-01 06:00:00,0.0,0.0,0.0,0.0
2019-07-01 07:00:00,0.0,0.0,0.0,0.0
2019-07-01 08:00:00,0.0,0.0,0.0,0.0
2019-07-01 09:00:00,0.0,0.0,0.0,0.0
2019-07-01 10:00:00,0.0,0.0,0.0,0.0
2019-07-01 11:00:00,0.0,0.0,0.0,0.0
2019-07-01 12:00:00,0.0,0.0,0.0,0.0
2019-07-01 13:00:00,0.0,0.0,0.0,0.0
2019-07-01 14:00:00,0.0,0.0,0.0,0.0
2019-07-01 15:00:00,0.0,0.0,0.0,0.0
2019-07-01 16:00:00,0.0,0.0,0.0,0.0
2019-07-01 17:00:00,0.0,0.0,0.0,0.0
2019-07-01 18:00:00,0.0,0.0,0.0,0.0
2019-07-01 19:00:00,0.0,0.0,0.0,0.0
2019-07-01 20:00:00,0.0,0.0,0.0,0.0
2019-07-01 21:00:00,0.0,0.0,0.0,0.0
2019-07-01 22:00:00,0.0,0.0,0.0,0.0
2019-07-01 23:00:00,0.0,0.0,0.0,0.0
2019-07-02 00:00:00,0.0,0.0,0.0,0.0
2019-07-02 01:00:00,0.0,0.0,0.0,0.0
2019-07-02 02:00:00,0.0,0.0,0.0,0.0
2019-07-02 03:00:00,0.0,0.0,0.0,0.0
2019-07-02 04:00:00,0.0,0.0,0.0,0.0
2019-07-02 05:00:00,0.0,0.0,0.0,0.0
2019-07-02 06:00:00,0.0,0.0,0.0,0.0
2019-07-02 07:00:00,0.0,0.0,0.0,0.0
2019-07-02 08:00:00,0.0,0.0,0.0,0.0
2019-07-02 09:00:00,0.0,0.0,0.0,0.0
2019-07-02 10:00:00,0.0,0.0,0.0,0.0
2019-07-02 11:00:00,0.0,0.0,0.0,0.0
2019-07-02 12:00:00,0.0,0.0,0.0,0.0
2019-07-02 13:00:00,0.0,0.0,0.0,0.0
2019-07-02 14:00:00,0.0,0.0,0.0,0.0
2019-07-02 15:00:00,0.0,0.0,0.0,0.0
2019-07-02 16:00:00,0.0,0.0,0.0,0.0
2019-07-02 17:00:00,0.0,0.0,0.0,0.0
2019-07-02 18:00:00,0.0,0.0,0.0,0.0
2019-07-02 19:00:00,0.0,0.0,0.0,0.0
2019-07-02 20:00:00,0.0,0.0,0.0,0.0
2019-07-02 21:00:00,0.0,0.0,0.0,0.0
2019-07-02 22:00:00,0.0,0.0,0.0,0.0
2019-07-02 23:00:00,0.0,0.0,0.0,0.0
2019-07-03 00:00:00,0.0,0.0,0.0,0.0
2019-07-03 01:00:00,0.0,0.0,0.0,0.0
2019-07-03 02:00:00,0.0,0.0,0.0,0.0
2019-07-03 03:00:00,0.0,0.0,0.0,0.0
2019-07-03 04:00:00,0.0,0.0,0.0,0.0
2019-07-03 05:00:00,0.0,0.0,0.0,0.0
2019-07-03 06:00:00,0.0,0.0,0.0,0.0
2019-07-03 07:00:00,0.0,0.0,0.0,0.0
2019-07-03 08:00:00,0.0,0.0,0.0,0.0
2019-07-03 09:00:00,0.0,0.0,0.0,0.0
2019-07-03 10:00:00,0.0,0.0,0.0,0.0
2019-07-03 11:00:00,0.0,0.0,0.0,0.0
2019-07-03 12:00:00,0.0,0.0,0.0,0.0
2019-07-03 13:00:00,0.0,0.0,0.0,0.0
2019-07-03 14:00:00,0.0,0.0,0.0,0.0
2019-07-03 15:00:00,0.0,0.0,0.0,0.0
2019-07-03 16:00:00,0.0,0.0,0.0,0.0
2019-07-03 17:00:00,0.0,0.0,0.0,0.0
2019-07-03 18:00:00,0.0,0.0,0.0,0.0
2019-07-03 19:00:00,0.0,0.0,0.0,0.0
2019-07-03 20:00:00,0.0,0.0,0.0,0.0
2019-07-03 21:00:00,0.0,0.0,0.0,0.0
2019-07-03 22:00:00,0.0,0.0,0.0,0.0
2019-07-03 23:00:00,0.0,0.0,0.0,0.0
2019-07-04 00:00:00,0.0,0.0,0.0,0.0
2019-07-04 01:00:00,0.0,0.0,0.0,0.0
2019-07-04 02:00:00,0.0,0.0,0.0,0.0
2019-07-04 03:00:00,0.0,0.0,0.0,0.0
2019-07-04 04:00:00,0.0,0.0,0.0,0.0
2019-07-04 05:00:00,0.0,0.0,0.0,0.0
2019-07-04 06:00:00,0.0,0.0,0.0,0.0
2019-07-04 07:00:00,0.0,0.0,0.0,0.0
2019-07-04 08:00:00,0.0,0.0,0.0,0.0
2019-07-04 09:00:00,0.0,0.0,0.0,0.0
2019-07-04 10:00:00,0.0,0.0,0.0,0.0
2019-07-04 11:00:00,0.0,0.0,0.0,0.0
2019-07-04 12:00:00,0.0,0.0,0.0,0.0
2019-07-04 13:00:00,0.0,0.0,0.0,0.0
2019-07-04 14:00:00,0.0,0.0,0.0,0.0
2019-07-04 15:00:00,0.0,0.0,0.0,0.0
2019-07-04 16:00:00,0.0,0.0,0.0,0.0
2019-07-04 17:00:00,0.0,0.0,0.0,0.0
2019-07-04 18:00:00,0.0,0.0,0.0,0.0
2019-07-04 19:00:00,0.0,0.0,0.0,0.0
2019-07-04 20:00:00,0.0,0.0,0.0,0.0
2019-07-04 21:00:00,0.0,0.0,0.0,0.0
2019-07-04 22:00:00,0.0,0.0,0.0,0.0
2019-07-04 23:00:00,0.0,0.0,0.0,0.0
2019-07-05 00:00:00,0.0,0.0,0.0,0.0
2019-07-05 01:00:00,0.0,0.0,0.0,0.0
2019-07-05 02:00:00,0.0,0.0,0.0,0.0
2019-07-05 03:00:00,0.0,0.0,0.0,0.0
2019-07-05 04:00:00,0.0,0.0,0.0,0.0
2019-07-05 05:00:00,0.0,0.0,0.0,0.0
2019-07-05 06:00:00,0.0,0.0,0.0,0.0
2019-07-05 07:00:00,0.0,0.0,0.0,0.0
2019-07-05 08:00:00,0.0,0.0,0.0,0.0
2019-07-05 09:00:00,0.0,0.0,0.0,0.0
2019-07-05 10:00:00,0.0,0.0,0.0,0.0
2019-07-05 11:00:00,0.0,0.0,0.0,0.0
2019-07-05 12:00:00,0.0,0.0,0.0,0.0
2019-07-05 13:00:00,0.0,0.0,0.0,0.0
2019-07-05 14:00:00,0.0,0.0,0.0,0.0
2019-07-05 15:00:00,0.0,0.0,0.0,0.0
2019-07-05 16:00:00,0.0,0.0,0.0,0.0
2019-07-05 17:00:00,0.0,0.0,0.0,0.0
2019-07-05 18:00:00,0.0,0.0,0.0,0.0
2019-07-05 19:00:00,0.0,0.0,0.0,0.0
2019-07-05 20:00:00,0.0,0.0,0.0,0.0
2019-07-05 21:00:00,0.0,0.0,0.0,0.0
2019-07-05 22:00:00,0.0,0.0,0.0,0.0
2019-07-05 23:00:00,0.0,0.0,0.0,0.0
2019-07-06 00:00:00,0.0,0.0,0.0,0.0
2019-07-06 01:00:00,0.0,0.0,0.0,0.0
2019-07-06 02:00:00,0.0,0.0,0.0,0.0
2019-07-06 03:00:00,0.0,0.0,0.0,0.0
2019-07-06 04:00:00,0.0,0.0,0.0,0.0
2019-07-06 05:00:00,0.0,0.0,0.0,0.0
2019-07-06 06:00:00,0.0,0.0,0.0,0.0
2019-07-06 07:00:00,0.0,0.0,0.0,0.0
2019-07-06 08:00:00,0.0,0.0,0.0,0.0
2019-07-06 09:00:00,0.0,0.0,0.0,0.0
2019-07-06 10:00:00,0.0,0.0,0.0,0.0
2019-07-06 11:00:00,0.0,0.0,0.0,0.0
2019-07-06 12:00:00,0.0,0.0,0.0,0.0
2019-07-06 13:00:00,0.0,0.0,0.0,0.0
2019-07-06 14:00:00,0.0,0.0,0.0,0.0
2019-07-06 15:00:00,0.0,0.0,0.0,0.0
2019-07-06 16:00:00,0.0,0.0,0.0,0.0
2019-07-06 17:00:00,0.0,0.0,0.0,0.0
2019-07-06 18:00:00,0.0,0.0,0.0,0.0
2019-07-06 19:00:00,0.0,0.0,0.0,0.0
2019-07-06 20:00:00,0.0,0.0,0.0,0.0
2019-07-06 21:00:00,0.0,0.0,0.0,0.0
2019-07-06 22:00:00,0.0,0.0,0.0,0.0
2019-07-06 23:00:00,0.0,0.0,0.0,0.0
2019-07-07 00:00:00,0.0,0.0,0.0,0.0
2019-07-07 01:00:00,0.0,0.0,0.0,0.0
2019-07-07 02:00:00,0.0,0.0,0.0,0.0
2019-07-07 03:00:00,0.0,0.0,0.0,0.0
2019-07-07 04:00:00,0.0,0.0,0.0,0.0
2019-07-07 05:00:00,0.0,0.0,0.0,0.0
2019-07-07 06:00:00,0.0,0.0,0.0,0.0
2019-07-07 07:00:00,0.0,0.0,0.0,0.0
2019-07-07 08:00:00,0.0,0.0,0.0,0.0
2019-07-07 09:00:00,0.0,0.0,0.0,0.0
2019-07-07 10:00:00,0.0,0.0,0.0,0.0
2019-07-07 11:00:00,0.0,0.0,0.0,0.0
2019-07-07 12:00:00,0.0,0.0,0.0,0.0
2019-07-07 13:00:00,0.0,0.0,0.0,0.0
2019-07-07 14:00:00,0.0,0.0,0.0,0.0
2019-07-07 15:00:00,0.0,0.0,0.0,0.0
2019-07-07 16:00:00,0.0,0.0,0.0,0.0
2019-07-07 17:00:00,0.0,0.0,0.0,0.0
2019-07-07 18:00:00,0.0,0.0,0.0,0.0
2019-07-07 19:00:00,0.0,0.0,0.0,0.0
2019-07-07 20:00:00,0.0,0.0,0.0,0.0
2019-07-07 21:00:00,0.0,0.0,0.0,0.0
2019-07-07 22:00:00,0.0,0.0,0.0,0.0
2019-07-07 23:00:00,0.0,0.0,0.0,0.0
2019-07-08 00:00:00,0.0,0.0,0.0,0.0
2019-07-08 01:00:00,0.0,0.0,0.0,0.0
2019-07-08 02:00:00,0.0,0.0,0.0,0.0
2019-07-08 03:00:00,0.0,0.0,0.0,0.0
2019-07-08 04:00:00,0.0,0.0,0.0,0.0
2019-07-08 05:00:00,0.0,0.0,0.0,0.0
2019-07-08 06:00:00,0.0,0.0,0.0,0.0
2019-07-08 07:00:00,0.0,0.0,0.0,0.0
2019-07-08 08:00:00,0.0,0.0,0.0,0.0
2019-07-08 09:00:00,0.0,0.0,0.0,0.0
2019-07-08 10:00:00,0.0,0.0,0.0,0.0
2019-07-08 11:00:00,0.0,0.0,0.0,0.0
2019-07-08 12:00:00,0.0,0.0,0.0,0.0
2019-07-08 13:00:00,0.0,0.0,0.0,0.0
2019-07-08 14:00:00,0.0,0.0,0.0,0.0
2019-07-08 15:00:00,0.0,0.0,0.0,0.0
2019-07-08 16:00:00,0.0,0.0,0.0,0.0
2019-07-08 17:00:00,0.0,0.0,0.0,0.0
2019-07-08 18:00:00,0.0,0.0,0.0,0.0
2019-07-08 19:00:00,0.0,0.0,0.0,0.0
2019-07-08 20:00:00,0.0,0.0,0.0,0.0
2019-07-08 21:00:00,0.0,0.0,0.0,0.0
2019-07-08 22:00:00,0.0,0.0,0.0,0.0
2019-07-08 23:00:00,0.0,0.0,0.0,0.0
2019-07-09 00:00:00,0.0,0.0,0.0,0.0
2019-07-09 01:00:00,0.0,0.0,0.0,0.0
2019-07-09 02:00:00,0.0,0.0,0.0,0.0
2019-07-09 03:00:00,0.0,0.0,0.0,0.0
2019-07-09 04:00:00,0.0,0.0,0.0,0.0
2019-07-09 05:00:00,0.0,0.0,0.0,0.0
2019-07-09 06:00:00,0.0,0.0,0.0,0.0
2019-07-09 07:00:00,0.0,0.0,0.0,0.0
2019-07-09 08:00:00,0.0,0.0,0.0,0.0
2019-07-09 09:00:00,0.0,0.0,0.0,0.0
2019-07-09 10:00:00,0.0,0.0,0.0,0.0
2019-07-09 11:00:00,0.0,0.0,0.0,0.0
2019-07-09 12:00:00,0.0,0.0,0.0,0.0
2019-07-09 13:00:00,0.0,0.0,0.0,0.0
2019-07-09 14:00:00,0.0,0.0,0.0,0.0
2019-07-09 15:00:00,0.0,0.0,0.0,0.0
2019-07-09 16:00:00,0.0,0.0,0.0,0.0
2019-07-09 17:00:00,0.0,0.0,0.0,0.0
2019-07-09 18:00:00,0.0,0.0,0.0,0.0
2019-07-09 19:00:00,0.0,0.0,0.0,0.0
2019-07-09 20:00:00,0.0,0.0,0.0,0.0
2019-07-09 21:00:00,0.0,0.0,0.0,0.0
2019-07-09 22:00:00,0.0,0.0,0.0,0.0
2019-07-09 23:00:00,0.0,0.0,0.0,0.0
2019-07-10 00:00:00,0.0,0.0,0.0,0.0
2019-07-10 01:00:00,0.0,0.0,0.0,0.0
2019-07-10 02:00:00,0.0,0.0,0.0,0.0
2019-07-10 03:00:00,0.0,0.0,0.0,0.0
2019-07-10 04:00:00,0.0,0.0,0.0,0.0
2019-07-10 05:00:00,0.0,0.0,0.0,0.0
2019-07-10 06:00:00,0.0,0.0,0.0,0.0
2019-07-10 07:00:00,0.0,0.0,0.0,0.0
2019-07-10 08:00:00,0.0,0.0,0.0,0.0
2019-07-10 09:00:00,0.0,0.0,0.0,0.0
2019-07-10 10:00:00,0.0,0.0,0.0,0.0
2019-07-10 11:00:00,0.0,0.0,0.0,0.0
2019-07-10 12:00:00,0.0,0.0,0.0,0.0
2019-07-10 13:00:00,0.0,0.0,0.0,0.0
2019-07-10 14:00:00,0.0,0.0,0.0,0.0
2019-07-10 15:00:00,0.0,0.0,0.0,0.0
2019-07-10 16:00:00,0.0,0.0,0.0,0.0
2019-07-10 17:00:00,0.0,0.0,0.0,0.0
2019-07-10 18:00:00,0.0,0.0,0.0,0.0
2019-07-10 19:00:00,0.0,0.0,0.0,0.0
2019-07-10 20:00:00,0.0,0.0,0.0,0.0
2019-07-10 21:00:00,0.0,0.0,0.0,0.0
2019-07-10 22:00:00,0.0,0.0,0.0,0.0
2019-07-10 23:00:00,0.0,0.0,0.0,0.0
2019-07-11 00:00:00,0.0,0.0,0.0,0.0
2019-07-11 01:00:00,0.0,0.0,0.0,0.0
2019-07-11 02:00:00,0.0,0.0,0.0,0.0
2019-07-11 03:00:00,0.0,0.0,0.0,0.0
2019-07-11 04:00:00,0.0,0.0,0.0,0.0
2019-07-11 05:00:00,0.0,0.0,0.0,0.0
2019-07-11 06:00:00,0.0,0.0,0.0,0.0
2019-07-11 07:00:00,0.0,0.0,0.0,0.0
2019-07-11 08:00:00,0.0,0.0,0.0,0.0
2019-07-11 09:00:00,0.0,0.0,0.0,0.0
2019-07-11 10:00:00,0.0,0.0,0.0,0.0
2019-07-11 11:00:00,0.0,0.0,0.0,0.0
2019-07-11 12:00:00,0.0,0.0,0.0,0.0
2019-07-11 13:00:00,0.0,0.0,0.0,0.0
2019-07-11 14:00:00,0.0,0.0,0.0,0.0
2019-07-11 15:00:00,0.0,0.0,0.0,0.0
2019-07-11 16:00:00,0.0,0.0,0.0,0.0
2019-07-11 17:00:00,0.0,0.0,0.0,0.0
2019-07-11 18:00:00,0.0,0.0,0.0,0.0
2019-07-11 19:00:00,0.0,0.0,0.0,0.0
2019-07-11 20:00:00,0.0,0.0,0.0,0.0
2019-07-11 21:00:00,0.0,0.0,0.0,0.0
2019-07-11 22:00:00,0.0,0.0,0.0,0.0
2019-07-11 23:00:00,0.0,0.0,0.0,0.0
2019-07-12 00:00:00,0.0,0.0,0.0,0.0
2019-07-12 01:00:00,0.0,0.0,0.0,0.0
2019-07-12 02:00:00,0.0,0.0,0.0,0.0
2019-07-12 03:00:00,0.0,0.0,0.0,0.0
2019-07-12 04:00:00,0.0,0.0,0.0,0.0
2019-07-12 05:00:00,0.0,0.0,0.0,0.0
2019-07-12 06:00:00,0.0,0.0,0.0,0.0
2019-07-12 07:00:00,0.0,0.0,0.0,0.0
2019-07-12 08:00:00,0.0,0.0,0.0,0.0
2019-07-12 09:00:00,0.0,0.0,0.0,0.0
2019-07-12 10:00:00,0.0,0.0,0.0,0.0
2019-07-12 11:00:00,0.0,0.0,0.0,0.0
2019-07-12 12:00:00,0.0,0.0,0.0,0.0
2019-07-12 13:00:00,0.0,0.0,0.0,0.0
2019-07-12 14:00:00,0.0,0.0,0.0,0.0
2019-07-12 15:00:00,0.0,0.0,0.0,0.0
2019-07-12 16:00:00,0.0,0.0,0.0,0.0
2019-07-12 17:00:00,0.0,0.0,0.0,0.0
2019-07-12 18:00:00,0.0,0.0,0.0,0.0
2019-07-12 19:00:00,0.0,0.0,0.0,0.0
2019-07-12 20:00:00,0.0,0.0,0.0,0.0
2019-07-12 21:00:00,0.0,0.0,0.0,0.0
2019-07-12 22:00:00,0.0,0.0,0.0,0.0
2019-07-12 23:00:00,0.0,0.0,0.0,0.0
2019-07-13 00:00:00,0.0,0.0,0.0,0.0
2019-07-13 01:00:00,0.0,0.0,0.0,0.0
2019-07-13 02:00:00,0.0,0.0,0.0,0.0
2019-07-13 03:00:00,0.0,0.0,0.0,0.0
2019-07-13 04:00:00,0.0,0.0,0.0,0.0
2019-07-13 05:00:00,0.0,0.0,0.0,0.0
2019-07-13 06:00:00,0.0,0.0,0.0,0.0
2019-07-13 07:00:00,0.0,0.0,0.0,0.0
2019-07-13 08:00:00,0.0,0.0,0.0,0.0
2019-07-13 09:00:00,0.0,0.0,0.0,0.0
2019-07-13 10:00:00,0.0,0.0,0.0,0.0
2019-07-13 11:00:00,0.0,0.0,0.0,0.0
2019-07-13 12:00:00,0.0,0.0,0.0,0.0
2019-07-13 13:00:00,0.0,0.0,0.0,0.0
2019-07-13 14:00:00,0.0,0.0,0.0,0.0
2019-07-13 15:00:00,0.0,0.0,0.0,0.0
2019-07-13 16:00:00,0.0,0.0,0.0,0.0
2019-07-13 17:00:00,0.0,0.0,0.0,0.0
2019-07-13 18:00:00,0.0,0.0,0.0,0.0
2019-07-13 19:00:00,0.0,0.0,0.0,0.0
2019-07-13 20:00:00,0.0,0.0,0.0,0.0
2019-07-13 21:00:00,0.0,0.0,0.0,0.0
2019-07-13 22:00:00,0.0,0.0,0.0,0.0
2019-07-13 23:00:00,0.0,0.0,0.0,0.0
2019-07-14 00:00:00,0.0,0.0,0.0,0.0
2019-07-14 01:00:00,0.0,0.0,0.0,0.0
2019-07-14 02:00:00,0.0,0.0,0.0,0.0
2019-07-14 03:00:00,0.0,0.0,0.0,0.0
2019-07-14 04:00:00,0.0,0.0,0.0,0.0
2019-07-14 05:00:00,0.0,0.0,0.0,0.0
2019-07-14 06:00:00,0.0,0.0,0.0,0.0
2019-07-14 07:00:00,0.0,0.0,0.0,0.0
2019-07-14 08:00:00,0.0,0.0,0.0,0.0
2019-07-14 09:00:00,0.0,0.0,0.0,0.0
2019-07-14 10:00:00,0.0,0.0,0.0,0.0
2019-07-14 11:00:00,0.0,0.0,0.0,0.0
2019-07-14 12:00:00,0.0,0.0,0.0,0.0
2019-07-14 13:00:00,0.0,0.0,0.0,0.0
2019-07-14 14:00:00,0.0,0.0,0.0,0.0
2019-07-14 15:00:00,0.0,0.0,0.0,0.0
2019-07-14 16:00:00,0.0,0.0,0.0,0.0
2019-07-14 17:00:00,0.0,0.0,0.0,0.0
2019-07-14 18:00:00,0.0,0.0,0.0,0.0
2019-07-14 19:00:00,0.0,0.0,0.0,0.0
2019-07-14 20:00:00,0.0,0.0,0.0,0.0
2019-07-14 21:00:00,0.0,0.0,0.0,0.0
2019-07-14 22:00:00,0.0,0.0,0.0,0.0
2019-07-14 23:00:00,0.0,0.0,0.0,0.0
2019-07-15 00:00:00,0.0,0.0,0.0,0.0
2019-07-15 01:00:00,0.0,0.0,0.0,0.0
2019-07-15 02:00:00,0.0,0.0,0.0,0.0
2019-07-15 03:00:00,0.0,0.0,0.0,0.0
2019-07-15 04:00:00,0.0,0.0,0.0,0.0
2019-07-15 05:00:00,0.0,0.0,0.0,0.0
2019-07-15 06:00:00,0.0,0.0,0.0,0.0
2019-07-15 07:00:00,0.0,0.0,0.0,0.0
2019-07-15 08:00:00,0.0,0.0,0.0,0.0
2019-07-15 09:00:00,0.0,0.0,0.0,0.0
2019-07-15 10:00:00,0.0,0.0,0.0,0.0
2019-07-15 11:00:00,0.0,0.0,0.0,0.0
2019-07-15 12:00:00,0.0,0.0,0.0,0.0
2019-07-15 13:00:00,0.0,0.0,0.0,0.0
2019-07-15 14:00:00,0.0,0.0,0.0,0.0
2019-07-15 15:00:00,0.0,0.0,0.0,0.0
2019-07-15 16:00:00,0.0,0.0,0.0,0.0
2019-07-15 17:00:00,0.0,0.0,0.0,0.0
2019-07-15 18:00:00,0.0,0.0,0.0,0.0
2019-07-15 19:00:00,0.0,0.0,0.0,0.0
2019-07-15 20:00:00,0.0,0.0,0.0,0.0
2019-07-15 21:00:00,0.0,0.0,0.0,0.0
2019-07-15 22:00:00,0.0,0.0,0.0,0.0
2019-07-15 23:00:00,0.0,0.0,0.0,0.0
2019-07-16 00:00:00,0.0,0.0,0.0,0.0
2019-07-16 01:00:00,0.0,0.0,0.0,0.0
2019-07-16 02:00:00,0.0,0.0,0.0,0.0
2019-07-16 03:00:00,0.0,0.0,0.0,0.0
2019-07-16 04:00:00,0.0,0.0,0.0,0.0
2019-07-16 05:00:00,0.0,0.0,0.0,0.0
2019-07-16 06:00:00,0.0,0.0,0.0,0.0
2019-07-16 07:00:00,0.0,0.0,0.0,0.0
2019-07-16 08:00:00,0.0,0.0,0.0,0.0
2019-07-16 09:00:00,0.0,0.0,0.0,0.0
2019-07-16 10:00:00,0.0,0.0,0.0,0.0
2019-07-16 11:00:00,0.0,0.0,0.0,0.0
2019-07-16 12:00:00,0.0,0.0,0.0,0.0
2019-07-16 13:00:00,0.0,0.0,0.0,0.0
2019-07-16 14:00:00,0.0,0.0,0.0,0.0
2019-07-16 15:00:00,0.0,0.0,0.0,0.0
2019-07-16 16:00:00,0.0,0.0,0.0,0.0
2019-07-16 17:00:00,0.0,0.0,0.0,0.0
2019-07-16 18:00:00,0.0,0.0,0.0,0.0
2019-07-16 19:00:00,0.0,0.0,0.0,0.0
2019-07-16 20:00:00,0.0,0.0,0.0,0.0
2019-07-16 21:00:00,0.0,0.0,0.0,0.0
2019-07-16 22:00:00,0.0,0.0,0.0,0.0
2019-07-16 23:00:00,0.0,0.0,0.0,0.0
2019-07-17 00:00:00,0.0,0.0,0.0,0.0
2019-07-17 01:00:00,0.0,0.0,0.0,0.0
2019-07-17 02:00:00,0.0,0.0,0.0,0.0
2019-07-17 03:00:00,0.0,0.0,0.0,0.0
2019-07-17 04:00:00,0.0,0.0,0.0,0.0
2019-07-17 05:00:00,0.0,0.0,0.0,0.0
2019-07-17 06:00:00,0.0,0.0,0.0,0.0
2019-07-17 07:00:00,0.0,0.0,0.0,0.0
2019-07-17 08:00:00,0.0,0.0,0.0,0.0
2019-07-17 09:00:00,0.0,0.0,0.0,0.0
2019-07-17 10:00:00,0.0,0.0,0.0,0.0
2019-07-17 11:00:00,0.0,0.0,0.0,0.0
2019-07-17 12:00:00,0.0,0.0,0.0,0.0
2019-07-17 13:00:00,0.0,0.0,0.0,0.0
2019-07-17 14:00:00,0.0,0.0,0.0,0.0
2019-07-17 15:00:00,0.0,0.0,0.0,0.0
2019-07-17 16:00:00,0.0,0.0,0.0,0.0
2019-07-17 17:00:00,0.0,0.0,0.0,0.0
2019-07-17 18:00:00,0.0,0.0,0.0,0.0
2019-07-17 19:00:00,0.0,0.0,0.0,0.0
2019-07-17 20:00:00,0.0,0.0,0.0,0.0
2019-07-17 21:00:00,0.0,0.0,0.0,0.0
2019-07-17 22:00:00,0.0,0.0,0.0,0.0
2019-07-17 23:00:00,0.0,0.0,0.0,0.0
2019-07-18 00:00:00,0.0,0.0,0.0,0.0
2019-07-18 01:00:00,0.0,0.0,0.0,0.0
2019-07-18 02:00:00,0.0,0.0,0.0,0.0
2019-07-18 03:00:00,0.0,0.0,0.0,0.0
2019-07-18 04:00:00,0.0,0.0,0.0,0.0
2019-07-18 05:00:00,0.0,0.0,0.0,0.0
2019-07-18 06:00:00,0.0,0.0,0.0,0.0
2019-07-18 07:00:00,0.0,0.0,0.0,0.0
2019-07-18 08:00:00,0.0,0.0,0.0,0.0
2019-07-18 09:00:00,0.0,0.0,0.0,0.0
2019-07-18 10:00:00,0.0,0.0,0.0,0.0
2019-07-18 11:00:00,0.0,0.0,0.0,0.0
2019-07-18 12:00:00,0.0,0.0,0.0,0.0
2019-07-18 13:00:00,0.0,0.0,0.0,0.0
2019-07-18 14:00:00,0.0,0.0,0.0,0.0
2019-07-18 15:00:00,0.0,0.0,0.0,0.0
2019-07-18 16:00:00,0.0,0.0,0.0,0.0
2019-07-18 17:00:00,0.0,0.0,0.0,0.0
2019-07-18 18:00:00,0.0,0.0,0.0,0.0
2019-07-18 19:00:00,0.0,0.0,0.0,0.0
2019-07-18 20:00:00,0.0,0.0,0.0,0.0
2019-07-18 21:00:00,0.0,0.0,0.0,0.0
2019-07-18 22:00:00,0.0,0.0,0.0,0.0
2019-07-18 23:00:00,0.0,0.0,0.0,0.0
2019-07-19 00:00:00,0.0,0.0,0.0,0.0
2019-07-19 01:00:00,0.0,0.0,0.0,0.0
2019-07-19 02:00:00,0.0,0.0,0.0,0.0
2019-07-19 03:00:00,0.0,0.0,0.0,0.0
2019-07-19 04:00:00,0.0,0.0,0.0,0.0
2019-07-19 05:00:00,0.0,0.0,0.0,0.0
2019-07-19 06:00:00,0.0,0.0,0.0,0.0
2019-07-19 07:00:00,0.0,0.0,0.0,0.0
2019-07-19 08:00:00,0.0,0.0,0.0,0.0
2019-07-19 09:00:00,0.0,0.0,0.0,0.0
2019-07-19 10:00:00,0.0,0.0,0.0,0.0
2019-07-19 11:00:00,0.0,0.0,0.0,0.0
2019-07-19 12:00:00,0.0,0.0,0.0,0.0
2019-07-19 13:00:00,0.0,0.0,0.0,0.0
2019-07-19 14:00:00,0.0,0.0,0.0,0.0
2019-07-19 15:00:00,0.0,0.0,0.0,0.0
2019-07-19 16:00:00,0.0,0.0,0.0,0.0
2019-07-19 17:00:00,0.0,0.0,0.0,0.0
2019-07-19 18:00:00,0.0,0.0,0.0,0.0
2019-07-19 19:00:00,0.0,0.0,0.0,0.0
2019-07-19 20:00:00,0.0,0.0,0.0,0.0
2019-07-19 21:00:00,0.0,0.0,0.0,0.0
2019-07-19 22:00:00,0.0,0.0,0.0,0.0
2019-07-19 23:00:00,0.0,0.0,0.0,0.0
2019-07-20 00:00:00,0.0,0.0,0.0,0.0
2019-07-20 01:00:00,0.0,0.0,0.0,0.0
2019-07-20 02:00:00,0.0,0.0,0.0,0.0
2019-07-20 03:00:00,0.0,0.0,0.0,0.0
2019-07-20 04:00:00,0.0,0.0,0.0,0.0
2019-07-20 05:00:00,0.0,0.0,0.0,0.0
2019-07-20 06:00:00,0.0,0.0,0.0,0.0
2019-07-20 07:00:00,0.0,0.0,0.0,0.0
2019-07-20 08:00:00,0.0,0.0,0.0,0.0
2019-07-20 09:00:00,0.0,0.0,0.0,0.0
2019-07-20 10:00:00,0.0,0.0,0.0,0.0
2019-07-20 11:00:00,0.0,0.0,0.0,0.0
2019-07-20 12:00:00,0.0,0.0,0.0,0.0
2019-07-20 13:00:00,0.0,0.0,0.0,0.0
2019-07-20 14:00:00,0.0,0.0,0.0,0.0
2019-07-20 15:00:00,0.0,0.0,0.0,0.0
2019-07-20 16:00:00,0.0,0.0,0.0,0.0
2019-07-20 17:00:00,0.0,0.0,0.0,0.0
2019-07-20 18:00:00,0.0,0.0,0.0,0.0
2019-07-20 19:00:00,0.0,0.0,0.0,0.0
2019-07-20 20:00:00,0.0,0.0,0.0,0.0
2019-07-20 21:00:00,0.0,0.0,0.0,0.0
2019-07-20 22:00:00,0.0,0.0,0.0,0.0
2019-07-20 23:00:00,0.0,0.0,0.0,0.0
2019-07-21 00:00:00,0.0,0.0,0.0,0.0
2019-07-21 01:00:00,0.0,0.0,0.0,0.0
2019-07-21 02:00:00,0.0,0.0,0.0,0.0
2019-07-21 03:00:00,0.0,0.0,0.0,0.0
2019-07-21 04:00:00,0.0,0.0,0.0,0.0
2019-07-21 05:00:00,0.0,0.0,0.0,0.0
2019-07-21 06:00:00,0.0,0.0,0.0,0.0
2019-07-21 07:00:00,0.0,0.0,0.0,0.0
2019-07-21 08:00:00,0.0,0.0,0.0,0.0
2019-07-21 09:00:00,0.0,0.0,0.0,0.0
2019-07-21 10:00:00,0.0,0.0,0.0,0.0
2019-07-21 11:00:00,0.0,0.0,0.0,0.0
2019-07-21 12:00:00,0.0,0.0,0.0,0.0
2019-07-21 13:00:00,0.0,0.0,0.0,0.0
2019-07-21 14:00:00,0.0,0.0,0.0,0.0
2019-07-21 15:00:00,0.0,0.0,0.0,0.0
2019-07-21 16:00:00,0.0,0.0,0.0,0.0
2019-07-21 17:00:00,0.0,0.0,0.0,0.0
2019-07-21 18:00:00,0.0,0.0,0.0,0.0
2019-07-21 19:00:00,0.0,0.0,0.0,0.0
2019-07-21 20:00:00,0.0,0.0,0.0,0.0
2019-07-21 21:00:00,0.0,0.0,0.0,0.0
2019-07-21 22:00:00,0.0,0.0,0.0,0.0
2019-07-21 23:00:00,0.0,0.0,0.0,0.0
2019-07-22 00:00:00,0.0,0.0,0.0,0.0
2019-07-22 01:00:00,0.0,0.0,0.0,0.0
2019-07-22 02:00:00,0.0,0.0,0.0,0.0
2019-07-22 03:00:00,0.0,0.0,0.0,0.0
2019-07-22 04:00:00,0.0,0.0,0.0,0.0
2019-07-22 05:00:00,0.0,0.0,0.0,0.0
2019-07-22 06:00:00,0.0,0.0,0.0,0.0
2019-07-22 07:00:00,0.0,0.0,0.0,0.0
2019-07-22 08:00:00,0.0,0.0,0.0,0.0
2019-07-22 09:00:00,0.0,0.0,0.0,0.0
2019-07-22 10:00:00,0.0,0.0,0.0,0.0
2019-07-22 11:00:00,0.0,0.0,0.0,0.0
2019-07-22 12:00:00,0.0,0.0,0.0,0.0
2019-07-22 13:00:00,0.0,0.0,0.0,0.0
2019-07-22 14:00:00,0.0,0.0,0.0,0.0
2019-07-22 15:00:00,0.0,0.0,0.0,0.0
2019-07-22 16:00:00,0.0,0.0,0.0,0.0
2019-07-22 17:00:00,0.0,0.0,0.0,0.0
2019-07-22 18:00:00,0.0,0.0,0.0,0.0
2019-07-22 19:00:00,0.0,0.0,0.0,0.0
2019-07-22 20:00:00,0.0,0.0,0.0,0.0
2019-07-22 21:00:00,0.0,0.0,0.0,0.0
2019-07-22 22:00:00,0.0,0.0,0.0,0.0
2019-07-22 23:00:00,0.0,0.0,0.0,0.0
2019-07-23 00:00:00,0.0,0.0,0.0,0.0
2019-07-23 01:00:00,0.0,0.0,0.0,0.0
2019-07-23 02:00:00,0.0,0.0,0.0,0.0
2019-07-23 03:00:00,0.0,0.0,0.0,0.0
2019-07-23 04:00:00,0.0,0.0,0.0,0.0
2019-07-23 05:00:00,0.0,0.0,0.0,0.0
2019-07-23 06:00:00,0.0,0.0,0.0,0.0
2019-07-23 07:00:00,0.0,0.0,0.0,0.0
2019-07-23 08:00:00,0.0,0.0,0.0,0.0
2019-07-23 09:00:00,0.0,0.0,0.0,0.0
2019-07-23 10:00:00,0.0,0.0,0.0,0.0
2019-07-23 11:00:00,0.0,0.0,0.0,0.0
2019-07-23 12:00:00,0.0,0.0,0.0,0.0
2019-07-23 13:00:00,0.0,0.0,0.0,0.0
2019-07-23 14:00:00,0.0,0.0,0.0,0.0
2019-07-23 15:00:00,0.0,0.0,0.0,0.0
2019-07-23 16:00:00,0.0,0.0,0.0,0.0
2019-07-23 17:00:00,0.0,0.0,0.0,0.0
2019-07-23 18:00:00,0.0,0.0,0.0,0.0
2019-07-23 19:00:00,0.0,0.0,0.0,0.0
2019-07-23 20:00:00,0.0,0.0,0.0,0.0
2019-07-23 21:00:00,0.0,0.0,0.0,0.0
2019-07-23 22:00:00,0.0,0.0,0.0,0.0
2019-07-23 23:00:00,0.0,0.0,0.0,0.0
2019-07-24 00:00:00,0.0,0.0,0.0,0.0
2019-07-24 01:00:00,0.0,0.0,0.0,0.0
2019-07-24 02:00:00,0.0,0.0,0.0,0.0
2019-07-24 03:00:00,0.0,0.0,0.0,0.0
2019-07-24 04:00:00,0.0,0.0,0.0,0.0
2019-07-24 05:00:00,0.0,0.0,0.0,0.0
2019-07-24 06:00:00,0.0,0.0,0.0,0.0
2019-07-24 07:00:00,0.0,0.0,0.0,0.0
2019-07-24 08:00:00,0.0,0.0,0.0,0.0
2019-07-24 09:00:00,0.0,0.0,0.0,0.0
2019-07-24 10:00:00,0.0,0.0,0.0,0.0
2019-07-24 11:00:00,0.0,0.0,0.0,0.0
2019-07-24 12:00:00,0.0,0.0,0.0,0.0
2019-07-24 13:00:00,0.0,0.0,0.0,0.0
2019-07-24 14:00:00,0.0,0.0,0.0,0.0
2019-07-24 15:00:00,0.0,0.0,0.0,0.0
2019-07-24 16:00:00,0.0,0.0,0.0,0.0
2019-07-24 17:00:00,0.0,0.0,0.0,0.0
2019-07-24 18:00:00,0.0,0.0,0.0,0.0
2019-07-24 19:00:00,0.0,0.0,0.0,0.0
2019-07-24 20:00:00,0.0,0.0,0.0,0.0
2019-07-24 21:00:00,0.0,0.0,0.0,0.0
2019-07-24 22:00:00,0.0,0.0,0.0,0.0
2019-07-24 23:00:00,0.0,0.0,0.0,0.0
2019-07-25 00:00:00,0.0,0.0,0.0,0.0
2019-07-25 01:00:00,0.0,0.0,0.0,0.0
2019-07-25 02:00:00,0.0,0.0,0.0,0.0
2019-07-25 03:00:00,0.0,0.0,0.0,0.0
2019-07-25 04:00:00,0.0,0.0,0.0,0.0
2019-07-25 05:00:00,0.0,0.0,0.0,0.0
2019-07-25 06:00:00,0.0,0.0,0.0,0.0
2019-07-25 07:00:00,0.0,0.0,0.0,0.0
2019-07-25 08:00:00,0.0,0.0,0.0,0.0
2019-07-25 09:00:00,0.0,0.0,0.0,0.0
2019-07-25 10:00:00,0.0,0.0,0.0,0.0
2019-07-25 11:00:00,0.0,0.0,0.0,0.0
2019-07-25 12:00:00,0.0,0.0,0.0,0.0
2019-07-25 13:00:00,0.0,0.0,0.0,0.0
2019-07-25 14:00:00,0.0,0.0,0.0,0.0
2019-07-25 15:00:00,0.0,0.0,0.0,0.0
2019-07-25 16:00:00,0.0,0.0,0.0,0.0
2019-07-25 17:00:00,0.0,0.0,0.0,0.0
2019-07-25 18:00:00,0.0,0.0,0.0,0.0
2019-07-25 19:00:00,0.0,0.0,0.0,0.0
2019-07-25 20:00:00,0.0,0.0,0.0,0.0
2019-07-25 21:00:00,0.0,0.0,0.0,0.0
2019-07-25 22:00:00,0.0,0.0,0.0,0.0
2019-07-25 23:00:00,0.0,0.0,0.0,0.0
2019-07-26 00:00:00,0.0,0.0,0.0,0.0
2019-07-26 01:00:00,0.0,0.0,0.0,0.0
2019-07-26 02:00:00,0.0,0.0,0.0,0.0
2019-07-26 03:00:00,0.0,0.0,0.0,0.0
2019-07-26 04:00:00,0.0,0.0,0.0,0.0
2019-07-26 05:00:00,0.0,0.0,0.0,0.0
2019-07-26 06:00:00,0.0,0.0,0.0,0.0
2019-07-26 07:00:00,0.0,0.0,0.0,0.0
2019-07-26 08:00:00,0.0,0.0,0.0,0.0
2019-07-26 09:00:00,0.0,0.0,0.0,0.0
2019-07-26 10:00:00,0.0,0.0,0.0,0.0
2019-07-26 11:00:00,0.0,0.0,0.0,0.0
2019-07-26 12:00:00,0.0,0.0,0.0,0.0
2019-07-26 13:00:00,0.0,0.0,0.0,0.0
2019-07-26 14:00:00,0.0,0.0,0.0,0.0
2019-07-26 15:00:00,0.0,0.0,0.0,0.0
2019-07-26 16:00:00,0.0,0.0,0.0,0.0
2019-07-26 17:00:00,0.0,0.0,0.0,0.0
2019-07-26 18:00:00,0.0,0.0,0.0,0.0
2019-07-26 19:00:00,0.0,0.0,0.0,0.0
2019-07-26 20:00:00,0.0,0.0,0.0,0.0
2019-07-26 21:00:00,0.0,0.0,0.0,0.0
2019-07-26 22:00:00,0.0,0.0,0.0,0.0
2019-07-26 23:00:00,0.0,0.0,0.0,0.0
2019-07-27 00:00:00,0.0,0.0,0.0,0.0
2019-07-27 01:00:00,0.0,0.0,0.0,0.0
2019-07-27 02:00:00,0.0,0.0,0.0,0.0
2019-07-27 03:00:00,0.0,0.0,0.0,0.0
2019-07-27 04:00:00,0.0,0.0,0.0,0.0
2019-07-27 05:00:00,0.0,0.0,0.0,0.0
2019-07-27 06:00:00,0.0,0.0,0.0,0.0
2019-07-27 07:00:00,0.0,0.0,0.0,0.0
2019-07-27 08:00:00,0.0,0.0,0.0,0.0
2019-07-27 09:00:00,0.0,0.0,0.0,0.0
2019-07-27 10:00:00,0.0,0.0,0.0,0.0
2019-07-27 11:00:00,0.0,0.0,0.0,0.0
2019-07-27 12:00:00,0.0,0.0,0.0,0.0
2019-07-27 13:00:00,0.0,0.0,0.0,0.0
2019-07-27 14:00:00,0.0,0.0,0.0,0.0
2019-07-27 15:00:00,0.0,0.0,0.0,0.0
2019-07-27 16:00:00,0.0,0.0,0.0,0.0
2019-07-27 17:00:00,0.0,0.0,0.0,0.0
2019-07-27 18:00:00,0.0,0.0,0.0,0.0
2019-07-27 19:00:00,0.0,0.0,0.0,0.0
2019-07-27 20:00:00,0.0,0.0,0.0,0.0
2019-07-27 21:00:00,0.0,0.0,0.0,0.0
2019-07-27 22:00:00,0.0,0.0,0.0,0.0
2019-07-27 23:00:00,0.0,0.0,0.0,0.0
2019-07-28 00:00:00,0.0,0.0,0.0,0.0
2019-07-28 01:00:00,0.0,0.0,0.0,0.0
2019-07-28 02:00:00,0.0,0.0,0.0,0.0
2019-07-28 03:00:00,0.0,0.0,0.0,0.0
2019-07-28 04:00:00,0.0,0.0,0.0,0.0
2019-07-28 05:00:00,0.0,0.0,0.0,0.0
2019-07-28 06:00:00,0.0,0.0,0.0,0.0
2019-07-28 07:00:00,0.0,0.0,0.0,0.0
2019-07-28 08:00:00,0.0,0.0,0.0,0.0
2019-07-28 09:00:00,0.0,0.0,0.0,0.0
2019-07-28 10:00:00,0.0,0.0,0.0,0.0
2019-07-28 11:00:00,0.0,0.0,0.0,0.0
2019-07-28 12:00:00,0.0,0.0,0.0,0.0
2019-07-28 13:00:00,0.0,0.0,0.0,0.0
2019-07-28 14:00:00,0.0,0.0,0.0,0.0
2019-07-28 15:00:00,0.0,0.0,0.0,0.0
2019-07-28 16:00:00,0.0,0.0,0.0,0.0
2019-07-28 17:00:00,0.0,0.0,0.0,0.0
2019-07-28 18:00:00,0.0,0.0,0.0,0.0
2019-07-28 19:00:00,0.0,0.0,0.0,0.0
2019-07-28 20:00:00,0.0,0.0,0.0,0.0
2019-07-28 21:00:00,0.0,0.0,0.0,0.0
2019-07-28 22:00:00,0.0,0.0,0.0,0.0
2019-07-28 23:00:00,0.0,0.0,0.0,0.0
2019-07-29 00:00:00,0.0,0.0,0.0,0.0
2019-07-29 01:00:00,0.0,0.0,0.0,0.0
2019-07-29 02:00:00,0.0,0.0,0.0,0.0
2019-07-29 03:00:00,0.0,0.0,0.0,0.0
2019-07-29 04:00:00,0.0,0.0,0.0,0.0
2019-07-29 05:00:00,0.0,0.0,0.0,0.0
2019-07-29 06:00:00,0.0,0.0,0.0,0.0
2019-07-29 07:00:00,0.0,0.0,0.0,0.0
2019-07-29 08:00:00,0.0,0.0,0.0,0.0
2019-07-29 09:00:00,0.0,0.0,0.0,0.0
2019-07-29 10:00:00,0.0,0.0,0.0,0.0
2019-07-29 11:00:00,0.0,0.0,0.0,0.0
2019-07-29 12:00:00,0.0,0.0,0.0,0.0
2019-07-29 13:00:00,0.0,0.0,0.0,0.0
2019-07-29 14:00:00,0.0,0.0,0.0,0.0
2019-07-29 15:00:00,0.0,0.0,0.0,0.0
2019-07-29 16:00:00,0.0,0.0,0.0,0.0
2019-07-29 17:00:00,0.0,0.0,0.0,0.0
2019-07-29 18:00:00,0.0,0.0,0.0,0.0
2019-07-29 19:00:00,0.0,0.0,0.0,0.0
2019-07-29 20:00:00,0.0,0.0,0.0,0.0
2019-07-29 21:00:00,0.0,0.0,0.0,0.0
2019-07-29 22:00:00,0.0,0.0,0.0,0.0
2019-07-29 23:00:00,0.0,0.0,0.0,0.0
2019-07-30 00:00:00,0.0,0.0,0.0,0.0
2019-07-30 01:00:00,0.0,0.0,0.0,0.0
2019-07-30 02:00:00,0.0,0.0,0.0,0.0
2019-07-30 03:00:00,0.0,0.0,0.0,0.0
2019-07-30 04:00:00,0.0,0.0,0.0,0.0
2019-07-30 05:00:00,0.0,0.0,0.0,0.0
2019-07-30 06:00:00,0.0,0.0,0.0,0.0
2019-07-30 07:00:00,0.0,0.0,0.0,0.0
2019-07-30 08:00:00,0.0,0.0,0.0,0.0
2019-07-30 09:00:00,0.0,0.0,0.0,0.0
2019-07-30 10:00:00,0.0,0.0,0.0,0.0
2019-07-30 11:00:00,0.0,0.0,0.0,0.0
2019-07-30 12:00:00,0.0,0.0,0.0,0.0
2019-07-30 13:00:00,0.0,0.0,0.0,0.0
2019-07-30 14:00:00,0.0,0.0,0.0,0.0
2019-07-30 15:00:00,0.0,0.0,0.0,0.0
2019-07-30 16:00:00,0.0,0.0,0.0,0.0
2019-07-30 17:00:00,0.0,0.0,0.0,0.0
2019-07-30 18:00:00,0.0,0.0,0.0,0.0
2019-07-30 19:00:00,0.0,0.0,0.0,0.0
2019-07-30 20:00:00,0.0,0.0,0.0,0.0
2019-07-30 21:00:00,0.0,0.0,0.0,0.0
2019-07-30 22:00:00,0.0,0.0,0.0,0.0
2019-07-30 23:00:00,0.0,0.0,0.0,0.0
2019-07-31 00:00:00,0.0,0.0,0.0,0.0
2019-07-31 01:00:00,0.0,0.0,0.0,0.0
2019-07-31 02:00:00,0.0,0.0,0.0,0.0
2019-07-31 03:00:00,0.0,0.0,0.0,0.0
2019-07-31 04:00:00,0.0,0.0,0.0,0.0
2019-07-31 05:00:00,0.0,0.0,0.0,0.0
2019-07-31 06:00:00,0.0,0.0,0.0,0.0
2019-07-31 07:00:00,0.0,0.0,0.0,0.0
2019-07-31 08:00:00,0.0,0.0,0.0,0.0
2019-07-31 09:00:00,0.0,0.0,0.0,0.0
2019-07-31 10:00:00,0.0,0.0,0.0,0.0
2019-07-31 11:00:00,0.0,0.0,0.0,0.0
2019-07-31 12:00:00,0.0,0.0,0.0,0.0
2019-07-31 13:00:00,0.0,0.0,0.0,0.0
2019-07-31 14:00:00,0.0,0.0,0.0,0.0
2019-07-31 15:00:00,0.0,0.0,0.0,0.0
2019-07-31 16:00:00,0.0,0.0,0.0,0.0
2019-07-31 17:00:00,0.0,0.0,0.0,0.0
2019-07-31 18:00:00,0.0,0.0,0.0,0.0
2019-07-31 19:00:00,0.0,0.0,0.0,0.0
2019-07-31 20:00:00,0.0,0.0,0.0,0.0
2019-07-31 21:00:00,0.0,0.0,0.0,0.0
2019-07-31 22:00:00,0.0,0.0,0.0,0.0
2019-07-31 23:00:00,0.0,0.0,0.0,0.0
2019-08-01 00:00:00,0.0,0.0,0.0,0.0
2019-08-01 01:00:00,0.0,0.0,0.0,0.0
2019-08-01 02:00:00,0.0,0.0,0.0,0.0
2019-08-01 03:00:00,0.0,0.0,0.0,0.0
2019-08-01 04:00:00,0.0,0.0,0.0,0.0
2019-08-01 05:00:00,0.0,0.0,0.0,0.0
2019-08-01 06:00:00,0.0,0.0,0.0,0.0
2019-08-01 07:00:00,131.545645,131.545645,2569.0,2569.0
2019-08-01 08:00:00,163.856,163.856,3200.0,3200.0
2019-08-01 09:00:00,294.479955,294.479955,5751.0,5751.0
2019-08-01 10:00:00,293.9679049999999,293.9679049999999,5741.0,5741.0
2019-08-01 11:00:00,208.50676,208.50676,4072.0,4072.0
2019-08-01 12:00:00,175.94037999999998,175.94037999999998,3436.0,3436.0
2019-08-01 13:00:00,201.95252000000002,201.95252000000002,3944.0,3944.0
2019-08-01 14:00:00,212.29593000000003,212.29593000000003,4146.0,4146.0
2019-08-01 15:00:00,271.232885,271.232885,5297.0,5297.0
2019-08-01 16:00:00,268.97986499999996,268.97986499999996,5253.0,5253.0
2019-08-01 17:00:00,193.503695,193.503695,3779.0,3779.0
2019-08-01 18:00:00,109.52749499999999,109.52749499999999,2139.0,2139.0
2019-08-01 19:00:00,81.77438500000002,81.77438500000002,1597.0,1597.0
2019-08-01 20:00:00,81.77438500000002,81.77438500000002,1597.0,1597.0
2019-08-01 21:00:00,81.62077,81.62077,1594.0,1594.0
2019-08-01 22:00:00,81.569565,81.569565,1593.0,1593.0
2019-08-01 23:00:00,81.671975,81.67197499999999,1595.0,1595.0
2019-08-02 00:00:00,81.82559000000002,81.82559000000002,1598.0,1598.0
2019-08-02 01:00:00,81.671975,81.67197499999999,1595.0,1595.0
2019-08-02 02:00:00,81.87679499999999,81.87679499999999,1599.0,1599.0
2019-08-02 03:00:00,81.569565,81.569565,1593.0,1593.0
2019-08-02 04:00:00,81.82559000000002,81.82559000000002,1598.0,1598.0
2019-08-02 05:00:00,81.92799999999998,81.92799999999998,1600.0,1600.0
2019-08-02 06:00:00,81.671975,81.67197499999999,1595.0,1595.0
2019-08-02 07:00:00,136.41012,136.41012,2664.0,2664.0
2019-08-02 08:00:00,164.72648499999997,164.72648499999997,3217.0,3217.0
2019-08-02 09:00:00,286.49197499999997,286.49197499999997,5595.0,5595.0
2019-08-02 10:00:00,286.79920500000003,286.79920500000003,5601.0,5601.0
2019-08-02 11:00:00,220.07909000000004,220.07909000000004,4298.0,4298.0
2019-08-02 12:00:00,175.94038,175.94038,3436.0,3436.0
2019-08-02 13:00:00,206.8682,206.8682,4040.0,4040.0
2019-08-02 14:00:00,221.92247,221.92247,4334.0,4334.0
2019-08-02 15:00:00,273.485905,273.485905,5341.0,5341.0
2019-08-02 16:00:00,274.202775,274.202775,5355.0,5355.0
2019-08-02 17:00:00,190.07296,190.07296,3712.0,3712.0
2019-08-02 18:00:00,120.74139,120.74138999999998,2358.0,2358.0
2019-08-02 19:00:00,81.87679499999999,81.87679499999999,1599.0,1599.0
2019-08-02 20:00:00,81.92799999999998,81.92799999999998,1600.0,1600.0
2019-08-02 21:00:00,81.92799999999998,81.92799999999998,1600.0,1600.0
2019-08-02 22:00:00,81.77438500000002,81.77438500000002,1597.0,1597.0
2019-08-02 23:00:00,81.569565,81.569565,1593.0,1593.0
2019-08-03 00:00:00,81.92799999999998,81.92799999999998,1600.0,1600.0
2019-08-03 01:00:00,81.72318,81.72318,1596.0,1596.0
2019-08-03 02:00:00,81.72318,81.72318,1596.0,1596.0
2019-08-03 03:00:00,81.82559000000002,81.82559000000002,1598.0,1598.0
2019-08-03 04:00:00,81.569565,81.569565,1593.0,1593.0
2019-08-03 05:00:00,81.82559000000002,81.82559000000002,1598.0,1598.0
2019-08-03 06:00:00,81.467155,81.467155,1591.0,1591.0
2019-08-03 07:00:00,81.82559000000002,81.82559000000002,1598.0,1598.0
2019-08-03 08:00:00,81.87679499999999,81.87679499999999,1599.0,1599.0
2019-08-03 09:00:00,81.62077,81.62077,1594.0,1594.0
2019-08-03 10:00:00,81.467155,81.467155,1591.0,1591.0
2019-08-03 11:00:00,81.62077,81.62077,1594.0,1594.0
2019-08-03 12:00:00,81.467155,81.467155,1591.0,1591.0
2019-08-03 13:00:00,81.51836,81.51836,1592.0,1592.0
2019-08-03 14:00:00,81.77438500000002,81.77438500000002,1597.0,1597.0
2019-08-03 15:00:00,81.41595,81.41595,1590.0,1590.0
2019-08-03 16:00:00,81.72318,81.72318,1596.0,1596.0
2019-08-03 17:00:00,81.92799999999998,81.92799999999998,1600.0,1600.0
2019-08-03 18:00:00,62.77732999999999,62.77732999999999,1226.0,1226.0
2019-08-03 19:00:00,0.0,0.0,0.0,0.0
2019-08-03 20:00:00,0.0,0.0,0.0,0.0
2019-08-03 21:00:00,0.0,0.0,0.0,0.0
2019-08-03 22:00:00,0.0,0.0,0.0,0.0
2019-08-03 23:00:00,0.0,0.0,0.0,0.0
2019-08-04 00:00:00,0.0,0.0,0.0,0.0
2019-08-04 01:00:00,0.0,0.0,0.0,0.0
2019-08-04 02:00:00,0.0,0.0,0.0,0.0
2019-08-04 03:00:00,0.0,0.0,0.0,0.0
2019-08-04 04:00:00,0.0,0.0,0.0,0.0
2019-08-04 05:00:00,0.0,0.0,0.0,0.0
2019-08-04 06:00:00,0.0,0.0,0.0,0.0
2019-08-04 07:00:00,0.0,0.0,0.0,0.0
2019-08-04 08:00:00,0.0,0.0,0.0,0.0
2019-08-04 09:00:00,0.0,0.0,0.0,0.0
2019-08-04 10:00:00,0.0,0.0,0.0,0.0
2019-08-04 11:00:00,0.0,0.0,0.0,0.0
2019-08-04 12:00:00,0.0,0.0,0.0,0.0
2019-08-04 13:00:00,0.0,0.0,0.0,0.0
2019-08-04 14:00:00,0.0,0.0,0.0,0.0
2019-08-04 15:00:00,0.0,0.0,0.0,0.0
2019-08-04 16:00:00,0.0,0.0,0.0,0.0
2019-08-04 17:00:00,0.0,0.0,0.0,0.0
2019-08-04 18:00:00,0.0,0.0,0.0,0.0
2019-08-04 19:00:00,0.0,0.0,0.0,0.0
2019-08-04 20:00:00,0.0,0.0,0.0,0.0
2019-08-04 21:00:00,0.0,0.0,0.0,0.0
2019-08-04 22:00:00,0.0,0.0,0.0,0.0
2019-08-04 23:00:00,0.0,0.0,0.0,0.0
2019-08-05 00:00:00,0.0,0.0,0.0,0.0
2019-08-05 01:00:00,0.0,0.0,0.0,0.0
2019-08-05 02:00:00,0.0,0.0,0.0,0.0
2019-08-05 03:00:00,0.0,0.0,0.0,0.0
2019-08-05 04:00:00,0.0,0.0,0.0,0.0
2019-08-05 05:00:00,0.0,0.0,0.0,0.0
2019-08-05 06:00:00,0.0,0.0,0.0,0.0
2019-08-05 07:00:00,137.53662999999997,137.53662999999997,2686.0,2686.0
2019-08-05 08:00:00,166.72348,166.72348,3256.0,3256.0
2019-08-05 09:00:00,292.38055,292.3805500000001,5710.0,5710.0
2019-08-05 10:00:00,296.57936,296.57936,5792.0,5792.0
2019-08-05 11:00:00,222.2297,222.2297,4340.0,4340.0
2019-08-05 12:00:00,174.25061499999998,174.25061499999998,3403.0,3403.0
2019-08-05 13:00:00,197.34407,197.34407,3854.0,3854.0
2019-08-05 14:00:00,219.00378500000002,219.00378500000002,4277.0,4277.0
2019-08-05 15:00:00,260.88947499999995,260.88947499999995,5095.0,5095.0
2019-08-05 16:00:00,270.51601500000004,270.51601500000004,5283.0,5283.0
2019-08-05 17:00:00,194.732615,194.732615,3803.0,3803.0
2019-08-05 18:00:00,87.76537,87.76537,1714.0,1714.0
2019-08-05 19:00:00,81.41595,81.41595,1590.0,1590.0
2019-08-05 20:00:00,81.671975,81.67197499999999,1595.0,1595.0
2019-08-05 21:00:00,81.51836,81.51836,1592.0,1592.0
2019-08-05 22:00:00,81.467155,81.467155,1591.0,1591.0
2019-08-05 23:00:00,81.62077,81.62077,1594.0,1594.0
2019-08-06 00:00:00,81.87679499999999,81.87679499999999,1599.0,1599.0
2019-08-06 01:00:00,81.82559000000002,81.82559000000002,1598.0,1598.0
2019-08-06 02:00:00,81.87679499999999,81.87679499999999,1599.0,1599.0
2019-08-06 03:00:00,81.77438500000002,81.77438500000002,1597.0,1597.0
2019-08-06 04:00:00,81.77438500000002,81.77438500000002,1597.0,1597.0
2019-08-06 05:00:00,81.87679499999999,81.87679499999999,1599.0,1599.0
2019-08-06 06:00:00,81.72318,81.72318,1596.0,1596.0
2019-08-06 07:00:00,138.66314,138.66314,2708.0,2708.0
2019-08-06 08:00:00,168.61806500000006,168.61806500000006,3293.0,3293.0
2019-08-06 09:00:00,300.522145,300.522145,5869.0,5869.0
2019-08-06 10:00:00,274.25397999999996,274.25397999999996,5356.0,5356.0
2019-08-06 11:00:00,216.08509999999998,216.08509999999998,4220.0,4220.0
2019-08-06 12:00:00,181.36811000000003,181.36811000000003,3542.0,3542.0
2019-08-06 13:00:00,203.48867,203.48867,3974.0,3974.0
2019-08-06 14:00:00,228.220685,228.220685,4457.0,4457.0
2019-08-06 15:00:00,266.67564000000004,266.67564000000004,5208.0,5208.0
2019-08-06 16:00:00,261.45273000000003,261.45273000000003,5106.0,5106.0
2019-08-06 17:00:00,187.56391499999995,187.56391499999995,3663.0,3663.0
2019-08-06 18:00:00,91.50333499999999,91.50333499999999,1787.0,1787.0
2019-08-06 19:00:00,81.72318,81.72318,1596.0,1596.0
2019-08-06 20:00:00,81.72318,81.72318,1596.0,1596.0
2019-08-06 21:00:00,81.72318,81.72318,1596.0,1596.0
2019-08-06 22:00:00,81.671975,81.67197499999999,1595.0,1595.0
2019-08-06 23:00:00,81.72318,81.72318,1596.0,1596.0
2019-08-07 00:00:00,81.92799999999998,81.92799999999998,1600.0,1600.0
2019-08-07 01:00:00,81.77438500000002,81.77438500000002,1597.0,1597.0
2019-08-07 02:00:00,81.87679499999999,81.87679499999999,1599.0,1599.0
2019-08-07 03:00:00,81.77438500000002,81.77438500000002,1597.0,1597.0
2019-08-07 04:00:00,81.77438500000002,81.77438500000002,1597.0,1597.0
2019-08-07 05:00:00,81.92799999999998,81.92799999999998,1600.0,1600.0
2019-08-07 06:00:00,81.77438500000002,81.77438500000002,1597.0,1597.0
2019-08-07 07:00:00,143.42520499999998,143.42520499999998,2801.0,2801.0
2019-08-07 08:00:00,175.53074,175.53074,3428.0,3428.0
2019-08-07 09:00:00,283.317265,283.317265,5533.0,5533.0
2019-08-07 10:00:00,283.726905,283.726905,5541.0,5541.0
2019-08-07 11:00:00,217.62125,217.62125,4250.0,4250.0
2019-08-07 12:00:00,175.37712499999998,175.37712499999998,3425.0,3425.0
2019-08-07 13:00:00,201.28685499999997,201.28685499999997,3931.0,3931.0
2019-08-07 14:00:00,225.250795,225.250795,4399.0,4399.0
2019-08-07 15:00:00,273.43469999999996,273.43469999999996,5340.0,5340.0
2019-08-07 16:00:00,272.30819,272.30819,5318.0,5318.0
2019-08-07 17:00:00,189.4585,189.4585,3700.0,3700.0
2019-08-07 18:00:00,87.61175500000002,87.61175500000003,1711.0,1711.0
2019-08-07 19:00:00,81.92799999999998,81.92799999999998,1600.0,1600.0
2019-08-07 20:00:00,81.671975,81.67197499999999,1595.0,1595.0
2019-08-07 21:00:00,81.92799999999998,81.92799999999998,1600.0,1600.0
2019-08-07 22:00:00,81.51836,81.51836,1592.0,1592.0
2019-08-07 23:00:00,81.87679499999999,81.87679499999999,1599.0,1599.0
2019-08-08 00:00:00,81.82559000000002,81.82559000000002,1598.0,1598.0
2019-08-08 01:00:00,81.72318,81.72318,1596.0,1596.0
2019-08-08 02:00:00,81.92799999999998,81.92799999999998,1600.0,1600.0
2019-08-08 03:00:00,81.569565,81.569565,1593.0,1593.0
2019-08-08 04:00:00,81.92799999999998,81.92799999999998,1600.0,1600.0
2019-08-08 05:00:00,81.467155,81.467155,1591.0,1591.0
2019-08-08 06:00:00,81.87679499999999,81.87679499999999,1599.0,1599.0
2019-08-08 07:00:00,140.30169999999998,140.30169999999998,2740.0,2740.0
2019-08-08 08:00:00,176.50363500000003,176.50363500000003,3447.0,3447.0
2019-08-08 09:00:00,292.38055,292.3805500000001,5710.0,5710.0
2019-08-08 10:00:00,295.5552600000001,295.5552600000001,5772.0,5772.0
2019-08-08 11:00:00,225.60922999999997,225.60922999999997,4406.0,4406.0
2019-08-08 12:00:00,172.10000500000004,172.10000500000004,3361.0,3361.0
2019-08-08 13:00:00,190.38019,190.38019,3718.0,3718.0
2019-08-08 14:00:00,223.612235,223.612235,4367.0,4367.0
2019-08-08 15:00:00,259.30212,259.30212,5064.0,5064.0
2019-08-08 16:00:00,263.91057,263.91057,5154.0,5154.0
2019-08-08 17:00:00,192.99164499999998,192.99164499999998,3769.0,3769.0
2019-08-08 18:00:00,93.24430499999998,93.24430499999998,1821.0,1821.0
2019-08-08 19:00:00,81.77438500000002,81.77438500000002,1597.0,1597.0
2019-08-08 20:00:00,81.77438500000002,81.77438500000002,1597.0,1597.0
2019-08-08 21:00:00,81.92799999999998,81.92799999999998,1600.0,1600.0
2019-08-08 22:00:00,81.77438500000002,81.77438500000002,1597.0,1597.0
2019-08-08 23:00:00,81.62077,81.62077,1594.0,1594.0
2019-08-09 00:00:00,81.92799999999998,81.92799999999998,1600.0,1600.0
2019-08-09 01:00:00,81.51836,81.51836,1592.0,1592.0
2019-08-09 02:00:00,81.87679499999999,81.87679499999999,1599.0,1599.0
2019-08-09 03:00:00,81.51836,81.51836,1592.0,1592.0
2019-08-09 04:00:00,81.72318,81.72318,1596.0,1596.0
2019-08-09 05:00:00,81.77438500000002,81.77438500000002,1597.0,1597.0
2019-08-09 06:00:00,81.92799999999998,81.92799999999998,1600.0,1600.0
2019-08-09 07:00:00,129.44624000000002,129.44624000000002,2528.0,2528.0
2019-08-09 08:00:00,157.91621999999998,157.91621999999995,3084.0,3084.0
2019-08-09 09:00:00,283.419675,283.419675,5535.0,5535.0
2019-08-09 10:00:00,300.57335,300.57335,5870.0,5870.0
2019-08-09 11:00:00,214.39533500000002,214.395335,4187.0,4187.0
2019-08-09 12:00:00,179.16629499999996,179.16629499999996,3499.0,3499.0
2019-08-09 13:00:00,202.56697999999997,202.56697999999997,3956.0,3956.0
2019-08-09 14:00:00,210.19652499999998,210.19652499999995,4105.0,4105.0
2019-08-09 15:00:00,270.61842500000006,270.61842500000006,5285.0,5285.0
2019-08-09 16:00:00,280.70581000000004,280.70581000000004,5482.0,5482.0
2019-08-09 17:00:00,190.84103499999995,190.84103499999995,3727.0,3727.0
2019-08-09 18:00:00,129.24142,129.24142,2524.0,2524.0
2019-08-09 19:00:00,81.72318,81.72318,1596.0,1596.0
2019-08-09 20:00:00,81.671975,81.67197499999999,1595.0,1595.0
2019-08-09 21:00:00,81.82559000000002,81.82559000000002,1598.0,1598.0
2019-08-09 22:00:00,81.51836,81.51836,1592.0,1592.0
2019-08-09 23:00:00,81.671975,81.67197499999999,1595.0,1595.0
2019-08-10 00:00:00,81.41595,81.41595,1590.0,1590.0
2019-08-10 01:00:00,81.82559000000002,81.82559000000002,1598.0,1598.0
2019-08-10 02:00:00,81.77438500000002,81.77438500000002,1597.0,1597.0
2019-08-10 03:00:00,81.72318,81.72318,1596.0,1596.0
2019-08-10 04:00:00,81.51836,81.51836,1592.0,1592.0
2019-08-10 05:00:00,81.92799999999998,81.92799999999998,1600.0,1600.0
2019-08-10 06:00:00,81.41595,81.41595,1590.0,1590.0
2019-08-10 07:00:00,81.62077,81.62077,1594.0,1594.0
2019-08-10 08:00:00,81.51836,81.51836,1592.0,1592.0
2019-08-10 09:00:00,81.72318,81.72318,1596.0,1596.0
2019-08-10 10:00:00,81.92799999999998,81.92799999999998,1600.0,1600.0
2019-08-10 11:00:00,81.92799999999998,81.92799999999998,1600.0,1600.0
2019-08-10 12:00:00,81.87679499999999,81.87679499999999,1599.0,1599.0
2019-08-10 13:00:00,81.82559000000002,81.82559000000002,1598.0,1598.0
2019-08-10 14:00:00,81.62077,81.62077,1594.0,1594.0
2019-08-10 15:00:00,81.87679499999999,81.87679499999999,1599.0,1599.0
2019-08-10 16:00:00,81.87679499999999,81.87679499999999,1599.0,1599.0
2019-08-10 17:00:00,81.467155,81.467155,1591.0,1591.0
2019-08-10 18:00:00,81.87679499999999,81.87679499999999,1599.0,1599.0
2019-08-10 19:00:00,81.87679499999999,81.87679499999999,1599.0,1599.0
2019-08-10 20:00:00,81.569565,81.569565,1593.0,1593.0
2019-08-10 21:00:00,81.82559000000002,81.82559000000002,1598.0,1598.0
2019-08-10 22:00:00,81.62077,81.62077,1594.0,1594.0
2019-08-10 23:00:00,81.87679499999999,81.87679499999999,1599.0,1599.0
2019-08-11 00:00:00,81.671975,81.67197499999999,1595.0,1595.0
2019-08-11 01:00:00,81.569565,81.569565,1593.0,1593.0
2019-08-11 02:00:00,81.51836,81.51836,1592.0,1592.0
2019-08-11 03:00:00,81.467155,81.467155,1591.0,1591.0
2019-08-11 04:00:00,81.77438500000002,81.77438500000002,1597.0,1597.0
2019-08-11 05:00:00,81.51836,81.51836,1592.0,1592.0
2019-08-11 06:00:00,81.82559000000002,81.82559000000002,1598.0,1598.0
2019-08-11 07:00:00,81.77438500000002,81.77438500000002,1597.0,1597.0
2019-08-11 08:00:00,81.92799999999998,81.92799999999998,1600.0,1600.0
2019-08-11 09:00:00,81.87679499999999,81.87679499999999,1599.0,1599.0
2019-08-11 10:00:00,81.82559000000002,81.82559000000002,1598.0,1598.0
2019-08-11 11:00:00,14.3374,14.3374,280.0,280.0
2019-08-11 12:00:00,0.0,0.0,0.0,0.0
2019-08-11 13:00:00,0.0,0.0,0.0,0.0
2019-08-11 14:00:00,0.0,0.0,0.0,0.0
2019-08-11 15:00:00,0.0,0.0,0.0,0.0
2019-08-11 16:00:00,0.0,0.0,0.0,0.0
2019-08-11 17:00:00,0.0,0.0,0.0,0.0
2019-08-11 18:00:00,0.0,0.0,0.0,0.0
2019-08-11 19:00:00,0.0,0.0,0.0,0.0
2019-08-11 20:00:00,0.0,0.0,0.0,0.0
2019-08-11 21:00:00,0.0,0.0,0.0,0.0
2019-08-11 22:00:00,0.0,0.0,0.0,0.0
2019-08-11 23:00:00,0.0,0.0,0.0,0.0
2019-08-12 00:00:00,0.0,0.0,0.0,0.0
2019-08-12 01:00:00,0.0,0.0,0.0,0.0
2019-08-12 02:00:00,0.0,0.0,0.0,0.0
2019-08-12 03:00:00,0.0,0.0,0.0,0.0
2019-08-12 04:00:00,0.0,0.0,0.0,0.0
2019-08-12 05:00:00,0.0,0.0,0.0,0.0
2019-08-12 06:00:00,0.0,0.0,0.0,0.0
2019-08-12 07:00:00,138.407115,138.407115,2703.0,2703.0
2019-08-12 08:00:00,161.70539,161.70539,3158.0,3158.0
2019-08-12 09:00:00,306.61554,306.61554,5988.0,5988.0
2019-08-12 10:00:00,297.09141,297.09141,5802.0,5802.0
2019-08-12 11:00:00,213.42243999999997,213.42243999999997,4168.0,4168.0
2019-08-12 12:00:00,179.78075499999997,179.78075499999997,3511.0,3511.0
2019-08-12 13:00:00,195.39828,195.39828,3816.0,3816.0
2019-08-12 14:00:00,229.50081,229.50081,4482.0,4482.0
2019-08-12 15:00:00,260.1214,260.1214,5080.0,5080.0
2019-08-12 16:00:00,271.130475,271.130475,5295.0,5295.0
2019-08-12 17:00:00,194.579,194.579,3800.0,3800.0
2019-08-12 18:00:00,90.83766999999999,90.83766999999999,1774.0,1774.0
2019-08-12 19:00:00,81.72318,81.72318,1596.0,1596.0
2019-08-12 20:00:00,81.92799999999998,81.92799999999998,1600.0,1600.0
2019-08-12 21:00:00,81.72318,81.72318,1596.0,1596.0
2019-08-12 22:00:00,81.77438500000002,81.77438500000002,1597.0,1597.0
2019-08-12 23:00:00,81.87679499999999,81.87679499999999,1599.0,1599.0
2019-08-13 00:00:00,81.467155,81.467155,1591.0,1591.0
2019-08-13 01:00:00,81.87679499999999,81.87679499999999,1599.0,1599.0
2019-08-13 02:00:00,81.72318,81.72318,1596.0,1596.0
2019-08-13 03:00:00,81.569565,81.569565,1593.0,1593.0
2019-08-13 04:00:00,81.82559000000002,81.82559000000002,1598.0,1598.0
2019-08-13 05:00:00,81.92799999999998,81.92799999999998,1600.0,1600.0
2019-08-13 06:00:00,81.82559000000002,81.82559000000002,1598.0,1598.0
2019-08-13 07:00:00,132.82576999999998,132.82576999999998,2594.0,2594.0
2019-08-13 08:00:00,157.352965,157.352965,3073.0,3073.0
2019-08-13 09:00:00,291.04922,291.04922,5684.0,5684.0
2019-08-13 10:00:00,299.24202,299.24202,5844.0,5844.0
2019-08-13 11:00:00,218.13330000000002,218.13330000000002,4260.0,4260.0
2019-08-13 12:00:00,174.55784500000001,174.55784500000001,3409.0,3409.0
2019-08-13 13:00:00,204.51277000000002,204.51277000000002,3994.0,3994.0
2019-08-13 14:00:00,233.443595,233.443595,4559.0,4559.0
2019-08-13 15:00:00,260.63345000000004,260.63345000000004,5090.0,5090.0
2019-08-13 16:00:00,259.40452999999997,259.40452999999997,5066.0,5066.0
2019-08-13 17:00:00,190.94344500000005,190.94344500000005,3729.0,3729.0
2019-08-13 18:00:00,108.24736999999999,108.24736999999999,2114.0,2114.0
2019-08-13 19:00:00,81.87679499999999,81.87679499999999,1599.0,1599.0
2019-08-13 20:00:00,81.82559000000002,81.82559000000002,1598.0,1598.0
2019-08-13 21:00:00,81.92799999999998,81.92799999999998,1600.0,1600.0
2019-08-13 22:00:00,81.62077,81.62077,1594.0,1594.0
2019-08-13 23:00:00,81.92799999999998,81.92799999999998,1600.0,1600.0
2019-08-14 00:00:00,81.92799999999998,81.92799999999998,1600.0,1600.0
2019-08-14 01:00:00,81.62077,81.62077,1594.0,1594.0
2019-08-14 02:00:00,81.77438500000002,81.77438500000002,1597.0,1597.0
2019-08-14 03:00:00,81.72318,81.72318,1596.0,1596.0
2019-08-14 04:00:00,81.92799999999998,81.92799999999998,1600.0,1600.0
2019-08-14 05:00:00,81.671975,81.67197499999999,1595.0,1595.0
2019-08-14 06:00:00,81.77438500000002,81.77438500000002,1597.0,1597.0
2019-08-14 07:00:00,139.27759999999998,139.27759999999998,2720.0,2720.0
2019-08-14 08:00:00,164.47046000000003,164.47046000000003,3212.0,3212.0
2019-08-14 09:00:00,288.13053500000007,288.13053500000007,5627.0,5627.0
2019-08-14 10:00:00,286.90161500000005,286.90161500000005,5603.0,5603.0
2019-08-14 11:00:00,222.792955,222.792955,4351.0,4351.0
2019-08-14 12:00:00,180.39521500000004,180.39521500000004,3523.0,3523.0
2019-08-14 13:00:00,180.907265,180.907265,3533.0,3533.0
2019-08-14 14:00:00,217.57004499999996,217.57004499999996,4249.0,4249.0
2019-08-14 15:00:00,276.763025,276.763025,5405.0,5405.0
2019-08-14 16:00:00,257.20271499999996,257.20271499999996,5023.0,5023.0
2019-08-14 17:00:00,186.027765,186.027765,3633.0,3633.0
2019-08-14 18:00:00,87.97019000000003,87.97019000000003,1718.0,1718.0
2019-08-14 19:00:00,81.92799999999998,81.92799999999998,1600.0,1600.0
2019-08-14 20:00:00,81.51836,81.51836,1592.0,1592.0
2019-08-14 21:00:00,81.77438500000002,81.77438500000002,1597.0,1597.0
2019-08-14 22:00:00,81.82559000000002,81.82559000000002,1598.0,1598.0
2019-08-14 23:00:00,81.72318,81.72318,1596.0,1596.0
2019-08-15 00:00:00,81.77438500000002,81.77438500000002,1597.0,1597.0
2019-08-15 01:00:00,81.62077,81.62077,1594.0,1594.0
2019-08-15 02:00:00,81.92799999999998,81.92799999999998,1600.0,1600.0
2019-08-15 03:00:00,81.92799999999998,81.92799999999998,1600.0,1600.0
2019-08-15 04:00:00,81.77438500000002,81.77438500000002,1597.0,1597.0
2019-08-15 05:00:00,81.87679499999999,81.87679499999999,1599.0,1599.0
2019-08-15 06:00:00,81.671975,81.67197499999999,1595.0,1595.0
2019-08-15 07:00:00,140.19928999999996,140.19928999999996,2738.0,2738.0
2019-08-15 08:00:00,162.883105,162.883105,3181.0,3181.0
2019-08-15 09:00:00,306.61554,306.61554,5988.0,5988.0
2019-08-15 10:00:00,290.74199,290.74199,5678.0,5678.0
2019-08-15 11:00:00,215.009795,215.009795,4199.0,4199.0
2019-08-15 12:00:00,176.50363499999997,176.50363499999997,3447.0,3447.0
2019-08-15 13:00:00,191.76272500000002,191.76272500000002,3745.0,3745.0
2019-08-15 14:00:00,225.91646,225.91646,4412.0,4412.0
2019-08-15 15:00:00,265.293105,265.293105,5181.0,5181.0
2019-08-15 16:00:00,272.25698500000004,272.25698500000004,5317.0,5317.0
2019-08-15 17:00:00,193.70851499999998,193.70851499999995,3783.0,3783.0
2019-08-15 18:00:00,99.03046999999998,99.03046999999998,1934.0,1934.0
2019-08-15 19:00:00,81.92799999999998,81.92799999999998,1600.0,1600.0
2019-08-15 20:00:00,81.82559000000002,81.82559000000002,1598.0,1598.0
2019-08-15 21:00:00,81.72318,81.72318,1596.0,1596.0
2019-08-15 22:00:00,81.82559000000002,81.82559000000002,1598.0,1598.0
2019-08-15 23:00:00,81.87679499999999,81.87679499999999,1599.0,1599.0
2019-08-16 00:00:00,81.92799999999998,81.92799999999998,1600.0,1600.0
2019-08-16 01:00:00,81.92799999999998,81.92799999999998,1600.0,1600.0
2019-08-16 02:00:00,81.82559000000002,81.82559000000002,1598.0,1598.0
2019-08-16 03:00:00,81.51836,81.51836,1592.0,1592.0
2019-08-16 04:00:00,81.82559000000002,81.82559000000002,1598.0,1598.0
2019-08-16 05:00:00,81.467155,81.467155,1591.0,1591.0
2019-08-16 06:00:00,81.87679499999999,81.87679499999999,1599.0,1599.0
2019-08-16 07:00:00,138.40711499999998,138.40711499999998,2703.0,2703.0
2019-08-16 08:00:00,162.16623500000003,162.16623500000003,3167.0,3167.0
2019-08-16 09:00:00,287.97692000000006,287.97692000000006,5624.0,5624.0
2019-08-16 10:00:00,294.787185,294.787185,5757.0,5757.0
2019-08-16 11:00:00,218.90137499999997,218.90137499999997,4275.0,4275.0
2019-08-16 12:00:00,175.889175,175.889175,3435.0,3435.0
2019-08-16 13:00:00,176.093995,176.093995,3439.0,3439.0
2019-08-16 14:00:00,221.51283000000004,221.51283000000004,4326.0,4326.0
2019-08-16 15:00:00,270.15758,270.15758,5276.0,5276.0
2019-08-16 16:00:00,266.88045999999997,266.88045999999997,5212.0,5212.0
2019-08-16 17:00:00,187.05186500000002,187.05186500000002,3653.0,3653.0
2019-08-16 18:00:00,108.34977999999998,108.34977999999998,2116.0,2116.0
2019-08-16 19:00:00,81.87679499999999,81.87679499999999,1599.0,1599.0
2019-08-16 20:00:00,81.72318,81.72318,1596.0,1596.0
2019-08-16 21:00:00,81.92799999999998,81.92799999999998,1600.0,1600.0
2019-08-16 22:00:00,81.82559000000002,81.82559000000002,1598.0,1598.0
2019-08-16 23:00:00,81.671975,81.67197499999999,1595.0,1595.0
2019-08-17 00:00:00,81.82559000000002,81.82559000000002,1598.0,1598.0
2019-08-17 01:00:00,81.62077,81.62077,1594.0,1594.0
2019-08-17 02:00:00,81.569565,81.569565,1593.0,1593.0
2019-08-17 03:00:00,81.41595,81.41595,1590.0,1590.0
2019-08-17 04:00:00,81.92799999999998,81.92799999999998,1600.0,1600.0
2019-08-17 05:00:00,81.92799999999998,81.92799999999998,1600.0,1600.0
2019-08-17 06:00:00,81.671975,81.67197499999999,1595.0,1595.0
2019-08-17 07:00:00,81.51836,81.51836,1592.0,1592.0
2019-08-17 08:00:00,81.671975,81.67197499999999,1595.0,1595.0
2019-08-17 09:00:00,81.77438500000002,81.77438500000002,1597.0,1597.0
2019-08-17 10:00:00,81.82559000000002,81.82559000000002,1598.0,1598.0
2019-08-17 11:00:00,81.87679499999999,81.87679499999999,1599.0,1599.0
2019-08-17 12:00:00,81.467155,81.467155,1591.0,1591.0
2019-08-17 13:00:00,81.72318,81.72318,1596.0,1596.0
2019-08-17 14:00:00,81.92799999999998,81.92799999999998,1600.0,1600.0
2019-08-17 15:00:00,81.82559000000002,81.82559000000002,1598.0,1598.0
2019-08-17 16:00:00,81.51836,81.51836,1592.0,1592.0
2019-08-17 17:00:00,81.72318,81.72318,1596.0,1596.0
2019-08-17 18:00:00,81.87679499999999,81.87679499999999,1599.0,1599.0
2019-08-17 19:00:00,81.62077,81.62077,1594.0,1594.0
2019-08-17 20:00:00,81.87679499999999,81.87679499999999,1599.0,1599.0
2019-08-17 21:00:00,81.82559000000002,81.82559000000002,1598.0,1598.0
2019-08-17 22:00:00,81.51836,81.51836,1592.0,1592.0
2019-08-17 23:00:00,81.87679499999999,81.87679499999999,1599.0,1599.0
2019-08-18 00:00:00,81.87679499999999,81.87679499999999,1599.0,1599.0
2019-08-18 01:00:00,81.72318,81.72318,1596.0,1596.0
2019-08-18 02:00:00,81.569565,81.569565,1593.0,1593.0
2019-08-18 03:00:00,81.82559000000002,81.82559000000002,1598.0,1598.0
2019-08-18 04:00:00,81.467155,81.467155,1591.0,1591.0
2019-08-18 05:00:00,81.72318,81.72318,1596.0,1596.0
2019-08-18 06:00:00,81.467155,81.467155,1591.0,1591.0
2019-08-18 07:00:00,81.77438500000002,81.77438500000002,1597.0,1597.0
2019-08-18 08:00:00,81.72318,81.72318,1596.0,1596.0
2019-08-18 09:00:00,81.92799999999998,81.92799999999998,1600.0,1600.0
2019-08-18 10:00:00,81.77438500000002,81.77438500000002,1597.0,1597.0
2019-08-18 11:00:00,71.48217999999999,71.48217999999999,1396.0,1396.0
2019-08-18 12:00:00,0.0,0.0,0.0,0.0
2019-08-18 13:00:00,0.0,0.0,0.0,0.0
2019-08-18 14:00:00,0.0,0.0,0.0,0.0
2019-08-18 15:00:00,0.0,0.0,0.0,0.0
2019-08-18 16:00:00,0.0,0.0,0.0,0.0
2019-08-18 17:00:00,0.0,0.0,0.0,0.0
2019-08-18 18:00:00,0.0,0.0,0.0,0.0
2019-08-18 19:00:00,0.0,0.0,0.0,0.0
2019-08-18 20:00:00,0.0,0.0,0.0,0.0
2019-08-18 21:00:00,0.0,0.0,0.0,0.0
2019-08-18 22:00:00,0.0,0.0,0.0,0.0
2019-08-18 23:00:00,0.0,0.0,0.0,0.0
2019-08-19 00:00:00,0.0,0.0,0.0,0.0
2019-08-19 01:00:00,0.0,0.0,0.0,0.0
2019-08-19 02:00:00,0.0,0.0,0.0,0.0
2019-08-19 03:00:00,0.0,0.0,0.0,0.0
2019-08-19 04:00:00,0.0,0.0,0.0,0.0
2019-08-19 05:00:00,0.0,0.0,0.0,0.0
2019-08-19 06:00:00,0.0,0.0,0.0,0.0
2019-08-19 07:00:00,131.443235,131.443235,2567.0,2567.0
2019-08-19 08:00:00,163.34394999999998,163.34394999999998,3190.0,3190.0
2019-08-19 09:00:00,277.63351,277.63351,5422.0,5422.0
2019-08-19 10:00:00,283.36847,283.36847,5534.0,5534.0
2019-08-19 11:00:00,212.34713499999998,212.347135,4147.0,4147.0
2019-08-19 12:00:00,179.21749999999997,179.21749999999997,3500.0,3500.0
2019-08-19 13:00:00,199.28986,199.28986,3892.0,3892.0
2019-08-19 14:00:00,228.83514500000004,228.83514500000004,4469.0,4469.0
2019-08-19 15:00:00,258.841275,258.841275,5055.0,5055.0
2019-08-19 16:00:00,274.919645,274.919645,5369.0,5369.0
2019-08-19 17:00:00,188.33199000000002,188.33199000000002,3678.0,3678.0
2019-08-19 18:00:00,118.33475499999999,118.33475499999999,2311.0,2311.0
2019-08-19 19:00:00,81.569565,81.569565,1593.0,1593.0
2019-08-19 20:00:00,81.51836,81.51836,1592.0,1592.0
2019-08-19 21:00:00,81.92799999999998,81.92799999999998,1600.0,1600.0
2019-08-19 22:00:00,81.51836,81.51836,1592.0,1592.0
2019-08-19 23:00:00,81.87679499999999,81.87679499999999,1599.0,1599.0
2019-08-20 00:00:00,81.41595,81.41595,1590.0,1590.0
2019-08-20 01:00:00,81.77438500000002,81.77438500000002,1597.0,1597.0
2019-08-20 02:00:00,81.77438500000002,81.77438500000002,1597.0,1597.0
2019-08-20 03:00:00,81.569565,81.569565,1593.0,1593.0
2019-08-20 04:00:00,81.92799999999998,81.92799999999998,1600.0,1600.0
2019-08-20 05:00:00,81.82559000000002,81.82559000000002,1598.0,1598.0
2019-08-20 06:00:00,81.92799999999998,81.92799999999998,1600.0,1600.0
2019-08-20 07:00:00,137.48542500000002,137.48542500000002,2685.0,2685.0
2019-08-20 08:00:00,164.57287,164.57287,3214.0,3214.0
2019-08-20 09:00:00,300.77817,300.77817,5874.0,5874.0
2019-08-20 10:00:00,293.251035,293.251035,5727.0,5727.0
2019-08-20 11:00:00,212.80798,212.80798000000001,4156.0,4156.0
2019-08-20 12:00:00,177.37411999999998,177.37411999999998,3464.0,3464.0
2019-08-20 13:00:00,203.642285,203.642285,3977.0,3977.0
2019-08-20 14:00:00,215.67546000000002,215.67546000000002,4212.0,4212.0
2019-08-20 15:00:00,266.16359,266.16359,5198.0,5198.0
2019-08-20 16:00:00,272.461805,272.461805,5321.0,5321.0
2019-08-20 17:00:00,187.41030000000006,187.41030000000006,3660.0,3660.0
2019-08-20 18:00:00,101.69312999999998,101.69312999999998,1986.0,1986.0
2019-08-20 19:00:00,81.92799999999998,81.92799999999998,1600.0,1600.0
2019-08-20 20:00:00,81.41595,81.41595,1590.0,1590.0
2019-08-20 21:00:00,81.82559000000002,81.82559000000002,1598.0,1598.0
2019-08-20 22:00:00,81.82559000000002,81.82559000000002,1598.0,1598.0
2019-08-20 23:00:00,81.41595,81.41595,1590.0,1590.0
2019-08-21 00:00:00,81.92799999999998,81.92799999999998,1600.0,1600.0
2019-08-21 01:00:00,81.671975,81.67197499999999,1595.0,1595.0
2019-08-21 02:00:00,81.82559000000002,81.82559000000002,1598.0,1598.0
2019-08-21 03:00:00,81.92799999999998,81.92799999999998,1600.0,1600.0
2019-08-21 04:00:00,81.77438500000002,81.77438500000002,1597.0,1597.0
2019-08-21 05:00:00,81.51836,81.51836,1592.0,1592.0
2019-08-21 06:00:00,81.72318,81.72318,1596.0,1596.0
2019-08-21 07:00:00,138.20229500000002,138.20229500000002,2699.0,2699.0
2019-08-21 08:00:00,174.66025499999998,174.66025499999998,3411.0,3411.0
2019-08-21 09:00:00,302.365525,302.365525,5905.0,5905.0
2019-08-21 10:00:00,301.034195,301.034195,5879.0,5879.0
2019-08-21 11:00:00,220.07908999999998,220.07908999999998,4298.0,4298.0
2019-08-21 12:00:00,176.86207000000005,176.86207000000005,3454.0,3454.0
2019-08-21 13:00:00,179.93436999999997,179.93437,3514.0,3514.0
2019-08-21 14:00:00,233.75082499999996,233.75082499999996,4565.0,4565.0
2019-08-21 15:00:00,262.11839499999996,262.11839499999996,5119.0,5119.0
2019-08-21 16:00:00,276.60941,276.60941,5402.0,5402.0
2019-08-21 17:00:00,188.74162999999996,188.74163,3686.0,3686.0
2019-08-21 18:00:00,115.56968499999998,115.56968499999998,2257.0,2257.0
2019-08-21 19:00:00,81.92799999999998,81.92799999999998,1600.0,1600.0
2019-08-21 20:00:00,81.77438500000002,81.77438500000002,1597.0,1597.0
2019-08-21 21:00:00,81.31354,81.31354,1588.0,1588.0
2019-08-21 22:00:00,81.77438500000002,81.77438500000002,1597.0,1597.0
2019-08-21 23:00:00,81.77438500000002,81.77438500000002,1597.0,1597.0
2019-08-22 00:00:00,81.72318,81.72318,1596.0,1596.0
2019-08-22 01:00:00,81.671975,81.67197499999999,1595.0,1595.0
2019-08-22 02:00:00,81.87679499999999,81.87679499999999,1599.0,1599.0
2019-08-22 03:00:00,81.671975,81.67197499999999,1595.0,1595.0
2019-08-22 04:00:00,81.87679499999999,81.87679499999999,1599.0,1599.0
2019-08-22 05:00:00,81.87679499999999,81.87679499999999,1599.0,1599.0
2019-08-22 06:00:00,81.77438500000002,81.77438500000002,1597.0,1597.0
2019-08-22 07:00:00,130.82877499999998,130.82877499999998,2555.0,2555.0
2019-08-22 08:00:00,161.24454500000002,161.24454500000002,3149.0,3149.0
2019-08-22 09:00:00,298.371535,298.371535,5827.0,5827.0
2019-08-22 10:00:00,305.1818,305.1818,5960.0,5960.0
2019-08-22 11:00:00,220.02788500000005,220.02788500000005,4297.0,4297.0
2019-08-22 12:00:00,176.96448,176.96448,3456.0,3456.0
2019-08-22 13:00:00,202.003725,202.003725,3945.0,3945.0
2019-08-22 14:00:00,234.57010499999998,234.57010499999998,4581.0,4581.0
2019-08-22 15:00:00,268.26299500000005,268.26299500000005,5239.0,5239.0
2019-08-22 16:00:00,264.32021,264.32021,5162.0,5162.0
2019-08-22 17:00:00,187.41030000000003,187.4103,3660.0,3660.0
2019-08-22 18:00:00,102.76843500000003,102.76843500000003,2007.0,2007.0
2019-08-22 19:00:00,81.62077,81.62077,1594.0,1594.0
2019-08-22 20:00:00,81.82559000000002,81.82559000000002,1598.0,1598.0
2019-08-22 21:00:00,81.92799999999998,81.92799999999998,1600.0,1600.0
2019-08-22 22:00:00,81.87679499999999,81.87679499999999,1599.0,1599.0
2019-08-22 23:00:00,81.72318,81.72318,1596.0,1596.0
2019-08-23 00:00:00,81.92799999999998,81.92799999999998,1600.0,1600.0
2019-08-23 01:00:00,81.77438500000002,81.77438500000002,1597.0,1597.0
2019-08-23 02:00:00,81.41595,81.41595,1590.0,1590.0
2019-08-23 03:00:00,81.82559000000002,81.82559000000002,1598.0,1598.0
2019-08-23 04:00:00,81.77438500000002,81.77438500000002,1597.0,1597.0
2019-08-23 05:00:00,81.87679499999999,81.87679499999999,1599.0,1599.0
2019-08-23 06:00:00,81.41595,81.41595,1590.0,1590.0
2019-08-23 07:00:00,137.63904000000002,137.63904000000002,2688.0,2688.0
2019-08-23 08:00:00,151.618005,151.618005,2961.0,2961.0
2019-08-23 09:00:00,298.98599500000006,298.98599500000006,5839.0,5839.0
2019-08-23 10:00:00,290.53716999999995,290.53716999999995,5674.0,5674.0
2019-08-23 11:00:00,217.31401999999997,217.31402,4244.0,4244.0
2019-08-23 12:00:00,174.60905,174.60905,3410.0,3410.0
2019-08-23 13:00:00,199.648295,199.648295,3899.0,3899.0
2019-08-23 14:00:00,233.34118499999997,233.34118499999994,4557.0,4557.0
2019-08-23 15:00:00,263.19370000000004,263.19370000000004,5140.0,5140.0
2019-08-23 16:00:00,264.473825,264.473825,5165.0,5165.0
2019-08-23 17:00:00,186.437405,186.437405,3641.0,3641.0
2019-08-23 18:00:00,107.99134500000002,107.99134500000002,2109.0,2109.0
2019-08-23 19:00:00,81.72318,81.72318,1596.0,1596.0
2019-08-23 20:00:00,81.262335,81.262335,1587.0,1587.0
2019-08-23 21:00:00,81.77438500000002,81.77438500000002,1597.0,1597.0
2019-08-23 22:00:00,81.92799999999998,81.92799999999998,1600.0,1600.0
2019-08-23 23:00:00,81.62077,81.62077,1594.0,1594.0
2019-08-24 00:00:00,81.62077,81.62077,1594.0,1594.0
2019-08-24 01:00:00,81.92799999999998,81.92799999999998,1600.0,1600.0
2019-08-24 02:00:00,81.87679499999999,81.87679499999999,1599.0,1599.0
2019-08-24 03:00:00,81.62077,81.62077,1594.0,1594.0
2019-08-24 04:00:00,81.72318,81.72318,1596.0,1596.0
2019-08-24 05:00:00,81.92799999999998,81.92799999999998,1600.0,1600.0
2019-08-24 06:00:00,81.77438500000002,81.77438500000002,1597.0,1597.0
2019-08-24 07:00:00,81.92799999999998,81.92799999999998,1600.0,1600.0
2019-08-24 08:00:00,81.72318,81.72318,1596.0,1596.0
2019-08-24 09:00:00,81.62077,81.62077,1594.0,1594.0
2019-08-24 10:00:00,81.92799999999998,81.92799999999998,1600.0,1600.0
2019-08-24 11:00:00,81.72318,81.72318,1596.0,1596.0
2019-08-24 12:00:00,81.72318,81.72318,1596.0,1596.0
2019-08-24 13:00:00,81.569565,81.569565,1593.0,1593.0
2019-08-24 14:00:00,81.51836,81.51836,1592.0,1592.0
2019-08-24 15:00:00,81.51836,81.51836,1592.0,1592.0
2019-08-24 16:00:00,81.62077,81.62077,1594.0,1594.0
2019-08-24 17:00:00,81.82559000000002,81.82559000000002,1598.0,1598.0
2019-08-24 18:00:00,81.467155,81.467155,1591.0,1591.0
2019-08-24 19:00:00,81.87679499999999,81.87679499999999,1599.0,1599.0
2019-08-24 20:00:00,81.51836,81.51836,1592.0,1592.0
2019-08-24 21:00:00,81.92799999999998,81.92799999999998,1600.0,1600.0
2019-08-24 22:00:00,81.92799999999998,81.92799999999998,1600.0,1600.0
2019-08-24 23:00:00,81.82559000000002,81.82559000000002,1598.0,1598.0
2019-08-25 00:00:00,81.62077,81.62077,1594.0,1594.0
2019-08-25 01:00:00,81.82559000000002,81.82559000000002,1598.0,1598.0
2019-08-25 02:00:00,81.41595,81.41595,1590.0,1590.0
2019-08-25 03:00:00,81.87679499999999,81.87679499999999,1599.0,1599.0
2019-08-25 04:00:00,81.87679499999999,81.87679499999999,1599.0,1599.0
2019-08-25 05:00:00,81.82559000000002,81.82559000000002,1598.0,1598.0
2019-08-25 06:00:00,81.87679499999999,81.87679499999999,1599.0,1599.0
2019-08-25 07:00:00,81.364745,81.364745,1589.0,1589.0
2019-08-25 08:00:00,81.72318,81.72318,1596.0,1596.0
2019-08-25 09:00:00,81.82559000000002,81.82559000000002,1598.0,1598.0
2019-08-25 10:00:00,67.18096000000001,67.18096000000001,1312.0,1312.0
2019-08-25 11:00:00,0.0,0.0,0.0,0.0
2019-08-25 12:00:00,0.0,0.0,0.0,0.0
2019-08-25 13:00:00,0.0,0.0,0.0,0.0
2019-08-25 14:00:00,0.0,0.0,0.0,0.0
2019-08-25 15:00:00,0.0,0.0,0.0,0.0
2019-08-25 16:00:00,0.0,0.0,0.0,0.0
2019-08-25 17:00:00,0.0,0.0,0.0,0.0
2019-08-25 18:00:00,0.0,0.0,0.0,0.0
2019-08-25 19:00:00,0.0,0.0,0.0,0.0
2019-08-25 20:00:00,0.0,0.0,0.0,0.0
2019-08-25 21:00:00,0.0,0.0,0.0,0.0
2019-08-25 22:00:00,0.0,0.0,0.0,0.0
2019-08-25 23:00:00,0.0,0.0,0.0,0.0
2019-08-26 00:00:00,0.0,0.0,0.0,0.0
2019-08-26 01:00:00,0.0,0.0,0.0,0.0
2019-08-26 02:00:00,0.0,0.0,0.0,0.0
2019-08-26 03:00:00,0.0,0.0,0.0,0.0
2019-08-26 04:00:00,0.0,0.0,0.0,0.0
2019-08-26 05:00:00,0.0,0.0,0.0,0.0
2019-08-26 06:00:00,0.0,0.0,0.0,0.0
2019-08-26 07:00:00,132.56974499999998,132.56974499999998,2589.0,2589.0
2019-08-26 08:00:00,155.86801999999997,155.86801999999997,3044.0,3044.0
2019-08-26 09:00:00,286.33835999999997,286.33835999999997,5592.0,5592.0
2019-08-26 10:00:00,295.86249,295.86249,5778.0,5778.0
2019-08-26 11:00:00,216.54594500000002,216.54594500000005,4229.0,4229.0
2019-08-26 12:00:00,175.581945,175.581945,3429.0,3429.0
2019-08-26 13:00:00,201.184445,201.18444500000004,3929.0,3929.0
2019-08-26 14:00:00,233.18757,233.18757,4554.0,4554.0
2019-08-26 15:00:00,262.98887999999994,262.98887999999994,5136.0,5136.0
2019-08-26 16:00:00,268.05817499999995,268.05817499999995,5235.0,5235.0
2019-08-26 17:00:00,189.76573,189.76572999999996,3706.0,3706.0
2019-08-26 18:00:00,95.34370999999999,95.34370999999999,1862.0,1862.0
2019-08-26 19:00:00,81.51836,81.51836,1592.0,1592.0
2019-08-26 20:00:00,81.82559000000002,81.82559000000002,1598.0,1598.0
2019-08-26 21:00:00,81.92799999999998,81.92799999999998,1600.0,1600.0
2019-08-26 22:00:00,81.77438500000002,81.77438500000002,1597.0,1597.0
2019-08-26 23:00:00,81.62077,81.62077,1594.0,1594.0
2019-08-27 00:00:00,81.92799999999998,81.92799999999998,1600.0,1600.0
2019-08-27 01:00:00,81.87679499999999,81.87679499999999,1599.0,1599.0
2019-08-27 02:00:00,81.82559000000002,81.82559000000002,1598.0,1598.0
2019-08-27 03:00:00,81.87679499999999,81.87679499999999,1599.0,1599.0
2019-08-27 04:00:00,81.671975,81.67197499999999,1595.0,1595.0
2019-08-27 05:00:00,81.92799999999998,81.92799999999998,1600.0,1600.0
2019-08-27 06:00:00,81.82559000000002,81.82559000000002,1598.0,1598.0
2019-08-27 07:00:00,137.58783499999998,137.58783499999998,2687.0,2687.0
2019-08-27 08:00:00,176.1452,176.1452,3440.0,3440.0
2019-08-27 09:00:00,294.889595,294.889595,5759.0,5759.0
2019-08-27 10:00:00,294.889595,294.889595,5759.0,5759.0
2019-08-27 11:00:00,215.26582000000005,215.26582000000005,4204.0,4204.0
2019-08-27 12:00:00,175.32591999999997,175.32591999999997,3424.0,3424.0
2019-08-27 13:00:00,190.89224000000002,190.89224000000002,3728.0,3728.0
2019-08-27 14:00:00,221.10318999999998,221.10318999999998,4318.0,4318.0
2019-08-27 15:00:00,270.25998999999996,270.25998999999996,5278.0,5278.0
2019-08-27 16:00:00,266.67564,266.67564,5208.0,5208.0
2019-08-27 17:00:00,191.66031499999997,191.66031499999997,3743.0,3743.0
2019-08-27 18:00:00,98.41601,98.41601,1922.0,1922.0
2019-08-27 19:00:00,81.77438500000002,81.77438500000002,1597.0,1597.0
2019-08-27 20:00:00,81.87679499999999,81.87679499999999,1599.0,1599.0
2019-08-27 21:00:00,81.569565,81.569565,1593.0,1593.0
2019-08-27 22:00:00,81.671975,81.67197499999999,1595.0,1595.0
2019-08-27 23:00:00,81.51836,81.51836,1592.0,1592.0
2019-08-28 00:00:00,81.92799999999998,81.92799999999998,1600.0,1600.0
2019-08-28 01:00:00,81.77438500000002,81.77438500000002,1597.0,1597.0
2019-08-28 02:00:00,81.671975,81.67197499999999,1595.0,1595.0
2019-08-28 03:00:00,81.62077,81.62077,1594.0,1594.0
2019-08-28 04:00:00,81.92799999999998,81.92799999999998,1600.0,1600.0
2019-08-28 05:00:00,81.77438500000002,81.77438500000002,1597.0,1597.0
2019-08-28 06:00:00,81.72318,81.72318,1596.0,1596.0
2019-08-28 07:00:00,129.804675,129.804675,2535.0,2535.0
2019-08-28 08:00:00,169.642165,169.642165,3313.0,3313.0
2019-08-28 09:00:00,301.546245,301.546245,5889.0,5889.0
2019-08-28 10:00:00,302.82637000000005,302.82637000000005,5914.0,5914.0
2019-08-28 11:00:00,219.25981000000002,219.25981000000002,4282.0,4282.0
2019-08-28 12:00:00,179.01268,179.01268,3496.0,3496.0
2019-08-28 13:00:00,200.05793500000001,200.05793500000004,3907.0,3907.0
2019-08-28 14:00:00,219.97668,219.97668,4296.0,4296.0
2019-08-28 15:00:00,269.3383,269.3383,5260.0,5260.0
2019-08-28 16:00:00,262.27201,262.27201,5122.0,5122.0
2019-08-28 17:00:00,190.27778,190.27778,3716.0,3716.0
2019-08-28 18:00:00,81.77438500000002,81.77438500000002,1597.0,1597.0
2019-08-28 19:00:00,81.87679499999999,81.87679499999999,1599.0,1599.0
2019-08-28 20:00:00,81.82559000000002,81.82559000000002,1598.0,1598.0
2019-08-28 21:00:00,81.87679499999999,81.87679499999999,1599.0,1599.0
2019-08-28 22:00:00,81.62077,81.62077,1594.0,1594.0
2019-08-28 23:00:00,81.87679499999999,81.87679499999999,1599.0,1599.0
2019-08-29 00:00:00,81.77438500000002,81.77438500000002,1597.0,1597.0
2019-08-29 01:00:00,81.72318,81.72318,1596.0,1596.0
2019-08-29 02:00:00,81.671975,81.67197499999999,1595.0,1595.0
2019-08-29 03:00:00,81.569565,81.569565,1593.0,1593.0
2019-08-29 04:00:00,81.569565,81.569565,1593.0,1593.0
2019-08-29 05:00:00,81.77438500000002,81.77438500000002,1597.0,1597.0
2019-08-29 06:00:00,81.82559000000002,81.82559000000002,1598.0,1598.0
2019-08-29 07:00:00,130.828775,130.828775,2555.0,2555.0
2019-08-29 08:00:00,160.57888,160.57888,3136.0,3136.0
2019-08-29 09:00:00,292.0221149999999,292.0221149999999,5703.0,5703.0
2019-08-29 10:00:00,301.751065,301.751065,5893.0,5893.0
2019-08-29 11:00:00,214.75376999999995,214.75376999999995,4194.0,4194.0
2019-08-29 12:00:00,178.55183499999998,178.55183499999998,3487.0,3487.0
2019-08-29 13:00:00,203.43746499999995,203.43746499999995,3973.0,3973.0
2019-08-29 14:00:00,222.94657,222.94657,4354.0,4354.0
2019-08-29 15:00:00,268.672635,268.672635,5247.0,5247.0
2019-08-29 16:00:00,259.148505,259.148505,5061.0,5061.0
2019-08-29 17:00:00,189.45850000000004,189.45850000000007,3700.0,3700.0
2019-08-29 18:00:00,117.87391,117.87391,2302.0,2302.0
2019-08-29 19:00:00,81.41595,81.41595,1590.0,1590.0
2019-08-29 20:00:00,81.92799999999998,81.92799999999998,1600.0,1600.0
2019-08-29 21:00:00,81.77438500000002,81.77438500000002,1597.0,1597.0
2019-08-29 22:00:00,81.72318,81.72318,1596.0,1596.0
2019-08-29 23:00:00,81.82559000000002,81.82559000000002,1598.0,1598.0
2019-08-30 00:00:00,81.87679499999999,81.87679499999999,1599.0,1599.0
2019-08-30 01:00:00,81.77438500000002,81.77438500000002,1597.0,1597.0
2019-08-30 02:00:00,81.51836,81.51836,1592.0,1592.0
2019-08-30 03:00:00,81.92799999999998,81.92799999999998,1600.0,1600.0
2019-08-30 04:00:00,81.82559000000002,81.82559000000002,1598.0,1598.0
2019-08-30 05:00:00,81.92799999999998,81.92799999999998,1600.0,1600.0
2019-08-30 06:00:00,81.72318,81.72318,1596.0,1596.0
2019-08-30 07:00:00,135.59084000000001,135.59084000000001,2648.0,2648.0
2019-08-30 08:00:00,166.10902,166.10902,3244.0,3244.0
2019-08-30 09:00:00,300.26612000000006,300.26612000000006,5864.0,5864.0
2019-08-30 10:00:00,295.40164500000003,295.40164500000003,5769.0,5769.0
2019-08-30 11:00:00,215.57304999999997,215.57304999999997,4210.0,4210.0
2019-08-30 12:00:00,175.479535,175.479535,3427.0,3427.0
2019-08-30 13:00:00,205.383255,205.383255,4011.0,4011.0
2019-08-30 14:00:00,228.73273500000002,228.73273500000002,4467.0,4467.0
2019-08-30 15:00:00,261.094295,261.094295,5099.0,5099.0
2019-08-30 16:00:00,273.2810849999999,273.2810849999999,5337.0,5337.0
2019-08-30 17:00:00,192.27477499999995,192.27477499999995,3755.0,3755.0
2019-08-30 18:00:00,99.184085,99.184085,1937.0,1937.0
2019-08-30 19:00:00,81.62077,81.62077,1594.0,1594.0
2019-08-30 20:00:00,81.87679499999999,81.87679499999999,1599.0,1599.0
2019-08-30 21:00:00,81.671975,81.67197499999999,1595.0,1595.0
2019-08-30 22:00:00,81.77438500000002,81.77438500000002,1597.0,1597.0
2019-08-30 23:00:00,81.62077,81.62077,1594.0,1594.0
2019-08-31 00:00:00,81.82559000000002,81.82559000000002,1598.0,1598.0
2019-08-31 01:00:00,81.671975,81.67197499999999,1595.0,1595.0
2019-08-31 02:00:00,81.87679499999999,81.87679499999999,1599.0,1599.0
2019-08-31 03:00:00,81.82559000000002,81.82559000000002,1598.0,1598.0
2019-08-31 04:00:00,81.62077,81.62077,1594.0,1594.0
2019-08-31 05:00:00,81.467155,81.467155,1591.0,1591.0
2019-08-31 06:00:00,81.569565,81.569565,1593.0,1593.0
2019-08-31 07:00:00,81.92799999999998,81.92799999999998,1600.0,1600.0
2019-08-31 08:00:00,81.82559000000002,81.82559000000002,1598.0,1598.0
2019-08-31 09:00:00,81.87679499999999,81.87679499999999,1599.0,1599.0
2019-08-31 10:00:00,81.51836,81.51836,1592.0,1592.0
2019-08-31 11:00:00,81.87679499999999,81.87679499999999,1599.0,1599.0
2019-08-31 12:00:00,81.87679499999999,81.87679499999999,1599.0,1599.0
2019-08-31 13:00:00,81.87679499999999,81.87679499999999,1599.0,1599.0
2019-08-31 14:00:00,81.92799999999998,81.92799999999998,1600.0,1600.0
2019-08-31 15:00:00,81.467155,81.467155,1591.0,1591.0
2019-08-31 16:00:00,81.671975,81.67197499999999,1595.0,1595.0
2019-08-31 17:00:00,81.77438500000002,81.77438500000002,1597.0,1597.0
2019-08-31 18:00:00,81.72318,81.72318,1596.0,1596.0
2019-08-31 19:00:00,81.671975,81.67197499999999,1595.0,1595.0
2019-08-31 20:00:00,81.82559000000002,81.82559000000002,1598.0,1598.0
2019-08-31 21:00:00,81.87679499999999,81.87679499999999,1599.0,1599.0
2019-08-31 22:00:00,81.82559000000002,81.82559000000002,1598.0,1598.0
2019-08-31 23:00:00,81.72318,81.72318,1596.0,1596.0
2019-09-01 00:00:00,81.87679499999999,81.87679499999999,1599.0,1599.0
2019-09-01 01:00:00,81.77438500000002,81.77438500000002,1597.0,1597.0
2019-09-01 02:00:00,81.51836,81.51836,1592.0,1592.0
2019-09-01 03:00:00,81.92799999999998,81.92799999999998,1600.0,1600.0
2019-09-01 04:00:00,81.87679499999999,81.87679499999999,1599.0,1599.0
2019-09-01 05:00:00,81.92799999999998,81.92799999999998,1600.0,1600.0
2019-09-01 06:00:00,81.467155,81.467155,1591.0,1591.0
2019-09-01 07:00:00,81.62077,81.62077,1594.0,1594.0
2019-09-01 08:00:00,81.82559000000002,81.82559000000002,1598.0,1598.0
2019-09-01 09:00:00,81.82559000000002,81.82559000000002,1598.0,1598.0
2019-09-01 10:00:00,81.72318,81.72318,1596.0,1596.0
2019-09-01 11:00:00,81.82559000000002,81.82559000000002,1598.0,1598.0
2019-09-01 12:00:00,6.861469999999999,6.86147,134.0,134.0
2019-09-01 13:00:00,0.0,0.0,0.0,0.0
2019-09-01 14:00:00,0.0,0.0,0.0,0.0
2019-09-01 15:00:00,0.0,0.0,0.0,0.0
2019-09-01 16:00:00,0.0,0.0,0.0,0.0
2019-09-01 17:00:00,0.0,0.0,0.0,0.0
2019-09-01 18:00:00,0.0,0.0,0.0,0.0
2019-09-01 19:00:00,0.0,0.0,0.0,0.0
2019-09-01 20:00:00,0.0,0.0,0.0,0.0
2019-09-01 21:00:00,0.0,0.0,0.0,0.0
2019-09-01 22:00:00,0.0,0.0,0.0,0.0
2019-09-01 23:00:00,0.0,0.0,0.0,0.0
2019-09-02 00:00:00,0.0,0.0,0.0,0.0
2019-09-02 01:00:00,0.0,0.0,0.0,0.0
2019-09-02 02:00:00,0.0,0.0,0.0,0.0
2019-09-02 03:00:00,0.0,0.0,0.0,0.0
2019-09-02 04:00:00,0.0,0.0,0.0,0.0
2019-09-02 05:00:00,0.0,0.0,0.0,0.0
2019-09-02 06:00:00,0.0,0.0,0.0,0.0
2019-09-02 07:00:00,143.88604999999998,143.88604999999998,2810.0,2810.0
2019-09-02 08:00:00,161.70538999999997,161.70538999999997,3158.0,3158.0
2019-09-02 09:00:00,299.293225,299.293225,5845.0,5845.0
2019-09-02 10:00:00,299.75407,299.75407,5854.0,5854.0
2019-09-02 11:00:00,212.60316000000003,212.60316000000006,4152.0,4152.0
2019-09-02 12:00:00,177.220505,177.220505,3461.0,3461.0
2019-09-02 13:00:00,204.51277000000002,204.51277000000002,3994.0,3994.0
2019-09-02 14:00:00,212.449545,212.449545,4149.0,4149.0
2019-09-02 15:00:00,270.46481,270.46481,5282.0,5282.0
2019-09-02 16:00:00,268.570225,268.570225,5245.0,5245.0
2019-09-02 17:00:00,191.25067499999997,191.25067499999997,3735.0,3735.0
2019-09-02 18:00:00,100.82264500000002,100.82264500000001,1969.0,1969.0
2019-09-02 19:00:00,81.92799999999998,81.92799999999998,1600.0,1600.0
2019-09-02 20:00:00,81.72318,81.72318,1596.0,1596.0
2019-09-02 21:00:00,81.82559000000002,81.82559000000002,1598.0,1598.0
2019-09-02 22:00:00,81.72318,81.72318,1596.0,1596.0
2019-09-02 23:00:00,81.87679499999999,81.87679499999999,1599.0,1599.0
2019-09-03 00:00:00,81.467155,81.467155,1591.0,1591.0
2019-09-03 01:00:00,81.87679499999999,81.87679499999999,1599.0,1599.0
2019-09-03 02:00:00,81.92799999999998,81.92799999999998,1600.0,1600.0
2019-09-03 03:00:00,81.92799999999998,81.92799999999998,1600.0,1600.0
2019-09-03 04:00:00,81.62077,81.62077,1594.0,1594.0
2019-09-03 05:00:00,81.92799999999998,81.92799999999998,1600.0,1600.0
2019-09-03 06:00:00,81.671975,81.67197499999999,1595.0,1595.0
2019-09-03 07:00:00,139.22639499999997,139.22639499999997,2719.0,2719.0
2019-09-03 08:00:00,173.78976999999998,173.78976999999998,3394.0,3394.0
2019-09-03 09:00:00,292.53416500000003,292.53416500000003,5713.0,5713.0
2019-09-03 10:00:00,286.594385,286.594385,5597.0,5597.0
2019-09-03 11:00:00,216.18751,216.18751,4222.0,4222.0
2019-09-03 12:00:00,176.606045,176.606045,3449.0,3449.0
2019-09-03 13:00:00,197.13924999999998,197.13924999999998,3850.0,3850.0
2019-09-03 14:00:00,217.41643,217.41643,4246.0,4246.0
2019-09-03 15:00:00,265.907565,265.907565,5193.0,5193.0
2019-09-03 16:00:00,265.75395,265.75395,5190.0,5190.0
2019-09-03 17:00:00,187.00065999999995,187.00065999999995,3652.0,3652.0
2019-09-03 18:00:00,81.87679499999999,81.87679499999999,1599.0,1599.0
2019-09-03 19:00:00,81.72318,81.72318,1596.0,1596.0
2019-09-03 20:00:00,81.92799999999998,81.92799999999998,1600.0,1600.0
2019-09-03 21:00:00,81.51836,81.51836,1592.0,1592.0
2019-09-03 22:00:00,81.77438500000002,81.77438500000002,1597.0,1597.0
2019-09-03 23:00:00,81.51836,81.51836,1592.0,1592.0
2019-09-04 00:00:00,81.62077,81.62077,1594.0,1594.0
2019-09-04 01:00:00,81.671975,81.67197499999999,1595.0,1595.0
2019-09-04 02:00:00,81.72318,81.72318,1596.0,1596.0
2019-09-04 03:00:00,81.671975,81.67197499999999,1595.0,1595.0
2019-09-04 04:00:00,81.72318,81.72318,1596.0,1596.0
2019-09-04 05:00:00,81.77438500000002,81.77438500000002,1597.0,1597.0
2019-09-04 06:00:00,81.87679499999999,81.87679499999999,1599.0,1599.0
2019-09-04 07:00:00,141.78664499999996,141.78664499999996,2769.0,2769.0
2019-09-04 08:00:00,156.226455,156.22645499999996,3051.0,3051.0
2019-09-04 09:00:00,294.787185,294.787185,5757.0,5757.0
2019-09-04 10:00:00,300.01009500000004,300.01009500000004,5859.0,5859.0
2019-09-04 11:00:00,208.09712,208.09712,4064.0,4064.0
2019-09-04 12:00:00,174.91628,174.91628,3416.0,3416.0
2019-09-04 13:00:00,206.86819999999997,206.86819999999997,4040.0,4040.0
2019-09-04 14:00:00,230.473705,230.473705,4501.0,4501.0
2019-09-04 15:00:00,270.925655,270.925655,5291.0,5291.0
2019-09-04 16:00:00,268.67263499999996,268.67263499999996,5247.0,5247.0
2019-09-04 17:00:00,186.847045,186.847045,3649.0,3649.0
2019-09-04 18:00:00,105.32868500000001,105.32868500000001,2057.0,2057.0
2019-09-04 19:00:00,81.87679499999999,81.87679499999999,1599.0,1599.0
2019-09-04 20:00:00,81.82559000000002,81.82559000000002,1598.0,1598.0
2019-09-04 21:00:00,81.77438500000002,81.77438500000002,1597.0,1597.0
2019-09-04 22:00:00,81.41595,81.41595,1590.0,1590.0
2019-09-04 23:00:00,81.72318,81.72318,1596.0,1596.0
2019-09-05 00:00:00,81.87679499999999,81.87679499999999,1599.0,1599.0
2019-09-05 01:00:00,81.82559000000002,81.82559000000002,1598.0,1598.0
2019-09-05 02:00:00,81.51836,81.51836,1592.0,1592.0
2019-09-05 03:00:00,81.51836,81.51836,1592.0,1592.0
2019-09-05 04:00:00,81.671975,81.67197499999999,1595.0,1595.0
2019-09-05 05:00:00,81.87679499999999,81.87679499999999,1599.0,1599.0
2019-09-05 06:00:00,81.569565,81.569565,1593.0,1593.0
2019-09-05 07:00:00,145.88304499999998,145.88304499999998,2849.0,2849.0
2019-09-05 08:00:00,171.485545,171.485545,3349.0,3349.0
2019-09-05 09:00:00,304.87457000000006,304.87457000000006,5954.0,5954.0
2019-09-05 10:00:00,298.166715,298.166715,5823.0,5823.0
2019-09-05 11:00:00,207.58506999999997,207.58506999999997,4054.0,4054.0
2019-09-05 12:00:00,174.86507500000002,174.86507500000002,3415.0,3415.0
2019-09-05 13:00:00,210.14532,210.14532,4104.0,4104.0
2019-09-05 14:00:00,213.576055,213.576055,4171.0,4171.0
2019-09-05 15:00:00,260.070195,260.070195,5079.0,5079.0
2019-09-05 16:00:00,275.17567,275.17567,5374.0,5374.0
2019-09-05 17:00:00,192.12116000000003,192.12116000000003,3752.0,3752.0
2019-09-05 18:00:00,100.05457,100.05457,1954.0,1954.0
2019-09-05 19:00:00,81.87679499999999,81.87679499999999,1599.0,1599.0
2019-09-05 20:00:00,81.77438500000002,81.77438500000002,1597.0,1597.0
2019-09-05 21:00:00,81.62077,81.62077,1594.0,1594.0
2019-09-05 22:00:00,81.671975,81.67197499999999,1595.0,1595.0
2019-09-05 23:00:00,81.82559000000002,81.82559000000002,1598.0,1598.0
2019-09-06 00:00:00,81.77438500000002,81.77438500000002,1597.0,1597.0
2019-09-06 01:00:00,81.87679499999999,81.87679499999999,1599.0,1599.0
2019-09-06 02:00:00,81.82559000000002,81.82559000000002,1598.0,1598.0
2019-09-06 03:00:00,81.82559000000002,81.82559000000002,1598.0,1598.0
2019-09-06 04:00:00,81.82559000000002,81.82559000000002,1598.0,1598.0
2019-09-06 05:00:00,81.87679499999999,81.87679499999999,1599.0,1599.0
2019-09-06 06:00:00,81.87679499999999,81.87679499999999,1599.0,1599.0
2019-09-06 07:00:00,129.34383,129.34383,2526.0,2526.0
2019-09-06 08:00:00,165.136125,165.136125,3225.0,3225.0
2019-09-06 09:00:00,288.33535499999994,288.33535499999994,5631.0,5631.0
2019-09-06 10:00:00,295.55526000000003,295.5552600000001,5772.0,5772.0
2019-09-06 11:00:00,221.61523999999997,221.61523999999997,4328.0,4328.0
2019-09-06 12:00:00,176.09399499999998,176.09399499999995,3439.0,3439.0
2019-09-06 13:00:00,202.97662000000003,202.97662000000003,3964.0,3964.0
2019-09-06 14:00:00,226.17248499999997,226.17248499999997,4417.0,4417.0
2019-09-06 15:00:00,273.84434000000005,273.84434000000005,5348.0,5348.0
2019-09-06 16:00:00,273.74193,273.74193,5346.0,5346.0
2019-09-06 17:00:00,189.202475,189.20247499999996,3695.0,3695.0
2019-09-06 18:00:00,113.98233,113.98233,2226.0,2226.0
2019-09-06 19:00:00,81.82559000000002,81.82559000000002,1598.0,1598.0
2019-09-06 20:00:00,81.72318,81.72318,1596.0,1596.0
2019-09-06 21:00:00,81.671975,81.67197499999999,1595.0,1595.0
2019-09-06 22:00:00,81.72318,81.72318,1596.0,1596.0
2019-09-06 23:00:00,81.72318,81.72318,1596.0,1596.0
2019-09-07 00:00:00,81.72318,81.72318,1596.0,1596.0
2019-09-07 01:00:00,81.72318,81.72318,1596.0,1596.0
2019-09-07 02:00:00,81.51836,81.51836,1592.0,1592.0
2019-09-07 03:00:00,81.92799999999998,81.92799999999998,1600.0,1600.0
2019-09-07 04:00:00,81.569565,81.569565,1593.0,1593.0
2019-09-07 05:00:00,81.77438500000002,81.77438500000002,1597.0,1597.0
2019-09-07 06:00:00,81.82559000000002,81.82559000000002,1598.0,1598.0
2019-09-07 07:00:00,81.87679499999999,81.87679499999999,1599.0,1599.0
2019-09-07 08:00:00,81.87679499999999,81.87679499999999,1599.0,1599.0
2019-09-07 09:00:00,81.671975,81.67197499999999,1595.0,1595.0
2019-09-07 10:00:00,81.92799999999998,81.92799999999998,1600.0,1600.0
2019-09-07 11:00:00,81.671975,81.67197499999999,1595.0,1595.0
2019-09-07 12:00:00,81.87679499999999,81.87679499999999,1599.0,1599.0
2019-09-07 13:00:00,81.87679499999999,81.87679499999999,1599.0,1599.0
2019-09-07 14:00:00,81.62077,81.62077,1594.0,1594.0
2019-09-07 15:00:00,81.87679499999999,81.87679499999999,1599.0,1599.0
2019-09-07 16:00:00,81.569565,81.569565,1593.0,1593.0
2019-09-07 17:00:00,81.671975,81.67197499999999,1595.0,1595.0
2019-09-07 18:00:00,81.82559000000002,81.82559000000002,1598.0,1598.0
2019-09-07 19:00:00,81.31354,81.31354,1588.0,1588.0
2019-09-07 20:00:00,81.92799999999998,81.92799999999998,1600.0,1600.0
2019-09-07 21:00:00,81.62077,81.62077,1594.0,1594.0
2019-09-07 22:00:00,81.51836,81.51836,1592.0,1592.0
2019-09-07 23:00:00,81.82559000000002,81.82559000000002,1598.0,1598.0
2019-09-08 00:00:00,81.87679499999999,81.87679499999999,1599.0,1599.0
2019-09-08 01:00:00,81.92799999999998,81.92799999999998,1600.0,1600.0
2019-09-08 02:00:00,81.72318,81.72318,1596.0,1596.0
2019-09-08 03:00:00,81.92799999999998,81.92799999999998,1600.0,1600.0
2019-09-08 04:00:00,81.72318,81.72318,1596.0,1596.0
2019-09-08 05:00:00,81.92799999999998,81.92799999999998,1600.0,1600.0
2019-09-08 06:00:00,81.671975,81.67197499999999,1595.0,1595.0
2019-09-08 07:00:00,81.671975,81.67197499999999,1595.0,1595.0
2019-09-08 08:00:00,81.72318,81.72318,1596.0,1596.0
2019-09-08 09:00:00,81.671975,81.67197499999999,1595.0,1595.0
2019-09-08 10:00:00,81.92799999999998,81.92799999999998,1600.0,1600.0
2019-09-08 11:00:00,71.84061500000001,71.84061500000001,1403.0,1403.0
2019-09-08 12:00:00,0.0,0.0,0.0,0.0
2019-09-08 13:00:00,0.0,0.0,0.0,0.0
2019-09-08 14:00:00,0.0,0.0,0.0,0.0
2019-09-08 15:00:00,0.0,0.0,0.0,0.0
2019-09-08 16:00:00,0.0,0.0,0.0,0.0
2019-09-08 17:00:00,0.0,0.0,0.0,0.0
2019-09-08 18:00:00,0.0,0.0,0.0,0.0
2019-09-08 19:00:00,0.0,0.0,0.0,0.0
2019-09-08 20:00:00,0.0,0.0,0.0,0.0
2019-09-08 21:00:00,0.0,0.0,0.0,0.0
2019-09-08 22:00:00,0.0,0.0,0.0,0.0
2019-09-08 23:00:00,0.0,0.0,0.0,0.0
2019-09-09 00:00:00,0.0,0.0,0.0,0.0
2019-09-09 01:00:00,0.0,0.0,0.0,0.0
2019-09-09 02:00:00,0.0,0.0,0.0,0.0
2019-09-09 03:00:00,0.0,0.0,0.0,0.0
2019-09-09 04:00:00,0.0,0.0,0.0,0.0
2019-09-09 05:00:00,0.0,0.0,0.0,0.0
2019-09-09 06:00:00,0.0,0.0,0.0,0.0
2019-09-09 07:00:00,138.04867999999996,138.04867999999996,2696.0,2696.0
2019-09-09 08:00:00,167.03071,167.03071,3262.0,3262.0
2019-09-09 09:00:00,300.214915,300.214915,5863.0,5863.0
2019-09-09 10:00:00,306.15469500000006,306.15469500000006,5979.0,5979.0
2019-09-09 11:00:00,213.62725999999998,213.62725999999998,4172.0,4172.0
2019-09-09 12:00:00,173.68736,173.68736,3392.0,3392.0
2019-09-09 13:00:00,193.45248999999998,193.45248999999998,3778.0,3778.0
2019-09-09 14:00:00,228.16948000000002,228.16948000000002,4456.0,4456.0
2019-09-09 15:00:00,264.42262,264.42262,5164.0,5164.0
2019-09-09 16:00:00,276.967845,276.967845,5409.0,5409.0
2019-09-09 17:00:00,191.50669999999997,191.50669999999997,3740.0,3740.0
2019-09-09 18:00:00,90.786465,90.786465,1773.0,1773.0
2019-09-09 19:00:00,81.51836,81.51836,1592.0,1592.0
2019-09-09 20:00:00,81.41595,81.41595,1590.0,1590.0
2019-09-09 21:00:00,81.569565,81.569565,1593.0,1593.0
2019-09-09 22:00:00,81.72318,81.72318,1596.0,1596.0
2019-09-09 23:00:00,81.62077,81.62077,1594.0,1594.0
2019-09-10 00:00:00,81.51836,81.51836,1592.0,1592.0
2019-09-10 01:00:00,81.467155,81.467155,1591.0,1591.0
2019-09-10 02:00:00,81.87679499999999,81.87679499999999,1599.0,1599.0
2019-09-10 03:00:00,81.671975,81.67197499999999,1595.0,1595.0
2019-09-10 04:00:00,81.72318,81.72318,1596.0,1596.0
2019-09-10 05:00:00,81.87679499999999,81.87679499999999,1599.0,1599.0
2019-09-10 06:00:00,81.62077,81.62077,1594.0,1594.0
2019-09-10 07:00:00,138.816755,138.816755,2711.0,2711.0
2019-09-10 08:00:00,157.09694,157.09694,3068.0,3068.0
2019-09-10 09:00:00,284.59739,284.59739,5558.0,5558.0
2019-09-10 10:00:00,291.61247499999996,291.61247499999996,5695.0,5695.0
2019-09-10 11:00:00,223.45862000000005,223.45862000000005,4364.0,4364.0
2019-09-10 12:00:00,178.961475,178.961475,3495.0,3495.0
2019-09-10 13:00:00,205.33205,205.33205,4010.0,4010.0
2019-09-10 14:00:00,226.53091999999998,226.53091999999998,4424.0,4424.0
2019-09-10 15:00:00,271.847345,271.847345,5309.0,5309.0
2019-09-10 16:00:00,268.365405,268.365405,5241.0,5241.0
2019-09-10 17:00:00,185.56692,185.56692,3624.0,3624.0
2019-09-10 18:00:00,123.045615,123.045615,2403.0,2403.0
2019-09-10 19:00:00,81.77438500000002,81.77438500000002,1597.0,1597.0
2019-09-10 20:00:00,81.569565,81.569565,1593.0,1593.0
2019-09-10 21:00:00,81.82559000000002,81.82559000000002,1598.0,1598.0
2019-09-10 22:00:00,81.569565,81.569565,1593.0,1593.0
2019-09-10 23:00:00,81.72318,81.72318,1596.0,1596.0
2019-09-11 00:00:00,81.51836,81.51836,1592.0,1592.0
2019-09-11 01:00:00,81.82559000000002,81.82559000000002,1598.0,1598.0
2019-09-11 02:00:00,81.77438500000002,81.77438500000002,1597.0,1597.0
2019-09-11 03:00:00,81.62077,81.62077,1594.0,1594.0
2019-09-11 04:00:00,81.87679499999999,81.87679499999999,1599.0,1599.0
2019-09-11 05:00:00,81.92799999999998,81.92799999999998,1600.0,1600.0
2019-09-11 06:00:00,81.87679499999999,81.87679499999999,1599.0,1599.0
2019-09-11 07:00:00,138.81675499999997,138.81675499999997,2711.0,2711.0
2019-09-11 08:00:00,172.10000499999998,172.10000499999998,3361.0,3361.0
2019-09-11 09:00:00,302.263115,302.263115,5903.0,5903.0
2019-09-11 10:00:00,289.8203,289.8203,5660.0,5660.0
2019-09-11 11:00:00,216.0851,216.08509999999998,4220.0,4220.0
2019-09-11 12:00:00,177.83496499999995,177.83496499999995,3473.0,3473.0
2019-09-11 13:00:00,205.07602500000002,205.07602500000002,4005.0,4005.0
2019-09-11 14:00:00,225.71163999999996,225.71163999999996,4408.0,4408.0
2019-09-11 15:00:00,264.72985,264.72985,5170.0,5170.0
2019-09-11 16:00:00,269.85035,269.85035,5270.0,5270.0
2019-09-11 17:00:00,191.25067499999997,191.25067499999997,3735.0,3735.0
2019-09-11 18:00:00,122.17513,122.17513,2386.0,2386.0
2019-09-11 19:00:00,81.87679499999999,81.87679499999999,1599.0,1599.0
2019-09-11 20:00:00,81.92799999999998,81.92799999999998,1600.0,1600.0
2019-09-11 21:00:00,81.92799999999998,81.92799999999998,1600.0,1600.0
2019-09-11 22:00:00,81.62077,81.62077,1594.0,1594.0
2019-09-11 23:00:00,81.72318,81.72318,1596.0,1596.0
2019-09-12 00:00:00,81.62077,81.62077,1594.0,1594.0
2019-09-12 01:00:00,81.62077,81.62077,1594.0,1594.0
2019-09-12 02:00:00,81.77438500000002,81.77438500000002,1597.0,1597.0
2019-09-12 03:00:00,81.92799999999998,81.92799999999998,1600.0,1600.0
2019-09-12 04:00:00,81.72318,81.72318,1596.0,1596.0
2019-09-12 05:00:00,81.72318,81.72318,1596.0,1596.0
2019-09-12 06:00:00,81.671975,81.67197499999999,1595.0,1595.0
2019-09-12 07:00:00,148.75052499999998,148.75052499999998,2905.0,2905.0
2019-09-12 08:00:00,165.85299499999996,165.85299499999996,3239.0,3239.0
2019-09-12 09:00:00,294.53115999999994,294.53115999999994,5752.0,5752.0
2019-09-12 10:00:00,288.33535499999994,288.33535499999994,5631.0,5631.0
2019-09-12 11:00:00,212.29592999999997,212.29592999999997,4146.0,4146.0
2019-09-12 12:00:00,176.24760999999998,176.24760999999998,3442.0,3442.0
2019-09-12 13:00:00,198.77781000000002,198.77781000000002,3882.0,3882.0
2019-09-12 14:00:00,226.3261,226.3261,4420.0,4420.0
2019-09-12 15:00:00,269.23589,269.23589,5258.0,5258.0
2019-09-12 16:00:00,269.082275,269.082275,5255.0,5255.0
2019-09-12 17:00:00,192.94043999999997,192.94043999999997,3768.0,3768.0
2019-09-12 18:00:00,101.59071999999998,101.59071999999996,1984.0,1984.0
2019-09-12 19:00:00,81.77438500000002,81.77438500000002,1597.0,1597.0
2019-09-12 20:00:00,81.92799999999998,81.92799999999998,1600.0,1600.0
2019-09-12 21:00:00,81.87679499999999,81.87679499999999,1599.0,1599.0
2019-09-12 22:00:00,81.82559000000002,81.82559000000002,1598.0,1598.0
2019-09-12 23:00:00,81.82559000000002,81.82559000000002,1598.0,1598.0
2019-09-13 00:00:00,81.82559000000002,81.82559000000002,1598.0,1598.0
2019-09-13 01:00:00,81.77438500000002,81.77438500000002,1597.0,1597.0
2019-09-13 02:00:00,81.569565,81.569565,1593.0,1593.0
2019-09-13 03:00:00,81.51836,81.51836,1592.0,1592.0
2019-09-13 04:00:00,81.82559000000002,81.82559000000002,1598.0,1598.0
2019-09-13 05:00:00,81.77438500000002,81.77438500000002,1597.0,1597.0
2019-09-13 06:00:00,81.87679499999999,81.87679499999999,1599.0,1599.0
2019-09-13 07:00:00,142.96436000000003,142.96436000000003,2792.0,2792.0
2019-09-13 08:00:00,170.56385500000002,170.56385500000002,3331.0,3331.0
2019-09-13 09:00:00,291.66368,291.66368,5696.0,5696.0
2019-09-13 10:00:00,298.064305,298.064305,5821.0,5821.0
2019-09-13 11:00:00,210.14532,210.14532,4104.0,4104.0
2019-09-13 12:00:00,177.630145,177.630145,3469.0,3469.0
2019-09-13 13:00:00,205.43446,205.43446,4012.0,4012.0
2019-09-13 14:00:00,222.43451999999996,222.43451999999996,4344.0,4344.0
2019-09-13 15:00:00,272.9226500000001,272.9226500000001,5330.0,5330.0
2019-09-13 16:00:00,267.2901,267.2901,5220.0,5220.0
2019-09-13 17:00:00,192.42839,192.42839,3758.0,3758.0
2019-09-13 18:00:00,126.83478500000001,126.83478500000001,2477.0,2477.0
2019-09-13 19:00:00,81.82559000000002,81.82559000000002,1598.0,1598.0
2019-09-13 20:00:00,81.82559000000002,81.82559000000002,1598.0,1598.0
2019-09-13 21:00:00,81.87679499999999,81.87679499999999,1599.0,1599.0
2019-09-13 22:00:00,81.77438500000002,81.77438500000002,1597.0,1597.0
2019-09-13 23:00:00,81.87679499999999,81.87679499999999,1599.0,1599.0
2019-09-14 00:00:00,81.82559000000002,81.82559000000002,1598.0,1598.0
2019-09-14 01:00:00,81.77438500000002,81.77438500000002,1597.0,1597.0
2019-09-14 02:00:00,81.51836,81.51836,1592.0,1592.0
2019-09-14 03:00:00,81.77438500000002,81.77438500000002,1597.0,1597.0
2019-09-14 04:00:00,81.82559000000002,81.82559000000002,1598.0,1598.0
2019-09-14 05:00:00,81.77438500000002,81.77438500000002,1597.0,1597.0
2019-09-14 06:00:00,81.51836,81.51836,1592.0,1592.0
2019-09-14 07:00:00,81.82559000000002,81.82559000000002,1598.0,1598.0
2019-09-14 08:00:00,81.87679499999999,81.87679499999999,1599.0,1599.0
2019-09-14 09:00:00,81.77438500000002,81.77438500000002,1597.0,1597.0
2019-09-14 10:00:00,81.72318,81.72318,1596.0,1596.0
2019-09-14 11:00:00,81.569565,81.569565,1593.0,1593.0
2019-09-14 12:00:00,81.77438500000002,81.77438500000002,1597.0,1597.0
2019-09-14 13:00:00,81.569565,81.569565,1593.0,1593.0
2019-09-14 14:00:00,81.92799999999998,81.92799999999998,1600.0,1600.0
2019-09-14 15:00:00,81.569565,81.569565,1593.0,1593.0
2019-09-14 16:00:00,81.87679499999999,81.87679499999999,1599.0,1599.0
2019-09-14 17:00:00,81.77438500000002,81.77438500000002,1597.0,1597.0
2019-09-14 18:00:00,81.569565,81.569565,1593.0,1593.0
2019-09-14 19:00:00,81.92799999999998,81.92799999999998,1600.0,1600.0
2019-09-14 20:00:00,81.92799999999998,81.92799999999998,1600.0,1600.0
2019-09-14 21:00:00,81.41595,81.41595,1590.0,1590.0
2019-09-14 22:00:00,81.51836,81.51836,1592.0,1592.0
2019-09-14 23:00:00,81.87679499999999,81.87679499999999,1599.0,1599.0
2019-09-15 00:00:00,81.92799999999998,81.92799999999998,1600.0,1600.0
2019-09-15 01:00:00,81.671975,81.67197499999999,1595.0,1595.0
2019-09-15 02:00:00,81.51836,81.51836,1592.0,1592.0
2019-09-15 03:00:00,81.82559000000002,81.82559000000002,1598.0,1598.0
2019-09-15 04:00:00,81.87679499999999,81.87679499999999,1599.0,1599.0
2019-09-15 05:00:00,81.77438500000002,81.77438500000002,1597.0,1597.0
2019-09-15 06:00:00,81.62077,81.62077,1594.0,1594.0
2019-09-15 07:00:00,81.92799999999998,81.92799999999998,1600.0,1600.0
2019-09-15 08:00:00,81.72318,81.72318,1596.0,1596.0
2019-09-15 09:00:00,81.87679499999999,81.87679499999999,1599.0,1599.0
2019-09-15 10:00:00,81.92799999999998,81.92799999999998,1600.0,1600.0
2019-09-15 11:00:00,44.44593999999999,44.445939999999986,868.0,868.0
2019-09-15 12:00:00,0.0,0.0,0.0,0.0
2019-09-15 13:00:00,0.0,0.0,0.0,0.0
2019-09-15 14:00:00,0.0,0.0,0.0,0.0
2019-09-15 15:00:00,0.0,0.0,0.0,0.0
2019-09-15 16:00:00,0.0,0.0,0.0,0.0
2019-09-15 17:00:00,0.0,0.0,0.0,0.0
2019-09-15 18:00:00,0.0,0.0,0.0,0.0
2019-09-15 19:00:00,0.0,0.0,0.0,0.0
2019-09-15 20:00:00,0.0,0.0,0.0,0.0
2019-09-15 21:00:00,0.0,0.0,0.0,0.0
2019-09-15 22:00:00,0.0,0.0,0.0,0.0
2019-09-15 23:00:00,0.0,0.0,0.0,0.0
2019-09-16 00:00:00,0.0,0.0,0.0,0.0
2019-09-16 01:00:00,0.0,0.0,0.0,0.0
2019-09-16 02:00:00,0.0,0.0,0.0,0.0
2019-09-16 03:00:00,0.0,0.0,0.0,0.0
2019-09-16 04:00:00,0.0,0.0,0.0,0.0
2019-09-16 05:00:00,0.0,0.0,0.0,0.0
2019-09-16 06:00:00,0.0,0.0,0.0,0.0
2019-09-16 07:00:00,143.93725499999996,143.93725499999996,2811.0,2811.0
2019-09-16 08:00:00,157.91621999999998,157.91621999999995,3084.0,3084.0
2019-09-16 09:00:00,289.973915,289.973915,5663.0,5663.0
2019-09-16 10:00:00,301.80227,301.80227,5894.0,5894.0
2019-09-16 11:00:00,217.72366000000002,217.72366000000002,4252.0,4252.0
2019-09-16 12:00:00,174.865075,174.86507500000002,3415.0,3415.0
2019-09-16 13:00:00,203.07903,203.07903,3966.0,3966.0
2019-09-16 14:00:00,230.11527000000004,230.11527000000004,4494.0,4494.0
2019-09-16 15:00:00,277.377485,277.377485,5417.0,5417.0
2019-09-16 16:00:00,263.55213499999996,263.55213499999996,5147.0,5147.0
2019-09-16 17:00:00,190.27777999999998,190.27777999999998,3716.0,3716.0
2019-09-16 18:00:00,123.9161,123.9161,2420.0,2420.0
2019-09-16 19:00:00,81.87679499999999,81.87679499999999,1599.0,1599.0
2019-09-16 20:00:00,81.87679499999999,81.87679499999999,1599.0,1599.0
2019-09-16 21:00:00,81.569565,81.569565,1593.0,1593.0
2019-09-16 22:00:00,81.87679499999999,81.87679499999999,1599.0,1599.0
2019-09-16 23:00:00,81.87679499999999,81.87679499999999,1599.0,1599.0
2019-09-17 00:00:00,81.569565,81.569565,1593.0,1593.0
2019-09-17 01:00:00,81.82559000000002,81.82559000000002,1598.0,1598.0
2019-09-17 02:00:00,81.72318,81.72318,1596.0,1596.0
2019-09-17 03:00:00,81.671975,81.67197499999999,1595.0,1595.0
2019-09-17 04:00:00,81.72318,81.72318,1596.0,1596.0
2019-09-17 05:00:00,81.92799999999998,81.92799999999998,1600.0,1600.0
2019-09-17 06:00:00,81.72318,81.72318,1596.0,1596.0
2019-09-17 07:00:00,144.39810000000003,144.39810000000003,2820.0,2820.0
2019-09-17 08:00:00,161.75659499999998,161.756595,3159.0,3159.0
2019-09-17 09:00:00,301.54624499999994,301.54624499999994,5889.0,5889.0
2019-09-17 10:00:00,301.034195,301.034195,5879.0,5879.0
2019-09-17 11:00:00,220.07908999999995,220.07908999999995,4298.0,4298.0
2019-09-17 12:00:00,178.449425,178.449425,3485.0,3485.0
2019-09-17 13:00:00,209.9405,209.9405,4100.0,4100.0
2019-09-17 14:00:00,224.53392499999998,224.53392499999998,4385.0,4385.0
2019-09-17 15:00:00,275.124465,275.124465,5373.0,5373.0
2019-09-17 16:00:00,272.359395,272.359395,5319.0,5319.0
2019-09-17 17:00:00,190.02175500000004,190.02175500000007,3711.0,3711.0
2019-09-17 18:00:00,106.76242500000004,106.76242500000005,2085.0,2085.0
2019-09-17 19:00:00,81.569565,81.569565,1593.0,1593.0
2019-09-17 20:00:00,81.51836,81.51836,1592.0,1592.0
2019-09-17 21:00:00,81.82559000000002,81.82559000000002,1598.0,1598.0
2019-09-17 22:00:00,81.62077,81.62077,1594.0,1594.0
2019-09-17 23:00:00,81.82559000000002,81.82559000000002,1598.0,1598.0
2019-09-18 00:00:00,81.92799999999998,81.92799999999998,1600.0,1600.0
2019-09-18 01:00:00,81.87679499999999,81.87679499999999,1599.0,1599.0
2019-09-18 02:00:00,81.51836,81.51836,1592.0,1592.0
2019-09-18 03:00:00,81.87679499999999,81.87679499999999,1599.0,1599.0
2019-09-18 04:00:00,81.82559000000002,81.82559000000002,1598.0,1598.0
2019-09-18 05:00:00,81.82559000000002,81.82559000000002,1598.0,1598.0
2019-09-18 06:00:00,81.72318,81.72318,1596.0,1596.0
2019-09-18 07:00:00,139.58482999999998,139.58482999999998,2726.0,2726.0
2019-09-18 08:00:00,161.859005,161.859005,3161.0,3161.0
2019-09-18 09:00:00,307.02518,307.0251799999999,5996.0,5996.0
2019-09-18 10:00:00,298.93478999999996,298.93478999999996,5838.0,5838.0
2019-09-18 11:00:00,206.71458499999994,206.71458499999994,4037.0,4037.0
2019-09-18 12:00:00,177.73255499999996,177.73255499999996,3471.0,3471.0
2019-09-18 13:00:00,196.93443000000002,196.93443000000002,3846.0,3846.0
2019-09-18 14:00:00,214.85618,214.85618,4196.0,4196.0
2019-09-18 15:00:00,265.60033500000003,265.60033500000003,5187.0,5187.0
2019-09-18 16:00:00,270.87444999999997,270.87444999999997,5290.0,5290.0
2019-09-18 17:00:00,189.4585,189.4585,3700.0,3700.0
2019-09-18 18:00:00,128.57575499999996,128.57575499999996,2511.0,2511.0
2019-09-18 19:00:00,81.569565,81.569565,1593.0,1593.0
2019-09-18 20:00:00,81.87679499999999,81.87679499999999,1599.0,1599.0
2019-09-18 21:00:00,81.77438500000002,81.77438500000002,1597.0,1597.0
2019-09-18 22:00:00,81.87679499999999,81.87679499999999,1599.0,1599.0
2019-09-18 23:00:00,81.92799999999998,81.92799999999998,1600.0,1600.0
2019-09-19 00:00:00,81.82559000000002,81.82559000000002,1598.0,1598.0
2019-09-19 01:00:00,81.92799999999998,81.92799999999998,1600.0,1600.0
2019-09-19 02:00:00,81.671975,81.67197499999999,1595.0,1595.0
2019-09-19 03:00:00,81.51836,81.51836,1592.0,1592.0
2019-09-19 04:00:00,81.92799999999998,81.92799999999998,1600.0,1600.0
2019-09-19 05:00:00,81.87679499999999,81.87679499999999,1599.0,1599.0
2019-09-19 06:00:00,81.87679499999999,81.87679499999999,1599.0,1599.0
2019-09-19 07:00:00,136.2053,136.2053,2660.0,2660.0
2019-09-19 08:00:00,174.35302499999997,174.35302499999997,3405.0,3405.0
2019-09-19 09:00:00,294.32633999999996,294.32633999999996,5748.0,5748.0
2019-09-19 10:00:00,302.51914000000005,302.51914000000005,5908.0,5908.0
2019-09-19 11:00:00,214.75376999999997,214.75376999999997,4194.0,4194.0
2019-09-19 12:00:00,176.45242999999996,176.45242999999996,3446.0,3446.0
2019-09-19 13:00:00,201.59408499999998,201.59408499999998,3937.0,3937.0
2019-09-19 14:00:00,229.039965,229.039965,4473.0,4473.0
2019-09-19 15:00:00,272.92265,272.92265,5330.0,5330.0
2019-09-19 16:00:00,271.64252500000003,271.64252500000003,5305.0,5305.0
2019-09-19 17:00:00,184.38920499999998,184.38920499999998,3601.0,3601.0
2019-09-19 18:00:00,118.48837,118.48836999999999,2314.0,2314.0
2019-09-19 19:00:00,81.671975,81.67197499999999,1595.0,1595.0
2019-09-19 20:00:00,81.77438500000002,81.77438500000002,1597.0,1597.0
2019-09-19 21:00:00,81.82559000000002,81.82559000000002,1598.0,1598.0
2019-09-19 22:00:00,81.77438500000002,81.77438500000002,1597.0,1597.0
2019-09-19 23:00:00,81.467155,81.467155,1591.0,1591.0
2019-09-20 00:00:00,81.92799999999998,81.92799999999998,1600.0,1600.0
2019-09-20 01:00:00,81.62077,81.62077,1594.0,1594.0
2019-09-20 02:00:00,81.92799999999998,81.92799999999998,1600.0,1600.0
2019-09-20 03:00:00,81.72318,81.72318,1596.0,1596.0
2019-09-20 04:00:00,81.87679499999999,81.87679499999999,1599.0,1599.0
2019-09-20 05:00:00,81.87679499999999,81.87679499999999,1599.0,1599.0
2019-09-20 06:00:00,81.72318,81.72318,1596.0,1596.0
2019-09-20 07:00:00,138.56072999999998,138.56072999999998,2706.0,2706.0
2019-09-20 08:00:00,168.25963,168.25963,3286.0,3286.0
2019-09-20 09:00:00,294.94079999999997,294.94079999999997,5760.0,5760.0
2019-09-20 10:00:00,287.106435,287.106435,5607.0,5607.0
2019-09-20 11:00:00,212.961595,212.961595,4159.0,4159.0
2019-09-20 12:00:00,174.60905,174.60905,3410.0,3410.0
2019-09-20 13:00:00,206.612175,206.612175,4035.0,4035.0
2019-09-20 14:00:00,232.82913499999995,232.82913499999995,4547.0,4547.0
2019-09-20 15:00:00,271.335295,271.335295,5299.0,5299.0
2019-09-20 16:00:00,259.09729999999996,259.09729999999996,5060.0,5060.0
2019-09-20 17:00:00,185.92535499999997,185.92535499999997,3631.0,3631.0
2019-09-20 18:00:00,121.04861999999999,121.04861999999999,2364.0,2364.0
2019-09-20 19:00:00,81.671975,81.67197499999999,1595.0,1595.0
2019-09-20 20:00:00,81.77438500000002,81.77438500000002,1597.0,1597.0
2019-09-20 21:00:00,81.51836,81.51836,1592.0,1592.0
2019-09-20 22:00:00,81.72318,81.72318,1596.0,1596.0
2019-09-20 23:00:00,81.72318,81.72318,1596.0,1596.0
2019-09-21 00:00:00,81.92799999999998,81.92799999999998,1600.0,1600.0
2019-09-21 01:00:00,81.92799999999998,81.92799999999998,1600.0,1600.0
2019-09-21 02:00:00,81.62077,81.62077,1594.0,1594.0
2019-09-21 03:00:00,81.87679499999999,81.87679499999999,1599.0,1599.0
2019-09-21 04:00:00,81.87679499999999,81.87679499999999,1599.0,1599.0
2019-09-21 05:00:00,81.72318,81.72318,1596.0,1596.0
2019-09-21 06:00:00,81.82559000000002,81.82559000000002,1598.0,1598.0
2019-09-21 07:00:00,81.62077,81.62077,1594.0,1594.0
2019-09-21 08:00:00,81.82559000000002,81.82559000000002,1598.0,1598.0
2019-09-21 09:00:00,81.467155,81.467155,1591.0,1591.0
2019-09-21 10:00:00,81.72318,81.72318,1596.0,1596.0
2019-09-21 11:00:00,81.467155,81.467155,1591.0,1591.0
2019-09-21 12:00:00,81.82559000000002,81.82559000000002,1598.0,1598.0
2019-09-21 13:00:00,81.87679499999999,81.87679499999999,1599.0,1599.0
2019-09-21 14:00:00,81.82559000000002,81.82559000000002,1598.0,1598.0
2019-09-21 15:00:00,81.77438500000002,81.77438500000002,1597.0,1597.0
2019-09-21 16:00:00,81.467155,81.467155,1591.0,1591.0
2019-09-21 17:00:00,81.569565,81.569565,1593.0,1593.0
2019-09-21 18:00:00,81.82559000000002,81.82559000000002,1598.0,1598.0
2019-09-21 19:00:00,81.62077,81.62077,1594.0,1594.0
2019-09-21 20:00:00,81.92799999999998,81.92799999999998,1600.0,1600.0
2019-09-21 21:00:00,81.671975,81.67197499999999,1595.0,1595.0
2019-09-21 22:00:00,81.671975,81.67197499999999,1595.0,1595.0
2019-09-21 23:00:00,81.671975,81.67197499999999,1595.0,1595.0
2019-09-22 00:00:00,81.72318,81.72318,1596.0,1596.0
2019-09-22 01:00:00,81.92799999999998,81.92799999999998,1600.0,1600.0
2019-09-22 02:00:00,81.87679499999999,81.87679499999999,1599.0,1599.0
2019-09-22 03:00:00,81.364745,81.364745,1589.0,1589.0
2019-09-22 04:00:00,81.82559000000002,81.82559000000002,1598.0,1598.0
2019-09-22 05:00:00,81.82559000000002,81.82559000000002,1598.0,1598.0
2019-09-22 06:00:00,81.82559000000002,81.82559000000002,1598.0,1598.0
2019-09-22 07:00:00,81.671975,81.67197499999999,1595.0,1595.0
2019-09-22 08:00:00,81.569565,81.569565,1593.0,1593.0
2019-09-22 09:00:00,81.72318,81.72318,1596.0,1596.0
2019-09-22 10:00:00,81.671975,81.67197499999999,1595.0,1595.0
2019-09-22 11:00:00,81.82559000000002,81.82559000000002,1598.0,1598.0
2019-09-22 12:00:00,81.92799999999998,81.92799999999998,1600.0,1600.0
2019-09-22 13:00:00,4.60845,4.60845,90.0,90.0
2019-09-22 14:00:00,0.0,0.0,0.0,0.0
2019-09-22 15:00:00,0.0,0.0,0.0,0.0
2019-09-22 16:00:00,0.0,0.0,0.0,0.0
2019-09-22 17:00:00,0.0,0.0,0.0,0.0
2019-09-22 18:00:00,0.0,0.0,0.0,0.0
2019-09-22 19:00:00,0.0,0.0,0.0,0.0
2019-09-22 20:00:00,0.0,0.0,0.0,0.0
2019-09-22 21:00:00,0.0,0.0,0.0,0.0
2019-09-22 22:00:00,0.0,0.0,0.0,0.0
2019-09-22 23:00:00,0.0,0.0,0.0,0.0
2019-09-23 00:00:00,0.0,0.0,0.0,0.0
2019-09-23 01:00:00,0.0,0.0,0.0,0.0
2019-09-23 02:00:00,0.0,0.0,0.0,0.0
2019-09-23 03:00:00,0.0,0.0,0.0,0.0
2019-09-23 04:00:00,0.0,0.0,0.0,0.0
2019-09-23 05:00:00,0.0,0.0,0.0,0.0
2019-09-23 06:00:00,0.0,0.0,0.0,0.0
2019-09-23 07:00:00,133.18420500000002,133.18420500000002,2601.0,2601.0
2019-09-23 08:00:00,162.47346500000003,162.47346500000003,3173.0,3173.0
2019-09-23 09:00:00,307.53723,307.53723,6006.0,6006.0
2019-09-23 10:00:00,289.82030000000003,289.82030000000003,5660.0,5660.0
2019-09-23 11:00:00,222.588135,222.588135,4347.0,4347.0
2019-09-23 12:00:00,177.1693,177.1693,3460.0,3460.0
2019-09-23 13:00:00,202.51577500000002,202.51577500000002,3955.0,3955.0
2019-09-23 14:00:00,238.10325,238.10324999999997,4650.0,4650.0
2019-09-23 15:00:00,275.12446500000004,275.12446500000004,5373.0,5373.0
2019-09-23 16:00:00,283.82931499999995,283.82931499999995,5543.0,5543.0
2019-09-23 17:00:00,188.28078499999998,188.28078499999998,3677.0,3677.0
2019-09-23 18:00:00,128.063705,128.063705,2501.0,2501.0
2019-09-23 19:00:00,81.671975,81.67197499999999,1595.0,1595.0
2019-09-23 20:00:00,81.72318,81.72318,1596.0,1596.0
2019-09-23 21:00:00,81.77438500000002,81.77438500000002,1597.0,1597.0
2019-09-23 22:00:00,81.51836,81.51836,1592.0,1592.0
2019-09-23 23:00:00,81.82559000000002,81.82559000000002,1598.0,1598.0
2019-09-24 00:00:00,81.87679499999999,81.87679499999999,1599.0,1599.0
2019-09-24 01:00:00,81.92799999999998,81.92799999999998,1600.0,1600.0
2019-09-24 02:00:00,81.87679499999999,81.87679499999999,1599.0,1599.0
2019-09-24 03:00:00,81.51836,81.51836,1592.0,1592.0
2019-09-24 04:00:00,81.72318,81.72318,1596.0,1596.0
2019-09-24 05:00:00,81.82559000000002,81.82559000000002,1598.0,1598.0
2019-09-24 06:00:00,81.77438500000002,81.77438500000002,1597.0,1597.0
2019-09-24 07:00:00,135.38601999999997,135.38601999999997,2644.0,2644.0
2019-09-24 08:00:00,165.64817499999998,165.64817499999998,3235.0,3235.0
2019-09-24 09:00:00,289.8203,289.8203,5660.0,5660.0
2019-09-24 10:00:00,307.63964000000004,307.63964000000004,6008.0,6008.0
2019-09-24 11:00:00,213.11521,213.11521,4162.0,4162.0
2019-09-24 12:00:00,174.55784500000001,174.55784500000001,3409.0,3409.0
2019-09-24 13:00:00,207.63627499999998,207.63627499999998,4055.0,4055.0
2019-09-24 14:00:00,229.859245,229.85924500000002,4489.0,4489.0
2019-09-24 15:00:00,278.45279,278.45279,5438.0,5438.0
2019-09-24 16:00:00,271.232885,271.232885,5297.0,5297.0
2019-09-24 17:00:00,188.89524500000005,188.89524500000007,3689.0,3689.0
2019-09-24 18:00:00,115.05763499999998,115.05763499999998,2247.0,2247.0
2019-09-24 19:00:00,81.87679499999999,81.87679499999999,1599.0,1599.0
2019-09-24 20:00:00,81.62077,81.62077,1594.0,1594.0
2019-09-24 21:00:00,81.87679499999999,81.87679499999999,1599.0,1599.0
2019-09-24 22:00:00,81.467155,81.467155,1591.0,1591.0
2019-09-24 23:00:00,81.62077,81.62077,1594.0,1594.0
2019-09-25 00:00:00,81.671975,81.67197499999999,1595.0,1595.0
2019-09-25 01:00:00,81.467155,81.467155,1591.0,1591.0
2019-09-25 02:00:00,81.62077,81.62077,1594.0,1594.0
2019-09-25 03:00:00,81.62077,81.62077,1594.0,1594.0
2019-09-25 04:00:00,81.82559000000002,81.82559000000002,1598.0,1598.0
2019-09-25 05:00:00,81.82559000000002,81.82559000000002,1598.0,1598.0
2019-09-25 06:00:00,81.31354,81.31354,1588.0,1588.0
2019-09-25 07:00:00,133.44022999999999,133.44022999999999,2606.0,2606.0
2019-09-25 08:00:00,159.196345,159.196345,3109.0,3109.0
2019-09-25 09:00:00,304.56734,304.56734000000006,5948.0,5948.0
2019-09-25 10:00:00,294.9408,294.9408,5760.0,5760.0
2019-09-25 11:00:00,219.413425,219.413425,4285.0,4285.0
2019-09-25 12:00:00,177.47652999999997,177.47652999999997,3466.0,3466.0
2019-09-25 13:00:00,205.79289500000002,205.79289500000002,4019.0,4019.0
2019-09-25 14:00:00,220.38631999999998,220.38631999999998,4304.0,4304.0
2019-09-25 15:00:00,272.20578,272.20578,5316.0,5316.0
2019-09-25 16:00:00,283.21485500000006,283.21485500000006,5531.0,5531.0
2019-09-25 17:00:00,188.485605,188.485605,3681.0,3681.0
2019-09-25 18:00:00,97.08467999999999,97.08468,1896.0,1896.0
2019-09-25 19:00:00,81.41595,81.41595,1590.0,1590.0
2019-09-25 20:00:00,81.72318,81.72318,1596.0,1596.0
2019-09-25 21:00:00,81.87679499999999,81.87679499999999,1599.0,1599.0
2019-09-25 22:00:00,81.87679499999999,81.87679499999999,1599.0,1599.0
2019-09-25 23:00:00,81.82559000000002,81.82559000000002,1598.0,1598.0
2019-09-26 00:00:00,81.671975,81.67197499999999,1595.0,1595.0
2019-09-26 01:00:00,81.569565,81.569565,1593.0,1593.0
2019-09-26 02:00:00,81.87679499999999,81.87679499999999,1599.0,1599.0
2019-09-26 03:00:00,81.87679499999999,81.87679499999999,1599.0,1599.0
2019-09-26 04:00:00,81.82559000000002,81.82559000000002,1598.0,1598.0
2019-09-26 05:00:00,81.87679499999999,81.87679499999999,1599.0,1599.0
2019-09-26 06:00:00,81.77438500000002,81.77438500000002,1597.0,1597.0
2019-09-26 07:00:00,146.292685,146.29268499999998,2857.0,2857.0
2019-09-26 08:00:00,169.74457499999997,169.74457499999997,3315.0,3315.0
2019-09-26 09:00:00,299.29322499999995,299.29322499999995,5845.0,5845.0
2019-09-26 10:00:00,302.62155000000007,302.62155000000007,5910.0,5910.0
2019-09-26 11:00:00,219.51583499999998,219.51583499999998,4287.0,4287.0
2019-09-26 12:00:00,176.606045,176.606045,3449.0,3449.0
2019-09-26 13:00:00,201.13324000000003,201.13324000000003,3928.0,3928.0
2019-09-26 14:00:00,222.588135,222.588135,4347.0,4347.0
2019-09-26 15:00:00,277.991945,277.991945,5429.0,5429.0
2019-09-26 16:00:00,275.27808,275.27808,5376.0,5376.0
2019-09-26 17:00:00,193.96454000000003,193.96454000000006,3788.0,3788.0
2019-09-26 18:00:00,111.67810499999999,111.67810499999999,2181.0,2181.0
2019-09-26 19:00:00,81.87679499999999,81.87679499999999,1599.0,1599.0
2019-09-26 20:00:00,81.77438500000002,81.77438500000002,1597.0,1597.0
2019-09-26 21:00:00,81.51836,81.51836,1592.0,1592.0
2019-09-26 22:00:00,81.62077,81.62077,1594.0,1594.0
2019-09-26 23:00:00,81.72318,81.72318,1596.0,1596.0
2019-09-27 00:00:00,81.87679499999999,81.87679499999999,1599.0,1599.0
2019-09-27 01:00:00,81.87679499999999,81.87679499999999,1599.0,1599.0
2019-09-27 02:00:00,81.82559000000002,81.82559000000002,1598.0,1598.0
2019-09-27 03:00:00,81.87679499999999,81.87679499999999,1599.0,1599.0
2019-09-27 04:00:00,81.87679499999999,81.87679499999999,1599.0,1599.0
2019-09-27 05:00:00,81.77438500000002,81.77438500000002,1597.0,1597.0
2019-09-27 06:00:00,81.87679499999999,81.87679499999999,1599.0,1599.0
2019-09-27 07:00:00,134.61794499999996,134.61794499999996,2629.0,2629.0
2019-09-27 08:00:00,160.52767500000002,160.527675,3135.0,3135.0
2019-09-27 09:00:00,286.18474499999996,286.18474499999996,5589.0,5589.0
2019-09-27 10:00:00,284.341365,284.341365,5553.0,5553.0
2019-09-27 11:00:00,219.311015,219.311015,4283.0,4283.0
2019-09-27 12:00:00,173.27772000000002,173.27772000000002,3384.0,3384.0
2019-09-27 13:00:00,206.202535,206.202535,4027.0,4027.0
2019-09-27 14:00:00,233.4948,233.4948,4560.0,4560.0
2019-09-27 15:00:00,268.31419999999997,268.31419999999997,5240.0,5240.0
2019-09-27 16:00:00,269.082275,269.082275,5255.0,5255.0
2019-09-27 17:00:00,188.94645000000003,188.94645000000003,3690.0,3690.0
2019-09-27 18:00:00,118.79560000000001,118.79560000000001,2320.0,2320.0
2019-09-27 19:00:00,81.77438500000002,81.77438500000002,1597.0,1597.0
2019-09-27 20:00:00,81.77438500000002,81.77438500000002,1597.0,1597.0
2019-09-27 21:00:00,81.62077,81.62077,1594.0,1594.0
2019-09-27 22:00:00,81.77438500000002,81.77438500000002,1597.0,1597.0
2019-09-27 23:00:00,81.92799999999998,81.92799999999998,1600.0,1600.0
2019-09-28 00:00:00,81.72318,81.72318,1596.0,1596.0
2019-09-28 01:00:00,81.92799999999998,81.92799999999998,1600.0,1600.0
2019-09-28 02:00:00,81.82559000000002,81.82559000000002,1598.0,1598.0
2019-09-28 03:00:00,81.569565,81.569565,1593.0,1593.0
2019-09-28 04:00:00,81.87679499999999,81.87679499999999,1599.0,1599.0
2019-09-28 05:00:00,81.51836,81.51836,1592.0,1592.0
2019-09-28 06:00:00,81.671975,81.67197499999999,1595.0,1595.0
2019-09-28 07:00:00,81.467155,81.467155,1591.0,1591.0
2019-09-28 08:00:00,81.41595,81.41595,1590.0,1590.0
2019-09-28 09:00:00,81.92799999999998,81.92799999999998,1600.0,1600.0
2019-09-28 10:00:00,81.87679499999999,81.87679499999999,1599.0,1599.0
2019-09-28 11:00:00,81.671975,81.67197499999999,1595.0,1595.0
2019-09-28 12:00:00,81.72318,81.72318,1596.0,1596.0
2019-09-28 13:00:00,81.82559000000002,81.82559000000002,1598.0,1598.0
2019-09-28 14:00:00,81.62077,81.62077,1594.0,1594.0
2019-09-28 15:00:00,81.72318,81.72318,1596.0,1596.0
2019-09-28 16:00:00,81.62077,81.62077,1594.0,1594.0
2019-09-28 17:00:00,81.87679499999999,81.87679499999999,1599.0,1599.0
2019-09-28 18:00:00,81.92799999999998,81.92799999999998,1600.0,1600.0
2019-09-28 19:00:00,81.87679499999999,81.87679499999999,1599.0,1599.0
2019-09-28 20:00:00,81.82559000000002,81.82559000000002,1598.0,1598.0
2019-09-28 21:00:00,81.364745,81.364745,1589.0,1589.0
2019-09-28 22:00:00,81.72318,81.72318,1596.0,1596.0
2019-09-28 23:00:00,81.671975,81.67197499999999,1595.0,1595.0
2019-09-29 00:00:00,81.62077,81.62077,1594.0,1594.0
2019-09-29 01:00:00,81.72318,81.72318,1596.0,1596.0
2019-09-29 02:00:00,81.77438500000002,81.77438500000002,1597.0,1597.0
2019-09-29 03:00:00,81.77438500000002,81.77438500000002,1597.0,1597.0
2019-09-29 04:00:00,81.72318,81.72318,1596.0,1596.0
2019-09-29 05:00:00,81.41595,81.41595,1590.0,1590.0
2019-09-29 06:00:00,81.467155,81.467155,1591.0,1591.0
2019-09-29 07:00:00,81.62077,81.62077,1594.0,1594.0
2019-09-29 08:00:00,81.569565,81.569565,1593.0,1593.0
2019-09-29 09:00:00,81.92799999999998,81.92799999999998,1600.0,1600.0
2019-09-29 10:00:00,81.82559000000002,81.82559000000002,1598.0,1598.0
2019-09-29 11:00:00,81.62077,81.62077,1594.0,1594.0
2019-09-29 12:00:00,81.671975,81.67197499999999,1595.0,1595.0
2019-09-29 13:00:00,44.599555,44.599555,871.0,871.0
2019-09-29 14:00:00,0.0,0.0,0.0,0.0
2019-09-29 15:00:00,0.0,0.0,0.0,0.0
2019-09-29 16:00:00,0.0,0.0,0.0,0.0
2019-09-29 17:00:00,0.0,0.0,0.0,0.0
2019-09-29 18:00:00,0.0,0.0,0.0,0.0
2019-09-29 19:00:00,0.0,0.0,0.0,0.0
2019-09-29 20:00:00,0.0,0.0,0.0,0.0
2019-09-29 21:00:00,0.0,0.0,0.0,0.0
2019-09-29 22:00:00,0.0,0.0,0.0,0.0
2019-09-29 23:00:00,0.0,0.0,0.0,0.0
2019-09-30 00:00:00,0.0,0.0,0.0,0.0
2019-09-30 01:00:00,0.0,0.0,0.0,0.0
2019-09-30 02:00:00,0.0,0.0,0.0,0.0
2019-09-30 03:00:00,0.0,0.0,0.0,0.0
2019-09-30 04:00:00,0.0,0.0,0.0,0.0
2019-09-30 05:00:00,0.0,0.0,0.0,0.0
2019-09-30 06:00:00,0.0,0.0,0.0,0.0
2019-09-30 07:00:00,142.65713,142.65713,2786.0,2786.0
2019-09-30 08:00:00,173.533745,173.533745,3389.0,3389.0
2019-09-30 09:00:00,286.13354,286.13354,5588.0,5588.0
2019-09-30 10:00:00,304.56734,304.56734000000006,5948.0,5948.0
2019-09-30 11:00:00,217.72366000000002,217.72366000000002,4252.0,4252.0
2019-09-30 12:00:00,173.78977,173.78977,3394.0,3394.0
2019-09-30 13:00:00,206.612175,206.612175,4035.0,4035.0
2019-09-30 14:00:00,233.59721,233.59721,4562.0,4562.0
2019-09-30 15:00:00,270.46481,270.46481,5282.0,5282.0
2019-09-30 16:00:00,271.18168,271.18168,5296.0,5296.0
2019-09-30 17:00:00,189.407295,189.407295,3699.0,3699.0
2019-09-30 18:00:00,130.87998000000002,130.87998000000002,2556.0,2556.0
2019-09-30 19:00:00,81.82559000000002,81.82559000000002,1598.0,1598.0
2019-09-30 20:00:00,81.72318,81.72318,1596.0,1596.0
2019-09-30 21:00:00,81.671975,81.67197499999999,1595.0,1595.0
2019-09-30 22:00:00,81.77438500000002,81.77438500000002,1597.0,1597.0
2019-09-30 23:00:00,81.51836,81.51836,1592.0,1592.0
2019-10-01 00:00:00,81.87679499999999,81.87679499999999,1599.0,1599.0
2019-10-01 01:00:00,81.77438500000002,81.77438500000002,1597.0,1597.0
2019-10-01 02:00:00,81.77438500000002,81.77438500000002,1597.0,1597.0
2019-10-01 03:00:00,81.671975,81.67197499999999,1595.0,1595.0
2019-10-01 04:00:00,81.77438500000002,81.77438500000002,1597.0,1597.0
2019-10-01 05:00:00,81.87679499999999,81.87679499999999,1599.0,1599.0
2019-10-01 06:00:00,81.92799999999998,81.92799999999998,1600.0,1600.0
2019-10-01 07:00:00,136.10289,136.10289,2658.0,2658.0
2019-10-01 08:00:00,171.997595,171.997595,3359.0,3359.0
2019-10-01 09:00:00,307.281205,307.281205,6001.0,6001.0
2019-10-01 10:00:00,295.96489999999994,295.96489999999994,5780.0,5780.0
2019-10-01 11:00:00,223.15139,223.15139,4358.0,4358.0
2019-10-01 12:00:00,179.83195999999998,179.83195999999998,3512.0,3512.0
2019-10-01 13:00:00,203.64228500000002,203.64228500000002,3977.0,3977.0
2019-10-01 14:00:00,231.088165,231.088165,4513.0,4513.0
2019-10-01 15:00:00,279.47688999999997,279.47688999999997,5458.0,5458.0
2019-10-01 16:00:00,269.13347999999996,269.13347999999996,5256.0,5256.0
2019-10-01 17:00:00,192.27477500000003,192.27477500000006,3755.0,3755.0
2019-10-01 18:00:00,109.78351999999998,109.78352,2144.0,2144.0
2019-10-01 19:00:00,81.569565,81.569565,1593.0,1593.0
2019-10-01 20:00:00,81.77438500000002,81.77438500000002,1597.0,1597.0
2019-10-01 21:00:00,81.62077,81.62077,1594.0,1594.0
2019-10-01 22:00:00,81.77438500000002,81.77438500000002,1597.0,1597.0
2019-10-01 23:00:00,81.92799999999998,81.92799999999998,1600.0,1600.0
2019-10-02 00:00:00,81.82559000000002,81.82559000000002,1598.0,1598.0
2019-10-02 01:00:00,81.87679499999999,81.87679499999999,1599.0,1599.0
2019-10-02 02:00:00,81.467155,81.467155,1591.0,1591.0
2019-10-02 03:00:00,81.82559000000002,81.82559000000002,1598.0,1598.0
2019-10-02 04:00:00,81.77438500000002,81.77438500000002,1597.0,1597.0
2019-10-02 05:00:00,81.92799999999998,81.92799999999998,1600.0,1600.0
2019-10-02 06:00:00,81.87679499999999,81.87679499999999,1599.0,1599.0
2019-10-02 07:00:00,140.76254500000002,140.76254500000002,2749.0,2749.0
2019-10-02 08:00:00,170.46144499999997,170.46144499999997,3329.0,3329.0
2019-10-02 09:00:00,299.95889,299.95889,5858.0,5858.0
2019-10-02 10:00:00,305.89867,305.8986699999999,5974.0,5974.0
2019-10-02 11:00:00,215.009795,215.009795,4199.0,4199.0
2019-10-02 12:00:00,178.39821999999995,178.39821999999995,3484.0,3484.0
2019-10-02 13:00:00,202.720595,202.720595,3959.0,3959.0
2019-10-02 14:00:00,219.823065,219.82306500000004,4293.0,4293.0
2019-10-02 15:00:00,270.82324499999993,270.82324499999993,5289.0,5289.0
2019-10-02 16:00:00,275.27807999999993,275.27807999999993,5376.0,5376.0
2019-10-02 17:00:00,189.04886,189.04886,3692.0,3692.0
2019-10-02 18:00:00,110.858825,110.858825,2165.0,2165.0
2019-10-02 19:00:00,81.72318,81.72318,1596.0,1596.0
2019-10-02 20:00:00,81.72318,81.72318,1596.0,1596.0
2019-10-02 21:00:00,81.77438500000002,81.77438500000002,1597.0,1597.0
2019-10-02 22:00:00,81.569565,81.569565,1593.0,1593.0
2019-10-02 23:00:00,81.364745,81.364745,1589.0,1589.0
2019-10-03 00:00:00,81.92799999999998,81.92799999999998,1600.0,1600.0
2019-10-03 01:00:00,81.72318,81.72318,1596.0,1596.0
2019-10-03 02:00:00,81.72318,81.72318,1596.0,1596.0
2019-10-03 03:00:00,81.87679499999999,81.87679499999999,1599.0,1599.0
2019-10-03 04:00:00,81.51836,81.51836,1592.0,1592.0
2019-10-03 05:00:00,81.41595,81.41595,1590.0,1590.0
2019-10-03 06:00:00,81.87679499999999,81.87679499999999,1599.0,1599.0
2019-10-03 07:00:00,81.41595,81.41595,1590.0,1590.0
2019-10-03 08:00:00,81.82559000000002,81.82559000000002,1598.0,1598.0
2019-10-03 09:00:00,81.51836,81.51836,1592.0,1592.0
2019-10-03 10:00:00,81.569565,81.569565,1593.0,1593.0
2019-10-03 11:00:00,81.87679499999999,81.87679499999999,1599.0,1599.0
2019-10-03 12:00:00,81.82559000000002,81.82559000000002,1598.0,1598.0
2019-10-03 13:00:00,81.82559000000002,81.82559000000002,1598.0,1598.0
2019-10-03 14:00:00,81.72318,81.72318,1596.0,1596.0
2019-10-03 15:00:00,81.467155,81.467155,1591.0,1591.0
2019-10-03 16:00:00,81.62077,81.62077,1594.0,1594.0
2019-10-03 17:00:00,81.92799999999998,81.92799999999998,1600.0,1600.0
2019-10-03 18:00:00,81.77438500000002,81.77438500000002,1597.0,1597.0
2019-10-03 19:00:00,81.569565,81.569565,1593.0,1593.0
2019-10-03 20:00:00,81.82559000000002,81.82559000000002,1598.0,1598.0
2019-10-03 21:00:00,81.82559000000002,81.82559000000002,1598.0,1598.0
2019-10-03 22:00:00,81.569565,81.569565,1593.0,1593.0
2019-10-03 23:00:00,81.72318,81.72318,1596.0,1596.0
2019-10-04 00:00:00,81.62077,81.62077,1594.0,1594.0
2019-10-04 01:00:00,48.69595499999999,48.69595499999999,951.0,951.0
2019-10-04 02:00:00,0.0,0.0,0.0,0.0
2019-10-04 03:00:00,0.0,0.0,0.0,0.0
2019-10-04 04:00:00,0.0,0.0,0.0,0.0
2019-10-04 05:00:00,0.0,0.0,0.0,0.0
2019-10-04 06:00:00,0.0,0.0,0.0,0.0
2019-10-04 07:00:00,141.12097999999997,141.12097999999997,2756.0,2756.0
2019-10-04 08:00:00,167.74757999999997,167.74757999999997,3276.0,3276.0
2019-10-04 09:00:00,299.13961,299.13960999999995,5842.0,5842.0
2019-10-04 10:00:00,297.44984500000004,297.44984500000004,5809.0,5809.0
2019-10-04 11:00:00,221.25680499999999,221.25680499999999,4321.0,4321.0
2019-10-04 12:00:00,176.96448,176.96448,3456.0,3456.0
2019-10-04 13:00:00,208.762785,208.762785,4077.0,4077.0
2019-10-04 14:00:00,230.11527,230.11527,4494.0,4494.0
2019-10-04 15:00:00,266.16359,266.16359,5198.0,5198.0
2019-10-04 16:00:00,262.88647000000003,262.88647000000003,5134.0,5134.0
2019-10-04 17:00:00,190.99465,190.99465,3730.0,3730.0
2019-10-04 18:00:00,147.47039999999998,147.47039999999998,2880.0,2880.0
2019-10-04 19:00:00,81.31354,81.31354,1588.0,1588.0
2019-10-04 20:00:00,81.72318,81.72318,1596.0,1596.0
2019-10-04 21:00:00,81.92799999999998,81.92799999999998,1600.0,1600.0
2019-10-04 22:00:00,81.87679499999999,81.87679499999999,1599.0,1599.0
2019-10-04 23:00:00,81.569565,81.569565,1593.0,1593.0
2019-10-05 00:00:00,81.92799999999998,81.92799999999998,1600.0,1600.0
2019-10-05 01:00:00,81.82559000000002,81.82559000000002,1598.0,1598.0
2019-10-05 02:00:00,81.82559000000002,81.82559000000002,1598.0,1598.0
2019-10-05 03:00:00,81.92799999999998,81.92799999999998,1600.0,1600.0
2019-10-05 04:00:00,81.82559000000002,81.82559000000002,1598.0,1598.0
2019-10-05 05:00:00,81.77438500000002,81.77438500000002,1597.0,1597.0
2019-10-05 06:00:00,81.72318,81.72318,1596.0,1596.0
2019-10-05 07:00:00,81.62077,81.62077,1594.0,1594.0
2019-10-05 08:00:00,81.92799999999998,81.92799999999998,1600.0,1600.0
2019-10-05 09:00:00,81.62077,81.62077,1594.0,1594.0
2019-10-05 10:00:00,81.77438500000002,81.77438500000002,1597.0,1597.0
2019-10-05 11:00:00,81.77438500000002,81.77438500000002,1597.0,1597.0
2019-10-05 12:00:00,81.82559000000002,81.82559000000002,1598.0,1598.0
2019-10-05 13:00:00,38.40375,38.40375,750.0,750.0
2019-10-05 14:00:00,0.0,0.0,0.0,0.0
2019-10-05 15:00:00,0.0,0.0,0.0,0.0
2019-10-05 16:00:00,0.0,0.0,0.0,0.0
2019-10-05 17:00:00,0.0,0.0,0.0,0.0
2019-10-05 18:00:00,0.0,0.0,0.0,0.0
2019-10-05 19:00:00,0.0,0.0,0.0,0.0
2019-10-05 20:00:00,0.0,0.0,0.0,0.0
2019-10-05 21:00:00,0.0,0.0,0.0,0.0
2019-10-05 22:00:00,0.0,0.0,0.0,0.0
2019-10-05 23:00:00,0.0,0.0,0.0,0.0
2019-10-06 00:00:00,0.0,0.0,0.0,0.0
2019-10-06 01:00:00,0.0,0.0,0.0,0.0
2019-10-06 02:00:00,0.0,0.0,0.0,0.0
2019-10-06 03:00:00,0.0,0.0,0.0,0.0
2019-10-06 04:00:00,0.0,0.0,0.0,0.0
2019-10-06 05:00:00,0.0,0.0,0.0,0.0
2019-10-06 06:00:00,0.0,0.0,0.0,0.0
2019-10-06 07:00:00,0.0,0.0,0.0,0.0
2019-10-06 08:00:00,0.0,0.0,0.0,0.0
2019-10-06 09:00:00,0.0,0.0,0.0,0.0
2019-10-06 10:00:00,0.0,0.0,0.0,0.0
2019-10-06 11:00:00,0.0,0.0,0.0,0.0
2019-10-06 12:00:00,0.0,0.0,0.0,0.0
2019-10-06 13:00:00,0.0,0.0,0.0,0.0
2019-10-06 14:00:00,0.0,0.0,0.0,0.0
2019-10-06 15:00:00,0.0,0.0,0.0,0.0
2019-10-06 16:00:00,0.0,0.0,0.0,0.0
2019-10-06 17:00:00,0.0,0.0,0.0,0.0
2019-10-06 18:00:00,0.0,0.0,0.0,0.0
2019-10-06 19:00:00,0.0,0.0,0.0,0.0
2019-10-06 20:00:00,0.0,0.0,0.0,0.0
2019-10-06 21:00:00,0.0,0.0,0.0,0.0
2019-10-06 22:00:00,0.0,0.0,0.0,0.0
2019-10-06 23:00:00,0.0,0.0,0.0,0.0
2019-10-07 00:00:00,0.0,0.0,0.0,0.0
2019-10-07 01:00:00,0.0,0.0,0.0,0.0
2019-10-07 02:00:00,0.0,0.0,0.0,0.0
2019-10-07 03:00:00,0.0,0.0,0.0,0.0
2019-10-07 04:00:00,0.0,0.0,0.0,0.0
2019-10-07 05:00:00,0.0,0.0,0.0,0.0
2019-10-07 06:00:00,0.0,0.0,0.0,0.0
2019-10-07 07:00:00,136.00047999999998,136.00047999999998,2656.0,2656.0
2019-10-07 08:00:00,171.485545,171.485545,3349.0,3349.0
2019-10-07 09:00:00,305.54023500000005,305.54023500000005,5967.0,5967.0
2019-10-07 10:00:00,298.52515,298.52515,5830.0,5830.0
2019-10-07 11:00:00,216.54594499999996,216.54594499999996,4229.0,4229.0
2019-10-07 12:00:00,178.551835,178.551835,3487.0,3487.0
2019-10-07 13:00:00,204.20553999999998,204.20553999999998,3988.0,3988.0
2019-10-07 14:00:00,231.65142000000003,231.65142000000003,4524.0,4524.0
2019-10-07 15:00:00,272.82024,272.82024,5328.0,5328.0
2019-10-07 16:00:00,266.41961499999996,266.41961499999996,5203.0,5203.0
2019-10-07 17:00:00,197.497685,197.497685,3857.0,3857.0
2019-10-07 18:00:00,96.111785,96.111785,1877.0,1877.0
2019-10-07 19:00:00,81.87679499999999,81.87679499999999,1599.0,1599.0
2019-10-07 20:00:00,81.92799999999998,81.92799999999998,1600.0,1600.0
2019-10-07 21:00:00,81.72318,81.72318,1596.0,1596.0
2019-10-07 22:00:00,81.82559000000002,81.82559000000002,1598.0,1598.0
2019-10-07 23:00:00,81.77438500000002,81.77438500000002,1597.0,1597.0
2019-10-08 00:00:00,81.82559000000002,81.82559000000002,1598.0,1598.0
2019-10-08 01:00:00,81.92799999999998,81.92799999999998,1600.0,1600.0
2019-10-08 02:00:00,81.77438500000002,81.77438500000002,1597.0,1597.0
2019-10-08 03:00:00,81.51836,81.51836,1592.0,1592.0
2019-10-08 04:00:00,81.87679499999999,81.87679499999999,1599.0,1599.0
2019-10-08 05:00:00,81.87679499999999,81.87679499999999,1599.0,1599.0
2019-10-08 06:00:00,81.671975,81.67197499999999,1595.0,1595.0
2019-10-08 07:00:00,148.033655,148.033655,2891.0,2891.0
2019-10-08 08:00:00,163.59997499999997,163.59997499999997,3195.0,3195.0
2019-10-08 09:00:00,303.74806000000007,303.74806000000007,5932.0,5932.0
2019-10-08 10:00:00,302.570345,302.570345,5909.0,5909.0
2019-10-08 11:00:00,217.21160999999998,217.21160999999998,4242.0,4242.0
2019-10-08 12:00:00,174.60905000000002,174.60905000000002,3410.0,3410.0
2019-10-08 13:00:00,206.56097,206.56097,4034.0,4034.0
2019-10-08 14:00:00,236.56710000000004,236.56710000000004,4620.0,4620.0
2019-10-08 15:00:00,279.88653,279.88653,5466.0,5466.0
2019-10-08 16:00:00,273.94675,273.94675,5350.0,5350.0
2019-10-08 17:00:00,184.85005,184.85005,3610.0,3610.0
2019-10-08 18:00:00,138.86795999999998,138.86795999999998,2712.0,2712.0
2019-10-08 19:00:00,81.82559000000002,81.82559000000002,1598.0,1598.0
2019-10-08 20:00:00,81.87679499999999,81.87679499999999,1599.0,1599.0
2019-10-08 21:00:00,81.569565,81.569565,1593.0,1593.0
2019-10-08 22:00:00,81.671975,81.67197499999999,1595.0,1595.0
2019-10-08 23:00:00,81.51836,81.51836,1592.0,1592.0
2019-10-09 00:00:00,81.92799999999998,81.92799999999998,1600.0,1600.0
2019-10-09 01:00:00,81.671975,81.67197499999999,1595.0,1595.0
2019-10-09 02:00:00,81.364745,81.364745,1589.0,1589.0
2019-10-09 03:00:00,81.72318,81.72318,1596.0,1596.0
2019-10-09 04:00:00,81.92799999999998,81.92799999999998,1600.0,1600.0
2019-10-09 05:00:00,81.87679499999999,81.87679499999999,1599.0,1599.0
2019-10-09 06:00:00,81.72318,81.72318,1596.0,1596.0
2019-10-09 07:00:00,135.28361,135.28361,2642.0,2642.0
2019-10-09 08:00:00,163.34395000000004,163.34395000000004,3190.0,3190.0
2019-10-09 09:00:00,301.69985999999994,301.69985999999994,5892.0,5892.0
2019-10-09 10:00:00,302.21190999999993,302.21190999999993,5902.0,5902.0
2019-10-09 11:00:00,215.52184499999998,215.52184499999998,4209.0,4209.0
2019-10-09 12:00:00,178.60304000000005,178.60304000000005,3488.0,3488.0
2019-10-09 13:00:00,209.32604000000006,209.32604000000006,4088.0,4088.0
2019-10-09 14:00:00,247.883405,247.883405,4841.0,4841.0
2019-10-09 15:00:00,265.44672,265.44672,5184.0,5184.0
2019-10-09 16:00:00,271.74493500000005,271.74493500000005,5307.0,5307.0
2019-10-09 17:00:00,195.85912499999998,195.859125,3825.0,3825.0
2019-10-09 18:00:00,101.64192499999999,101.64192499999999,1985.0,1985.0
2019-10-09 19:00:00,81.92799999999998,81.92799999999998,1600.0,1600.0
2019-10-09 20:00:00,81.51836,81.51836,1592.0,1592.0
2019-10-09 21:00:00,81.82559000000002,81.82559000000002,1598.0,1598.0
2019-10-09 22:00:00,81.87679499999999,81.87679499999999,1599.0,1599.0
2019-10-09 23:00:00,81.92799999999998,81.92799999999998,1600.0,1600.0
2019-10-10 00:00:00,81.77438500000002,81.77438500000002,1597.0,1597.0
2019-10-10 01:00:00,81.72318,81.72318,1596.0,1596.0
2019-10-10 02:00:00,81.467155,81.467155,1591.0,1591.0
2019-10-10 03:00:00,81.92799999999998,81.92799999999998,1600.0,1600.0
2019-10-10 04:00:00,81.82559000000002,81.82559000000002,1598.0,1598.0
2019-10-10 05:00:00,81.77438500000002,81.77438500000002,1597.0,1597.0
2019-10-10 06:00:00,81.82559000000002,81.82559000000002,1598.0,1598.0
2019-10-10 07:00:00,149.16016499999998,149.16016499999998,2913.0,2913.0
2019-10-10 08:00:00,166.160225,166.160225,3245.0,3245.0
2019-10-10 09:00:00,303.54324,303.54324,5928.0,5928.0
2019-10-10 10:00:00,282.19075499999997,282.19075499999997,5511.0,5511.0
2019-10-10 11:00:00,217.05799500000003,217.05799500000003,4239.0,4239.0
2019-10-10 12:00:00,179.42231999999998,179.42231999999998,3504.0,3504.0
2019-10-10 13:00:00,201.90131499999998,201.90131499999998,3943.0,3943.0
2019-10-10 14:00:00,226.63332999999997,226.63332999999997,4426.0,4426.0
2019-10-10 15:00:00,269.44070999999997,269.44070999999997,5262.0,5262.0
2019-10-10 16:00:00,273.48590499999995,273.48590499999995,5341.0,5341.0
2019-10-10 17:00:00,187.87114499999998,187.87114499999998,3669.0,3669.0
2019-10-10 18:00:00,128.11491,128.11491,2502.0,2502.0
2019-10-10 19:00:00,81.82559000000002,81.82559000000002,1598.0,1598.0
2019-10-10 20:00:00,81.92799999999998,81.92799999999998,1600.0,1600.0
2019-10-10 21:00:00,81.87679499999999,81.87679499999999,1599.0,1599.0
2019-10-10 22:00:00,81.51836,81.51836,1592.0,1592.0
2019-10-10 23:00:00,81.467155,81.467155,1591.0,1591.0
2019-10-11 00:00:00,81.77438500000002,81.77438500000002,1597.0,1597.0
2019-10-11 01:00:00,81.92799999999998,81.92799999999998,1600.0,1600.0
2019-10-11 02:00:00,81.77438500000002,81.77438500000002,1597.0,1597.0
2019-10-11 03:00:00,81.51836,81.51836,1592.0,1592.0
2019-10-11 04:00:00,81.92799999999998,81.92799999999998,1600.0,1600.0
2019-10-11 05:00:00,81.569565,81.569565,1593.0,1593.0
2019-10-11 06:00:00,81.92799999999998,81.92799999999998,1600.0,1600.0
2019-10-11 07:00:00,146.54871,146.54871,2862.0,2862.0
2019-10-11 08:00:00,164.11202500000002,164.11202500000002,3205.0,3205.0
2019-10-11 09:00:00,303.03119000000004,303.03119000000004,5918.0,5918.0
2019-10-11 10:00:00,294.27513500000003,294.27513500000003,5747.0,5747.0
2019-10-11 11:00:00,219.413425,219.413425,4285.0,4285.0
2019-10-11 12:00:00,175.069895,175.069895,3419.0,3419.0
2019-10-11 13:00:00,201.082035,201.082035,3927.0,3927.0
2019-10-11 14:00:00,235.64541,235.64541,4602.0,4602.0
2019-10-11 15:00:00,280.39858000000004,280.39858000000004,5476.0,5476.0
2019-10-11 16:00:00,268.877455,268.877455,5251.0,5251.0
2019-10-11 17:00:00,195.29587,195.29587,3814.0,3814.0
2019-10-11 18:00:00,130.57274999999998,130.57274999999998,2550.0,2550.0
2019-10-11 19:00:00,81.77438500000002,81.77438500000002,1597.0,1597.0
2019-10-11 20:00:00,81.671975,81.67197499999999,1595.0,1595.0
2019-10-11 21:00:00,81.87679499999999,81.87679499999999,1599.0,1599.0
2019-10-11 22:00:00,81.77438500000002,81.77438500000002,1597.0,1597.0
2019-10-11 23:00:00,81.87679499999999,81.87679499999999,1599.0,1599.0
2019-10-12 00:00:00,81.87679499999999,81.87679499999999,1599.0,1599.0
2019-10-12 01:00:00,81.62077,81.62077,1594.0,1594.0
2019-10-12 02:00:00,81.62077,81.62077,1594.0,1594.0
2019-10-12 03:00:00,81.51836,81.51836,1592.0,1592.0
2019-10-12 04:00:00,81.82559000000002,81.82559000000002,1598.0,1598.0
2019-10-12 05:00:00,81.72318,81.72318,1596.0,1596.0
2019-10-12 06:00:00,81.72318,81.72318,1596.0,1596.0
2019-10-12 07:00:00,81.92799999999998,81.92799999999998,1600.0,1600.0
2019-10-12 08:00:00,81.82559000000002,81.82559000000002,1598.0,1598.0
2019-10-12 09:00:00,81.92799999999998,81.92799999999998,1600.0,1600.0
2019-10-12 10:00:00,81.87679499999999,81.87679499999999,1599.0,1599.0
2019-10-12 11:00:00,81.671975,81.67197499999999,1595.0,1595.0
2019-10-12 12:00:00,81.72318,81.72318,1596.0,1596.0
2019-10-12 13:00:00,81.51836,81.51836,1592.0,1592.0
2019-10-12 14:00:00,81.77438500000002,81.77438500000002,1597.0,1597.0
2019-10-12 15:00:00,81.569565,81.569565,1593.0,1593.0
2019-10-12 16:00:00,81.87679499999999,81.87679499999999,1599.0,1599.0
2019-10-12 17:00:00,81.77438500000002,81.77438500000002,1597.0,1597.0
2019-10-12 18:00:00,81.92799999999998,81.92799999999998,1600.0,1600.0
2019-10-12 19:00:00,81.92799999999998,81.92799999999998,1600.0,1600.0
2019-10-12 20:00:00,81.82559000000002,81.82559000000002,1598.0,1598.0
2019-10-12 21:00:00,81.671975,81.67197499999999,1595.0,1595.0
2019-10-12 22:00:00,81.569565,81.569565,1593.0,1593.0
2019-10-12 23:00:00,81.87679499999999,81.87679499999999,1599.0,1599.0
2019-10-13 00:00:00,81.364745,81.364745,1589.0,1589.0
2019-10-13 01:00:00,81.62077,81.62077,1594.0,1594.0
2019-10-13 02:00:00,81.92799999999998,81.92799999999998,1600.0,1600.0
2019-10-13 03:00:00,81.92799999999998,81.92799999999998,1600.0,1600.0
2019-10-13 04:00:00,81.92799999999998,81.92799999999998,1600.0,1600.0
2019-10-13 05:00:00,81.62077,81.62077,1594.0,1594.0
2019-10-13 06:00:00,81.77438500000002,81.77438500000002,1597.0,1597.0
2019-10-13 07:00:00,81.92799999999998,81.92799999999998,1600.0,1600.0
2019-10-13 08:00:00,81.87679499999999,81.87679499999999,1599.0,1599.0
2019-10-13 09:00:00,81.72318,81.72318,1596.0,1596.0
2019-10-13 10:00:00,81.62077,81.62077,1594.0,1594.0
2019-10-13 11:00:00,81.51836,81.51836,1592.0,1592.0
2019-10-13 12:00:00,81.77438500000002,81.77438500000002,1597.0,1597.0
2019-10-13 13:00:00,81.82559000000002,81.82559000000002,1598.0,1598.0
2019-10-13 14:00:00,81.72318,81.72318,1596.0,1596.0
2019-10-13 15:00:00,81.92799999999998,81.92799999999998,1600.0,1600.0
2019-10-13 16:00:00,81.87679499999999,81.87679499999999,1599.0,1599.0
2019-10-13 17:00:00,60.165875,60.165875,1175.0,1175.0
2019-10-13 18:00:00,0.0,0.0,0.0,0.0
2019-10-13 19:00:00,0.0,0.0,0.0,0.0
2019-10-13 20:00:00,0.0,0.0,0.0,0.0
2019-10-13 21:00:00,0.0,0.0,0.0,0.0
2019-10-13 22:00:00,0.0,0.0,0.0,0.0
2019-10-13 23:00:00,0.0,0.0,0.0,0.0
2019-10-14 00:00:00,0.0,0.0,0.0,0.0
2019-10-14 01:00:00,0.0,0.0,0.0,0.0
2019-10-14 02:00:00,0.0,0.0,0.0,0.0
2019-10-14 03:00:00,0.0,0.0,0.0,0.0
2019-10-14 04:00:00,0.0,0.0,0.0,0.0
2019-10-14 05:00:00,0.0,0.0,0.0,0.0
2019-10-14 06:00:00,0.0,0.0,0.0,0.0
2019-10-14 07:00:00,135.89807,135.89807,2654.0,2654.0
2019-10-14 08:00:00,170.41024,170.41024,3328.0,3328.0
2019-10-14 09:00:00,292.38054999999997,292.38054999999997,5710.0,5710.0
2019-10-14 10:00:00,303.901675,303.901675,5935.0,5935.0
2019-10-14 11:00:00,224.58513000000002,224.58513000000002,4386.0,4386.0
2019-10-14 12:00:00,179.11509,179.11509,3498.0,3498.0
2019-10-14 13:00:00,206.40735499999997,206.40735499999997,4031.0,4031.0
2019-10-14 14:00:00,234.97974500000004,234.97974500000004,4589.0,4589.0
2019-10-14 15:00:00,272.256985,272.256985,5317.0,5317.0
2019-10-14 16:00:00,273.58831499999997,273.58831499999997,5343.0,5343.0
2019-10-14 17:00:00,192.684415,192.684415,3763.0,3763.0
2019-10-14 18:00:00,112.44617999999998,112.44617999999998,2196.0,2196.0
2019-10-14 19:00:00,81.77438500000002,81.77438500000002,1597.0,1597.0
2019-10-14 20:00:00,81.62077,81.62077,1594.0,1594.0
2019-10-14 21:00:00,81.87679499999999,81.87679499999999,1599.0,1599.0
2019-10-14 22:00:00,81.62077,81.62077,1594.0,1594.0
2019-10-14 23:00:00,81.671975,81.67197499999999,1595.0,1595.0
2019-10-15 00:00:00,81.467155,81.467155,1591.0,1591.0
2019-10-15 01:00:00,81.364745,81.364745,1589.0,1589.0
2019-10-15 02:00:00,81.82559000000002,81.82559000000002,1598.0,1598.0
2019-10-15 03:00:00,81.92799999999998,81.92799999999998,1600.0,1600.0
2019-10-15 04:00:00,81.77438500000002,81.77438500000002,1597.0,1597.0
2019-10-15 05:00:00,81.72318,81.72318,1596.0,1596.0
2019-10-15 06:00:00,81.82559000000002,81.82559000000002,1598.0,1598.0
2019-10-15 07:00:00,142.605925,142.605925,2785.0,2785.0
2019-10-15 08:00:00,171.22952,171.22952,3344.0,3344.0
2019-10-15 09:00:00,322.48909000000003,322.48909000000003,6298.0,6298.0
2019-10-15 10:00:00,308.15169,308.1516899999999,6018.0,6018.0
2019-10-15 11:00:00,217.62124999999997,217.62124999999997,4250.0,4250.0
2019-10-15 12:00:00,180.54883,180.54883,3526.0,3526.0
2019-10-15 13:00:00,205.997715,205.997715,4023.0,4023.0
2019-10-15 14:00:00,236.46469,236.46469,4618.0,4618.0
2019-10-15 15:00:00,275.02205499999997,275.02205499999997,5371.0,5371.0
2019-10-15 16:00:00,282.08834499999995,282.08834499999995,5509.0,5509.0
2019-10-15 17:00:00,199.49468000000005,199.49468000000005,3896.0,3896.0
2019-10-15 18:00:00,134.25951,134.25951,2622.0,2622.0
2019-10-15 19:00:00,81.87679499999999,81.87679499999999,1599.0,1599.0
2019-10-15 20:00:00,81.87679499999999,81.87679499999999,1599.0,1599.0
2019-10-15 21:00:00,81.62077,81.62077,1594.0,1594.0
2019-10-15 22:00:00,81.87679499999999,81.87679499999999,1599.0,1599.0
2019-10-15 23:00:00,81.87679499999999,81.87679499999999,1599.0,1599.0
2019-10-16 00:00:00,81.87679499999999,81.87679499999999,1599.0,1599.0
2019-10-16 01:00:00,81.77438500000002,81.77438500000002,1597.0,1597.0
2019-10-16 02:00:00,81.72318,81.72318,1596.0,1596.0
2019-10-16 03:00:00,81.62077,81.62077,1594.0,1594.0
2019-10-16 04:00:00,81.31354,81.31354,1588.0,1588.0
2019-10-16 05:00:00,81.51836,81.51836,1592.0,1592.0
2019-10-16 06:00:00,81.87679499999999,81.87679499999999,1599.0,1599.0
2019-10-16 07:00:00,138.66314000000003,138.66314000000003,2708.0,2708.0
2019-10-16 08:00:00,172.25362,172.25362,3364.0,3364.0
2019-10-16 09:00:00,312.196885,312.196885,6097.0,6097.0
2019-10-16 10:00:00,313.630625,313.630625,6125.0,6125.0
2019-10-16 11:00:00,214.24171999999996,214.24171999999996,4184.0,4184.0
2019-10-16 12:00:00,177.630145,177.630145,3469.0,3469.0
2019-10-16 13:00:00,205.22964,205.22964,4008.0,4008.0
2019-10-16 14:00:00,232.93154500000003,232.93154500000003,4549.0,4549.0
2019-10-16 15:00:00,288.48897000000005,288.48897000000005,5634.0,5634.0
2019-10-16 16:00:00,271.28409,271.28409,5298.0,5298.0
2019-10-16 17:00:00,199.49468000000002,199.49468000000005,3896.0,3896.0
2019-10-16 18:00:00,154.94633,154.94633,3026.0,3026.0
2019-10-16 19:00:00,81.62077,81.62077,1594.0,1594.0
2019-10-16 20:00:00,81.72318,81.72318,1596.0,1596.0
2019-10-16 21:00:00,81.92799999999998,81.92799999999998,1600.0,1600.0
2019-10-16 22:00:00,81.569565,81.569565,1593.0,1593.0
2019-10-16 23:00:00,81.62077,81.62077,1594.0,1594.0
2019-10-17 00:00:00,81.82559000000002,81.82559000000002,1598.0,1598.0
2019-10-17 01:00:00,81.569565,81.569565,1593.0,1593.0
2019-10-17 02:00:00,81.364745,81.364745,1589.0,1589.0
2019-10-17 03:00:00,81.82559000000002,81.82559000000002,1598.0,1598.0
2019-10-17 04:00:00,81.92799999999998,81.92799999999998,1600.0,1600.0
2019-10-17 05:00:00,81.671975,81.67197499999999,1595.0,1595.0
2019-10-17 06:00:00,81.92799999999998,81.92799999999998,1600.0,1600.0
2019-10-17 07:00:00,137.280605,137.280605,2681.0,2681.0
2019-10-17 08:00:00,166.41625,166.41625,3250.0,3250.0
2019-10-17 09:00:00,303.95287999999994,303.95287999999994,5936.0,5936.0
2019-10-17 10:00:00,301.03419499999995,301.0341949999999,5879.0,5879.0
2019-10-17 11:00:00,222.02488000000002,222.02488000000002,4336.0,4336.0
2019-10-17 12:00:00,176.606045,176.606045,3449.0,3449.0
2019-10-17 13:00:00,203.48866999999998,203.48866999999998,3974.0,3974.0
2019-10-17 14:00:00,235.18456499999996,235.18456499999996,4593.0,4593.0
2019-10-17 15:00:00,274.66362000000004,274.66362000000004,5364.0,5364.0
2019-10-17 16:00:00,268.72384,268.72384,5248.0,5248.0
2019-10-17 17:00:00,190.53380499999997,190.53380499999997,3721.0,3721.0
2019-10-17 18:00:00,129.702265,129.702265,2533.0,2533.0
2019-10-17 19:00:00,81.77438500000002,81.77438500000002,1597.0,1597.0
2019-10-17 20:00:00,81.92799999999998,81.92799999999998,1600.0,1600.0
2019-10-17 21:00:00,81.92799999999998,81.92799999999998,1600.0,1600.0
2019-10-17 22:00:00,81.92799999999998,81.92799999999998,1600.0,1600.0
2019-10-17 23:00:00,81.92799999999998,81.92799999999998,1600.0,1600.0
2019-10-18 00:00:00,81.569565,81.569565,1593.0,1593.0
2019-10-18 01:00:00,81.671975,81.67197499999999,1595.0,1595.0
2019-10-18 02:00:00,81.72318,81.72318,1596.0,1596.0
2019-10-18 03:00:00,81.62077,81.62077,1594.0,1594.0
2019-10-18 04:00:00,81.671975,81.67197499999999,1595.0,1595.0
2019-10-18 05:00:00,81.62077,81.62077,1594.0,1594.0
2019-10-18 06:00:00,81.87679499999999,81.87679499999999,1599.0,1599.0
2019-10-18 07:00:00,132.77456500000002,132.77456500000002,2593.0,2593.0
2019-10-18 08:00:00,158.7355,158.7355,3100.0,3100.0
2019-10-18 09:00:00,307.94687,307.94687000000005,6014.0,6014.0
2019-10-18 10:00:00,296.01610500000004,296.01610500000004,5781.0,5781.0
2019-10-18 11:00:00,217.67245499999999,217.67245499999999,4251.0,4251.0
2019-10-18 12:00:00,175.83797000000004,175.83797000000004,3434.0,3434.0
2019-10-18 13:00:00,203.28385000000003,203.28385000000003,3970.0,3970.0
2019-10-18 14:00:00,237.43758499999996,237.43758499999996,4637.0,4637.0
2019-10-18 15:00:00,274.56121,274.56121,5362.0,5362.0
2019-10-18 16:00:00,280.29617,280.29617,5474.0,5474.0
2019-10-18 17:00:00,188.280785,188.280785,3677.0,3677.0
2019-10-18 18:00:00,132.82576999999998,132.82576999999998,2594.0,2594.0
2019-10-18 19:00:00,81.72318,81.72318,1596.0,1596.0
2019-10-18 20:00:00,81.77438500000002,81.77438500000002,1597.0,1597.0
2019-10-18 21:00:00,81.77438500000002,81.77438500000002,1597.0,1597.0
2019-10-18 22:00:00,81.77438500000002,81.77438500000002,1597.0,1597.0
2019-10-18 23:00:00,81.51836,81.51836,1592.0,1592.0
2019-10-19 00:00:00,81.77438500000002,81.77438500000002,1597.0,1597.0
2019-10-19 01:00:00,81.92799999999998,81.92799999999998,1600.0,1600.0
2019-10-19 02:00:00,81.72318,81.72318,1596.0,1596.0
2019-10-19 03:00:00,81.77438500000002,81.77438500000002,1597.0,1597.0
2019-10-19 04:00:00,81.92799999999998,81.92799999999998,1600.0,1600.0
2019-10-19 05:00:00,81.77438500000002,81.77438500000002,1597.0,1597.0
2019-10-19 06:00:00,81.72318,81.72318,1596.0,1596.0
2019-10-19 07:00:00,81.62077,81.62077,1594.0,1594.0
2019-10-19 08:00:00,81.82559000000002,81.82559000000002,1598.0,1598.0
2019-10-19 09:00:00,81.467155,81.467155,1591.0,1591.0
2019-10-19 10:00:00,81.82559000000002,81.82559000000002,1598.0,1598.0
2019-10-19 11:00:00,81.41595,81.41595,1590.0,1590.0
2019-10-19 12:00:00,81.87679499999999,81.87679499999999,1599.0,1599.0
2019-10-19 13:00:00,81.51836,81.51836,1592.0,1592.0
2019-10-19 14:00:00,81.72318,81.72318,1596.0,1596.0
2019-10-19 15:00:00,81.569565,81.569565,1593.0,1593.0
2019-10-19 16:00:00,81.467155,81.467155,1591.0,1591.0
2019-10-19 17:00:00,81.87679499999999,81.87679499999999,1599.0,1599.0
2019-10-19 18:00:00,81.72318,81.72318,1596.0,1596.0
2019-10-19 19:00:00,81.87679499999999,81.87679499999999,1599.0,1599.0
2019-10-19 20:00:00,81.72318,81.72318,1596.0,1596.0
2019-10-19 21:00:00,81.92799999999998,81.92799999999998,1600.0,1600.0
2019-10-19 22:00:00,81.87679499999999,81.87679499999999,1599.0,1599.0
2019-10-19 23:00:00,81.72318,81.72318,1596.0,1596.0
2019-10-20 00:00:00,81.82559000000002,81.82559000000002,1598.0,1598.0
2019-10-20 01:00:00,81.467155,81.467155,1591.0,1591.0
2019-10-20 02:00:00,81.77438500000002,81.77438500000002,1597.0,1597.0
2019-10-20 03:00:00,81.671975,81.67197499999999,1595.0,1595.0
2019-10-20 04:00:00,81.92799999999998,81.92799999999998,1600.0,1600.0
2019-10-20 05:00:00,81.87679499999999,81.87679499999999,1599.0,1599.0
2019-10-20 06:00:00,81.72318,81.72318,1596.0,1596.0
2019-10-20 07:00:00,81.569565,81.569565,1593.0,1593.0
2019-10-20 08:00:00,81.92799999999998,81.92799999999998,1600.0,1600.0
2019-10-20 09:00:00,81.72318,81.72318,1596.0,1596.0
2019-10-20 10:00:00,81.87679499999999,81.87679499999999,1599.0,1599.0
2019-10-20 11:00:00,81.92799999999998,81.92799999999998,1600.0,1600.0
2019-10-20 12:00:00,81.72318,81.72318,1596.0,1596.0
2019-10-20 13:00:00,81.467155,81.467155,1591.0,1591.0
2019-10-20 14:00:00,81.72318,81.72318,1596.0,1596.0
2019-10-20 15:00:00,81.92799999999998,81.92799999999998,1600.0,1600.0
2019-10-20 16:00:00,81.671975,81.67197499999999,1595.0,1595.0
2019-10-20 17:00:00,81.82559000000002,81.82559000000002,1598.0,1598.0
2019-10-20 18:00:00,81.87679499999999,81.87679499999999,1599.0,1599.0
2019-10-20 19:00:00,81.671975,81.67197499999999,1595.0,1595.0
2019-10-20 20:00:00,40.707975,40.707975,795.0,795.0
2019-10-20 21:00:00,0.0,0.0,0.0,0.0
2019-10-20 22:00:00,0.0,0.0,0.0,0.0
2019-10-20 23:00:00,0.0,0.0,0.0,0.0
2019-10-21 00:00:00,0.0,0.0,0.0,0.0
2019-10-21 01:00:00,0.0,0.0,0.0,0.0
2019-10-21 02:00:00,0.0,0.0,0.0,0.0
2019-10-21 03:00:00,0.0,0.0,0.0,0.0
2019-10-21 04:00:00,0.0,0.0,0.0,0.0
2019-10-21 05:00:00,0.0,0.0,0.0,0.0
2019-10-21 06:00:00,0.0,0.0,0.0,0.0
2019-10-21 07:00:00,145.72943,145.72942999999998,2846.0,2846.0
2019-10-21 08:00:00,166.569865,166.569865,3253.0,3253.0
2019-10-21 09:00:00,300.522145,300.522145,5869.0,5869.0
2019-10-21 10:00:00,294.68477500000006,294.68477500000006,5755.0,5755.0
2019-10-21 11:00:00,222.63934,222.63934000000003,4348.0,4348.0
2019-10-21 12:00:00,177.47652999999997,177.47652999999997,3466.0,3466.0
2019-10-21 13:00:00,205.33204999999998,205.33204999999998,4010.0,4010.0
2019-10-21 14:00:00,236.311075,236.311075,4615.0,4615.0
2019-10-21 15:00:00,270.46481,270.46481,5282.0,5282.0
2019-10-21 16:00:00,281.21786,281.21786,5492.0,5492.0
2019-10-21 17:00:00,189.612115,189.612115,3703.0,3703.0
2019-10-21 18:00:00,163.24154,163.24154,3188.0,3188.0
2019-10-21 19:00:00,103.38289499999999,103.38289499999999,2019.0,2019.0
2019-10-21 20:00:00,81.92799999999998,81.92799999999998,1600.0,1600.0
2019-10-21 21:00:00,81.569565,81.569565,1593.0,1593.0
2019-10-21 22:00:00,81.92799999999998,81.92799999999998,1600.0,1600.0
2019-10-21 23:00:00,81.82559000000002,81.82559000000002,1598.0,1598.0
2019-10-22 00:00:00,81.51836,81.51836,1592.0,1592.0
2019-10-22 01:00:00,81.92799999999998,81.92799999999998,1600.0,1600.0
2019-10-22 02:00:00,81.467155,81.467155,1591.0,1591.0
2019-10-22 03:00:00,81.51836,81.51836,1592.0,1592.0
2019-10-22 04:00:00,81.82559000000002,81.82559000000002,1598.0,1598.0
2019-10-22 05:00:00,81.72318,81.72318,1596.0,1596.0
2019-10-22 06:00:00,81.467155,81.467155,1591.0,1591.0
2019-10-22 07:00:00,140.81375,140.81375,2750.0,2750.0
2019-10-22 08:00:00,171.69036499999999,171.69036499999996,3353.0,3353.0
2019-10-22 09:00:00,315.474005,315.474005,6161.0,6161.0
2019-10-22 10:00:00,305.94987499999996,305.94987499999996,5975.0,5975.0
2019-10-22 11:00:00,222.28090500000002,222.28090500000002,4341.0,4341.0
2019-10-22 12:00:00,179.06388499999994,179.06388499999994,3497.0,3497.0
2019-10-22 13:00:00,204.10313000000002,204.10313000000002,3986.0,3986.0
2019-10-22 14:00:00,234.67251499999998,234.67251499999998,4583.0,4583.0
2019-10-22 15:00:00,262.63044500000007,262.63044500000007,5129.0,5129.0
2019-10-22 16:00:00,268.97986499999996,268.97986499999996,5253.0,5253.0
2019-10-22 17:00:00,197.60009500000004,197.60009500000004,3859.0,3859.0
2019-10-22 18:00:00,126.78358,126.78358,2476.0,2476.0
2019-10-22 19:00:00,81.77438500000002,81.77438500000002,1597.0,1597.0
2019-10-22 20:00:00,81.671975,81.67197499999999,1595.0,1595.0
2019-10-22 21:00:00,81.92799999999998,81.92799999999998,1600.0,1600.0
2019-10-22 22:00:00,81.92799999999998,81.92799999999998,1600.0,1600.0
2019-10-22 23:00:00,81.31354,81.31354,1588.0,1588.0
2019-10-23 00:00:00,81.41595,81.41595,1590.0,1590.0
2019-10-23 01:00:00,81.92799999999998,81.92799999999998,1600.0,1600.0
2019-10-23 02:00:00,81.92799999999998,81.92799999999998,1600.0,1600.0
2019-10-23 03:00:00,81.467155,81.467155,1591.0,1591.0
2019-10-23 04:00:00,81.87679499999999,81.87679499999999,1599.0,1599.0
2019-10-23 05:00:00,81.671975,81.67197499999999,1595.0,1595.0
2019-10-23 06:00:00,81.671975,81.67197499999999,1595.0,1595.0
2019-10-23 07:00:00,144.142075,144.142075,2815.0,2815.0
2019-10-23 08:00:00,175.06989499999997,175.06989499999997,3419.0,3419.0
2019-10-23 09:00:00,308.97096999999997,308.97096999999997,6034.0,6034.0
2019-10-23 10:00:00,293.55826499999995,293.55826499999995,5733.0,5733.0
2019-10-23 11:00:00,225.25079499999998,225.25079499999998,4399.0,4399.0
2019-10-23 12:00:00,179.06388500000006,179.06388500000003,3497.0,3497.0
2019-10-23 13:00:00,202.87421000000003,202.87421000000003,3962.0,3962.0
2019-10-23 14:00:00,235.85022999999998,235.85022999999998,4606.0,4606.0
2019-10-23 15:00:00,273.89554499999997,273.89554499999997,5349.0,5349.0
2019-10-23 16:00:00,278.14556000000005,278.14556000000005,5432.0,5432.0
2019-10-23 17:00:00,193.14526,193.14526,3772.0,3772.0
2019-10-23 18:00:00,153.56379500000003,153.56379500000003,2999.0,2999.0
2019-10-23 19:00:00,81.467155,81.467155,1591.0,1591.0
2019-10-23 20:00:00,81.41595,81.41595,1590.0,1590.0
2019-10-23 21:00:00,81.92799999999998,81.92799999999998,1600.0,1600.0
2019-10-23 22:00:00,81.72318,81.72318,1596.0,1596.0
2019-10-23 23:00:00,81.72318,81.72318,1596.0,1596.0
2019-10-24 00:00:00,81.72318,81.72318,1596.0,1596.0
2019-10-24 01:00:00,81.62077,81.62077,1594.0,1594.0
2019-10-24 02:00:00,81.77438500000002,81.77438500000002,1597.0,1597.0
2019-10-24 03:00:00,81.62077,81.62077,1594.0,1594.0
2019-10-24 04:00:00,81.671975,81.67197499999999,1595.0,1595.0
2019-10-24 05:00:00,81.77438500000002,81.77438500000002,1597.0,1597.0
2019-10-24 06:00:00,81.72318,81.72318,1596.0,1596.0
2019-10-24 07:00:00,150.081855,150.081855,2931.0,2931.0
2019-10-24 08:00:00,176.70845500000001,176.70845500000001,3451.0,3451.0
2019-10-24 09:00:00,299.088405,299.088405,5841.0,5841.0
2019-10-24 10:00:00,307.3324099999999,307.3324099999999,6002.0,6002.0
2019-10-24 11:00:00,215.57305000000002,215.57305000000002,4210.0,4210.0
2019-10-24 12:00:00,175.581945,175.581945,3429.0,3429.0
2019-10-24 13:00:00,204.25674499999994,204.25674499999994,3989.0,3989.0
2019-10-24 14:00:00,234.21167000000005,234.21167000000005,4574.0,4574.0
2019-10-24 15:00:00,276.865435,276.865435,5407.0,5407.0
2019-10-24 16:00:00,277.63351,277.63351,5422.0,5422.0
2019-10-24 17:00:00,195.756715,195.75671499999999,3823.0,3823.0
2019-10-24 18:00:00,143.630025,143.630025,2805.0,2805.0
2019-10-24 19:00:00,81.569565,81.569565,1593.0,1593.0
2019-10-24 20:00:00,81.62077,81.62077,1594.0,1594.0
2019-10-24 21:00:00,81.671975,81.67197499999999,1595.0,1595.0
2019-10-24 22:00:00,81.87679499999999,81.87679499999999,1599.0,1599.0
2019-10-24 23:00:00,81.92799999999998,81.92799999999998,1600.0,1600.0
2019-10-25 00:00:00,81.82559000000002,81.82559000000002,1598.0,1598.0
2019-10-25 01:00:00,81.82559000000002,81.82559000000002,1598.0,1598.0
2019-10-25 02:00:00,81.569565,81.569565,1593.0,1593.0
2019-10-25 03:00:00,81.82559000000002,81.82559000000002,1598.0,1598.0
2019-10-25 04:00:00,81.77438500000002,81.77438500000002,1597.0,1597.0
2019-10-25 05:00:00,81.92799999999998,81.92799999999998,1600.0,1600.0
2019-10-25 06:00:00,81.87679499999999,81.87679499999999,1599.0,1599.0
2019-10-25 07:00:00,133.33782,133.33782,2604.0,2604.0
2019-10-25 08:00:00,172.15121,172.15120999999996,3362.0,3362.0
2019-10-25 09:00:00,303.33842,303.33842,5924.0,5924.0
2019-10-25 10:00:00,297.55225500000006,297.55225500000006,5811.0,5811.0
2019-10-25 11:00:00,223.86825999999996,223.86825999999996,4372.0,4372.0
2019-10-25 12:00:00,179.11508999999998,179.11508999999998,3498.0,3498.0
2019-10-25 13:00:00,207.27784,207.27784000000003,4048.0,4048.0
2019-10-25 14:00:00,234.97974500000004,234.97974500000004,4589.0,4589.0
2019-10-25 15:00:00,275.124465,275.124465,5373.0,5373.0
2019-10-25 16:00:00,268.775045,268.775045,5249.0,5249.0
2019-10-25 17:00:00,192.63321,192.63321,3762.0,3762.0
2019-10-25 18:00:00,139.53362499999997,139.53362499999997,2725.0,2725.0
2019-10-25 19:00:00,81.92799999999998,81.92799999999998,1600.0,1600.0
2019-10-25 20:00:00,81.92799999999998,81.92799999999998,1600.0,1600.0
2019-10-25 21:00:00,81.77438500000002,81.77438500000002,1597.0,1597.0
2019-10-25 22:00:00,81.467155,81.467155,1591.0,1591.0
2019-10-25 23:00:00,81.92799999999998,81.92799999999998,1600.0,1600.0
2019-10-26 00:00:00,81.77438500000002,81.77438500000002,1597.0,1597.0
2019-10-26 01:00:00,81.77438500000002,81.77438500000002,1597.0,1597.0
2019-10-26 02:00:00,81.72318,81.72318,1596.0,1596.0
2019-10-26 03:00:00,81.671975,81.67197499999999,1595.0,1595.0
2019-10-26 04:00:00,81.569565,81.569565,1593.0,1593.0
2019-10-26 05:00:00,81.72318,81.72318,1596.0,1596.0
2019-10-26 06:00:00,81.87679499999999,81.87679499999999,1599.0,1599.0
2019-10-26 07:00:00,81.87679499999999,81.87679499999999,1599.0,1599.0
2019-10-26 08:00:00,81.82559000000002,81.82559000000002,1598.0,1598.0
2019-10-26 09:00:00,81.364745,81.364745,1589.0,1589.0
2019-10-26 10:00:00,81.51836,81.51836,1592.0,1592.0
2019-10-26 11:00:00,81.92799999999998,81.92799999999998,1600.0,1600.0
2019-10-26 12:00:00,81.671975,81.67197499999999,1595.0,1595.0
2019-10-26 13:00:00,81.87679499999999,81.87679499999999,1599.0,1599.0
2019-10-26 14:00:00,81.77438500000002,81.77438500000002,1597.0,1597.0
2019-10-26 15:00:00,81.569565,81.569565,1593.0,1593.0
2019-10-26 16:00:00,81.569565,81.569565,1593.0,1593.0
2019-10-26 17:00:00,81.51836,81.51836,1592.0,1592.0
2019-10-26 18:00:00,81.569565,81.569565,1593.0,1593.0
2019-10-26 19:00:00,81.77438500000002,81.77438500000002,1597.0,1597.0
2019-10-26 20:00:00,81.87679499999999,81.87679499999999,1599.0,1599.0
2019-10-26 21:00:00,81.82559000000002,81.82559000000002,1598.0,1598.0
2019-10-26 22:00:00,81.82559000000002,81.82559000000002,1598.0,1598.0
2019-10-26 23:00:00,81.569565,81.569565,1593.0,1593.0
2019-10-27 00:00:00,81.62077,81.62077,1594.0,1594.0
2019-10-27 01:00:00,81.51836,81.51836,1592.0,1592.0
2019-10-27 02:00:00,81.77438500000002,81.77438500000002,1597.0,1597.0
2019-10-27 03:00:00,81.82559000000002,81.82559000000002,1598.0,1598.0
2019-10-27 04:00:00,81.82559000000002,81.82559000000002,1598.0,1598.0
2019-10-27 05:00:00,81.51836,81.51836,1592.0,1592.0
2019-10-27 06:00:00,81.77438500000002,81.77438500000002,1597.0,1597.0
2019-10-27 07:00:00,81.77438500000002,81.77438500000002,1597.0,1597.0
2019-10-27 08:00:00,81.62077,81.62077,1594.0,1594.0
2019-10-27 09:00:00,81.87679499999999,81.87679499999999,1599.0,1599.0
2019-10-27 10:00:00,81.72318,81.72318,1596.0,1596.0
2019-10-27 11:00:00,81.87679499999999,81.87679499999999,1599.0,1599.0
2019-10-27 12:00:00,81.82559000000002,81.82559000000002,1598.0,1598.0
2019-10-27 13:00:00,81.92799999999998,81.92799999999998,1600.0,1600.0
2019-10-27 14:00:00,81.87679499999999,81.87679499999999,1599.0,1599.0
2019-10-27 15:00:00,81.77438500000002,81.77438500000002,1597.0,1597.0
2019-10-27 16:00:00,81.82559000000002,81.82559000000002,1598.0,1598.0
2019-10-27 17:00:00,81.87679499999999,81.87679499999999,1599.0,1599.0
2019-10-27 18:00:00,81.51836,81.51836,1592.0,1592.0
2019-10-27 19:00:00,81.77438500000002,81.77438500000002,1597.0,1597.0
2019-10-27 20:00:00,81.77438500000002,81.77438500000002,1597.0,1597.0
2019-10-27 21:00:00,2.7650699999999997,2.7650699999999997,54.0,54.0
2019-10-27 22:00:00,0.0,0.0,0.0,0.0
2019-10-27 23:00:00,0.0,0.0,0.0,0.0
2019-10-28 00:00:00,0.0,0.0,0.0,0.0
2019-10-28 01:00:00,0.0,0.0,0.0,0.0
2019-10-28 02:00:00,0.0,0.0,0.0,0.0
2019-10-28 03:00:00,0.0,0.0,0.0,0.0
2019-10-28 04:00:00,0.0,0.0,0.0,0.0
2019-10-28 05:00:00,0.0,0.0,0.0,0.0
2019-10-28 06:00:00,0.0,0.0,0.0,0.0
2019-10-28 07:00:00,140.71133999999998,140.71133999999998,2748.0,2748.0
2019-10-28 08:00:00,174.353025,174.353025,3405.0,3405.0
2019-10-28 09:00:00,313.73303500000003,313.7330350000001,6127.0,6127.0
2019-10-28 10:00:00,303.69685499999997,303.69685499999997,5931.0,5931.0
2019-10-28 11:00:00,215.47064,215.47064,4208.0,4208.0
2019-10-28 12:00:00,180.90726500000002,180.90726500000002,3533.0,3533.0
2019-10-28 13:00:00,209.78688499999996,209.78688499999996,4097.0,4097.0
2019-10-28 14:00:00,224.738745,224.738745,4389.0,4389.0
2019-10-28 15:00:00,270.36240000000004,270.36240000000004,5280.0,5280.0
2019-10-28 16:00:00,275.79013000000003,275.79013000000003,5386.0,5386.0
2019-10-28 17:00:00,199.80190999999996,199.80190999999994,3902.0,3902.0
2019-10-28 18:00:00,151.15716000000003,151.15716000000003,2952.0,2952.0
2019-10-28 19:00:00,81.92799999999998,81.92799999999998,1600.0,1600.0
2019-10-28 20:00:00,81.671975,81.67197499999999,1595.0,1595.0
2019-10-28 21:00:00,81.72318,81.72318,1596.0,1596.0
2019-10-28 22:00:00,81.569565,81.569565,1593.0,1593.0
2019-10-28 23:00:00,81.82559000000002,81.82559000000002,1598.0,1598.0
2019-10-29 00:00:00,81.62077,81.62077,1594.0,1594.0
2019-10-29 01:00:00,81.82559000000002,81.82559000000002,1598.0,1598.0
2019-10-29 02:00:00,81.62077,81.62077,1594.0,1594.0
2019-10-29 03:00:00,81.82559000000002,81.82559000000002,1598.0,1598.0
2019-10-29 04:00:00,81.72318,81.72318,1596.0,1596.0
2019-10-29 05:00:00,81.92799999999998,81.92799999999998,1600.0,1600.0
2019-10-29 06:00:00,81.77438500000002,81.77438500000002,1597.0,1597.0
2019-10-29 07:00:00,139.78965000000002,139.78965000000002,2730.0,2730.0
2019-10-29 08:00:00,176.96447999999998,176.96447999999998,3456.0,3456.0
2019-10-29 09:00:00,299.600455,299.600455,5851.0,5851.0
2019-10-29 10:00:00,302.058295,302.058295,5899.0,5899.0
2019-10-29 11:00:00,213.47364499999998,213.47364499999995,4169.0,4169.0
2019-10-29 12:00:00,178.1934,178.1934,3480.0,3480.0
2019-10-29 13:00:00,205.997715,205.997715,4023.0,4023.0
2019-10-29 14:00:00,236.92553499999997,236.92553499999997,4627.0,4627.0
2019-10-29 15:00:00,281.83232,281.83232,5504.0,5504.0
2019-10-29 16:00:00,282.90762500000005,282.90762500000005,5525.0,5525.0
2019-10-29 17:00:00,194.37417999999997,194.37417999999997,3796.0,3796.0
2019-10-29 18:00:00,149.672215,149.672215,2923.0,2923.0
2019-10-29 19:00:00,81.77438500000002,81.77438500000002,1597.0,1597.0
2019-10-29 20:00:00,81.82559000000002,81.82559000000002,1598.0,1598.0
2019-10-29 21:00:00,81.31354,81.31354,1588.0,1588.0
2019-10-29 22:00:00,81.467155,81.467155,1591.0,1591.0
2019-10-29 23:00:00,81.87679499999999,81.87679499999999,1599.0,1599.0
2019-10-30 00:00:00,81.72318,81.72318,1596.0,1596.0
2019-10-30 01:00:00,81.82559000000002,81.82559000000002,1598.0,1598.0
2019-10-30 02:00:00,81.82559000000002,81.82559000000002,1598.0,1598.0
2019-10-30 03:00:00,81.87679499999999,81.87679499999999,1599.0,1599.0
2019-10-30 04:00:00,81.51836,81.51836,1592.0,1592.0
2019-10-30 05:00:00,81.82559000000002,81.82559000000002,1598.0,1598.0
2019-10-30 06:00:00,81.72318,81.72318,1596.0,1596.0
2019-10-30 07:00:00,144.551715,144.551715,2823.0,2823.0
2019-10-30 08:00:00,162.31985,162.31985,3170.0,3170.0
2019-10-30 09:00:00,303.28721500000006,303.28721500000006,5923.0,5923.0
2019-10-30 10:00:00,291.97091,291.97091,5702.0,5702.0
2019-10-30 11:00:00,220.33511499999994,220.33511499999994,4303.0,4303.0
2019-10-30 12:00:00,176.09399500000004,176.09399500000004,3439.0,3439.0
2019-10-30 13:00:00,213.93448999999998,213.93449,4178.0,4178.0
2019-10-30 14:00:00,232.67551999999998,232.67552,4544.0,4544.0
2019-10-30 15:00:00,273.28108499999996,273.28108499999996,5337.0,5337.0
2019-10-30 16:00:00,279.32327499999997,279.32327499999997,5455.0,5455.0
2019-10-30 17:00:00,188.12716999999995,188.12716999999995,3674.0,3674.0
2019-10-30 18:00:00,163.190335,163.190335,3187.0,3187.0
2019-10-30 19:00:00,94.165995,94.165995,1839.0,1839.0
2019-10-30 20:00:00,81.87679499999999,81.87679499999999,1599.0,1599.0
2019-10-30 21:00:00,81.467155,81.467155,1591.0,1591.0
2019-10-30 22:00:00,81.72318,81.72318,1596.0,1596.0
2019-10-30 23:00:00,81.671975,81.67197499999999,1595.0,1595.0
2019-10-31 00:00:00,81.77438500000002,81.77438500000002,1597.0,1597.0
2019-10-31 01:00:00,81.671975,81.67197499999999,1595.0,1595.0
2019-10-31 02:00:00,81.82559000000002,81.82559000000002,1598.0,1598.0
2019-10-31 03:00:00,81.671975,81.67197499999999,1595.0,1595.0
2019-10-31 04:00:00,81.82559000000002,81.82559000000002,1598.0,1598.0
2019-10-31 05:00:00,81.671975,81.67197499999999,1595.0,1595.0
2019-10-31 06:00:00,81.87679499999999,81.87679499999999,1599.0,1599.0
2019-10-31 07:00:00,142.91315500000002,142.91315500000002,2791.0,2791.0
2019-10-31 08:00:00,175.94037999999998,175.94037999999998,3436.0,3436.0
2019-10-31 09:00:00,302.00709,302.00709,5898.0,5898.0
2019-10-31 10:00:00,314.85954499999997,314.85954499999997,6149.0,6149.0
2019-10-31 11:00:00,224.89236000000002,224.89236000000002,4392.0,4392.0
2019-10-31 12:00:00,179.37111499999997,179.371115,3503.0,3503.0
2019-10-31 13:00:00,212.756775,212.756775,4155.0,4155.0
2019-10-31 14:00:00,241.84121500000006,241.84121500000006,4723.0,4723.0
2019-10-31 15:00:00,279.83532500000007,279.83532500000007,5465.0,5465.0
2019-10-31 16:00:00,286.33836,286.33836,5592.0,5592.0
2019-10-31 17:00:00,200.365165,200.365165,3913.0,3913.0
2019-10-31 18:00:00,144.19328000000002,144.19328000000002,2816.0,2816.0
2019-10-31 19:00:00,81.92799999999998,81.92799999999998,1600.0,1600.0
2019-10-31 20:00:00,81.51836,81.51836,1592.0,1592.0
2019-10-31 21:00:00,81.92799999999998,81.92799999999998,1600.0,1600.0
2019-10-31 22:00:00,81.82559000000002,81.82559000000002,1598.0,1598.0
2019-10-31 23:00:00,81.92799999999998,81.92799999999998,1600.0,1600.0
2019-11-01 00:00:00,81.77438500000002,81.77438500000002,1597.0,1597.0
2019-11-01 01:00:00,81.82559000000002,81.82559000000002,1598.0,1598.0
2019-11-01 02:00:00,81.87679499999999,81.87679499999999,1599.0,1599.0
2019-11-01 03:00:00,81.77438500000002,81.77438500000002,1597.0,1597.0
2019-11-01 04:00:00,81.671975,81.67197499999999,1595.0,1595.0
2019-11-01 05:00:00,81.467155,81.467155,1591.0,1591.0
2019-11-01 06:00:00,81.41595,81.41595,1590.0,1590.0
2019-11-01 07:00:00,140.09688,140.09688,2736.0,2736.0
2019-11-01 08:00:00,168.92529499999998,168.92529499999998,3299.0,3299.0
2019-11-01 09:00:00,299.75406999999996,299.75406999999996,5854.0,5854.0
2019-11-01 10:00:00,293.04621499999996,293.04621499999996,5723.0,5723.0
2019-11-01 11:00:00,218.03089,218.03089,4258.0,4258.0
2019-11-01 12:00:00,177.42532499999996,177.42532499999996,3465.0,3465.0
2019-11-01 13:00:00,200.72359999999998,200.72359999999998,3920.0,3920.0
2019-11-01 14:00:00,235.082155,235.082155,4591.0,4591.0
2019-11-01 15:00:00,283.06124,283.06124,5528.0,5528.0
2019-11-01 16:00:00,271.18168,271.18168,5296.0,5296.0
2019-11-01 17:00:00,190.78983,190.78983000000002,3726.0,3726.0
2019-11-01 18:00:00,140.91616000000002,140.91616000000002,2752.0,2752.0
2019-11-01 19:00:00,81.671975,81.67197499999999,1595.0,1595.0
2019-11-01 20:00:00,81.82559000000002,81.82559000000002,1598.0,1598.0
2019-11-01 21:00:00,81.82559000000002,81.82559000000002,1598.0,1598.0
2019-11-01 22:00:00,81.82559000000002,81.82559000000002,1598.0,1598.0
2019-11-01 23:00:00,81.41595,81.41595,1590.0,1590.0
2019-11-02 00:00:00,81.31354,81.31354,1588.0,1588.0
2019-11-02 01:00:00,81.62077,81.62077,1594.0,1594.0
2019-11-02 02:00:00,81.92799999999998,81.92799999999998,1600.0,1600.0
2019-11-02 03:00:00,81.51836,81.51836,1592.0,1592.0
2019-11-02 04:00:00,81.62077,81.62077,1594.0,1594.0
2019-11-02 05:00:00,81.364745,81.364745,1589.0,1589.0
2019-11-02 06:00:00,81.77438500000002,81.77438500000002,1597.0,1597.0
2019-11-02 07:00:00,81.82559000000002,81.82559000000002,1598.0,1598.0
2019-11-02 08:00:00,81.92799999999998,81.92799999999998,1600.0,1600.0
2019-11-02 09:00:00,81.72318,81.72318,1596.0,1596.0
2019-11-02 10:00:00,81.569565,81.569565,1593.0,1593.0
2019-11-02 11:00:00,81.92799999999998,81.92799999999998,1600.0,1600.0
2019-11-02 12:00:00,81.467155,81.467155,1591.0,1591.0
2019-11-02 13:00:00,81.92799999999998,81.92799999999998,1600.0,1600.0
2019-11-02 14:00:00,81.87679499999999,81.87679499999999,1599.0,1599.0
2019-11-02 15:00:00,81.87679499999999,81.87679499999999,1599.0,1599.0
2019-11-02 16:00:00,81.671975,81.67197499999999,1595.0,1595.0
2019-11-02 17:00:00,81.77438500000002,81.77438500000002,1597.0,1597.0
2019-11-02 18:00:00,81.72318,81.72318,1596.0,1596.0
2019-11-02 19:00:00,81.569565,81.569565,1593.0,1593.0
2019-11-02 20:00:00,81.87679499999999,81.87679499999999,1599.0,1599.0
2019-11-02 21:00:00,81.87679499999999,81.87679499999999,1599.0,1599.0
2019-11-02 22:00:00,81.92799999999998,81.92799999999998,1600.0,1600.0
2019-11-02 23:00:00,81.92799999999998,81.92799999999998,1600.0,1600.0
2019-11-03 00:00:00,81.82559000000002,81.82559000000002,1598.0,1598.0
2019-11-03 01:00:00,81.77438500000002,81.77438500000002,1597.0,1597.0
2019-11-03 02:00:00,81.72318,81.72318,1596.0,1596.0
2019-11-03 03:00:00,81.569565,81.569565,1593.0,1593.0
2019-11-03 04:00:00,81.87679499999999,81.87679499999999,1599.0,1599.0
2019-11-03 05:00:00,81.77438500000002,81.77438500000002,1597.0,1597.0
2019-11-03 06:00:00,81.77438500000002,81.77438500000002,1597.0,1597.0
2019-11-03 07:00:00,81.92799999999998,81.92799999999998,1600.0,1600.0
2019-11-03 08:00:00,81.87679499999999,81.87679499999999,1599.0,1599.0
2019-11-03 09:00:00,81.92799999999998,81.92799999999998,1600.0,1600.0
2019-11-03 10:00:00,81.72318,81.72318,1596.0,1596.0
2019-11-03 11:00:00,81.92799999999998,81.92799999999998,1600.0,1600.0
2019-11-03 12:00:00,81.87679499999999,81.87679499999999,1599.0,1599.0
2019-11-03 13:00:00,81.77438500000002,81.77438500000002,1597.0,1597.0
2019-11-03 14:00:00,81.87679499999999,81.87679499999999,1599.0,1599.0
2019-11-03 15:00:00,81.82559000000002,81.82559000000002,1598.0,1598.0
2019-11-03 16:00:00,81.77438500000002,81.77438500000002,1597.0,1597.0
2019-11-03 17:00:00,81.41595,81.41595,1590.0,1590.0
2019-11-03 18:00:00,81.51836,81.51836,1592.0,1592.0
2019-11-03 19:00:00,81.569565,81.569565,1593.0,1593.0
2019-11-03 20:00:00,18.33139,18.33139,358.0,358.0
2019-11-03 21:00:00,0.0,0.0,0.0,0.0
2019-11-03 22:00:00,0.0,0.0,0.0,0.0
2019-11-03 23:00:00,0.0,0.0,0.0,0.0
2019-11-04 00:00:00,0.0,0.0,0.0,0.0
2019-11-04 01:00:00,0.0,0.0,0.0,0.0
2019-11-04 02:00:00,0.0,0.0,0.0,0.0
2019-11-04 03:00:00,0.0,0.0,0.0,0.0
2019-11-04 04:00:00,0.0,0.0,0.0,0.0
2019-11-04 05:00:00,0.0,0.0,0.0,0.0
2019-11-04 06:00:00,0.0,0.0,0.0,0.0
2019-11-04 07:00:00,144.80774,144.80774,2828.0,2828.0
2019-11-04 08:00:00,179.42232,179.42232,3504.0,3504.0
2019-11-04 09:00:00,312.19688499999995,312.19688499999995,6097.0,6097.0
2019-11-04 10:00:00,307.076385,307.076385,5997.0,5997.0
2019-11-04 11:00:00,212.50075000000004,212.50075000000004,4150.0,4150.0
2019-11-04 12:00:00,176.70845500000004,176.70845500000004,3451.0,3451.0
2019-11-04 13:00:00,200.672395,200.672395,3919.0,3919.0
2019-11-04 14:00:00,244.40146499999997,244.40146499999997,4773.0,4773.0
2019-11-04 15:00:00,288.949815,288.949815,5643.0,5643.0
2019-11-04 16:00:00,277.01905,277.01905,5410.0,5410.0
2019-11-04 17:00:00,188.43439999999995,188.43439999999995,3680.0,3680.0
2019-11-04 18:00:00,163.65118,163.65118,3196.0,3196.0
2019-11-04 19:00:00,88.12380499999999,88.12380499999999,1721.0,1721.0
2019-11-04 20:00:00,81.77438500000002,81.77438500000002,1597.0,1597.0
2019-11-04 21:00:00,81.77438500000002,81.77438500000002,1597.0,1597.0
2019-11-04 22:00:00,81.72318,81.72318,1596.0,1596.0
2019-11-04 23:00:00,81.92799999999998,81.92799999999998,1600.0,1600.0
2019-11-05 00:00:00,81.87679499999999,81.87679499999999,1599.0,1599.0
2019-11-05 01:00:00,81.62077,81.62077,1594.0,1594.0
2019-11-05 02:00:00,81.92799999999998,81.92799999999998,1600.0,1600.0
2019-11-05 03:00:00,81.671975,81.67197499999999,1595.0,1595.0
2019-11-05 04:00:00,81.72318,81.72318,1596.0,1596.0
2019-11-05 05:00:00,81.92799999999998,81.92799999999998,1600.0,1600.0
2019-11-05 06:00:00,81.569565,81.569565,1593.0,1593.0
2019-11-05 07:00:00,142.70833499999998,142.70833499999998,2787.0,2787.0
2019-11-05 08:00:00,179.01268,179.01268,3496.0,3496.0
2019-11-05 09:00:00,295.4016449999999,295.4016449999999,5769.0,5769.0
2019-11-05 10:00:00,308.15169,308.1516899999999,6018.0,6018.0
2019-11-05 11:00:00,223.15139000000002,223.15139000000002,4358.0,4358.0
2019-11-05 12:00:00,174.66025499999998,174.66025499999998,3411.0,3411.0
2019-11-05 13:00:00,204.61518,204.61518,3996.0,3996.0
2019-11-05 14:00:00,242.60929,242.60928999999996,4738.0,4738.0
2019-11-05 15:00:00,272.973855,272.973855,5331.0,5331.0
2019-11-05 16:00:00,279.42568500000004,279.42568500000004,5457.0,5457.0
2019-11-05 17:00:00,197.90732500000001,197.907325,3865.0,3865.0
2019-11-05 18:00:00,163.44635999999997,163.44636,3192.0,3192.0
2019-11-05 19:00:00,99.286495,99.286495,1939.0,1939.0
2019-11-05 20:00:00,81.72318,81.72318,1596.0,1596.0
2019-11-05 21:00:00,81.569565,81.569565,1593.0,1593.0
2019-11-05 22:00:00,81.92799999999998,81.92799999999998,1600.0,1600.0
2019-11-05 23:00:00,81.72318,81.72318,1596.0,1596.0
2019-11-06 00:00:00,81.92799999999998,81.92799999999998,1600.0,1600.0
2019-11-06 01:00:00,81.62077,81.62077,1594.0,1594.0
2019-11-06 02:00:00,81.92799999999998,81.92799999999998,1600.0,1600.0
2019-11-06 03:00:00,81.51836,81.51836,1592.0,1592.0
2019-11-06 04:00:00,81.92799999999998,81.92799999999998,1600.0,1600.0
2019-11-06 05:00:00,81.87679499999999,81.87679499999999,1599.0,1599.0
2019-11-06 06:00:00,81.87679499999999,81.87679499999999,1599.0,1599.0
2019-11-06 07:00:00,144.65412500000002,144.65412500000002,2825.0,2825.0
2019-11-06 08:00:00,163.44636,163.44636,3192.0,3192.0
2019-11-06 09:00:00,313.06737000000004,313.06737000000004,6114.0,6114.0
2019-11-06 10:00:00,312.504115,312.504115,6103.0,6103.0
2019-11-06 11:00:00,220.539935,220.539935,4307.0,4307.0
2019-11-06 12:00:00,174.91628,174.91628,3416.0,3416.0
2019-11-06 13:00:00,205.63928,205.63928,4016.0,4016.0
2019-11-06 14:00:00,238.154455,238.154455,4651.0,4651.0
2019-11-06 15:00:00,274.97085000000004,274.97085000000004,5370.0,5370.0
2019-11-06 16:00:00,280.34737499999994,280.34737499999994,5475.0,5475.0
2019-11-06 17:00:00,196.063945,196.063945,3829.0,3829.0
2019-11-06 18:00:00,156.89212000000003,156.89212000000003,3064.0,3064.0
2019-11-06 19:00:00,81.92799999999998,81.92799999999998,1600.0,1600.0
2019-11-06 20:00:00,81.569565,81.569565,1593.0,1593.0
2019-11-06 21:00:00,81.671975,81.67197499999999,1595.0,1595.0
2019-11-06 22:00:00,81.87679499999999,81.87679499999999,1599.0,1599.0
2019-11-06 23:00:00,81.671975,81.67197499999999,1595.0,1595.0
2019-11-07 00:00:00,81.92799999999998,81.92799999999998,1600.0,1600.0
2019-11-07 01:00:00,81.82559000000002,81.82559000000002,1598.0,1598.0
2019-11-07 02:00:00,81.82559000000002,81.82559000000002,1598.0,1598.0
2019-11-07 03:00:00,81.569565,81.569565,1593.0,1593.0
2019-11-07 04:00:00,81.62077,81.62077,1594.0,1594.0
2019-11-07 05:00:00,81.87679499999999,81.87679499999999,1599.0,1599.0
2019-11-07 06:00:00,81.671975,81.67197499999999,1595.0,1595.0
2019-11-07 07:00:00,143.06677,143.06677,2794.0,2794.0
2019-11-07 08:00:00,173.431335,173.431335,3387.0,3387.0
2019-11-07 09:00:00,288.89860999999996,288.89860999999996,5642.0,5642.0
2019-11-07 10:00:00,304.77216000000004,304.77216000000004,5952.0,5952.0
2019-11-07 11:00:00,225.55802499999996,225.55802499999996,4405.0,4405.0
2019-11-07 12:00:00,179.063885,179.063885,3497.0,3497.0
2019-11-07 13:00:00,204.00072,204.00071999999997,3984.0,3984.0
2019-11-07 14:00:00,241.53398500000003,241.53398500000003,4717.0,4717.0
2019-11-07 15:00:00,284.29016000000007,284.29016000000007,5552.0,5552.0
2019-11-07 16:00:00,282.088345,282.088345,5509.0,5509.0
2019-11-07 17:00:00,189.76573,189.76572999999996,3706.0,3706.0
2019-11-07 18:00:00,163.54877000000005,163.54877000000005,3194.0,3194.0
2019-11-07 19:00:00,81.51836,81.51836,1592.0,1592.0
2019-11-07 20:00:00,81.87679499999999,81.87679499999999,1599.0,1599.0
2019-11-07 21:00:00,81.72318,81.72318,1596.0,1596.0
2019-11-07 22:00:00,81.62077,81.62077,1594.0,1594.0
2019-11-07 23:00:00,81.92799999999998,81.92799999999998,1600.0,1600.0
2019-11-08 00:00:00,81.82559000000002,81.82559000000002,1598.0,1598.0
2019-11-08 01:00:00,81.671975,81.67197499999999,1595.0,1595.0
2019-11-08 02:00:00,81.72318,81.72318,1596.0,1596.0
2019-11-08 03:00:00,81.87679499999999,81.87679499999999,1599.0,1599.0
2019-11-08 04:00:00,81.364745,81.364745,1589.0,1589.0
2019-11-08 05:00:00,81.77438500000002,81.77438500000002,1597.0,1597.0
2019-11-08 06:00:00,81.87679499999999,81.87679499999999,1599.0,1599.0
2019-11-08 07:00:00,137.63904000000002,137.63904000000002,2688.0,2688.0
2019-11-08 08:00:00,166.41625,166.41625,3250.0,3250.0
2019-11-08 09:00:00,296.323335,296.32333500000004,5787.0,5787.0
2019-11-08 10:00:00,312.606525,312.606525,6105.0,6105.0
2019-11-08 11:00:00,223.71464500000002,223.71464500000002,4369.0,4369.0
2019-11-08 12:00:00,173.124105,173.124105,3381.0,3381.0
2019-11-08 13:00:00,206.612175,206.612175,4035.0,4035.0
2019-11-08 14:00:00,240.15145,240.15145,4690.0,4690.0
2019-11-08 15:00:00,275.79013,275.79013,5386.0,5386.0
2019-11-08 16:00:00,286.44077,286.44077,5594.0,5594.0
2019-11-08 17:00:00,190.99465,190.99465,3730.0,3730.0
2019-11-08 18:00:00,146.19027500000004,146.19027500000004,2855.0,2855.0
2019-11-08 19:00:00,81.51836,81.51836,1592.0,1592.0
2019-11-08 20:00:00,81.92799999999998,81.92799999999998,1600.0,1600.0
2019-11-08 21:00:00,81.72318,81.72318,1596.0,1596.0
2019-11-08 22:00:00,81.87679499999999,81.87679499999999,1599.0,1599.0
2019-11-08 23:00:00,81.87679499999999,81.87679499999999,1599.0,1599.0
2019-11-09 00:00:00,81.77438500000002,81.77438500000002,1597.0,1597.0
2019-11-09 01:00:00,81.77438500000002,81.77438500000002,1597.0,1597.0
2019-11-09 02:00:00,81.569565,81.569565,1593.0,1593.0
2019-11-09 03:00:00,81.671975,81.67197499999999,1595.0,1595.0
2019-11-09 04:00:00,81.82559000000002,81.82559000000002,1598.0,1598.0
2019-11-09 05:00:00,81.87679499999999,81.87679499999999,1599.0,1599.0
2019-11-09 06:00:00,81.92799999999998,81.92799999999998,1600.0,1600.0
2019-11-09 07:00:00,81.51836,81.51836,1592.0,1592.0
2019-11-09 08:00:00,81.569565,81.569565,1593.0,1593.0
2019-11-09 09:00:00,81.82559000000002,81.82559000000002,1598.0,1598.0
2019-11-09 10:00:00,81.87679499999999,81.87679499999999,1599.0,1599.0
2019-11-09 11:00:00,81.671975,81.67197499999999,1595.0,1595.0
2019-11-09 12:00:00,81.671975,81.67197499999999,1595.0,1595.0
2019-11-09 13:00:00,81.72318,81.72318,1596.0,1596.0
2019-11-09 14:00:00,81.364745,81.364745,1589.0,1589.0
2019-11-09 15:00:00,81.87679499999999,81.87679499999999,1599.0,1599.0
2019-11-09 16:00:00,81.569565,81.569565,1593.0,1593.0
2019-11-09 17:00:00,81.92799999999998,81.92799999999998,1600.0,1600.0
2019-11-09 18:00:00,81.92799999999998,81.92799999999998,1600.0,1600.0
2019-11-09 19:00:00,81.41595,81.41595,1590.0,1590.0
2019-11-09 20:00:00,81.92799999999998,81.92799999999998,1600.0,1600.0
2019-11-09 21:00:00,81.77438500000002,81.77438500000002,1597.0,1597.0
2019-11-09 22:00:00,81.41595,81.41595,1590.0,1590.0
2019-11-09 23:00:00,81.92799999999998,81.92799999999998,1600.0,1600.0
2019-11-10 00:00:00,81.77438500000002,81.77438500000002,1597.0,1597.0
2019-11-10 01:00:00,81.92799999999998,81.92799999999998,1600.0,1600.0
2019-11-10 02:00:00,81.31354,81.31354,1588.0,1588.0
2019-11-10 03:00:00,81.87679499999999,81.87679499999999,1599.0,1599.0
2019-11-10 04:00:00,81.82559000000002,81.82559000000002,1598.0,1598.0
2019-11-10 05:00:00,81.82559000000002,81.82559000000002,1598.0,1598.0
2019-11-10 06:00:00,81.77438500000002,81.77438500000002,1597.0,1597.0
2019-11-10 07:00:00,81.569565,81.569565,1593.0,1593.0
2019-11-10 08:00:00,81.364745,81.364745,1589.0,1589.0
2019-11-10 09:00:00,81.51836,81.51836,1592.0,1592.0
2019-11-10 10:00:00,81.87679499999999,81.87679499999999,1599.0,1599.0
2019-11-10 11:00:00,81.82559000000002,81.82559000000002,1598.0,1598.0
2019-11-10 12:00:00,81.77438500000002,81.77438500000002,1597.0,1597.0
2019-11-10 13:00:00,81.671975,81.67197499999999,1595.0,1595.0
2019-11-10 14:00:00,81.92799999999998,81.92799999999998,1600.0,1600.0
2019-11-10 15:00:00,81.72318,81.72318,1596.0,1596.0
2019-11-10 16:00:00,81.82559000000002,81.82559000000002,1598.0,1598.0
2019-11-10 17:00:00,81.62077,81.62077,1594.0,1594.0
2019-11-10 18:00:00,81.87679499999999,81.87679499999999,1599.0,1599.0
2019-11-10 19:00:00,81.82559000000002,81.82559000000002,1598.0,1598.0
2019-11-10 20:00:00,81.87679499999999,81.87679499999999,1599.0,1599.0
2019-11-10 21:00:00,81.671975,81.67197499999999,1595.0,1595.0
2019-11-10 22:00:00,81.82559000000002,81.82559000000002,1598.0,1598.0
2019-11-10 23:00:00,81.671975,81.67197499999999,1595.0,1595.0
2019-11-11 00:00:00,52.79235500000001,52.79235500000001,1031.0,1031.0
2019-11-11 01:00:00,0.0,0.0,0.0,0.0
2019-11-11 02:00:00,0.0,0.0,0.0,0.0
2019-11-11 03:00:00,0.0,0.0,0.0,0.0
2019-11-11 04:00:00,0.0,0.0,0.0,0.0
2019-11-11 05:00:00,0.0,0.0,0.0,0.0
2019-11-11 06:00:00,0.0,0.0,0.0,0.0
2019-11-11 07:00:00,150.84993,150.84993,2946.0,2946.0
2019-11-11 08:00:00,168.515655,168.515655,3291.0,3291.0
2019-11-11 09:00:00,317.36859,317.36859,6198.0,6198.0
2019-11-11 10:00:00,305.13059499999997,305.13059499999997,5959.0,5959.0
2019-11-11 11:00:00,215.52184499999998,215.52184499999998,4209.0,4209.0
2019-11-11 12:00:00,176.810865,176.810865,3453.0,3453.0
2019-11-11 13:00:00,211.52785500000002,211.52785500000002,4131.0,4131.0
2019-11-11 14:00:00,235.64541,235.64541,4602.0,4602.0
2019-11-11 15:00:00,286.287155,286.287155,5591.0,5591.0
2019-11-11 16:00:00,270.311195,270.311195,5279.0,5279.0
2019-11-11 17:00:00,185.56691999999998,185.56691999999998,3624.0,3624.0
2019-11-11 18:00:00,163.54877000000002,163.54877000000002,3194.0,3194.0
2019-11-11 19:00:00,96.36780999999998,96.36780999999998,1882.0,1882.0
2019-11-11 20:00:00,81.87679499999999,81.87679499999999,1599.0,1599.0
2019-11-11 21:00:00,81.62077,81.62077,1594.0,1594.0
2019-11-11 22:00:00,81.92799999999998,81.92799999999998,1600.0,1600.0
2019-11-11 23:00:00,81.72318,81.72318,1596.0,1596.0
2019-11-12 00:00:00,81.77438500000002,81.77438500000002,1597.0,1597.0
2019-11-12 01:00:00,81.77438500000002,81.77438500000002,1597.0,1597.0
2019-11-12 02:00:00,81.82559000000002,81.82559000000002,1598.0,1598.0
2019-11-12 03:00:00,81.87679499999999,81.87679499999999,1599.0,1599.0
2019-11-12 04:00:00,81.92799999999998,81.92799999999998,1600.0,1600.0
2019-11-12 05:00:00,81.82559000000002,81.82559000000002,1598.0,1598.0
2019-11-12 06:00:00,81.77438500000002,81.77438500000002,1597.0,1597.0
2019-11-12 07:00:00,146.49750500000002,146.49750500000002,2861.0,2861.0
2019-11-12 08:00:00,173.84097500000004,173.84097500000004,3395.0,3395.0
2019-11-12 09:00:00,312.8113450000001,312.8113450000001,6109.0,6109.0
2019-11-12 10:00:00,324.23006,324.23006,6332.0,6332.0
2019-11-12 11:00:00,228.06707,228.06707,4454.0,4454.0
2019-11-12 12:00:00,177.88616999999996,177.88616999999996,3474.0,3474.0
2019-11-12 13:00:00,205.74169,205.74169,4018.0,4018.0
2019-11-12 14:00:00,236.25987,236.25987,4614.0,4614.0
2019-11-12 15:00:00,281.985935,281.985935,5507.0,5507.0
2019-11-12 16:00:00,273.74193,273.74193,5346.0,5346.0
2019-11-12 17:00:00,192.991645,192.991645,3769.0,3769.0
2019-11-12 18:00:00,163.54877000000002,163.54877000000002,3194.0,3194.0
2019-11-12 19:00:00,89.557545,89.557545,1749.0,1749.0
2019-11-12 20:00:00,81.92799999999998,81.92799999999998,1600.0,1600.0
2019-11-12 21:00:00,81.87679499999999,81.87679499999999,1599.0,1599.0
2019-11-12 22:00:00,81.77438500000002,81.77438500000002,1597.0,1597.0
2019-11-12 23:00:00,81.51836,81.51836,1592.0,1592.0
2019-11-13 00:00:00,81.87679499999999,81.87679499999999,1599.0,1599.0
2019-11-13 01:00:00,81.82559000000002,81.82559000000002,1598.0,1598.0
2019-11-13 02:00:00,81.569565,81.569565,1593.0,1593.0
2019-11-13 03:00:00,81.569565,81.569565,1593.0,1593.0
2019-11-13 04:00:00,81.364745,81.364745,1589.0,1589.0
2019-11-13 05:00:00,81.82559000000002,81.82559000000002,1598.0,1598.0
2019-11-13 06:00:00,81.72318,81.72318,1596.0,1596.0
2019-11-13 07:00:00,141.377005,141.377005,2761.0,2761.0
2019-11-13 08:00:00,176.708455,176.708455,3451.0,3451.0
2019-11-13 09:00:00,312.65772999999996,312.6577299999999,6106.0,6106.0
2019-11-13 10:00:00,305.745055,305.745055,5971.0,5971.0
2019-11-13 11:00:00,229.347195,229.347195,4479.0,4479.0
2019-11-13 12:00:00,178.14219500000002,178.142195,3479.0,3479.0
2019-11-13 13:00:00,207.07302000000004,207.07302000000007,4044.0,4044.0
2019-11-13 14:00:00,242.09724,242.09724,4728.0,4728.0
2019-11-13 15:00:00,282.54919,282.54919,5518.0,5518.0
2019-11-13 16:00:00,278.8624300000001,278.8624300000001,5446.0,5446.0
2019-11-13 17:00:00,193.55489999999998,193.55489999999998,3780.0,3780.0
2019-11-13 18:00:00,163.65118,163.65118,3196.0,3196.0
2019-11-13 19:00:00,98.876855,98.876855,1931.0,1931.0
2019-11-13 20:00:00,81.77438500000002,81.77438500000002,1597.0,1597.0
2019-11-13 21:00:00,81.92799999999998,81.92799999999998,1600.0,1600.0
2019-11-13 22:00:00,81.569565,81.569565,1593.0,1593.0
2019-11-13 23:00:00,81.87679499999999,81.87679499999999,1599.0,1599.0
2019-11-14 00:00:00,81.92799999999998,81.92799999999998,1600.0,1600.0
2019-11-14 01:00:00,81.41595,81.41595,1590.0,1590.0
2019-11-14 02:00:00,81.77438500000002,81.77438500000002,1597.0,1597.0
2019-11-14 03:00:00,81.77438500000002,81.77438500000002,1597.0,1597.0
2019-11-14 04:00:00,81.72318,81.72318,1596.0,1596.0
2019-11-14 05:00:00,81.92799999999998,81.92799999999998,1600.0,1600.0
2019-11-14 06:00:00,81.467155,81.467155,1591.0,1591.0
2019-11-14 07:00:00,145.31979,145.31979,2838.0,2838.0
2019-11-14 08:00:00,175.12109999999998,175.12109999999998,3420.0,3420.0
2019-11-14 09:00:00,310.3023,310.3023,6060.0,6060.0
2019-11-14 10:00:00,304.8233650000001,304.8233650000001,5953.0,5953.0
2019-11-14 11:00:00,222.43452,222.43452,4344.0,4344.0
2019-11-14 12:00:00,180.54883,180.54883,3526.0,3526.0
2019-11-14 13:00:00,204.56397499999994,204.56397499999994,3995.0,3995.0
2019-11-14 14:00:00,228.37429999999995,228.37429999999995,4460.0,4460.0
2019-11-14 15:00:00,272.56421499999993,272.56421499999993,5323.0,5323.0
2019-11-14 16:00:00,286.901615,286.901615,5603.0,5603.0
2019-11-14 17:00:00,189.50970500000003,189.50970500000003,3701.0,3701.0
2019-11-14 18:00:00,148.54570500000003,148.54570500000003,2901.0,2901.0
2019-11-14 19:00:00,81.569565,81.569565,1593.0,1593.0
2019-11-14 20:00:00,81.72318,81.72318,1596.0,1596.0
2019-11-14 21:00:00,81.87679499999999,81.87679499999999,1599.0,1599.0
2019-11-14 22:00:00,81.82559000000002,81.82559000000002,1598.0,1598.0
2019-11-14 23:00:00,81.77438500000002,81.77438500000002,1597.0,1597.0
2019-11-15 00:00:00,81.82559000000002,81.82559000000002,1598.0,1598.0
2019-11-15 01:00:00,81.92799999999998,81.92799999999998,1600.0,1600.0
2019-11-15 02:00:00,81.82559000000002,81.82559000000002,1598.0,1598.0
2019-11-15 03:00:00,81.569565,81.569565,1593.0,1593.0
2019-11-15 04:00:00,81.569565,81.569565,1593.0,1593.0
2019-11-15 05:00:00,81.72318,81.72318,1596.0,1596.0
2019-11-15 06:00:00,81.72318,81.72318,1596.0,1596.0
2019-11-15 07:00:00,148.852935,148.852935,2907.0,2907.0
2019-11-15 08:00:00,175.94038,175.94038,3436.0,3436.0
2019-11-15 09:00:00,305.28421000000003,305.28421000000003,5962.0,5962.0
2019-11-15 10:00:00,300.11250499999994,300.11250499999994,5861.0,5861.0
2019-11-15 11:00:00,224.38031,224.38031,4382.0,4382.0
2019-11-15 12:00:00,178.60303999999996,178.60303999999996,3488.0,3488.0
2019-11-15 13:00:00,201.798905,201.798905,3941.0,3941.0
2019-11-15 14:00:00,231.03696,231.03696,4512.0,4512.0
2019-11-15 15:00:00,275.89254,275.89254,5388.0,5388.0
2019-11-15 16:00:00,268.46781500000003,268.46781500000003,5243.0,5243.0
2019-11-15 17:00:00,192.58200500000004,192.58200500000004,3761.0,3761.0
2019-11-15 18:00:00,163.75358999999997,163.75358999999997,3198.0,3198.0
2019-11-15 19:00:00,85.35873500000001,85.35873500000001,1667.0,1667.0
2019-11-15 20:00:00,81.51836,81.51836,1592.0,1592.0
2019-11-15 21:00:00,81.41595,81.41595,1590.0,1590.0
2019-11-15 22:00:00,81.569565,81.569565,1593.0,1593.0
2019-11-15 23:00:00,81.569565,81.569565,1593.0,1593.0
2019-11-16 00:00:00,81.92799999999998,81.92799999999998,1600.0,1600.0
2019-11-16 01:00:00,81.82559000000002,81.82559000000002,1598.0,1598.0
2019-11-16 02:00:00,81.467155,81.467155,1591.0,1591.0
2019-11-16 03:00:00,81.92799999999998,81.92799999999998,1600.0,1600.0
2019-11-16 04:00:00,81.92799999999998,81.92799999999998,1600.0,1600.0
2019-11-16 05:00:00,81.72318,81.72318,1596.0,1596.0
2019-11-16 06:00:00,81.82559000000002,81.82559000000002,1598.0,1598.0
2019-11-16 07:00:00,81.77438500000002,81.77438500000002,1597.0,1597.0
2019-11-16 08:00:00,81.77438500000002,81.77438500000002,1597.0,1597.0
2019-11-16 09:00:00,81.671975,81.67197499999999,1595.0,1595.0
2019-11-16 10:00:00,81.92799999999998,81.92799999999998,1600.0,1600.0
2019-11-16 11:00:00,81.92799999999998,81.92799999999998,1600.0,1600.0
2019-11-16 12:00:00,81.77438500000002,81.77438500000002,1597.0,1597.0
2019-11-16 13:00:00,81.569565,81.569565,1593.0,1593.0
2019-11-16 14:00:00,81.467155,81.467155,1591.0,1591.0
2019-11-16 15:00:00,81.569565,81.569565,1593.0,1593.0
2019-11-16 16:00:00,81.72318,81.72318,1596.0,1596.0
2019-11-16 17:00:00,81.671975,81.67197499999999,1595.0,1595.0
2019-11-16 18:00:00,81.671975,81.67197499999999,1595.0,1595.0
2019-11-16 19:00:00,81.87679499999999,81.87679499999999,1599.0,1599.0
2019-11-16 20:00:00,81.62077,81.62077,1594.0,1594.0
2019-11-16 21:00:00,81.87679499999999,81.87679499999999,1599.0,1599.0
2019-11-16 22:00:00,81.82559000000002,81.82559000000002,1598.0,1598.0
2019-11-16 23:00:00,81.51836,81.51836,1592.0,1592.0
2019-11-17 00:00:00,81.72318,81.72318,1596.0,1596.0
2019-11-17 01:00:00,81.72318,81.72318,1596.0,1596.0
2019-11-17 02:00:00,81.467155,81.467155,1591.0,1591.0
2019-11-17 03:00:00,81.72318,81.72318,1596.0,1596.0
2019-11-17 04:00:00,81.467155,81.467155,1591.0,1591.0
2019-11-17 05:00:00,81.92799999999998,81.92799999999998,1600.0,1600.0
2019-11-17 06:00:00,81.92799999999998,81.92799999999998,1600.0,1600.0
2019-11-17 07:00:00,81.62077,81.62077,1594.0,1594.0
2019-11-17 08:00:00,81.87679499999999,81.87679499999999,1599.0,1599.0
2019-11-17 09:00:00,81.569565,81.569565,1593.0,1593.0
2019-11-17 10:00:00,81.77438500000002,81.77438500000002,1597.0,1597.0
2019-11-17 11:00:00,81.77438500000002,81.77438500000002,1597.0,1597.0
2019-11-17 12:00:00,81.62077,81.62077,1594.0,1594.0
2019-11-17 13:00:00,81.77438500000002,81.77438500000002,1597.0,1597.0
2019-11-17 14:00:00,81.77438500000002,81.77438500000002,1597.0,1597.0
2019-11-17 15:00:00,81.72318,81.72318,1596.0,1596.0
2019-11-17 16:00:00,81.92799999999998,81.92799999999998,1600.0,1600.0
2019-11-17 17:00:00,81.82559000000002,81.82559000000002,1598.0,1598.0
2019-11-17 18:00:00,81.62077,81.62077,1594.0,1594.0
2019-11-17 19:00:00,81.77438500000002,81.77438500000002,1597.0,1597.0
2019-11-17 20:00:00,81.569565,81.569565,1593.0,1593.0
2019-11-17 21:00:00,81.92799999999998,81.92799999999998,1600.0,1600.0
2019-11-17 22:00:00,81.87679499999999,81.87679499999999,1599.0,1599.0
2019-11-17 23:00:00,81.467155,81.467155,1591.0,1591.0
2019-11-18 00:00:00,81.671975,81.67197499999999,1595.0,1595.0
2019-11-18 01:00:00,81.77438500000002,81.77438500000002,1597.0,1597.0
2019-11-18 02:00:00,4.557245,4.557245,89.0,89.0
2019-11-18 03:00:00,0.0,0.0,0.0,0.0
2019-11-18 04:00:00,0.0,0.0,0.0,0.0
2019-11-18 05:00:00,0.0,0.0,0.0,0.0
2019-11-18 06:00:00,0.0,0.0,0.0,0.0
2019-11-18 07:00:00,150.081855,150.081855,2931.0,2931.0
2019-11-18 08:00:00,179.83196,179.83195999999998,3512.0,3512.0
2019-11-18 09:00:00,308.86856,308.86856,6032.0,6032.0
2019-11-18 10:00:00,303.18480500000004,303.18480500000004,5921.0,5921.0
2019-11-18 11:00:00,222.53692999999998,222.53692999999998,4346.0,4346.0
2019-11-18 12:00:00,175.12109999999996,175.12109999999996,3420.0,3420.0
2019-11-18 13:00:00,210.196525,210.196525,4105.0,4105.0
2019-11-18 14:00:00,238.35927500000003,238.35927500000003,4655.0,4655.0
2019-11-18 15:00:00,284.29016,284.29016,5552.0,5552.0
2019-11-18 16:00:00,280.04014500000005,280.04014500000005,5469.0,5469.0
2019-11-18 17:00:00,191.60911,191.60911,3742.0,3742.0
2019-11-18 18:00:00,163.702385,163.702385,3197.0,3197.0
2019-11-18 19:00:00,103.4341,103.4341,2020.0,2020.0
2019-11-18 20:00:00,81.92799999999998,81.92799999999998,1600.0,1600.0
2019-11-18 21:00:00,81.82559000000002,81.82559000000002,1598.0,1598.0
2019-11-18 22:00:00,81.82559000000002,81.82559000000002,1598.0,1598.0
2019-11-18 23:00:00,81.82559000000002,81.82559000000002,1598.0,1598.0
2019-11-19 00:00:00,81.77438500000002,81.77438500000002,1597.0,1597.0
2019-11-19 01:00:00,81.82559000000002,81.82559000000002,1598.0,1598.0
2019-11-19 02:00:00,81.92799999999998,81.92799999999998,1600.0,1600.0
2019-11-19 03:00:00,81.82559000000002,81.82559000000002,1598.0,1598.0
2019-11-19 04:00:00,81.92799999999998,81.92799999999998,1600.0,1600.0
2019-11-19 05:00:00,81.467155,81.467155,1591.0,1591.0
2019-11-19 06:00:00,81.92799999999998,81.92799999999998,1600.0,1600.0
2019-11-19 07:00:00,151.61800499999998,151.61800499999998,2961.0,2961.0
2019-11-19 08:00:00,174.66025500000003,174.66025500000006,3411.0,3411.0
2019-11-19 09:00:00,319.82642999999996,319.82642999999996,6246.0,6246.0
2019-11-19 10:00:00,317.26617999999996,317.26617999999996,6196.0,6196.0
2019-11-19 11:00:00,225.25079500000004,225.25079500000007,4399.0,4399.0
2019-11-19 12:00:00,177.220505,177.220505,3461.0,3461.0
2019-11-19 13:00:00,208.09712000000002,208.09712000000002,4064.0,4064.0
2019-11-19 14:00:00,233.54600499999998,233.54600499999998,4561.0,4561.0
2019-11-19 15:00:00,275.48290000000003,275.48290000000003,5380.0,5380.0
2019-11-19 16:00:00,275.02205499999997,275.02205499999997,5371.0,5371.0
2019-11-19 17:00:00,194.47659000000002,194.47659000000002,3798.0,3798.0
2019-11-19 18:00:00,163.54877000000002,163.54877000000002,3194.0,3194.0
2019-11-19 19:00:00,126.220325,126.220325,2465.0,2465.0
2019-11-19 20:00:00,81.92799999999998,81.92799999999998,1600.0,1600.0
2019-11-19 21:00:00,81.92799999999998,81.92799999999998,1600.0,1600.0
2019-11-19 22:00:00,81.671975,81.67197499999999,1595.0,1595.0
2019-11-19 23:00:00,81.41595,81.41595,1590.0,1590.0
2019-11-20 00:00:00,81.51836,81.51836,1592.0,1592.0
2019-11-20 01:00:00,81.62077,81.62077,1594.0,1594.0
2019-11-20 02:00:00,81.77438500000002,81.77438500000002,1597.0,1597.0
2019-11-20 03:00:00,81.82559000000002,81.82559000000002,1598.0,1598.0
2019-11-20 04:00:00,81.467155,81.467155,1591.0,1591.0
2019-11-20 05:00:00,81.51836,81.51836,1592.0,1592.0
2019-11-20 06:00:00,81.82559000000002,81.82559000000002,1598.0,1598.0
2019-11-20 07:00:00,150.54270000000002,150.54270000000002,2940.0,2940.0
2019-11-20 08:00:00,180.497625,180.497625,3525.0,3525.0
2019-11-20 09:00:00,326.841515,326.841515,6383.0,6383.0
2019-11-20 10:00:00,308.56133000000005,308.56133000000005,6026.0,6026.0
2019-11-20 11:00:00,226.37730500000004,226.37730500000006,4421.0,4421.0
2019-11-20 12:00:00,178.859065,178.859065,3493.0,3493.0
2019-11-20 13:00:00,210.14531999999997,210.14531999999997,4104.0,4104.0
2019-11-20 14:00:00,239.94663,239.94663,4686.0,4686.0
2019-11-20 15:00:00,279.47689,279.47689,5458.0,5458.0
2019-11-20 16:00:00,267.750945,267.750945,5229.0,5229.0
2019-11-20 17:00:00,195.142255,195.142255,3811.0,3811.0
2019-11-20 18:00:00,163.49756499999998,163.49756499999998,3193.0,3193.0
2019-11-20 19:00:00,84.59066,84.59066,1652.0,1652.0
2019-11-20 20:00:00,81.87679499999999,81.87679499999999,1599.0,1599.0
2019-11-20 21:00:00,81.77438500000002,81.77438500000002,1597.0,1597.0
2019-11-20 22:00:00,81.72318,81.72318,1596.0,1596.0
2019-11-20 23:00:00,81.671975,81.67197499999999,1595.0,1595.0
2019-11-21 00:00:00,81.569565,81.569565,1593.0,1593.0
2019-11-21 01:00:00,81.467155,81.467155,1591.0,1591.0
2019-11-21 02:00:00,81.92799999999998,81.92799999999998,1600.0,1600.0
2019-11-21 03:00:00,81.87679499999999,81.87679499999999,1599.0,1599.0
2019-11-21 04:00:00,81.72318,81.72318,1596.0,1596.0
2019-11-21 05:00:00,81.87679499999999,81.87679499999999,1599.0,1599.0
2019-11-21 06:00:00,81.87679499999999,81.87679499999999,1599.0,1599.0
2019-11-21 07:00:00,148.18726999999998,148.18726999999998,2894.0,2894.0
2019-11-21 08:00:00,174.353025,174.353025,3405.0,3405.0
2019-11-21 09:00:00,319.67281499999996,319.67281499999996,6243.0,6243.0
2019-11-21 10:00:00,314.60352,314.60352,6144.0,6144.0
2019-11-21 11:00:00,212.91038999999998,212.91038999999995,4158.0,4158.0
2019-11-21 12:00:00,181.06088,181.06088,3536.0,3536.0
2019-11-21 13:00:00,208.19952999999998,208.19952999999998,4066.0,4066.0
2019-11-21 14:00:00,239.28096499999995,239.28096499999995,4673.0,4673.0
2019-11-21 15:00:00,286.33835999999997,286.33835999999997,5592.0,5592.0
2019-11-21 16:00:00,268.87745500000005,268.87745500000005,5251.0,5251.0
2019-11-21 17:00:00,194.527795,194.527795,3799.0,3799.0
2019-11-21 18:00:00,163.702385,163.702385,3197.0,3197.0
2019-11-21 19:00:00,111.37087500000001,111.37087500000001,2175.0,2175.0
2019-11-21 20:00:00,81.92799999999998,81.92799999999998,1600.0,1600.0
2019-11-21 21:00:00,81.82559000000002,81.82559000000002,1598.0,1598.0
2019-11-21 22:00:00,81.92799999999998,81.92799999999998,1600.0,1600.0
2019-11-21 23:00:00,81.72318,81.72318,1596.0,1596.0
2019-11-22 00:00:00,81.87679499999999,81.87679499999999,1599.0,1599.0
2019-11-22 01:00:00,81.671975,81.67197499999999,1595.0,1595.0
2019-11-22 02:00:00,81.92799999999998,81.92799999999998,1600.0,1600.0
2019-11-22 03:00:00,81.87679499999999,81.87679499999999,1599.0,1599.0
2019-11-22 04:00:00,81.77438500000002,81.77438500000002,1597.0,1597.0
2019-11-22 05:00:00,81.87679499999999,81.87679499999999,1599.0,1599.0
2019-11-22 06:00:00,81.87679499999999,81.87679499999999,1599.0,1599.0
2019-11-22 07:00:00,135.846865,135.846865,2653.0,2653.0
2019-11-22 08:00:00,174.097,174.097,3400.0,3400.0
2019-11-22 09:00:00,294.83839000000006,294.83839000000006,5758.0,5758.0
2019-11-22 10:00:00,326.02223499999997,326.02223499999997,6367.0,6367.0
2019-11-22 11:00:00,227.50381499999995,227.50381499999995,4443.0,4443.0
2019-11-22 12:00:00,179.2175,179.2175,3500.0,3500.0
2019-11-22 13:00:00,209.83808999999997,209.83808999999997,4098.0,4098.0
2019-11-22 14:00:00,238.66650499999997,238.66650499999997,4661.0,4661.0
2019-11-22 15:00:00,272.359395,272.359395,5319.0,5319.0
2019-11-22 16:00:00,272.15457499999997,272.15457499999997,5315.0,5315.0
2019-11-22 17:00:00,187.871145,187.871145,3669.0,3669.0
2019-11-22 18:00:00,163.702385,163.702385,3197.0,3197.0
2019-11-22 19:00:00,133.33782,133.33782,2604.0,2604.0
2019-11-22 20:00:00,81.467155,81.467155,1591.0,1591.0
2019-11-22 21:00:00,81.72318,81.72318,1596.0,1596.0
2019-11-22 22:00:00,81.92799999999998,81.92799999999998,1600.0,1600.0
2019-11-22 23:00:00,81.87679499999999,81.87679499999999,1599.0,1599.0
2019-11-23 00:00:00,81.87679499999999,81.87679499999999,1599.0,1599.0
2019-11-23 01:00:00,81.82559000000002,81.82559000000002,1598.0,1598.0
2019-11-23 02:00:00,81.92799999999998,81.92799999999998,1600.0,1600.0
2019-11-23 03:00:00,81.92799999999998,81.92799999999998,1600.0,1600.0
2019-11-23 04:00:00,81.92799999999998,81.92799999999998,1600.0,1600.0
2019-11-23 05:00:00,81.72318,81.72318,1596.0,1596.0
2019-11-23 06:00:00,81.77438500000002,81.77438500000002,1597.0,1597.0
2019-11-23 07:00:00,81.467155,81.467155,1591.0,1591.0
2019-11-23 08:00:00,81.87679499999999,81.87679499999999,1599.0,1599.0
2019-11-23 09:00:00,81.569565,81.569565,1593.0,1593.0
2019-11-23 10:00:00,81.62077,81.62077,1594.0,1594.0
2019-11-23 11:00:00,81.87679499999999,81.87679499999999,1599.0,1599.0
2019-11-23 12:00:00,81.92799999999998,81.92799999999998,1600.0,1600.0
2019-11-23 13:00:00,81.467155,81.467155,1591.0,1591.0
2019-11-23 14:00:00,81.82559000000002,81.82559000000002,1598.0,1598.0
2019-11-23 15:00:00,81.82559000000002,81.82559000000002,1598.0,1598.0
2019-11-23 16:00:00,81.82559000000002,81.82559000000002,1598.0,1598.0
2019-11-23 17:00:00,81.51836,81.51836,1592.0,1592.0
2019-11-23 18:00:00,81.77438500000002,81.77438500000002,1597.0,1597.0
2019-11-23 19:00:00,81.92799999999998,81.92799999999998,1600.0,1600.0
2019-11-23 20:00:00,81.77438500000002,81.77438500000002,1597.0,1597.0
2019-11-23 21:00:00,81.82559000000002,81.82559000000002,1598.0,1598.0
2019-11-23 22:00:00,81.72318,81.72318,1596.0,1596.0
2019-11-23 23:00:00,81.72318,81.72318,1596.0,1596.0
2019-11-24 00:00:00,81.72318,81.72318,1596.0,1596.0
2019-11-24 01:00:00,81.62077,81.62077,1594.0,1594.0
2019-11-24 02:00:00,81.92799999999998,81.92799999999998,1600.0,1600.0
2019-11-24 03:00:00,81.72318,81.72318,1596.0,1596.0
2019-11-24 04:00:00,81.92799999999998,81.92799999999998,1600.0,1600.0
2019-11-24 05:00:00,81.92799999999998,81.92799999999998,1600.0,1600.0
2019-11-24 06:00:00,81.82559000000002,81.82559000000002,1598.0,1598.0
2019-11-24 07:00:00,81.92799999999998,81.92799999999998,1600.0,1600.0
2019-11-24 08:00:00,81.77438500000002,81.77438500000002,1597.0,1597.0
2019-11-24 09:00:00,81.92799999999998,81.92799999999998,1600.0,1600.0
2019-11-24 10:00:00,81.92799999999998,81.92799999999998,1600.0,1600.0
2019-11-24 11:00:00,81.41595,81.41595,1590.0,1590.0
2019-11-24 12:00:00,81.77438500000002,81.77438500000002,1597.0,1597.0
2019-11-24 13:00:00,81.92799999999998,81.92799999999998,1600.0,1600.0
2019-11-24 14:00:00,81.671975,81.67197499999999,1595.0,1595.0
2019-11-24 15:00:00,81.92799999999998,81.92799999999998,1600.0,1600.0
2019-11-24 16:00:00,81.77438500000002,81.77438500000002,1597.0,1597.0
2019-11-24 17:00:00,81.77438500000002,81.77438500000002,1597.0,1597.0
2019-11-24 18:00:00,81.82559000000002,81.82559000000002,1598.0,1598.0
2019-11-24 19:00:00,81.671975,81.67197499999999,1595.0,1595.0
2019-11-24 20:00:00,81.62077,81.62077,1594.0,1594.0
2019-11-24 21:00:00,81.87679499999999,81.87679499999999,1599.0,1599.0
2019-11-24 22:00:00,81.92799999999998,81.92799999999998,1600.0,1600.0
2019-11-24 23:00:00,81.87679499999999,81.87679499999999,1599.0,1599.0
2019-11-25 00:00:00,81.569565,81.569565,1593.0,1593.0
2019-11-25 01:00:00,81.82559000000002,81.82559000000002,1598.0,1598.0
2019-11-25 02:00:00,81.62077,81.62077,1594.0,1594.0
2019-11-25 03:00:00,81.62077,81.62077,1594.0,1594.0
2019-11-25 04:00:00,29.238055000000003,29.238055000000003,571.0,571.0
2019-11-25 05:00:00,0.0,0.0,0.0,0.0
2019-11-25 06:00:00,0.0,0.0,0.0,0.0
2019-11-25 07:00:00,149.36498500000002,149.36498500000002,2917.0,2917.0
2019-11-25 08:00:00,180.54883,180.54883,3526.0,3526.0
2019-11-25 09:00:00,304.77216,304.77215999999993,5952.0,5952.0
2019-11-25 10:00:00,311.83845,311.83845,6090.0,6090.0
2019-11-25 11:00:00,220.94957500000004,220.94957500000004,4315.0,4315.0
2019-11-25 12:00:00,174.81387000000004,174.81387000000004,3414.0,3414.0
2019-11-25 13:00:00,202.56698000000003,202.56698000000003,3956.0,3956.0
2019-11-25 14:00:00,236.77192000000002,236.77192000000002,4624.0,4624.0
2019-11-25 15:00:00,289.92271,289.92271,5662.0,5662.0
2019-11-25 16:00:00,284.6998,284.6998,5560.0,5560.0
2019-11-25 17:00:00,188.53681000000003,188.53681000000003,3682.0,3682.0
2019-11-25 18:00:00,163.75359,163.75359,3198.0,3198.0
2019-11-25 19:00:00,126.88599000000002,126.88599000000002,2478.0,2478.0
2019-11-25 20:00:00,81.569565,81.569565,1593.0,1593.0
2019-11-25 21:00:00,81.77438500000002,81.77438500000002,1597.0,1597.0
2019-11-25 22:00:00,81.87679499999999,81.87679499999999,1599.0,1599.0
2019-11-25 23:00:00,81.62077,81.62077,1594.0,1594.0
2019-11-26 00:00:00,81.671975,81.67197499999999,1595.0,1595.0
2019-11-26 01:00:00,81.62077,81.62077,1594.0,1594.0
2019-11-26 02:00:00,81.31354,81.31354,1588.0,1588.0
2019-11-26 03:00:00,81.72318,81.72318,1596.0,1596.0
2019-11-26 04:00:00,81.41595,81.41595,1590.0,1590.0
2019-11-26 05:00:00,81.51836,81.51836,1592.0,1592.0
2019-11-26 06:00:00,81.77438500000002,81.77438500000002,1597.0,1597.0
2019-11-26 07:00:00,144.244485,144.244485,2817.0,2817.0
2019-11-26 08:00:00,168.87409000000002,168.87409000000002,3298.0,3298.0
2019-11-26 09:00:00,323.974035,323.974035,6327.0,6327.0
2019-11-26 10:00:00,314.859545,314.8595450000001,6149.0,6149.0
2019-11-26 11:00:00,221.66644500000004,221.66644500000004,4329.0,4329.0
2019-11-26 12:00:00,178.756655,178.756655,3491.0,3491.0
2019-11-26 13:00:00,212.65436499999998,212.65436499999998,4153.0,4153.0
2019-11-26 14:00:00,238.05204500000002,238.05204500000002,4649.0,4649.0
2019-11-26 15:00:00,285.77510500000005,285.77510500000005,5581.0,5581.0
2019-11-26 16:00:00,288.94981500000006,288.94981500000006,5643.0,5643.0
2019-11-26 17:00:00,198.57298999999998,198.57299,3878.0,3878.0
2019-11-26 18:00:00,163.54877,163.54877,3194.0,3194.0
2019-11-26 19:00:00,91.29851499999998,91.29851499999998,1783.0,1783.0
2019-11-26 20:00:00,81.569565,81.569565,1593.0,1593.0
2019-11-26 21:00:00,81.62077,81.62077,1594.0,1594.0
2019-11-26 22:00:00,81.92799999999998,81.92799999999998,1600.0,1600.0
2019-11-26 23:00:00,81.92799999999998,81.92799999999998,1600.0,1600.0
2019-11-27 00:00:00,81.569565,81.569565,1593.0,1593.0
2019-11-27 01:00:00,81.62077,81.62077,1594.0,1594.0
2019-11-27 02:00:00,81.82559000000002,81.82559000000002,1598.0,1598.0
2019-11-27 03:00:00,81.72318,81.72318,1596.0,1596.0
2019-11-27 04:00:00,81.87679499999999,81.87679499999999,1599.0,1599.0
2019-11-27 05:00:00,81.92799999999998,81.92799999999998,1600.0,1600.0
2019-11-27 06:00:00,81.87679499999999,81.87679499999999,1599.0,1599.0
2019-11-27 07:00:00,140.250495,140.250495,2739.0,2739.0
2019-11-27 08:00:00,174.557845,174.557845,3409.0,3409.0
2019-11-27 09:00:00,306.05228500000004,306.0522850000001,5977.0,5977.0
2019-11-27 10:00:00,303.95288,303.95288,5936.0,5936.0
2019-11-27 11:00:00,223.91946499999997,223.91946499999997,4373.0,4373.0
2019-11-27 12:00:00,174.81387,174.81387,3414.0,3414.0
2019-11-27 13:00:00,200.979625,200.979625,3925.0,3925.0
2019-11-27 14:00:00,237.07915,237.07915,4630.0,4630.0
2019-11-27 15:00:00,279.78412,279.78412,5464.0,5464.0
2019-11-27 16:00:00,275.07326000000006,275.07326000000006,5372.0,5372.0
2019-11-27 17:00:00,196.31997,196.31997,3834.0,3834.0
2019-11-27 18:00:00,163.497565,163.497565,3193.0,3193.0
2019-11-27 19:00:00,95.95816999999998,95.95816999999998,1874.0,1874.0
2019-11-27 20:00:00,81.87679499999999,81.87679499999999,1599.0,1599.0
2019-11-27 21:00:00,81.671975,81.67197499999999,1595.0,1595.0
2019-11-27 22:00:00,81.92799999999998,81.92799999999998,1600.0,1600.0
2019-11-27 23:00:00,81.82559000000002,81.82559000000002,1598.0,1598.0
2019-11-28 00:00:00,81.51836,81.51836,1592.0,1592.0
2019-11-28 01:00:00,81.92799999999998,81.92799999999998,1600.0,1600.0
2019-11-28 02:00:00,81.51836,81.51836,1592.0,1592.0
2019-11-28 03:00:00,81.87679499999999,81.87679499999999,1599.0,1599.0
2019-11-28 04:00:00,81.62077,81.62077,1594.0,1594.0
2019-11-28 05:00:00,81.77438500000002,81.77438500000002,1597.0,1597.0
2019-11-28 06:00:00,81.82559000000002,81.82559000000002,1598.0,1598.0
2019-11-28 07:00:00,150.33787999999998,150.33787999999998,2936.0,2936.0
2019-11-28 08:00:00,176.86207000000002,176.86207000000002,3454.0,3454.0
2019-11-28 09:00:00,316.600515,316.600515,6183.0,6183.0
2019-11-28 10:00:00,315.32039,315.32039,6158.0,6158.0
2019-11-28 11:00:00,226.172485,226.172485,4417.0,4417.0
2019-11-28 12:00:00,177.834965,177.834965,3473.0,3473.0
2019-11-28 13:00:00,210.55496000000002,210.55496,4112.0,4112.0
2019-11-28 14:00:00,240.97072999999997,240.97072999999997,4706.0,4706.0
2019-11-28 15:00:00,280.75701499999997,280.75701499999997,5483.0,5483.0
2019-11-28 16:00:00,279.68170999999995,279.68170999999995,5462.0,5462.0
2019-11-28 17:00:00,190.99465,190.99465,3730.0,3730.0
2019-11-28 18:00:00,163.44636000000003,163.44636000000003,3192.0,3192.0
2019-11-28 19:00:00,104.40699499999998,104.40699499999998,2039.0,2039.0
2019-11-28 20:00:00,81.87679499999999,81.87679499999999,1599.0,1599.0
2019-11-28 21:00:00,81.77438500000002,81.77438500000002,1597.0,1597.0
2019-11-28 22:00:00,81.82559000000002,81.82559000000002,1598.0,1598.0
2019-11-28 23:00:00,81.72318,81.72318,1596.0,1596.0
2019-11-29 00:00:00,81.467155,81.467155,1591.0,1591.0
2019-11-29 01:00:00,81.77438500000002,81.77438500000002,1597.0,1597.0
2019-11-29 02:00:00,81.82559000000002,81.82559000000002,1598.0,1598.0
2019-11-29 03:00:00,81.82559000000002,81.82559000000002,1598.0,1598.0
2019-11-29 04:00:00,81.87679499999999,81.87679499999999,1599.0,1599.0
2019-11-29 05:00:00,81.87679499999999,81.87679499999999,1599.0,1599.0
2019-11-29 06:00:00,81.82559000000002,81.82559000000002,1598.0,1598.0
2019-11-29 07:00:00,141.32580000000002,141.32580000000002,2760.0,2760.0
2019-11-29 08:00:00,183.72354,183.72354,3588.0,3588.0
2019-11-29 09:00:00,306.71795,306.71795,5990.0,5990.0
2019-11-29 10:00:00,317.522205,317.522205,6201.0,6201.0
2019-11-29 11:00:00,219.82306499999999,219.82306499999999,4293.0,4293.0
2019-11-29 12:00:00,177.22050499999997,177.22050499999995,3461.0,3461.0
2019-11-29 13:00:00,206.81699500000005,206.81699500000005,4039.0,4039.0
2019-11-29 14:00:00,230.576115,230.576115,4503.0,4503.0
2019-11-29 15:00:00,282.702805,282.702805,5521.0,5521.0
2019-11-29 16:00:00,290.48596499999996,290.48596499999996,5673.0,5673.0
2019-11-29 17:00:00,195.039845,195.039845,3809.0,3809.0
2019-11-29 18:00:00,163.54877,163.54877,3194.0,3194.0
2019-11-29 19:00:00,124.63297,124.63297,2434.0,2434.0
2019-11-29 20:00:00,81.77438500000002,81.77438500000002,1597.0,1597.0
2019-11-29 21:00:00,81.671975,81.67197499999999,1595.0,1595.0
2019-11-29 22:00:00,81.82559000000002,81.82559000000002,1598.0,1598.0
2019-11-29 23:00:00,81.62077,81.62077,1594.0,1594.0
2019-11-30 00:00:00,81.467155,81.467155,1591.0,1591.0
2019-11-30 01:00:00,81.82559000000002,81.82559000000002,1598.0,1598.0
2019-11-30 02:00:00,81.467155,81.467155,1591.0,1591.0
2019-11-30 03:00:00,81.92799999999998,81.92799999999998,1600.0,1600.0
2019-11-30 04:00:00,81.92799999999998,81.92799999999998,1600.0,1600.0
2019-11-30 05:00:00,81.87679499999999,81.87679499999999,1599.0,1599.0
2019-11-30 06:00:00,81.72318,81.72318,1596.0,1596.0
2019-11-30 07:00:00,81.92799999999998,81.92799999999998,1600.0,1600.0
2019-11-30 08:00:00,81.364745,81.364745,1589.0,1589.0
2019-11-30 09:00:00,81.92799999999998,81.92799999999998,1600.0,1600.0
2019-11-30 10:00:00,81.87679499999999,81.87679499999999,1599.0,1599.0
2019-11-30 11:00:00,81.92799999999998,81.92799999999998,1600.0,1600.0
2019-11-30 12:00:00,81.51836,81.51836,1592.0,1592.0
2019-11-30 13:00:00,81.72318,81.72318,1596.0,1596.0
2019-11-30 14:00:00,81.77438500000002,81.77438500000002,1597.0,1597.0
2019-11-30 15:00:00,81.82559000000002,81.82559000000002,1598.0,1598.0
2019-11-30 16:00:00,81.92799999999998,81.92799999999998,1600.0,1600.0
2019-11-30 17:00:00,81.87679499999999,81.87679499999999,1599.0,1599.0
2019-11-30 18:00:00,81.671975,81.67197499999999,1595.0,1595.0
2019-11-30 19:00:00,81.92799999999998,81.92799999999998,1600.0,1600.0
2019-11-30 20:00:00,81.92799999999998,81.92799999999998,1600.0,1600.0
2019-11-30 21:00:00,81.77438500000002,81.77438500000002,1597.0,1597.0
2019-11-30 22:00:00,81.62077,81.62077,1594.0,1594.0
2019-11-30 23:00:00,81.92799999999998,81.92799999999998,1600.0,1600.0
2019-12-01 00:00:00,81.72318,81.72318,1596.0,1596.0
2019-12-01 01:00:00,81.92799999999998,81.92799999999998,1600.0,1600.0
2019-12-01 02:00:00,81.77438500000002,81.77438500000002,1597.0,1597.0
2019-12-01 03:00:00,81.77438500000002,81.77438500000002,1597.0,1597.0
2019-12-01 04:00:00,81.62077,81.62077,1594.0,1594.0
2019-12-01 05:00:00,81.92799999999998,81.92799999999998,1600.0,1600.0
2019-12-01 06:00:00,81.82559000000002,81.82559000000002,1598.0,1598.0
2019-12-01 07:00:00,81.671975,81.67197499999999,1595.0,1595.0
2019-12-01 08:00:00,81.671975,81.67197499999999,1595.0,1595.0
2019-12-01 09:00:00,81.72318,81.72318,1596.0,1596.0
2019-12-01 10:00:00,81.467155,81.467155,1591.0,1591.0
2019-12-01 11:00:00,81.62077,81.62077,1594.0,1594.0
2019-12-01 12:00:00,81.671975,81.67197499999999,1595.0,1595.0
2019-12-01 13:00:00,81.72318,81.72318,1596.0,1596.0
2019-12-01 14:00:00,81.77438500000002,81.77438500000002,1597.0,1597.0
2019-12-01 15:00:00,81.87679499999999,81.87679499999999,1599.0,1599.0
2019-12-01 16:00:00,81.77438500000002,81.77438500000002,1597.0,1597.0
2019-12-01 17:00:00,81.77438500000002,81.77438500000002,1597.0,1597.0
2019-12-01 18:00:00,81.87679499999999,81.87679499999999,1599.0,1599.0
2019-12-01 19:00:00,81.671975,81.67197499999999,1595.0,1595.0
2019-12-01 20:00:00,81.92799999999998,81.92799999999998,1600.0,1600.0
2019-12-01 21:00:00,81.82559000000002,81.82559000000002,1598.0,1598.0
2019-12-01 22:00:00,81.72318,81.72318,1596.0,1596.0
2019-12-01 23:00:00,81.82559000000002,81.82559000000002,1598.0,1598.0
2019-12-02 00:00:00,81.569565,81.569565,1593.0,1593.0
2019-12-02 01:00:00,81.467155,81.467155,1591.0,1591.0
2019-12-02 02:00:00,81.671975,81.67197499999999,1595.0,1595.0
2019-12-02 03:00:00,81.92799999999998,81.92799999999998,1600.0,1600.0
2019-12-02 04:00:00,81.92799999999998,81.92799999999998,1600.0,1600.0
2019-12-02 05:00:00,66.87373,66.87373,1306.0,1306.0
2019-12-02 06:00:00,0.0,0.0,0.0,0.0
2019-12-02 07:00:00,139.99447,139.99447,2734.0,2734.0
2019-12-02 08:00:00,174.762665,174.762665,3413.0,3413.0
2019-12-02 09:00:00,310.660735,310.660735,6067.0,6067.0
2019-12-02 10:00:00,322.54029499999996,322.54029499999996,6299.0,6299.0
2019-12-02 11:00:00,226.07007499999997,226.07007499999997,4415.0,4415.0
2019-12-02 12:00:00,179.42232,179.42232,3504.0,3504.0
2019-12-02 13:00:00,216.90437999999997,216.90437999999997,4236.0,4236.0
2019-12-02 14:00:00,237.89843000000002,237.89843000000002,4646.0,4646.0
2019-12-02 15:00:00,271.79614,271.79614,5308.0,5308.0
2019-12-02 16:00:00,290.02511999999996,290.02511999999996,5664.0,5664.0
2019-12-02 17:00:00,193.606105,193.606105,3781.0,3781.0
2019-12-02 18:00:00,163.702385,163.702385,3197.0,3197.0
2019-12-02 19:00:00,125.50345500000003,125.50345500000002,2451.0,2451.0
2019-12-02 20:00:00,81.62077,81.62077,1594.0,1594.0
2019-12-02 21:00:00,81.87679499999999,81.87679499999999,1599.0,1599.0
2019-12-02 22:00:00,81.92799999999998,81.92799999999998,1600.0,1600.0
2019-12-02 23:00:00,81.82559000000002,81.82559000000002,1598.0,1598.0
2019-12-03 00:00:00,81.82559000000002,81.82559000000002,1598.0,1598.0
2019-12-03 01:00:00,81.77438500000002,81.77438500000002,1597.0,1597.0
2019-12-03 02:00:00,81.87679499999999,81.87679499999999,1599.0,1599.0
2019-12-03 03:00:00,81.72318,81.72318,1596.0,1596.0
2019-12-03 04:00:00,81.77438500000002,81.77438500000002,1597.0,1597.0
2019-12-03 05:00:00,81.92799999999998,81.92799999999998,1600.0,1600.0
2019-12-03 06:00:00,81.92799999999998,81.92799999999998,1600.0,1600.0
2019-12-03 07:00:00,146.292685,146.29268499999998,2857.0,2857.0
2019-12-03 08:00:00,170.71746999999996,170.71746999999996,3334.0,3334.0
2019-12-03 09:00:00,312.3505,312.3505,6100.0,6100.0
2019-12-03 10:00:00,303.69685499999997,303.69685499999997,5931.0,5931.0
2019-12-03 11:00:00,226.070075,226.070075,4415.0,4415.0
2019-12-03 12:00:00,182.59703,182.59703,3566.0,3566.0
2019-12-03 13:00:00,212.19352,212.19352,4144.0,4144.0
2019-12-03 14:00:00,234.26287499999998,234.26287499999998,4575.0,4575.0
2019-12-03 15:00:00,278.606405,278.606405,5441.0,5441.0
2019-12-03 16:00:00,288.84740500000004,288.84740500000004,5641.0,5641.0
2019-12-03 17:00:00,192.12115999999997,192.12115999999997,3752.0,3752.0
2019-12-03 18:00:00,163.75359,163.75359,3198.0,3198.0
2019-12-03 19:00:00,110.65400500000001,110.65400500000001,2161.0,2161.0
2019-12-03 20:00:00,81.569565,81.569565,1593.0,1593.0
2019-12-03 21:00:00,81.77438500000002,81.77438500000002,1597.0,1597.0
2019-12-03 22:00:00,81.92799999999998,81.92799999999998,1600.0,1600.0
2019-12-03 23:00:00,81.671975,81.67197499999999,1595.0,1595.0
2019-12-04 00:00:00,81.82559000000002,81.82559000000002,1598.0,1598.0
2019-12-04 01:00:00,81.62077,81.62077,1594.0,1594.0
2019-12-04 02:00:00,81.671975,81.67197499999999,1595.0,1595.0
2019-12-04 03:00:00,81.87679499999999,81.87679499999999,1599.0,1599.0
2019-12-04 04:00:00,81.51836,81.51836,1592.0,1592.0
2019-12-04 05:00:00,81.77438500000002,81.77438500000002,1597.0,1597.0
2019-12-04 06:00:00,81.671975,81.67197499999999,1595.0,1595.0
2019-12-04 07:00:00,146.087865,146.087865,2853.0,2853.0
2019-12-04 08:00:00,176.09399500000004,176.09399500000004,3439.0,3439.0
2019-12-04 09:00:00,310.251095,310.251095,6059.0,6059.0
2019-12-04 10:00:00,325.305365,325.305365,6353.0,6353.0
2019-12-04 11:00:00,225.09717999999998,225.09717999999998,4396.0,4396.0
2019-12-04 12:00:00,177.11809499999998,177.118095,3459.0,3459.0
2019-12-04 13:00:00,208.40435,208.40435000000002,4070.0,4070.0
2019-12-04 14:00:00,241.6876,241.6876,4720.0,4720.0
2019-12-04 15:00:00,269.74794,269.74794,5268.0,5268.0
2019-12-04 16:00:00,284.44377499999996,284.44377499999996,5555.0,5555.0
2019-12-04 17:00:00,185.92535500000002,185.92535500000002,3631.0,3631.0
2019-12-04 18:00:00,163.54877,163.54877,3194.0,3194.0
2019-12-04 19:00:00,121.66308000000002,121.66308000000004,2376.0,2376.0
2019-12-04 20:00:00,81.569565,81.569565,1593.0,1593.0
2019-12-04 21:00:00,81.87679499999999,81.87679499999999,1599.0,1599.0
2019-12-04 22:00:00,81.82559000000002,81.82559000000002,1598.0,1598.0
2019-12-04 23:00:00,81.62077,81.62077,1594.0,1594.0
2019-12-05 00:00:00,81.569565,81.569565,1593.0,1593.0
2019-12-05 01:00:00,81.77438500000002,81.77438500000002,1597.0,1597.0
2019-12-05 02:00:00,81.671975,81.67197499999999,1595.0,1595.0
2019-12-05 03:00:00,81.82559000000002,81.82559000000002,1598.0,1598.0
2019-12-05 04:00:00,81.41595,81.41595,1590.0,1590.0
2019-12-05 05:00:00,81.77438500000002,81.77438500000002,1597.0,1597.0
2019-12-05 06:00:00,81.671975,81.67197499999999,1595.0,1595.0
2019-12-05 07:00:00,144.60292,144.60292,2824.0,2824.0
2019-12-05 08:00:00,170.81988,170.81988,3336.0,3336.0
2019-12-05 09:00:00,315.98605499999996,315.98605499999996,6171.0,6171.0
2019-12-05 10:00:00,311.68483499999996,311.68483499999996,6087.0,6087.0
2019-12-05 11:00:00,224.07308,224.07308,4376.0,4376.0
2019-12-05 12:00:00,177.47653000000003,177.47653000000005,3466.0,3466.0
2019-12-05 13:00:00,209.73568,209.73568,4096.0,4096.0
2019-12-05 14:00:00,245.68159,245.68159,4798.0,4798.0
2019-12-05 15:00:00,278.24796999999995,278.24796999999995,5434.0,5434.0
2019-12-05 16:00:00,292.73898499999996,292.73898499999996,5717.0,5717.0
2019-12-05 17:00:00,192.88923499999999,192.88923499999999,3767.0,3767.0
2019-12-05 18:00:00,163.65117999999998,163.65117999999998,3196.0,3196.0
2019-12-05 19:00:00,123.86489500000002,123.86489500000002,2419.0,2419.0
2019-12-05 20:00:00,81.467155,81.467155,1591.0,1591.0
2019-12-05 21:00:00,81.92799999999998,81.92799999999998,1600.0,1600.0
2019-12-05 22:00:00,81.77438500000002,81.77438500000002,1597.0,1597.0
2019-12-05 23:00:00,81.569565,81.569565,1593.0,1593.0
2019-12-06 00:00:00,81.82559000000002,81.82559000000002,1598.0,1598.0
2019-12-06 01:00:00,81.77438500000002,81.77438500000002,1597.0,1597.0
2019-12-06 02:00:00,81.31354,81.31354,1588.0,1588.0
2019-12-06 03:00:00,81.671975,81.67197499999999,1595.0,1595.0
2019-12-06 04:00:00,81.51836,81.51836,1592.0,1592.0
2019-12-06 05:00:00,81.82559000000002,81.82559000000002,1598.0,1598.0
2019-12-06 06:00:00,81.92799999999998,81.92799999999998,1600.0,1600.0
2019-12-06 07:00:00,141.73543999999998,141.73543999999998,2768.0,2768.0
2019-12-06 08:00:00,177.88617000000002,177.88617000000002,3474.0,3474.0
2019-12-06 09:00:00,303.64565,303.64564999999993,5930.0,5930.0
2019-12-06 10:00:00,319.1607650000001,319.160765,6233.0,6233.0
2019-12-06 11:00:00,219.31101500000003,219.31101500000003,4283.0,4283.0
2019-12-06 12:00:00,176.09399499999995,176.09399499999995,3439.0,3439.0
2019-12-06 13:00:00,204.41036000000005,204.41036000000005,3992.0,3992.0
2019-12-06 14:00:00,241.021935,241.021935,4707.0,4707.0
2019-12-06 15:00:00,286.6455900000001,286.6455900000001,5598.0,5598.0
2019-12-06 16:00:00,285.2118499999999,285.2118499999999,5570.0,5570.0
2019-12-06 17:00:00,194.98864000000003,194.98864000000003,3808.0,3808.0
2019-12-06 18:00:00,163.39515500000002,163.39515500000002,3191.0,3191.0
2019-12-06 19:00:00,109.16905999999999,109.16905999999999,2132.0,2132.0
2019-12-06 20:00:00,81.87679499999999,81.87679499999999,1599.0,1599.0
2019-12-06 21:00:00,81.77438500000002,81.77438500000002,1597.0,1597.0
2019-12-06 22:00:00,81.569565,81.569565,1593.0,1593.0
2019-12-06 23:00:00,81.72318,81.72318,1596.0,1596.0
2019-12-07 00:00:00,81.77438500000002,81.77438500000002,1597.0,1597.0
2019-12-07 01:00:00,81.87679499999999,81.87679499999999,1599.0,1599.0
2019-12-07 02:00:00,81.92799999999998,81.92799999999998,1600.0,1600.0
2019-12-07 03:00:00,81.82559000000002,81.82559000000002,1598.0,1598.0
2019-12-07 04:00:00,81.72318,81.72318,1596.0,1596.0
2019-12-07 05:00:00,81.92799999999998,81.92799999999998,1600.0,1600.0
2019-12-07 06:00:00,81.87679499999999,81.87679499999999,1599.0,1599.0
2019-12-07 07:00:00,81.72318,81.72318,1596.0,1596.0
2019-12-07 08:00:00,81.364745,81.364745,1589.0,1589.0
2019-12-07 09:00:00,81.87679499999999,81.87679499999999,1599.0,1599.0
2019-12-07 10:00:00,81.77438500000002,81.77438500000002,1597.0,1597.0
2019-12-07 11:00:00,81.92799999999998,81.92799999999998,1600.0,1600.0
2019-12-07 12:00:00,81.77438500000002,81.77438500000002,1597.0,1597.0
2019-12-07 13:00:00,81.364745,81.364745,1589.0,1589.0
2019-12-07 14:00:00,81.62077,81.62077,1594.0,1594.0
2019-12-07 15:00:00,81.82559000000002,81.82559000000002,1598.0,1598.0
2019-12-07 16:00:00,81.77438500000002,81.77438500000002,1597.0,1597.0
2019-12-07 17:00:00,81.62077,81.62077,1594.0,1594.0
2019-12-07 18:00:00,81.77438500000002,81.77438500000002,1597.0,1597.0
2019-12-07 19:00:00,81.671975,81.67197499999999,1595.0,1595.0
2019-12-07 20:00:00,81.82559000000002,81.82559000000002,1598.0,1598.0
2019-12-07 21:00:00,81.671975,81.67197499999999,1595.0,1595.0
2019-12-07 22:00:00,81.72318,81.72318,1596.0,1596.0
2019-12-07 23:00:00,81.82559000000002,81.82559000000002,1598.0,1598.0
2019-12-08 00:00:00,81.671975,81.67197499999999,1595.0,1595.0
2019-12-08 01:00:00,81.92799999999998,81.92799999999998,1600.0,1600.0
2019-12-08 02:00:00,81.87679499999999,81.87679499999999,1599.0,1599.0
2019-12-08 03:00:00,81.671975,81.67197499999999,1595.0,1595.0
2019-12-08 04:00:00,81.92799999999998,81.92799999999998,1600.0,1600.0
2019-12-08 05:00:00,81.77438500000002,81.77438500000002,1597.0,1597.0
2019-12-08 06:00:00,81.72318,81.72318,1596.0,1596.0
2019-12-08 07:00:00,81.87679499999999,81.87679499999999,1599.0,1599.0
2019-12-08 08:00:00,81.41595,81.41595,1590.0,1590.0
2019-12-08 09:00:00,81.77438500000002,81.77438500000002,1597.0,1597.0
2019-12-08 10:00:00,81.569565,81.569565,1593.0,1593.0
2019-12-08 11:00:00,81.41595,81.41595,1590.0,1590.0
2019-12-08 12:00:00,81.569565,81.569565,1593.0,1593.0
2019-12-08 13:00:00,81.72318,81.72318,1596.0,1596.0
2019-12-08 14:00:00,81.51836,81.51836,1592.0,1592.0
2019-12-08 15:00:00,81.72318,81.72318,1596.0,1596.0
2019-12-08 16:00:00,81.569565,81.569565,1593.0,1593.0
2019-12-08 17:00:00,81.82559000000002,81.82559000000002,1598.0,1598.0
2019-12-08 18:00:00,81.82559000000002,81.82559000000002,1598.0,1598.0
2019-12-08 19:00:00,81.72318,81.72318,1596.0,1596.0
2019-12-08 20:00:00,81.77438500000002,81.77438500000002,1597.0,1597.0
2019-12-08 21:00:00,81.92799999999998,81.92799999999998,1600.0,1600.0
2019-12-08 22:00:00,81.87679499999999,81.87679499999999,1599.0,1599.0
2019-12-08 23:00:00,81.41595,81.41595,1590.0,1590.0
2019-12-09 00:00:00,81.82559000000002,81.82559000000002,1598.0,1598.0
2019-12-09 01:00:00,81.72318,81.72318,1596.0,1596.0
2019-12-09 02:00:00,81.82559000000002,81.82559000000002,1598.0,1598.0
2019-12-09 03:00:00,81.569565,81.569565,1593.0,1593.0
2019-12-09 04:00:00,81.62077,81.62077,1594.0,1594.0
2019-12-09 05:00:00,81.72318,81.72318,1596.0,1596.0
2019-12-09 06:00:00,81.569565,81.569565,1593.0,1593.0
2019-12-09 07:00:00,143.93725500000002,143.93725500000002,2811.0,2811.0
2019-12-09 08:00:00,176.65725,176.65725,3450.0,3450.0
2019-12-09 09:00:00,330.32345499999997,330.32345499999997,6451.0,6451.0
2019-12-09 10:00:00,309.22699499999993,309.22699499999993,6039.0,6039.0
2019-12-09 11:00:00,221.97367500000004,221.97367500000001,4335.0,4335.0
2019-12-09 12:00:00,179.83196000000004,179.83196000000004,3512.0,3512.0
2019-12-09 13:00:00,209.22362999999999,209.22362999999999,4086.0,4086.0
2019-12-09 14:00:00,243.27495500000003,243.27495500000003,4751.0,4751.0
2019-12-09 15:00:00,277.991945,277.991945,5429.0,5429.0
2019-12-09 16:00:00,283.77811,283.77811,5542.0,5542.0
2019-12-09 17:00:00,191.50669999999997,191.50669999999997,3740.0,3740.0
2019-12-09 18:00:00,163.80479499999996,163.80479499999996,3199.0,3199.0
2019-12-09 19:00:00,120.53657,120.53657,2354.0,2354.0
2019-12-09 20:00:00,81.77438500000002,81.77438500000002,1597.0,1597.0
2019-12-09 21:00:00,81.77438500000002,81.77438500000002,1597.0,1597.0
2019-12-09 22:00:00,81.671975,81.67197499999999,1595.0,1595.0
2019-12-09 23:00:00,81.62077,81.62077,1594.0,1594.0
2019-12-10 00:00:00,81.671975,81.67197499999999,1595.0,1595.0
2019-12-10 01:00:00,81.87679499999999,81.87679499999999,1599.0,1599.0
2019-12-10 02:00:00,81.82559000000002,81.82559000000002,1598.0,1598.0
2019-12-10 03:00:00,81.77438500000002,81.77438500000002,1597.0,1597.0
2019-12-10 04:00:00,81.87679499999999,81.87679499999999,1599.0,1599.0
2019-12-10 05:00:00,81.82559000000002,81.82559000000002,1598.0,1598.0
2019-12-10 06:00:00,81.569565,81.569565,1593.0,1593.0
2019-12-10 07:00:00,154.28066500000003,154.28066500000003,3013.0,3013.0
2019-12-10 08:00:00,175.32592,175.32592,3424.0,3424.0
2019-12-10 09:00:00,320.5433,320.5433,6260.0,6260.0
2019-12-10 10:00:00,304.1577,304.1577,5940.0,5940.0
2019-12-10 11:00:00,225.71164,225.71164,4408.0,4408.0
2019-12-10 12:00:00,180.85605999999999,180.85605999999999,3532.0,3532.0
2019-12-10 13:00:00,212.09111000000004,212.09111000000004,4142.0,4142.0
2019-12-10 14:00:00,255.30812999999998,255.30812999999998,4986.0,4986.0
2019-12-10 15:00:00,301.3414250000001,301.3414250000001,5885.0,5885.0
2019-12-10 16:00:00,286.79920500000003,286.79920500000003,5601.0,5601.0
2019-12-10 17:00:00,195.50069,195.50069,3818.0,3818.0
2019-12-10 18:00:00,163.44636000000003,163.44636000000003,3192.0,3192.0
2019-12-10 19:00:00,160.16924,160.16924,3128.0,3128.0
2019-12-10 20:00:00,81.87679499999999,81.87679499999999,1599.0,1599.0
2019-12-10 21:00:00,81.92799999999998,81.92799999999998,1600.0,1600.0
2019-12-10 22:00:00,81.92799999999998,81.92799999999998,1600.0,1600.0
2019-12-10 23:00:00,81.72318,81.72318,1596.0,1596.0
2019-12-11 00:00:00,81.62077,81.62077,1594.0,1594.0
2019-12-11 01:00:00,81.92799999999998,81.92799999999998,1600.0,1600.0
2019-12-11 02:00:00,81.467155,81.467155,1591.0,1591.0
2019-12-11 03:00:00,81.72318,81.72318,1596.0,1596.0
2019-12-11 04:00:00,81.77438500000002,81.77438500000002,1597.0,1597.0
2019-12-11 05:00:00,81.72318,81.72318,1596.0,1596.0
2019-12-11 06:00:00,81.51836,81.51836,1592.0,1592.0
2019-12-11 07:00:00,151.822825,151.82282499999997,2965.0,2965.0
2019-12-11 08:00:00,189.66332,189.66332000000003,3704.0,3704.0
2019-12-11 09:00:00,321.87463,321.87463,6286.0,6286.0
2019-12-11 10:00:00,319.467995,319.467995,6239.0,6239.0
2019-12-11 11:00:00,231.13936999999999,231.13936999999999,4514.0,4514.0
2019-12-11 12:00:00,183.160285,183.160285,3577.0,3577.0
2019-12-11 13:00:00,209.78688499999998,209.78688499999998,4097.0,4097.0
2019-12-11 14:00:00,231.088165,231.088165,4513.0,4513.0
2019-12-11 15:00:00,289.35945499999997,289.35945499999997,5651.0,5651.0
2019-12-11 16:00:00,283.010035,283.010035,5527.0,5527.0
2019-12-11 17:00:00,198.36817,198.36817,3874.0,3874.0
2019-12-11 18:00:00,163.24154,163.24154,3188.0,3188.0
2019-12-11 19:00:00,125.96430000000001,125.96430000000001,2460.0,2460.0
2019-12-11 20:00:00,81.671975,81.67197499999999,1595.0,1595.0
2019-12-11 21:00:00,81.51836,81.51836,1592.0,1592.0
2019-12-11 22:00:00,81.77438500000002,81.77438500000002,1597.0,1597.0
2019-12-11 23:00:00,81.87679499999999,81.87679499999999,1599.0,1599.0
2019-12-12 00:00:00,81.41595,81.41595,1590.0,1590.0
2019-12-12 01:00:00,81.82559000000002,81.82559000000002,1598.0,1598.0
2019-12-12 02:00:00,81.82559000000002,81.82559000000002,1598.0,1598.0
2019-12-12 03:00:00,81.671975,81.67197499999999,1595.0,1595.0
2019-12-12 04:00:00,81.51836,81.51836,1592.0,1592.0
2019-12-12 05:00:00,81.92799999999998,81.92799999999998,1600.0,1600.0
2019-12-12 06:00:00,81.82559000000002,81.82559000000002,1598.0,1598.0
2019-12-12 07:00:00,152.43728499999997,152.43728499999997,2977.0,2977.0
2019-12-12 08:00:00,180.75365,180.75365,3530.0,3530.0
2019-12-12 09:00:00,300.82937499999997,300.829375,5875.0,5875.0
2019-12-12 10:00:00,324.63969999999995,324.6397,6340.0,6340.0
2019-12-12 11:00:00,227.91345500000003,227.91345500000003,4451.0,4451.0
2019-12-12 12:00:00,178.24460500000004,178.24460500000004,3481.0,3481.0
2019-12-12 13:00:00,207.738685,207.738685,4057.0,4057.0
2019-12-12 14:00:00,233.69962,233.69961999999998,4564.0,4564.0
2019-12-12 15:00:00,278.86243,278.86243,5446.0,5446.0
2019-12-12 16:00:00,277.07025500000003,277.07025500000003,5411.0,5411.0
2019-12-12 17:00:00,194.63020499999996,194.63020499999996,3801.0,3801.0
2019-12-12 18:00:00,163.44635999999997,163.44636,3192.0,3192.0
2019-12-12 19:00:00,144.50051000000002,144.50051000000002,2822.0,2822.0
2019-12-12 20:00:00,81.87679499999999,81.87679499999999,1599.0,1599.0
2019-12-12 21:00:00,81.82559000000002,81.82559000000002,1598.0,1598.0
2019-12-12 22:00:00,81.671975,81.67197499999999,1595.0,1595.0
2019-12-12 23:00:00,81.77438500000002,81.77438500000002,1597.0,1597.0
2019-12-13 00:00:00,81.72318,81.72318,1596.0,1596.0
2019-12-13 01:00:00,81.87679499999999,81.87679499999999,1599.0,1599.0
2019-12-13 02:00:00,81.72318,81.72318,1596.0,1596.0
2019-12-13 03:00:00,81.467155,81.467155,1591.0,1591.0
2019-12-13 04:00:00,81.87679499999999,81.87679499999999,1599.0,1599.0
2019-12-13 05:00:00,81.87679499999999,81.87679499999999,1599.0,1599.0
2019-12-13 06:00:00,81.92799999999998,81.92799999999998,1600.0,1600.0
2019-12-13 07:00:00,152.89813,152.89813,2986.0,2986.0
2019-12-13 08:00:00,168.77167999999998,168.77167999999998,3296.0,3296.0
2019-12-13 09:00:00,317.82943500000005,317.82943500000005,6207.0,6207.0
2019-12-13 10:00:00,322.07944999999995,322.07944999999995,6290.0,6290.0
2019-12-13 11:00:00,225.96766499999995,225.96766499999995,4413.0,4413.0
2019-12-13 12:00:00,179.06388500000003,179.06388500000003,3497.0,3497.0
2019-12-13 13:00:00,209.63327,209.63327,4094.0,4094.0
2019-12-13 14:00:00,239.84422,239.84422,4684.0,4684.0
2019-12-13 15:00:00,274.04916000000003,274.04916000000003,5352.0,5352.0
2019-12-13 16:00:00,288.18174000000005,288.18174000000005,5628.0,5628.0
2019-12-13 17:00:00,194.27177000000003,194.27177000000003,3794.0,3794.0
2019-12-13 18:00:00,163.65118000000004,163.65118000000004,3196.0,3196.0
2019-12-13 19:00:00,148.44329500000003,148.44329500000003,2899.0,2899.0
2019-12-13 20:00:00,81.671975,81.67197499999999,1595.0,1595.0
2019-12-13 21:00:00,81.51836,81.51836,1592.0,1592.0
2019-12-13 22:00:00,81.92799999999998,81.92799999999998,1600.0,1600.0
2019-12-13 23:00:00,81.77438500000002,81.77438500000002,1597.0,1597.0
2019-12-14 00:00:00,81.467155,81.467155,1591.0,1591.0
2019-12-14 01:00:00,81.87679499999999,81.87679499999999,1599.0,1599.0
2019-12-14 02:00:00,81.72318,81.72318,1596.0,1596.0
2019-12-14 03:00:00,81.77438500000002,81.77438500000002,1597.0,1597.0
2019-12-14 04:00:00,81.87679499999999,81.87679499999999,1599.0,1599.0
2019-12-14 05:00:00,81.92799999999998,81.92799999999998,1600.0,1600.0
2019-12-14 06:00:00,81.87679499999999,81.87679499999999,1599.0,1599.0
2019-12-14 07:00:00,81.92799999999998,81.92799999999998,1600.0,1600.0
2019-12-14 08:00:00,81.72318,81.72318,1596.0,1596.0
2019-12-14 09:00:00,81.51836,81.51836,1592.0,1592.0
2019-12-14 10:00:00,81.82559000000002,81.82559000000002,1598.0,1598.0
2019-12-14 11:00:00,81.92799999999998,81.92799999999998,1600.0,1600.0
2019-12-14 12:00:00,81.467155,81.467155,1591.0,1591.0
2019-12-14 13:00:00,81.77438500000002,81.77438500000002,1597.0,1597.0
2019-12-14 14:00:00,81.82559000000002,81.82559000000002,1598.0,1598.0
2019-12-14 15:00:00,81.87679499999999,81.87679499999999,1599.0,1599.0
2019-12-14 16:00:00,81.82559000000002,81.82559000000002,1598.0,1598.0
2019-12-14 17:00:00,81.87679499999999,81.87679499999999,1599.0,1599.0
2019-12-14 18:00:00,81.671975,81.67197499999999,1595.0,1595.0
2019-12-14 19:00:00,81.77438500000002,81.77438500000002,1597.0,1597.0
2019-12-14 20:00:00,81.87679499999999,81.87679499999999,1599.0,1599.0
2019-12-14 21:00:00,81.82559000000002,81.82559000000002,1598.0,1598.0
2019-12-14 22:00:00,81.87679499999999,81.87679499999999,1599.0,1599.0
2019-12-14 23:00:00,81.82559000000002,81.82559000000002,1598.0,1598.0
2019-12-15 00:00:00,81.92799999999998,81.92799999999998,1600.0,1600.0
2019-12-15 01:00:00,81.671975,81.67197499999999,1595.0,1595.0
2019-12-15 02:00:00,81.671975,81.67197499999999,1595.0,1595.0
2019-12-15 03:00:00,81.671975,81.67197499999999,1595.0,1595.0
2019-12-15 04:00:00,81.569565,81.569565,1593.0,1593.0
2019-12-15 05:00:00,81.77438500000002,81.77438500000002,1597.0,1597.0
2019-12-15 06:00:00,81.62077,81.62077,1594.0,1594.0
2019-12-15 07:00:00,81.82559000000002,81.82559000000002,1598.0,1598.0
2019-12-15 08:00:00,81.87679499999999,81.87679499999999,1599.0,1599.0
2019-12-15 09:00:00,81.87679499999999,81.87679499999999,1599.0,1599.0
2019-12-15 10:00:00,81.569565,81.569565,1593.0,1593.0
2019-12-15 11:00:00,81.77438500000002,81.77438500000002,1597.0,1597.0
2019-12-15 12:00:00,81.87679499999999,81.87679499999999,1599.0,1599.0
2019-12-15 13:00:00,81.671975,81.67197499999999,1595.0,1595.0
2019-12-15 14:00:00,81.72318,81.72318,1596.0,1596.0
2019-12-15 15:00:00,81.92799999999998,81.92799999999998,1600.0,1600.0
2019-12-15 16:00:00,81.77438500000002,81.77438500000002,1597.0,1597.0
2019-12-15 17:00:00,81.51836,81.51836,1592.0,1592.0
2019-12-15 18:00:00,81.87679499999999,81.87679499999999,1599.0,1599.0
2019-12-15 19:00:00,81.82559000000002,81.82559000000002,1598.0,1598.0
2019-12-15 20:00:00,81.92799999999998,81.92799999999998,1600.0,1600.0
2019-12-15 21:00:00,81.62077,81.62077,1594.0,1594.0
2019-12-15 22:00:00,81.671975,81.67197499999999,1595.0,1595.0
2019-12-15 23:00:00,81.82559000000002,81.82559000000002,1598.0,1598.0
2019-12-16 00:00:00,81.62077,81.62077,1594.0,1594.0
2019-12-16 01:00:00,81.62077,81.62077,1594.0,1594.0
2019-12-16 02:00:00,81.467155,81.467155,1591.0,1591.0
2019-12-16 03:00:00,81.671975,81.67197499999999,1595.0,1595.0
2019-12-16 04:00:00,81.82559000000002,81.82559000000002,1598.0,1598.0
2019-12-16 05:00:00,81.87679499999999,81.87679499999999,1599.0,1599.0
2019-12-16 06:00:00,81.569565,81.569565,1593.0,1593.0
2019-12-16 07:00:00,146.34389000000002,146.34389000000002,2858.0,2858.0
2019-12-16 08:00:00,175.22350999999998,175.22350999999998,3422.0,3422.0
2019-12-16 09:00:00,311.27519499999994,311.27519499999994,6079.0,6079.0
2019-12-16 10:00:00,304.56734000000006,304.56734000000006,5948.0,5948.0
2019-12-16 11:00:00,223.10018500000004,223.100185,4357.0,4357.0
2019-12-16 12:00:00,180.2416,180.2416,3520.0,3520.0
2019-12-16 13:00:00,209.22362999999999,209.22362999999999,4086.0,4086.0
2019-12-16 14:00:00,237.48879,237.48879,4638.0,4638.0
2019-12-16 15:00:00,281.88352499999996,281.88352499999996,5505.0,5505.0
2019-12-16 16:00:00,274.56121,274.56121,5362.0,5362.0
2019-12-16 17:00:00,199.69950000000003,199.69950000000003,3900.0,3900.0
2019-12-16 18:00:00,163.702385,163.702385,3197.0,3197.0
2019-12-16 19:00:00,163.190335,163.190335,3187.0,3187.0
2019-12-16 20:00:00,85.61475999999999,85.61475999999999,1672.0,1672.0
2019-12-16 21:00:00,81.569565,81.569565,1593.0,1593.0
2019-12-16 22:00:00,81.41595,81.41595,1590.0,1590.0
2019-12-16 23:00:00,81.62077,81.62077,1594.0,1594.0
2019-12-17 00:00:00,81.82559000000002,81.82559000000002,1598.0,1598.0
2019-12-17 01:00:00,81.92799999999998,81.92799999999998,1600.0,1600.0
2019-12-17 02:00:00,81.77438500000002,81.77438500000002,1597.0,1597.0
2019-12-17 03:00:00,81.92799999999998,81.92799999999998,1600.0,1600.0
2019-12-17 04:00:00,81.82559000000002,81.82559000000002,1598.0,1598.0
2019-12-17 05:00:00,81.51836,81.51836,1592.0,1592.0
2019-12-17 06:00:00,81.87679499999999,81.87679499999999,1599.0,1599.0
2019-12-17 07:00:00,152.38608000000002,152.38608000000002,2976.0,2976.0
2019-12-17 08:00:00,190.68741999999997,190.68741999999997,3724.0,3724.0
2019-12-17 09:00:00,306.973975,306.973975,5995.0,5995.0
2019-12-17 10:00:00,308.81735499999996,308.81735499999996,6031.0,6031.0
2019-12-17 11:00:00,238.154455,238.154455,4651.0,4651.0
2019-12-17 12:00:00,182.49461999999997,182.49461999999997,3564.0,3564.0
2019-12-17 13:00:00,210.70857500000002,210.70857500000002,4115.0,4115.0
2019-12-17 14:00:00,246.961715,246.961715,4823.0,4823.0
2019-12-17 15:00:00,291.100425,291.100425,5685.0,5685.0
2019-12-17 16:00:00,287.516075,287.516075,5615.0,5615.0
2019-12-17 17:00:00,198.009735,198.009735,3867.0,3867.0
2019-12-17 18:00:00,163.190335,163.190335,3187.0,3187.0
2019-12-17 19:00:00,103.280485,103.280485,2017.0,2017.0
2019-12-17 20:00:00,81.82559000000002,81.82559000000002,1598.0,1598.0
2019-12-17 21:00:00,81.92799999999998,81.92799999999998,1600.0,1600.0
2019-12-17 22:00:00,81.569565,81.569565,1593.0,1593.0
2019-12-17 23:00:00,81.82559000000002,81.82559000000002,1598.0,1598.0
2019-12-18 00:00:00,81.82559000000002,81.82559000000002,1598.0,1598.0
2019-12-18 01:00:00,81.467155,81.467155,1591.0,1591.0
2019-12-18 02:00:00,81.77438500000002,81.77438500000002,1597.0,1597.0
2019-12-18 03:00:00,81.92799999999998,81.92799999999998,1600.0,1600.0
2019-12-18 04:00:00,81.51836,81.51836,1592.0,1592.0
2019-12-18 05:00:00,81.92799999999998,81.92799999999998,1600.0,1600.0
2019-12-18 06:00:00,81.82559000000002,81.82559000000002,1598.0,1598.0
2019-12-18 07:00:00,142.55472,142.55472,2784.0,2784.0
2019-12-18 08:00:00,174.30182000000002,174.30182000000002,3404.0,3404.0
2019-12-18 09:00:00,317.16377,317.16377,6194.0,6194.0
2019-12-18 10:00:00,332.73008999999996,332.73008999999996,6498.0,6498.0
2019-12-18 11:00:00,219.413425,219.413425,4285.0,4285.0
2019-12-18 12:00:00,177.322915,177.322915,3463.0,3463.0
2019-12-18 13:00:00,210.04290999999998,210.04290999999998,4102.0,4102.0
2019-12-18 14:00:00,234.92854,234.92854,4588.0,4588.0
2019-12-18 15:00:00,275.12446500000004,275.12446500000004,5373.0,5373.0
2019-12-18 16:00:00,296.47695,296.47695,5790.0,5790.0
2019-12-18 17:00:00,194.47659,194.47659,3798.0,3798.0
2019-12-18 18:00:00,163.292745,163.292745,3189.0,3189.0
2019-12-18 19:00:00,149.569805,149.56980499999997,2921.0,2921.0
2019-12-18 20:00:00,81.77438500000002,81.77438500000002,1597.0,1597.0
2019-12-18 21:00:00,81.87679499999999,81.87679499999999,1599.0,1599.0
2019-12-18 22:00:00,81.77438500000002,81.77438500000002,1597.0,1597.0
2019-12-18 23:00:00,81.82559000000002,81.82559000000002,1598.0,1598.0
2019-12-19 00:00:00,81.87679499999999,81.87679499999999,1599.0,1599.0
2019-12-19 01:00:00,81.92799999999998,81.92799999999998,1600.0,1600.0
2019-12-19 02:00:00,81.72318,81.72318,1596.0,1596.0
2019-12-19 03:00:00,81.671975,81.67197499999999,1595.0,1595.0
2019-12-19 04:00:00,81.671975,81.67197499999999,1595.0,1595.0
2019-12-19 05:00:00,81.41595,81.41595,1590.0,1590.0
2019-12-19 06:00:00,81.82559000000002,81.82559000000002,1598.0,1598.0
2019-12-19 07:00:00,144.039665,144.039665,2813.0,2813.0
2019-12-19 08:00:00,190.07296000000002,190.07296000000002,3712.0,3712.0
2019-12-19 09:00:00,326.58549000000005,326.58549000000005,6378.0,6378.0
2019-12-19 10:00:00,323.052345,323.052345,6309.0,6309.0
2019-12-19 11:00:00,223.66343999999998,223.66343999999998,4368.0,4368.0
2019-12-19 12:00:00,175.63315000000003,175.63315000000003,3430.0,3430.0
2019-12-19 13:00:00,206.61217499999998,206.61217499999998,4035.0,4035.0
2019-12-19 14:00:00,247.67858499999997,247.67858499999997,4837.0,4837.0
2019-12-19 15:00:00,286.08233499999994,286.08233499999994,5587.0,5587.0
2019-12-19 16:00:00,293.91670000000005,293.91670000000005,5740.0,5740.0
2019-12-19 17:00:00,195.34707500000005,195.34707500000005,3815.0,3815.0
2019-12-19 18:00:00,163.702385,163.702385,3197.0,3197.0
2019-12-19 19:00:00,113.00943500000002,113.00943500000002,2207.0,2207.0
2019-12-19 20:00:00,81.569565,81.569565,1593.0,1593.0
2019-12-19 21:00:00,81.77438500000002,81.77438500000002,1597.0,1597.0
2019-12-19 22:00:00,81.569565,81.569565,1593.0,1593.0
2019-12-19 23:00:00,81.92799999999998,81.92799999999998,1600.0,1600.0
2019-12-20 00:00:00,81.51836,81.51836,1592.0,1592.0
2019-12-20 01:00:00,81.82559000000002,81.82559000000002,1598.0,1598.0
2019-12-20 02:00:00,81.92799999999998,81.92799999999998,1600.0,1600.0
2019-12-20 03:00:00,81.62077,81.62077,1594.0,1594.0
2019-12-20 04:00:00,81.87679499999999,81.87679499999999,1599.0,1599.0
2019-12-20 05:00:00,81.82559000000002,81.82559000000002,1598.0,1598.0
2019-12-20 06:00:00,81.92799999999998,81.92799999999998,1600.0,1600.0
2019-12-20 07:00:00,147.77763,147.77763,2886.0,2886.0
2019-12-20 08:00:00,178.347015,178.347015,3483.0,3483.0
2019-12-20 09:00:00,327.19994999999994,327.19994999999994,6390.0,6390.0
2019-12-20 10:00:00,310.71194,310.71194,6068.0,6068.0
2019-12-20 11:00:00,227.40140499999995,227.40140499999995,4441.0,4441.0
2019-12-20 12:00:00,181.00967499999996,181.00967499999996,3535.0,3535.0
2019-12-20 13:00:00,208.865195,208.865195,4079.0,4079.0
2019-12-20 14:00:00,229.85924499999996,229.85924499999996,4489.0,4489.0
2019-12-20 15:00:00,290.485965,290.485965,5673.0,5673.0
2019-12-20 16:00:00,285.21184999999997,285.21184999999997,5570.0,5570.0
2019-12-20 17:00:00,190.4826,190.4826,3720.0,3720.0
2019-12-20 18:00:00,163.54877000000005,163.54877000000005,3194.0,3194.0
2019-12-20 19:00:00,126.88598999999999,126.88598999999999,2478.0,2478.0
2019-12-20 20:00:00,81.62077,81.62077,1594.0,1594.0
2019-12-20 21:00:00,81.467155,81.467155,1591.0,1591.0
2019-12-20 22:00:00,81.467155,81.467155,1591.0,1591.0
2019-12-20 23:00:00,81.671975,81.67197499999999,1595.0,1595.0
2019-12-21 00:00:00,81.92799999999998,81.92799999999998,1600.0,1600.0
2019-12-21 01:00:00,81.569565,81.569565,1593.0,1593.0
2019-12-21 02:00:00,81.72318,81.72318,1596.0,1596.0
2019-12-21 03:00:00,81.77438500000002,81.77438500000002,1597.0,1597.0
2019-12-21 04:00:00,81.87679499999999,81.87679499999999,1599.0,1599.0
2019-12-21 05:00:00,81.87679499999999,81.87679499999999,1599.0,1599.0
2019-12-21 06:00:00,81.671975,81.67197499999999,1595.0,1595.0
2019-12-21 07:00:00,81.51836,81.51836,1592.0,1592.0
2019-12-21 08:00:00,81.62077,81.62077,1594.0,1594.0
2019-12-21 09:00:00,81.467155,81.467155,1591.0,1591.0
2019-12-21 10:00:00,81.671975,81.67197499999999,1595.0,1595.0
2019-12-21 11:00:00,81.671975,81.67197499999999,1595.0,1595.0
2019-12-21 12:00:00,81.364745,81.364745,1589.0,1589.0
2019-12-21 13:00:00,81.77438500000002,81.77438500000002,1597.0,1597.0
2019-12-21 14:00:00,81.51836,81.51836,1592.0,1592.0
2019-12-21 15:00:00,81.569565,81.569565,1593.0,1593.0
2019-12-21 16:00:00,81.87679499999999,81.87679499999999,1599.0,1599.0
2019-12-21 17:00:00,81.51836,81.51836,1592.0,1592.0
2019-12-21 18:00:00,81.31354,81.31354,1588.0,1588.0
2019-12-21 19:00:00,81.92799999999998,81.92799999999998,1600.0,1600.0
2019-12-21 20:00:00,81.92799999999998,81.92799999999998,1600.0,1600.0
2019-12-21 21:00:00,81.467155,81.467155,1591.0,1591.0
2019-12-21 22:00:00,81.87679499999999,81.87679499999999,1599.0,1599.0
2019-12-21 23:00:00,81.62077,81.62077,1594.0,1594.0
2019-12-22 00:00:00,81.51836,81.51836,1592.0,1592.0
2019-12-22 01:00:00,81.62077,81.62077,1594.0,1594.0
2019-12-22 02:00:00,81.77438500000002,81.77438500000002,1597.0,1597.0
2019-12-22 03:00:00,81.87679499999999,81.87679499999999,1599.0,1599.0
2019-12-22 04:00:00,81.82559000000002,81.82559000000002,1598.0,1598.0
2019-12-22 05:00:00,81.62077,81.62077,1594.0,1594.0
2019-12-22 06:00:00,81.87679499999999,81.87679499999999,1599.0,1599.0
2019-12-22 07:00:00,81.77438500000002,81.77438500000002,1597.0,1597.0
2019-12-22 08:00:00,81.82559000000002,81.82559000000002,1598.0,1598.0
2019-12-22 09:00:00,81.62077,81.62077,1594.0,1594.0
2019-12-22 10:00:00,81.72318,81.72318,1596.0,1596.0
2019-12-22 11:00:00,81.87679499999999,81.87679499999999,1599.0,1599.0
2019-12-22 12:00:00,81.671975,81.67197499999999,1595.0,1595.0
2019-12-22 13:00:00,81.569565,81.569565,1593.0,1593.0
2019-12-22 14:00:00,81.87679499999999,81.87679499999999,1599.0,1599.0
2019-12-22 15:00:00,81.62077,81.62077,1594.0,1594.0
2019-12-22 16:00:00,81.92799999999998,81.92799999999998,1600.0,1600.0
2019-12-22 17:00:00,81.77438500000002,81.77438500000002,1597.0,1597.0
2019-12-22 18:00:00,81.82559000000002,81.82559000000002,1598.0,1598.0
2019-12-22 19:00:00,81.77438500000002,81.77438500000002,1597.0,1597.0
2019-12-22 20:00:00,81.671975,81.67197499999999,1595.0,1595.0
2019-12-22 21:00:00,81.92799999999998,81.92799999999998,1600.0,1600.0
2019-12-22 22:00:00,81.87679499999999,81.87679499999999,1599.0,1599.0
2019-12-22 23:00:00,81.72318,81.72318,1596.0,1596.0
2019-12-23 00:00:00,81.569565,81.569565,1593.0,1593.0
2019-12-23 01:00:00,81.87679499999999,81.87679499999999,1599.0,1599.0
2019-12-23 02:00:00,81.77438500000002,81.77438500000002,1597.0,1597.0
2019-12-23 03:00:00,81.62077,81.62077,1594.0,1594.0
2019-12-23 04:00:00,81.92799999999998,81.92799999999998,1600.0,1600.0
2019-12-23 05:00:00,81.62077,81.62077,1594.0,1594.0
2019-12-23 06:00:00,81.671975,81.67197499999999,1595.0,1595.0
2019-12-23 07:00:00,141.3258,141.3258,2760.0,2760.0
2019-12-23 08:00:00,178.75665500000002,178.75665500000002,3491.0,3491.0
2019-12-23 09:00:00,316.75413,316.75413000000003,6186.0,6186.0
2019-12-23 10:00:00,312.04327,312.04327,6094.0,6094.0
2019-12-23 11:00:00,233.75082500000002,233.75082500000002,4565.0,4565.0
2019-12-23 12:00:00,176.81086499999998,176.81086499999998,3453.0,3453.0
2019-12-23 13:00:00,214.44653999999997,214.44653999999997,4188.0,4188.0
2019-12-23 14:00:00,245.78400000000002,245.78400000000002,4800.0,4800.0
2019-12-23 15:00:00,284.80221000000006,284.80221000000006,5562.0,5562.0
2019-12-23 16:00:00,273.79313500000006,273.79313500000006,5347.0,5347.0
2019-12-23 17:00:00,199.80191000000005,199.80191000000005,3902.0,3902.0
2019-12-23 18:00:00,163.54877,163.54877,3194.0,3194.0
2019-12-23 19:00:00,109.93713500000001,109.93713500000001,2147.0,2147.0
2019-12-23 20:00:00,81.569565,81.569565,1593.0,1593.0
2019-12-23 21:00:00,81.62077,81.62077,1594.0,1594.0
2019-12-23 22:00:00,81.62077,81.62077,1594.0,1594.0
2019-12-23 23:00:00,81.72318,81.72318,1596.0,1596.0
2019-12-24 00:00:00,81.569565,81.569565,1593.0,1593.0
2019-12-24 01:00:00,81.87679499999999,81.87679499999999,1599.0,1599.0
2019-12-24 02:00:00,81.51836,81.51836,1592.0,1592.0
2019-12-24 03:00:00,81.77438500000002,81.77438500000002,1597.0,1597.0
2019-12-24 04:00:00,81.77438500000002,81.77438500000002,1597.0,1597.0
2019-12-24 05:00:00,81.92799999999998,81.92799999999998,1600.0,1600.0
2019-12-24 06:00:00,81.62077,81.62077,1594.0,1594.0
2019-12-24 07:00:00,140.71134,140.71134,2748.0,2748.0
2019-12-24 08:00:00,176.708455,176.708455,3451.0,3451.0
2019-12-24 09:00:00,320.03124999999994,320.03124999999994,6250.0,6250.0
2019-12-24 10:00:00,309.534225,309.534225,6045.0,6045.0
2019-12-24 11:00:00,234.46769499999996,234.46769499999994,4579.0,4579.0
2019-12-24 12:00:00,180.34401,180.34401,3522.0,3522.0
2019-12-24 13:00:00,207.94350500000002,207.94350500000002,4061.0,4061.0
2019-12-24 14:00:00,234.979745,234.979745,4589.0,4589.0
2019-12-24 15:00:00,282.85642,282.85642,5524.0,5524.0
2019-12-24 16:00:00,297.75707499999993,297.75707499999993,5815.0,5815.0
2019-12-24 17:00:00,195.29586999999998,195.29587,3814.0,3814.0
2019-12-24 18:00:00,163.75359,163.75359,3198.0,3198.0
2019-12-24 19:00:00,154.17825500000004,154.17825500000004,3011.0,3011.0
2019-12-24 20:00:00,81.82559000000002,81.82559000000002,1598.0,1598.0
2019-12-24 21:00:00,81.62077,81.62077,1594.0,1594.0
2019-12-24 22:00:00,81.31354,81.31354,1588.0,1588.0
2019-12-24 23:00:00,81.77438500000002,81.77438500000002,1597.0,1597.0
2019-12-25 00:00:00,81.92799999999998,81.92799999999998,1600.0,1600.0
2019-12-25 01:00:00,81.82559000000002,81.82559000000002,1598.0,1598.0
2019-12-25 02:00:00,81.41595,81.41595,1590.0,1590.0
2019-12-25 03:00:00,81.51836,81.51836,1592.0,1592.0
2019-12-25 04:00:00,81.92799999999998,81.92799999999998,1600.0,1600.0
2019-12-25 05:00:00,81.82559000000002,81.82559000000002,1598.0,1598.0
2019-12-25 06:00:00,81.87679499999999,81.87679499999999,1599.0,1599.0
2019-12-25 07:00:00,81.87679499999999,81.87679499999999,1599.0,1599.0
2019-12-25 08:00:00,81.87679499999999,81.87679499999999,1599.0,1599.0
2019-12-25 09:00:00,81.72318,81.72318,1596.0,1596.0
2019-12-25 10:00:00,81.77438500000002,81.77438500000002,1597.0,1597.0
2019-12-25 11:00:00,81.41595,81.41595,1590.0,1590.0
2019-12-25 12:00:00,81.671975,81.67197499999999,1595.0,1595.0
2019-12-25 13:00:00,81.62077,81.62077,1594.0,1594.0
2019-12-25 14:00:00,81.82559000000002,81.82559000000002,1598.0,1598.0
2019-12-25 15:00:00,81.87679499999999,81.87679499999999,1599.0,1599.0
2019-12-25 16:00:00,81.671975,81.67197499999999,1595.0,1595.0
2019-12-25 17:00:00,81.92799999999998,81.92799999999998,1600.0,1600.0
2019-12-25 18:00:00,81.671975,81.67197499999999,1595.0,1595.0
2019-12-25 19:00:00,81.92799999999998,81.92799999999998,1600.0,1600.0
2019-12-25 20:00:00,81.82559000000002,81.82559000000002,1598.0,1598.0
2019-12-25 21:00:00,81.92799999999998,81.92799999999998,1600.0,1600.0
2019-12-25 22:00:00,81.467155,81.467155,1591.0,1591.0
2019-12-25 23:00:00,81.77438500000002,81.77438500000002,1597.0,1597.0
2019-12-26 00:00:00,81.92799999999998,81.92799999999998,1600.0,1600.0
2019-12-26 01:00:00,81.364745,81.364745,1589.0,1589.0
2019-12-26 02:00:00,81.62077,81.62077,1594.0,1594.0
2019-12-26 03:00:00,81.87679499999999,81.87679499999999,1599.0,1599.0
2019-12-26 04:00:00,81.671975,81.67197499999999,1595.0,1595.0
2019-12-26 05:00:00,81.82559000000002,81.82559000000002,1598.0,1598.0
2019-12-26 06:00:00,81.92799999999998,81.92799999999998,1600.0,1600.0
2019-12-26 07:00:00,81.92799999999998,81.92799999999998,1600.0,1600.0
2019-12-26 08:00:00,81.41595,81.41595,1590.0,1590.0
2019-12-26 09:00:00,81.72318,81.72318,1596.0,1596.0
2019-12-26 10:00:00,81.467155,81.467155,1591.0,1591.0
2019-12-26 11:00:00,81.62077,81.62077,1594.0,1594.0
2019-12-26 12:00:00,81.92799999999998,81.92799999999998,1600.0,1600.0
2019-12-26 13:00:00,81.92799999999998,81.92799999999998,1600.0,1600.0
2019-12-26 14:00:00,46.28931999999999,46.28931999999999,904.0,904.0
2019-12-26 15:00:00,0.0,0.0,0.0,0.0
2019-12-26 16:00:00,0.0,0.0,0.0,0.0
2019-12-26 17:00:00,0.0,0.0,0.0,0.0
2019-12-26 18:00:00,0.0,0.0,0.0,0.0
2019-12-26 19:00:00,0.0,0.0,0.0,0.0
2019-12-26 20:00:00,0.0,0.0,0.0,0.0
2019-12-26 21:00:00,0.0,0.0,0.0,0.0
2019-12-26 22:00:00,0.0,0.0,0.0,0.0
2019-12-26 23:00:00,0.0,0.0,0.0,0.0
2019-12-27 00:00:00,0.0,0.0,0.0,0.0
2019-12-27 01:00:00,0.0,0.0,0.0,0.0
2019-12-27 02:00:00,0.0,0.0,0.0,0.0
2019-12-27 03:00:00,0.0,0.0,0.0,0.0
2019-12-27 04:00:00,0.0,0.0,0.0,0.0
2019-12-27 05:00:00,0.0,0.0,0.0,0.0
2019-12-27 06:00:00,0.0,0.0,0.0,0.0
2019-12-27 07:00:00,141.889055,141.889055,2771.0,2771.0
2019-12-27 08:00:00,186.74463500000002,186.74463500000002,3647.0,3647.0
2019-12-27 09:00:00,317.26617999999996,317.26617999999996,6196.0,6196.0
2019-12-27 10:00:00,325.76621,325.76621,6362.0,6362.0
2019-12-27 11:00:00,226.42851000000002,226.42851000000002,4422.0,4422.0
2019-12-27 12:00:00,179.26870499999998,179.26870499999998,3501.0,3501.0
2019-12-27 13:00:00,205.690485,205.69048499999997,4017.0,4017.0
2019-12-27 14:00:00,255.05210499999998,255.05210499999998,4981.0,4981.0
2019-12-27 15:00:00,290.84439999999995,290.84439999999995,5680.0,5680.0
2019-12-27 16:00:00,287.208845,287.208845,5609.0,5609.0
2019-12-27 17:00:00,195.80792000000002,195.80792000000002,3824.0,3824.0
2019-12-27 18:00:00,163.702385,163.702385,3197.0,3197.0
2019-12-27 19:00:00,154.997535,154.997535,3027.0,3027.0
2019-12-27 20:00:00,81.92799999999998,81.92799999999998,1600.0,1600.0
2019-12-27 21:00:00,81.82559000000002,81.82559000000002,1598.0,1598.0
2019-12-27 22:00:00,81.87679499999999,81.87679499999999,1599.0,1599.0
2019-12-27 23:00:00,81.92799999999998,81.92799999999998,1600.0,1600.0
2019-12-28 00:00:00,81.77438500000002,81.77438500000002,1597.0,1597.0
2019-12-28 01:00:00,81.77438500000002,81.77438500000002,1597.0,1597.0
2019-12-28 02:00:00,81.82559000000002,81.82559000000002,1598.0,1598.0
2019-12-28 03:00:00,81.82559000000002,81.82559000000002,1598.0,1598.0
2019-12-28 04:00:00,81.72318,81.72318,1596.0,1596.0
2019-12-28 05:00:00,81.77438500000002,81.77438500000002,1597.0,1597.0
2019-12-28 06:00:00,81.82559000000002,81.82559000000002,1598.0,1598.0
2019-12-28 07:00:00,81.62077,81.62077,1594.0,1594.0
2019-12-28 08:00:00,81.51836,81.51836,1592.0,1592.0
2019-12-28 09:00:00,81.671975,81.67197499999999,1595.0,1595.0
2019-12-28 10:00:00,81.62077,81.62077,1594.0,1594.0
2019-12-28 11:00:00,81.671975,81.67197499999999,1595.0,1595.0
2019-12-28 12:00:00,81.51836,81.51836,1592.0,1592.0
2019-12-28 13:00:00,81.82559000000002,81.82559000000002,1598.0,1598.0
2019-12-28 14:00:00,81.671975,81.67197499999999,1595.0,1595.0
2019-12-28 15:00:00,81.569565,81.569565,1593.0,1593.0
2019-12-28 16:00:00,81.82559000000002,81.82559000000002,1598.0,1598.0
2019-12-28 17:00:00,28.162750000000003,28.162750000000003,550.0,550.0
2019-12-28 18:00:00,0.0,0.0,0.0,0.0
2019-12-28 19:00:00,0.0,0.0,0.0,0.0
2019-12-28 20:00:00,0.0,0.0,0.0,0.0
2019-12-28 21:00:00,0.0,0.0,0.0,0.0
2019-12-28 22:00:00,0.0,0.0,0.0,0.0
2019-12-28 23:00:00,0.0,0.0,0.0,0.0
2019-12-29 00:00:00,0.0,0.0,0.0,0.0
2019-12-29 01:00:00,0.0,0.0,0.0,0.0
2019-12-29 02:00:00,0.0,0.0,0.0,0.0
2019-12-29 03:00:00,0.0,0.0,0.0,0.0
2019-12-29 04:00:00,0.0,0.0,0.0,0.0
2019-12-29 05:00:00,0.0,0.0,0.0,0.0
2019-12-29 06:00:00,0.0,0.0,0.0,0.0
2019-12-29 07:00:00,0.0,0.0,0.0,0.0
2019-12-29 08:00:00,0.0,0.0,0.0,0.0
2019-12-29 09:00:00,0.0,0.0,0.0,0.0
2019-12-29 10:00:00,0.0,0.0,0.0,0.0
2019-12-29 11:00:00,0.0,0.0,0.0,0.0
2019-12-29 12:00:00,0.0,0.0,0.0,0.0
2019-12-29 13:00:00,0.0,0.0,0.0,0.0
2019-12-29 14:00:00,0.0,0.0,0.0,0.0
2019-12-29 15:00:00,0.0,0.0,0.0,0.0
2019-12-29 16:00:00,0.0,0.0,0.0,0.0
2019-12-29 17:00:00,0.0,0.0,0.0,0.0
2019-12-29 18:00:00,0.0,0.0,0.0,0.0
2019-12-29 19:00:00,0.0,0.0,0.0,0.0
2019-12-29 20:00:00,0.0,0.0,0.0,0.0
2019-12-29 21:00:00,0.0,0.0,0.0,0.0
2019-12-29 22:00:00,0.0,0.0,0.0,0.0
2019-12-29 23:00:00,0.0,0.0,0.0,0.0
2019-12-30 00:00:00,0.0,0.0,0.0,0.0
2019-12-30 01:00:00,0.0,0.0,0.0,0.0
2019-12-30 02:00:00,0.0,0.0,0.0,0.0
2019-12-30 03:00:00,0.0,0.0,0.0,0.0
2019-12-30 04:00:00,0.0,0.0,0.0,0.0
2019-12-30 05:00:00,0.0,0.0,0.0,0.0
2019-12-30 06:00:00,0.0,0.0,0.0,0.0
2019-12-30 07:00:00,149.72341999999998,149.72341999999998,2924.0,2924.0
2019-12-30 08:00:00,175.78676500000003,175.78676500000006,3433.0,3433.0
2019-12-30 09:00:00,309.739045,309.739045,6049.0,6049.0
2019-12-30 10:00:00,319.263175,319.263175,6235.0,6235.0
2019-12-30 11:00:00,219.413425,219.413425,4285.0,4285.0
2019-12-30 12:00:00,179.16629500000002,179.16629500000005,3499.0,3499.0
2019-12-30 13:00:00,214.395335,214.395335,4187.0,4187.0
2019-12-30 14:00:00,235.594205,235.594205,4601.0,4601.0
2019-12-30 15:00:00,290.63957999999997,290.63957999999997,5676.0,5676.0
2019-12-30 16:00:00,306.1034900000001,306.1034900000001,5978.0,5978.0
2019-12-30 17:00:00,192.01875,192.01875,3750.0,3750.0
2019-12-30 18:00:00,163.497565,163.497565,3193.0,3193.0
2019-12-30 19:00:00,163.13913000000002,163.13913000000002,3186.0,3186.0
2019-12-30 20:00:00,86.53645,86.53645,1690.0,1690.0
2019-12-30 21:00:00,81.92799999999998,81.92799999999998,1600.0,1600.0
2019-12-30 22:00:00,81.671975,81.67197499999999,1595.0,1595.0
2019-12-30 23:00:00,81.82559000000002,81.82559000000002,1598.0,1598.0
2019-12-31 00:00:00,81.77438500000002,81.77438500000002,1597.0,1597.0
2019-12-31 01:00:00,81.671975,81.67197499999999,1595.0,1595.0
2019-12-31 02:00:00,81.72318,81.72318,1596.0,1596.0
2019-12-31 03:00:00,81.671975,81.67197499999999,1595.0,1595.0
2019-12-31 04:00:00,81.77438500000002,81.77438500000002,1597.0,1597.0
2019-12-31 05:00:00,81.62077,81.62077,1594.0,1594.0
2019-12-31 06:00:00,81.62077,81.62077,1594.0,1594.0
2019-12-31 07:00:00,142.810745,142.810745,2789.0,2789.0
2019-12-31 08:00:00,173.78977,173.78977,3394.0,3394.0
2019-12-31 09:00:00,315.6276199999999,315.6276199999999,6164.0,6164.0
2019-12-31 10:00:00,324.63969999999995,324.6397,6340.0,6340.0
2019-12-31 11:00:00,228.98875999999996,228.98875999999996,4472.0,4472.0
2019-12-31 12:00:00,178.1934,178.1934,3480.0,3480.0
2019-12-31 13:00:00,196.883225,196.883225,3845.0,3845.0
2019-12-31 14:00:00,236.31107500000002,236.31107500000005,4615.0,4615.0
2019-12-31 15:00:00,289.56427499999995,289.56427499999995,5655.0,5655.0
2019-12-31 16:00:00,288.69379,288.69379,5638.0,5638.0
2019-12-31 17:00:00,201.59408499999995,201.59408499999995,3937.0,3937.0
2019-12-31 18:00:00,163.34395,163.34394999999998,3190.0,3190.0
2019-12-31 19:00:00,163.49756499999998,163.49756499999998,3193.0,3193.0
2019-12-31 20:00:00,95.49732499999999,95.49732499999999,1865.0,1865.0
2019-12-31 21:00:00,81.671975,81.67197499999999,1595.0,1595.0
2019-12-31 22:00:00,81.77438500000002,81.77438500000002,1597.0,1597.0
2019-12-31 23:00:00,81.569565,81.569565,1593.0,1593.0
