,STATIONS_ID,MESS_DATUM,QN_9,TT_TU,RF_TU,eor
2022-01-01 00:00:00,403,2022010100,3,11.5,97,eor
2022-01-01 01:00:00,403,2022010101,3,11.6,96,eor
2022-01-01 02:00:00,403,2022010102,3,11.6,96,eor
2022-01-01 03:00:00,403,2022010103,3,11.6,97,eor
2022-01-01 04:00:00,403,2022010104,3,11.5,95,eor
2022-01-01 05:00:00,403,2022010105,3,11.5,94,eor
2022-01-01 06:00:00,403,2022010106,3,11.6,93,eor
2022-01-01 07:00:00,403,2022010107,3,11.6,91,eor
2022-01-01 08:00:00,403,2022010108,3,11.7,90,eor
2022-01-01 09:00:00,403,2022010109,3,11.8,90,eor
2022-01-01 10:00:00,403,2022010110,3,11.8,89,eor
2022-01-01 11:00:00,403,2022010111,3,12.1,88,eor
2022-01-01 12:00:00,403,2022010112,3,12.4,85,eor
2022-01-01 13:00:00,403,2022010113,3,12.4,84,eor
2022-01-01 14:00:00,403,2022010114,3,12.3,85,eor
2022-01-01 15:00:00,403,2022010115,3,12.3,85,eor
2022-01-01 16:00:00,403,2022010116,3,12,85,eor
2022-01-01 17:00:00,403,2022010117,3,12,84,eor
2022-01-01 18:00:00,403,2022010118,3,11.7,85,eor
2022-01-01 19:00:00,403,2022010119,3,11.8,83,eor
2022-01-01 20:00:00,403,2022010120,3,11.5,83,eor
2022-01-01 21:00:00,403,2022010121,3,10.7,86,eor
2022-01-01 22:00:00,403,2022010122,3,10.6,86,eor
2022-01-01 23:00:00,403,2022010123,3,10.4,83,eor
2022-01-02 00:00:00,403,2022010200,3,9.7,83,eor
2022-01-02 01:00:00,403,2022010201,3,8.8,87,eor
2022-01-02 02:00:00,403,2022010202,3,8.6,88,eor
2022-01-02 03:00:00,403,2022010203,3,8.4,87,eor
2022-01-02 04:00:00,403,2022010204,3,8.3,87,eor
2022-01-02 05:00:00,403,2022010205,3,8.1,89,eor
2022-01-02 06:00:00,403,2022010206,3,7.7,91,eor
2022-01-02 07:00:00,403,2022010207,3,7.7,94,eor
2022-01-02 08:00:00,403,2022010208,3,8.5,92,eor
2022-01-02 09:00:00,403,2022010209,3,9.3,89,eor
2022-01-02 10:00:00,403,2022010210,3,9.7,90,eor
2022-01-02 11:00:00,403,2022010211,3,10.1,91,eor
2022-01-02 12:00:00,403,2022010212,3,10.1,94,eor
2022-01-02 13:00:00,403,2022010213,3,10,95,eor
2022-01-02 14:00:00,403,2022010214,3,9.8,95,eor
2022-01-02 15:00:00,403,2022010215,3,9.7,94,eor
2022-01-02 16:00:00,403,2022010216,3,10,91,eor
2022-01-02 17:00:00,403,2022010217,3,10.5,84,eor
2022-01-02 18:00:00,403,2022010218,3,10.9,79,eor
2022-01-02 19:00:00,403,2022010219,3,11.2,74,eor
2022-01-02 20:00:00,403,2022010220,3,11.6,70,eor
2022-01-02 21:00:00,403,2022010221,3,11.3,69,eor
2022-01-02 22:00:00,403,2022010222,3,10.9,73,eor
2022-01-02 23:00:00,403,2022010223,3,10.1,76,eor
2022-01-03 00:00:00,403,2022010300,3,9.7,79,eor
2022-01-03 01:00:00,403,2022010301,3,10,77,eor
2022-01-03 02:00:00,403,2022010302,3,9,91,eor
2022-01-03 03:00:00,403,2022010303,3,8.7,93,eor
2022-01-03 04:00:00,403,2022010304,3,8.9,88,eor
2022-01-03 05:00:00,403,2022010305,3,8.8,83,eor
2022-01-03 06:00:00,403,2022010306,3,7.8,91,eor
2022-01-03 07:00:00,403,2022010307,3,8,93,eor
2022-01-03 08:00:00,403,2022010308,3,8.2,91,eor
2022-01-03 09:00:00,403,2022010309,3,8.1,91,eor
2022-01-03 10:00:00,403,2022010310,3,8.7,84,eor
2022-01-03 11:00:00,403,2022010311,3,9.8,79,eor
2022-01-03 12:00:00,403,2022010312,3,10,73,eor
2022-01-03 13:00:00,403,2022010313,3,10.4,66,eor
2022-01-03 14:00:00,403,2022010314,3,10.6,62,eor
2022-01-03 15:00:00,403,2022010315,3,10.4,61,eor
2022-01-03 16:00:00,403,2022010316,3,9.9,64,eor
2022-01-03 17:00:00,403,2022010317,3,8.8,68,eor
2022-01-03 18:00:00,403,2022010318,3,7.7,74,eor
2022-01-03 19:00:00,403,2022010319,3,7,82,eor
2022-01-03 20:00:00,403,2022010320,3,6.9,86,eor
2022-01-03 21:00:00,403,2022010321,3,6.9,86,eor
2022-01-03 22:00:00,403,2022010322,3,6.6,86,eor
2022-01-03 23:00:00,403,2022010323,3,6.1,87,eor
2022-01-04 00:00:00,403,2022010400,3,5.5,91,eor
2022-01-04 01:00:00,403,2022010401,3,5.6,92,eor
2022-01-04 02:00:00,403,2022010402,3,5.6,92,eor
2022-01-04 03:00:00,403,2022010403,3,5.7,93,eor
2022-01-04 04:00:00,403,2022010404,3,5.8,94,eor
2022-01-04 05:00:00,403,2022010405,3,5.4,96,eor
2022-01-04 06:00:00,403,2022010406,3,4.4,98,eor
2022-01-04 07:00:00,403,2022010407,3,4.4,99,eor
2022-01-04 08:00:00,403,2022010408,3,5.7,99,eor
2022-01-04 09:00:00,403,2022010409,3,6.5,96,eor
2022-01-04 10:00:00,403,2022010410,3,6.6,93,eor
2022-01-04 11:00:00,403,2022010411,3,6.5,96,eor
2022-01-04 12:00:00,403,2022010412,3,6.4,98,eor
2022-01-04 13:00:00,403,2022010413,3,6.6,98,eor
2022-01-04 14:00:00,403,2022010414,3,6.7,98,eor
2022-01-04 15:00:00,403,2022010415,3,6.6,98,eor
2022-01-04 16:00:00,403,2022010416,3,6.5,98,eor
2022-01-04 17:00:00,403,2022010417,3,6.3,97,eor
2022-01-04 18:00:00,403,2022010418,3,6.3,95,eor
2022-01-04 19:00:00,403,2022010419,3,5.9,94,eor
2022-01-04 20:00:00,403,2022010420,3,5.5,94,eor
2022-01-04 21:00:00,403,2022010421,3,5.4,95,eor
2022-01-04 22:00:00,403,2022010422,3,5.1,91,eor
2022-01-04 23:00:00,403,2022010423,3,4.5,90,eor
2022-01-05 00:00:00,403,2022010500,3,3.7,91,eor
2022-01-05 01:00:00,403,2022010501,3,3.4,91,eor
2022-01-05 02:00:00,403,2022010502,3,3.4,91,eor
2022-01-05 03:00:00,403,2022010503,3,3.5,91,eor
2022-01-05 04:00:00,403,2022010504,3,3.6,87,eor
2022-01-05 05:00:00,403,2022010505,3,2.6,90,eor
2022-01-05 06:00:00,403,2022010506,3,2.5,90,eor
2022-01-05 07:00:00,403,2022010507,3,2.2,93,eor
2022-01-05 08:00:00,403,2022010508,3,2.4,91,eor
2022-01-05 09:00:00,403,2022010509,3,2.8,82,eor
2022-01-05 10:00:00,403,2022010510,3,3.8,72,eor
2022-01-05 11:00:00,403,2022010511,3,4.1,67,eor
2022-01-05 12:00:00,403,2022010512,3,4.8,62,eor
2022-01-05 13:00:00,403,2022010513,3,4.4,63,eor
2022-01-05 14:00:00,403,2022010514,3,3.8,70,eor
2022-01-05 15:00:00,403,2022010515,3,3.1,86,eor
2022-01-05 16:00:00,403,2022010516,3,3.1,87,eor
2022-01-05 17:00:00,403,2022010517,3,3,94,eor
2022-01-05 18:00:00,403,2022010518,3,4.1,90,eor
2022-01-05 19:00:00,403,2022010519,3,4.5,85,eor
2022-01-05 20:00:00,403,2022010520,3,4.1,89,eor
2022-01-05 21:00:00,403,2022010521,3,4.4,84,eor
2022-01-05 22:00:00,403,2022010522,3,4.5,81,eor
2022-01-05 23:00:00,403,2022010523,3,3.8,82,eor
2022-01-06 00:00:00,403,2022010600,3,3.7,81,eor
2022-01-06 01:00:00,403,2022010601,3,3.4,85,eor
2022-01-06 02:00:00,403,2022010602,3,2.2,79,eor
2022-01-06 03:00:00,403,2022010603,3,2,79,eor
2022-01-06 04:00:00,403,2022010604,3,1,70,eor
2022-01-06 05:00:00,403,2022010605,3,0.4,67,eor
2022-01-06 06:00:00,403,2022010606,3,-0.4,74,eor
2022-01-06 07:00:00,403,2022010607,3,-0.7,81,eor
2022-01-06 08:00:00,403,2022010608,3,-0.7,87,eor
2022-01-06 09:00:00,403,2022010609,3,0.2,81,eor
2022-01-06 10:00:00,403,2022010610,3,1.2,77,eor
2022-01-06 11:00:00,403,2022010611,3,2.3,70,eor
2022-01-06 12:00:00,403,2022010612,3,2.8,59,eor
2022-01-06 13:00:00,403,2022010613,3,3.2,50,eor
2022-01-06 14:00:00,403,2022010614,3,2.9,50,eor
2022-01-06 15:00:00,403,2022010615,3,2,54,eor
2022-01-06 16:00:00,403,2022010616,3,0,70,eor
2022-01-06 17:00:00,403,2022010617,3,-1.6,84,eor
2022-01-06 18:00:00,403,2022010618,3,-0.9,87,eor
2022-01-06 19:00:00,403,2022010619,3,-0.3,87,eor
2022-01-06 20:00:00,403,2022010620,3,-1,92,eor
2022-01-06 21:00:00,403,2022010621,3,-1.4,94,eor
2022-01-06 22:00:00,403,2022010622,3,-1.3,96,eor
2022-01-06 23:00:00,403,2022010623,3,-1.5,96,eor
2022-01-07 00:00:00,403,2022010700,3,-1.7,96,eor
2022-01-07 01:00:00,403,2022010701,3,-1.7,96,eor
2022-01-07 02:00:00,403,2022010702,3,-1.9,97,eor
2022-01-07 03:00:00,403,2022010703,3,-2.1,97,eor
2022-01-07 04:00:00,403,2022010704,3,-2.1,97,eor
2022-01-07 05:00:00,403,2022010705,3,-1.2,95,eor
2022-01-07 06:00:00,403,2022010706,3,-1.1,94,eor
2022-01-07 07:00:00,403,2022010707,3,-0.7,92,eor
2022-01-07 08:00:00,403,2022010708,3,-0.3,89,eor
2022-01-07 09:00:00,403,2022010709,3,0.6,83,eor
2022-01-07 10:00:00,403,2022010710,3,1.5,81,eor
2022-01-07 11:00:00,403,2022010711,3,2.4,76,eor
2022-01-07 12:00:00,403,2022010712,3,2.3,78,eor
2022-01-07 13:00:00,403,2022010713,3,1.9,85,eor
2022-01-07 14:00:00,403,2022010714,3,1.6,93,eor
2022-01-07 15:00:00,403,2022010715,3,1.3,96,eor
2022-01-07 16:00:00,403,2022010716,3,1.2,98,eor
2022-01-07 17:00:00,403,2022010717,3,1.3,98,eor
2022-01-07 18:00:00,403,2022010718,3,1.4,97,eor
2022-01-07 19:00:00,403,2022010719,3,1.3,98,eor
2022-01-07 20:00:00,403,2022010720,3,1.4,98,eor
2022-01-07 21:00:00,403,2022010721,3,1.3,97,eor
2022-01-07 22:00:00,403,2022010722,3,0.9,97,eor
2022-01-07 23:00:00,403,2022010723,3,0.6,97,eor
2022-01-08 00:00:00,403,2022010800,3,0.5,97,eor
2022-01-08 01:00:00,403,2022010801,3,0.4,100,eor
2022-01-08 02:00:00,403,2022010802,3,0.6,100,eor
2022-01-08 03:00:00,403,2022010803,3,0.7,100,eor
2022-01-08 04:00:00,403,2022010804,3,0.7,99,eor
2022-01-08 05:00:00,403,2022010805,3,0.7,99,eor
2022-01-08 06:00:00,403,2022010806,3,0.4,99,eor
2022-01-08 07:00:00,403,2022010807,3,0.5,100,eor
2022-01-08 08:00:00,403,2022010808,3,0.3,100,eor
2022-01-08 09:00:00,403,2022010809,3,0.5,100,eor
2022-01-08 10:00:00,403,2022010810,3,0.7,99,eor
2022-01-08 11:00:00,403,2022010811,3,1.4,97,eor
2022-01-08 12:00:00,403,2022010812,3,2.2,87,eor
2022-01-08 13:00:00,403,2022010813,3,3,79,eor
2022-01-08 14:00:00,403,2022010814,3,2.5,83,eor
2022-01-08 15:00:00,403,2022010815,3,2.3,87,eor
2022-01-08 16:00:00,403,2022010816,3,2.4,83,eor
2022-01-08 17:00:00,403,2022010817,3,2.3,86,eor
2022-01-08 18:00:00,403,2022010818,3,2.2,86,eor
2022-01-08 19:00:00,403,2022010819,3,1.6,86,eor
2022-01-08 20:00:00,403,2022010820,3,0.9,88,eor
2022-01-08 21:00:00,403,2022010821,3,-0.1,92,eor
2022-01-08 22:00:00,403,2022010822,3,-0.3,90,eor
2022-01-08 23:00:00,403,2022010823,3,-0.5,88,eor
2022-01-09 00:00:00,403,2022010900,3,-0.8,88,eor
2022-01-09 01:00:00,403,2022010901,3,-0.7,85,eor
2022-01-09 02:00:00,403,2022010902,3,-0.9,85,eor
2022-01-09 03:00:00,403,2022010903,3,-0.9,85,eor
2022-01-09 04:00:00,403,2022010904,3,-0.9,85,eor
2022-01-09 05:00:00,403,2022010905,3,-1,85,eor
2022-01-09 06:00:00,403,2022010906,3,-0.7,83,eor
2022-01-09 07:00:00,403,2022010907,3,-0.3,83,eor
2022-01-09 08:00:00,403,2022010908,3,0,80,eor
2022-01-09 09:00:00,403,2022010909,3,0.5,77,eor
2022-01-09 10:00:00,403,2022010910,3,1,73,eor
2022-01-09 11:00:00,403,2022010911,3,1.8,73,eor
2022-01-09 12:00:00,403,2022010912,3,2.6,71,eor
2022-01-09 13:00:00,403,2022010913,3,2.7,72,eor
2022-01-09 14:00:00,403,2022010914,3,3,74,eor
2022-01-09 15:00:00,403,2022010915,3,3.2,74,eor
2022-01-09 16:00:00,403,2022010916,3,3,79,eor
2022-01-09 17:00:00,403,2022010917,3,3.1,79,eor
2022-01-09 18:00:00,403,2022010918,3,3.2,86,eor
2022-01-09 19:00:00,403,2022010919,3,2.9,95,eor
2022-01-09 20:00:00,403,2022010920,3,2.6,98,eor
2022-01-09 21:00:00,403,2022010921,3,2.5,99,eor
2022-01-09 22:00:00,403,2022010922,3,2.8,100,eor
2022-01-09 23:00:00,403,2022010923,3,3.4,100,eor
2022-01-10 00:00:00,403,2022011000,3,4.1,98,eor
2022-01-10 01:00:00,403,2022011001,3,4,97,eor
2022-01-10 02:00:00,403,2022011002,3,3.9,97,eor
2022-01-10 03:00:00,403,2022011003,3,3.9,97,eor
2022-01-10 04:00:00,403,2022011004,3,3.9,98,eor
2022-01-10 05:00:00,403,2022011005,3,3.8,98,eor
2022-01-10 06:00:00,403,2022011006,3,3.9,98,eor
2022-01-10 07:00:00,403,2022011007,3,3.9,98,eor
2022-01-10 08:00:00,403,2022011008,3,4,97,eor
2022-01-10 09:00:00,403,2022011009,3,4.2,96,eor
2022-01-10 10:00:00,403,2022011010,3,4.5,94,eor
2022-01-10 11:00:00,403,2022011011,3,4.6,92,eor
2022-01-10 12:00:00,403,2022011012,3,4.6,94,eor
2022-01-10 13:00:00,403,2022011013,3,4.8,93,eor
2022-01-10 14:00:00,403,2022011014,3,4.9,90,eor
2022-01-10 15:00:00,403,2022011015,3,4.4,93,eor
2022-01-10 16:00:00,403,2022011016,3,3.6,97,eor
2022-01-10 17:00:00,403,2022011017,3,2.7,98,eor
2022-01-10 18:00:00,403,2022011018,3,1.7,95,eor
2022-01-10 19:00:00,403,2022011019,3,0.7,91,eor
2022-01-10 20:00:00,403,2022011020,3,0.1,90,eor
2022-01-10 21:00:00,403,2022011021,3,-0.3,90,eor
2022-01-10 22:00:00,403,2022011022,3,-0.3,90,eor
2022-01-10 23:00:00,403,2022011023,3,-1,90,eor
2022-01-11 00:00:00,403,2022011100,3,-1.8,94,eor
2022-01-11 01:00:00,403,2022011101,3,-2.2,94,eor
2022-01-11 02:00:00,403,2022011102,3,-2.7,95,eor
2022-01-11 03:00:00,403,2022011103,3,-2.7,96,eor
2022-01-11 04:00:00,403,2022011104,3,-2.7,96,eor
2022-01-11 05:00:00,403,2022011105,3,-2.7,96,eor
2022-01-11 06:00:00,403,2022011106,3,-2.7,96,eor
2022-01-11 07:00:00,403,2022011107,3,-2.6,95,eor
2022-01-11 08:00:00,403,2022011108,3,-2.4,94,eor
2022-01-11 09:00:00,403,2022011109,3,-2.3,94,eor
2022-01-11 10:00:00,403,2022011110,3,-2,92,eor
2022-01-11 11:00:00,403,2022011111,3,-1.8,89,eor
2022-01-11 12:00:00,403,2022011112,3,-1.7,87,eor
2022-01-11 13:00:00,403,2022011113,3,-1.4,88,eor
2022-01-11 14:00:00,403,2022011114,3,-1.3,87,eor
2022-01-11 15:00:00,403,2022011115,3,-1.7,87,eor
2022-01-11 16:00:00,403,2022011116,3,-2.4,91,eor
2022-01-11 17:00:00,403,2022011117,3,-3,93,eor
2022-01-11 18:00:00,403,2022011118,3,-3,94,eor
2022-01-11 19:00:00,403,2022011119,3,-2.7,95,eor
2022-01-11 20:00:00,403,2022011120,3,-2.5,97,eor
2022-01-11 21:00:00,403,2022011121,3,-2.2,97,eor
2022-01-11 22:00:00,403,2022011122,3,-2,96,eor
2022-01-11 23:00:00,403,2022011123,3,-2.2,94,eor
2022-01-12 00:00:00,403,2022011200,3,-2.2,96,eor
2022-01-12 01:00:00,403,2022011201,3,-2.2,98,eor
2022-01-12 02:00:00,403,2022011202,3,-2.1,99,eor
2022-01-12 03:00:00,403,2022011203,3,-2,100,eor
2022-01-12 04:00:00,403,2022011204,3,-1.9,100,eor
2022-01-12 05:00:00,403,2022011205,3,-1.6,100,eor
2022-01-12 06:00:00,403,2022011206,3,-1.4,100,eor
2022-01-12 07:00:00,403,2022011207,3,-1.3,100,eor
2022-01-12 08:00:00,403,2022011208,3,-1.1,100,eor
2022-01-12 09:00:00,403,2022011209,3,-0.3,98,eor
2022-01-12 10:00:00,403,2022011210,3,0.8,96,eor
2022-01-12 11:00:00,403,2022011211,3,2.1,94,eor
2022-01-12 12:00:00,403,2022011212,3,2.5,92,eor
2022-01-12 13:00:00,403,2022011213,3,2.3,98,eor
2022-01-12 14:00:00,403,2022011214,3,2.4,98,eor
2022-01-12 15:00:00,403,2022011215,3,2.6,99,eor
2022-01-12 16:00:00,403,2022011216,3,2.8,100,eor
2022-01-12 17:00:00,403,2022011217,3,2.4,94,eor
2022-01-12 18:00:00,403,2022011218,3,2.4,93,eor
2022-01-12 19:00:00,403,2022011219,3,2.6,92,eor
2022-01-12 20:00:00,403,2022011220,3,2.9,90,eor
2022-01-12 21:00:00,403,2022011221,3,3,89,eor
2022-01-12 22:00:00,403,2022011222,3,3.2,89,eor
2022-01-12 23:00:00,403,2022011223,3,3.4,90,eor
2022-01-13 00:00:00,403,2022011300,3,3.6,90,eor
2022-01-13 01:00:00,403,2022011301,3,3.8,91,eor
2022-01-13 02:00:00,403,2022011302,3,3.8,91,eor
2022-01-13 03:00:00,403,2022011303,3,3.7,93,eor
2022-01-13 04:00:00,403,2022011304,3,3.6,94,eor
2022-01-13 05:00:00,403,2022011305,3,3.4,96,eor
2022-01-13 06:00:00,403,2022011306,3,3.3,97,eor
2022-01-13 07:00:00,403,2022011307,3,3.3,98,eor
2022-01-13 08:00:00,403,2022011308,3,3.3,98,eor
2022-01-13 09:00:00,403,2022011309,3,3.5,99,eor
2022-01-13 10:00:00,403,2022011310,3,3.5,98,eor
2022-01-13 11:00:00,403,2022011311,3,3.7,98,eor
2022-01-13 12:00:00,403,2022011312,3,4,94,eor
2022-01-13 13:00:00,403,2022011313,3,4.4,92,eor
2022-01-13 14:00:00,403,2022011314,3,4.6,90,eor
2022-01-13 15:00:00,403,2022011315,3,4.5,88,eor
2022-01-13 16:00:00,403,2022011316,3,4.5,88,eor
2022-01-13 17:00:00,403,2022011317,3,4.7,86,eor
2022-01-13 18:00:00,403,2022011318,3,4.7,85,eor
2022-01-13 19:00:00,403,2022011319,3,4.7,86,eor
2022-01-13 20:00:00,403,2022011320,3,4.9,87,eor
2022-01-13 21:00:00,403,2022011321,3,4.9,86,eor
2022-01-13 22:00:00,403,2022011322,3,4.8,85,eor
2022-01-13 23:00:00,403,2022011323,3,4.9,86,eor
2022-01-14 00:00:00,403,2022011400,3,4.9,86,eor
2022-01-14 01:00:00,403,2022011401,3,5,86,eor
2022-01-14 02:00:00,403,2022011402,3,5.1,87,eor
2022-01-14 03:00:00,403,2022011403,3,5,90,eor
2022-01-14 04:00:00,403,2022011404,3,4.7,94,eor
2022-01-14 05:00:00,403,2022011405,3,4.7,97,eor
2022-01-14 06:00:00,403,2022011406,3,4.4,97,eor
2022-01-14 07:00:00,403,2022011407,3,4.4,96,eor
2022-01-14 08:00:00,403,2022011408,3,4.7,93,eor
2022-01-14 09:00:00,403,2022011409,3,4.7,93,eor
2022-01-14 10:00:00,403,2022011410,3,5.1,91,eor
2022-01-14 11:00:00,403,2022011411,3,5.5,89,eor
2022-01-14 12:00:00,403,2022011412,3,5.9,88,eor
2022-01-14 13:00:00,403,2022011413,3,6,91,eor
2022-01-14 14:00:00,403,2022011414,3,6.2,93,eor
2022-01-14 15:00:00,403,2022011415,3,6.3,94,eor
2022-01-14 16:00:00,403,2022011416,3,6.4,94,eor
2022-01-14 17:00:00,403,2022011417,3,6.5,93,eor
2022-01-14 18:00:00,403,2022011418,3,6.9,88,eor
2022-01-14 19:00:00,403,2022011419,3,6.6,74,eor
2022-01-14 20:00:00,403,2022011420,3,6.3,68,eor
2022-01-14 21:00:00,403,2022011421,3,5.4,72,eor
2022-01-14 22:00:00,403,2022011422,3,4.6,76,eor
2022-01-14 23:00:00,403,2022011423,3,2.8,83,eor
2022-01-15 00:00:00,403,2022011500,3,2.2,89,eor
2022-01-15 01:00:00,403,2022011501,3,2,90,eor
2022-01-15 02:00:00,403,2022011502,3,1,93,eor
2022-01-15 03:00:00,403,2022011503,3,1.2,96,eor
2022-01-15 04:00:00,403,2022011504,3,-0.3,98,eor
2022-01-15 05:00:00,403,2022011505,3,0.8,100,eor
2022-01-15 06:00:00,403,2022011506,3,0.9,100,eor
2022-01-15 07:00:00,403,2022011507,3,0.6,100,eor
2022-01-15 08:00:00,403,2022011508,3,0.6,100,eor
2022-01-15 09:00:00,403,2022011509,3,0.5,100,eor
2022-01-15 10:00:00,403,2022011510,3,0.6,100,eor
2022-01-15 11:00:00,403,2022011511,3,0.9,98,eor
2022-01-15 12:00:00,403,2022011512,3,1.4,96,eor
2022-01-15 13:00:00,403,2022011513,3,1.6,94,eor
2022-01-15 14:00:00,403,2022011514,3,2.3,91,eor
2022-01-15 15:00:00,403,2022011515,3,3.1,85,eor
2022-01-15 16:00:00,403,2022011516,3,3.3,79,eor
2022-01-15 17:00:00,403,2022011517,3,3.2,78,eor
2022-01-15 18:00:00,403,2022011518,3,3.1,74,eor
2022-01-15 19:00:00,403,2022011519,3,2.9,72,eor
2022-01-15 20:00:00,403,2022011520,3,2.6,73,eor
2022-01-15 21:00:00,403,2022011521,3,2.5,73,eor
2022-01-15 22:00:00,403,2022011522,3,2.3,74,eor
2022-01-15 23:00:00,403,2022011523,3,2.2,75,eor
2022-01-16 00:00:00,403,2022011600,3,2.2,75,eor
2022-01-16 01:00:00,403,2022011601,3,1.8,79,eor
2022-01-16 02:00:00,403,2022011602,3,1.4,82,eor
2022-01-16 03:00:00,403,2022011603,3,0.8,81,eor
2022-01-16 04:00:00,403,2022011604,3,0.1,86,eor
2022-01-16 05:00:00,403,2022011605,3,-0.4,90,eor
2022-01-16 06:00:00,403,2022011606,3,-0.6,90,eor
2022-01-16 07:00:00,403,2022011607,3,-1.1,94,eor
2022-01-16 08:00:00,403,2022011608,3,-1,94,eor
2022-01-16 09:00:00,403,2022011609,3,-0.7,95,eor
2022-01-16 10:00:00,403,2022011610,3,0,95,eor
2022-01-16 11:00:00,403,2022011611,3,0.7,94,eor
2022-01-16 12:00:00,403,2022011612,3,1.4,95,eor
2022-01-16 13:00:00,403,2022011613,3,2,95,eor
2022-01-16 14:00:00,403,2022011614,3,2.6,94,eor
2022-01-16 15:00:00,403,2022011615,3,2.9,94,eor
2022-01-16 16:00:00,403,2022011616,3,3,94,eor
2022-01-16 17:00:00,403,2022011617,3,3.6,92,eor
2022-01-16 18:00:00,403,2022011618,3,4.1,90,eor
2022-01-16 19:00:00,403,2022011619,3,4.4,92,eor
2022-01-16 20:00:00,403,2022011620,3,4.9,88,eor
2022-01-16 21:00:00,403,2022011621,3,5,89,eor
2022-01-16 22:00:00,403,2022011622,3,5,90,eor
2022-01-16 23:00:00,403,2022011623,3,5,93,eor
2022-01-17 00:00:00,403,2022011700,3,5.2,94,eor
2022-01-17 01:00:00,403,2022011701,3,5.7,88,eor
2022-01-17 02:00:00,403,2022011702,3,6.1,82,eor
2022-01-17 03:00:00,403,2022011703,3,5.7,76,eor
2022-01-17 04:00:00,403,2022011704,3,5.8,70,eor
2022-01-17 05:00:00,403,2022011705,3,5.7,74,eor
2022-01-17 06:00:00,403,2022011706,3,5.6,76,eor
2022-01-17 07:00:00,403,2022011707,3,5.2,84,eor
2022-01-17 08:00:00,403,2022011708,3,5.4,88,eor
2022-01-17 09:00:00,403,2022011709,3,5.7,90,eor
2022-01-17 10:00:00,403,2022011710,3,6.1,92,eor
2022-01-17 11:00:00,403,2022011711,3,5.3,91,eor
2022-01-17 12:00:00,403,2022011712,3,3.2,84,eor
2022-01-17 13:00:00,403,2022011713,3,3.6,71,eor
2022-01-17 14:00:00,403,2022011714,3,3.9,62,eor
2022-01-17 15:00:00,403,2022011715,3,3.8,70,eor
2022-01-17 16:00:00,403,2022011716,3,3.1,75,eor
2022-01-17 17:00:00,403,2022011717,3,2.3,80,eor
2022-01-17 18:00:00,403,2022011718,3,2.2,78,eor
2022-01-17 19:00:00,403,2022011719,3,2,75,eor
2022-01-17 20:00:00,403,2022011720,3,2.2,75,eor
2022-01-17 21:00:00,403,2022011721,3,1.6,77,eor
2022-01-17 22:00:00,403,2022011722,3,0.9,81,eor
2022-01-17 23:00:00,403,2022011723,3,0.5,84,eor
2022-01-18 00:00:00,403,2022011800,3,0.1,88,eor
2022-01-18 01:00:00,403,2022011801,3,0,91,eor
2022-01-18 02:00:00,403,2022011802,3,-0.3,94,eor
2022-01-18 03:00:00,403,2022011803,3,-0.7,95,eor
2022-01-18 04:00:00,403,2022011804,3,-0.7,96,eor
2022-01-18 05:00:00,403,2022011805,3,0.2,94,eor
2022-01-18 06:00:00,403,2022011806,3,0.1,94,eor
2022-01-18 07:00:00,403,2022011807,3,0.4,94,eor
2022-01-18 08:00:00,403,2022011808,3,0.8,93,eor
2022-01-18 09:00:00,403,2022011809,3,2.3,90,eor
2022-01-18 10:00:00,403,2022011810,3,3.5,82,eor
2022-01-18 11:00:00,403,2022011811,3,4.3,76,eor
2022-01-18 12:00:00,403,2022011812,3,4.8,73,eor
2022-01-18 13:00:00,403,2022011813,3,5,73,eor
2022-01-18 14:00:00,403,2022011814,3,5,75,eor
2022-01-18 15:00:00,403,2022011815,3,4.9,77,eor
2022-01-18 16:00:00,403,2022011816,3,4.8,80,eor
2022-01-18 17:00:00,403,2022011817,3,4.7,81,eor
2022-01-18 18:00:00,403,2022011818,3,4.8,84,eor
2022-01-18 19:00:00,403,2022011819,3,4.8,86,eor
2022-01-18 20:00:00,403,2022011820,3,4.8,88,eor
2022-01-18 21:00:00,403,2022011821,3,5.1,87,eor
2022-01-18 22:00:00,403,2022011822,3,5.2,87,eor
2022-01-18 23:00:00,403,2022011823,3,5.2,86,eor
2022-01-19 00:00:00,403,2022011900,3,4.9,81,eor
2022-01-19 01:00:00,403,2022011901,3,4.9,81,eor
2022-01-19 02:00:00,403,2022011902,3,5,81,eor
2022-01-19 03:00:00,403,2022011903,3,4.9,81,eor
2022-01-19 04:00:00,403,2022011904,3,4.8,81,eor
2022-01-19 05:00:00,403,2022011905,3,4.6,81,eor
2022-01-19 06:00:00,403,2022011906,3,4.3,83,eor
2022-01-19 07:00:00,403,2022011907,3,4.1,84,eor
2022-01-19 08:00:00,403,2022011908,3,3.3,85,eor
2022-01-19 09:00:00,403,2022011909,3,3.1,85,eor
2022-01-19 10:00:00,403,2022011910,3,3.8,84,eor
2022-01-19 11:00:00,403,2022011911,3,3.3,84,eor
2022-01-19 12:00:00,403,2022011912,3,2.5,87,eor
2022-01-19 13:00:00,403,2022011913,3,2.6,86,eor
2022-01-19 14:00:00,403,2022011914,3,2.7,85,eor
2022-01-19 15:00:00,403,2022011915,3,3.2,85,eor
2022-01-19 16:00:00,403,2022011916,3,3.6,82,eor
2022-01-19 17:00:00,403,2022011917,3,3.8,78,eor
2022-01-19 18:00:00,403,2022011918,3,3.8,78,eor
2022-01-19 19:00:00,403,2022011919,3,3.7,77,eor
2022-01-19 20:00:00,403,2022011920,3,3.6,78,eor
2022-01-19 21:00:00,403,2022011921,3,3.7,81,eor
2022-01-19 22:00:00,403,2022011922,3,3.9,82,eor
2022-01-19 23:00:00,403,2022011923,3,3.9,90,eor
2022-01-20 00:00:00,403,2022012000,3,3.4,89,eor
2022-01-20 01:00:00,403,2022012001,3,3.9,90,eor
2022-01-20 02:00:00,403,2022012002,3,3.2,82,eor
2022-01-20 03:00:00,403,2022012003,3,2.8,77,eor
2022-01-20 04:00:00,403,2022012004,3,2.4,79,eor
2022-01-20 05:00:00,403,2022012005,3,0,93,eor
2022-01-20 06:00:00,403,2022012006,3,1.6,76,eor
2022-01-20 07:00:00,403,2022012007,3,1.3,55,eor
2022-01-20 08:00:00,403,2022012008,3,1,58,eor
2022-01-20 09:00:00,403,2022012009,3,1.5,56,eor
2022-01-20 10:00:00,403,2022012010,3,1.9,59,eor
2022-01-20 11:00:00,403,2022012011,3,2.3,60,eor
2022-01-20 12:00:00,403,2022012012,3,3,56,eor
2022-01-20 13:00:00,403,2022012013,3,2.4,54,eor
2022-01-20 14:00:00,403,2022012014,3,2.4,57,eor
2022-01-20 15:00:00,403,2022012015,3,2.1,58,eor
2022-01-20 16:00:00,403,2022012016,3,0.5,73,eor
2022-01-20 17:00:00,403,2022012017,3,0.3,71,eor
2022-01-20 18:00:00,403,2022012018,3,0.3,70,eor
2022-01-20 19:00:00,403,2022012019,3,-1,94,eor
2022-01-20 20:00:00,403,2022012020,3,-1.3,97,eor
2022-01-20 21:00:00,403,2022012021,3,-1.5,92,eor
2022-01-20 22:00:00,403,2022012022,3,-1.6,87,eor
2022-01-20 23:00:00,403,2022012023,3,-0.9,79,eor
2022-01-21 00:00:00,403,2022012100,3,-0.9,71,eor
2022-01-21 01:00:00,403,2022012101,3,-1,67,eor
2022-01-21 02:00:00,403,2022012102,3,-0.9,66,eor
2022-01-21 03:00:00,403,2022012103,3,-1.4,68,eor
2022-01-21 04:00:00,403,2022012104,3,-2,69,eor
2022-01-21 05:00:00,403,2022012105,3,-2.5,70,eor
2022-01-21 06:00:00,403,2022012106,3,-2.8,71,eor
2022-01-21 07:00:00,403,2022012107,3,-2.6,72,eor
2022-01-21 08:00:00,403,2022012108,3,-2.6,76,eor
2022-01-21 09:00:00,403,2022012109,3,-1.7,76,eor
2022-01-21 10:00:00,403,2022012110,3,-0.2,75,eor
2022-01-21 11:00:00,403,2022012111,3,0.8,70,eor
2022-01-21 12:00:00,403,2022012112,3,1.4,63,eor
2022-01-21 13:00:00,403,2022012113,3,2,58,eor
2022-01-21 14:00:00,403,2022012114,3,2.2,56,eor
2022-01-21 15:00:00,403,2022012115,3,2.1,51,eor
2022-01-21 16:00:00,403,2022012116,3,1.6,51,eor
2022-01-21 17:00:00,403,2022012117,3,1,56,eor
2022-01-21 18:00:00,403,2022012118,3,1,62,eor
2022-01-21 19:00:00,403,2022012119,3,1.9,73,eor
2022-01-21 20:00:00,403,2022012120,3,2.2,83,eor
2022-01-21 21:00:00,403,2022012121,3,1.8,96,eor
2022-01-21 22:00:00,403,2022012122,3,2.3,99,eor
2022-01-21 23:00:00,403,2022012123,3,2.9,100,eor
2022-01-22 00:00:00,403,2022012200,3,3.4,99,eor
2022-01-22 01:00:00,403,2022012201,3,3.8,99,eor
2022-01-22 02:00:00,403,2022012202,3,3.9,98,eor
2022-01-22 03:00:00,403,2022012203,3,3.7,97,eor
2022-01-22 04:00:00,403,2022012204,3,3.3,96,eor
2022-01-22 05:00:00,403,2022012205,3,2.5,96,eor
2022-01-22 06:00:00,403,2022012206,3,2.4,95,eor
2022-01-22 07:00:00,403,2022012207,3,1.9,95,eor
2022-01-22 08:00:00,403,2022012208,3,2,94,eor
2022-01-22 09:00:00,403,2022012209,3,2.3,93,eor
2022-01-22 10:00:00,403,2022012210,3,2.5,90,eor
2022-01-22 11:00:00,403,2022012211,3,2.9,84,eor
2022-01-22 12:00:00,403,2022012212,3,3,73,eor
2022-01-22 13:00:00,403,2022012213,3,3.2,72,eor
2022-01-22 14:00:00,403,2022012214,3,3.3,69,eor
2022-01-22 15:00:00,403,2022012215,3,3.1,73,eor
2022-01-22 16:00:00,403,2022012216,3,2.5,78,eor
2022-01-22 17:00:00,403,2022012217,3,2,83,eor
2022-01-22 18:00:00,403,2022012218,3,2,83,eor
2022-01-22 19:00:00,403,2022012219,3,2.5,85,eor
2022-01-22 20:00:00,403,2022012220,3,2.9,87,eor
2022-01-22 21:00:00,403,2022012221,3,3.1,92,eor
2022-01-22 22:00:00,403,2022012222,3,3.1,98,eor
2022-01-22 23:00:00,403,2022012223,3,3.6,99,eor
2022-01-23 00:00:00,403,2022012300,3,4.3,100,eor
2022-01-23 01:00:00,403,2022012301,3,4.5,100,eor
2022-01-23 02:00:00,403,2022012302,3,4.7,100,eor
2022-01-23 03:00:00,403,2022012303,3,4.8,99,eor
2022-01-23 04:00:00,403,2022012304,3,4.8,98,eor
2022-01-23 05:00:00,403,2022012305,3,4.7,98,eor
2022-01-23 06:00:00,403,2022012306,3,4.7,98,eor
2022-01-23 07:00:00,403,2022012307,3,4.7,98,eor
2022-01-23 08:00:00,403,2022012308,3,4.8,98,eor
2022-01-23 09:00:00,403,2022012309,3,5.2,98,eor
2022-01-23 10:00:00,403,2022012310,3,5.5,98,eor
2022-01-23 11:00:00,403,2022012311,3,5.9,96,eor
2022-01-23 12:00:00,403,2022012312,3,6.1,95,eor
2022-01-23 13:00:00,403,2022012313,3,6.1,96,eor
2022-01-23 14:00:00,403,2022012314,3,6.3,94,eor
2022-01-23 15:00:00,403,2022012315,3,6.2,94,eor
2022-01-23 16:00:00,403,2022012316,3,6.2,92,eor
2022-01-23 17:00:00,403,2022012317,3,5.7,94,eor
2022-01-23 18:00:00,403,2022012318,3,5.5,98,eor
2022-01-23 19:00:00,403,2022012319,3,5.1,99,eor
2022-01-23 20:00:00,403,2022012320,3,5.3,100,eor
2022-01-23 21:00:00,403,2022012321,3,5.5,100,eor
2022-01-23 22:00:00,403,2022012322,3,5.5,100,eor
2022-01-23 23:00:00,403,2022012323,3,5.8,100,eor
2022-01-24 00:00:00,403,2022012400,3,5.8,100,eor
2022-01-24 01:00:00,403,2022012401,3,5.7,100,eor
2022-01-24 02:00:00,403,2022012402,3,5.9,100,eor
2022-01-24 03:00:00,403,2022012403,3,5.8,100,eor
2022-01-24 04:00:00,403,2022012404,3,5.5,100,eor
2022-01-24 05:00:00,403,2022012405,3,5.5,100,eor
2022-01-24 06:00:00,403,2022012406,3,5.3,99,eor
2022-01-24 07:00:00,403,2022012407,3,5.1,98,eor
2022-01-24 08:00:00,403,2022012408,3,5,99,eor
2022-01-24 09:00:00,403,2022012409,3,5.4,98,eor
2022-01-24 10:00:00,403,2022012410,3,5.9,93,eor
2022-01-24 11:00:00,403,2022012411,3,5.9,92,eor
2022-01-24 12:00:00,403,2022012412,3,5.8,88,eor
2022-01-24 13:00:00,403,2022012413,3,5.5,89,eor
2022-01-24 14:00:00,403,2022012414,3,5.1,94,eor
2022-01-24 15:00:00,403,2022012415,3,5,93,eor
2022-01-24 16:00:00,403,2022012416,3,4.6,95,eor
2022-01-24 17:00:00,403,2022012417,3,4.4,96,eor
2022-01-24 18:00:00,403,2022012418,3,4.3,97,eor
2022-01-24 19:00:00,403,2022012419,3,4.3,98,eor
2022-01-24 20:00:00,403,2022012420,3,4.3,98,eor
2022-01-24 21:00:00,403,2022012421,3,4.4,98,eor
2022-01-24 22:00:00,403,2022012422,3,4.4,98,eor
2022-01-24 23:00:00,403,2022012423,3,4.3,98,eor
2022-01-25 00:00:00,403,2022012500,3,4.2,97,eor
2022-01-25 01:00:00,403,2022012501,3,3.9,96,eor
2022-01-25 02:00:00,403,2022012502,3,3.7,97,eor
2022-01-25 03:00:00,403,2022012503,3,3.6,97,eor
2022-01-25 04:00:00,403,2022012504,3,3.1,94,eor
2022-01-25 05:00:00,403,2022012505,3,3,93,eor
2022-01-25 06:00:00,403,2022012506,3,3.1,92,eor
2022-01-25 07:00:00,403,2022012507,3,3,92,eor
2022-01-25 08:00:00,403,2022012508,3,3,93,eor
2022-01-25 09:00:00,403,2022012509,3,3.2,94,eor
2022-01-25 10:00:00,403,2022012510,3,3.6,94,eor
2022-01-25 11:00:00,403,2022012511,3,3.8,95,eor
2022-01-25 12:00:00,403,2022012512,3,4.3,94,eor
2022-01-25 13:00:00,403,2022012513,3,4.5,92,eor
2022-01-25 14:00:00,403,2022012514,3,4.4,94,eor
2022-01-25 15:00:00,403,2022012515,3,4.3,95,eor
2022-01-25 16:00:00,403,2022012516,3,4.2,97,eor
2022-01-25 17:00:00,403,2022012517,3,4.2,97,eor
2022-01-25 18:00:00,403,2022012518,3,4.1,98,eor
2022-01-25 19:00:00,403,2022012519,3,4.1,98,eor
2022-01-25 20:00:00,403,2022012520,3,4,98,eor
2022-01-25 21:00:00,403,2022012521,3,3.9,98,eor
2022-01-25 22:00:00,403,2022012522,3,3.9,98,eor
2022-01-25 23:00:00,403,2022012523,3,3.8,98,eor
2022-01-26 00:00:00,403,2022012600,3,3.8,98,eor
2022-01-26 01:00:00,403,2022012601,3,3.7,98,eor
2022-01-26 02:00:00,403,2022012602,3,3.7,98,eor
2022-01-26 03:00:00,403,2022012603,3,3.6,98,eor
2022-01-26 04:00:00,403,2022012604,3,3.4,98,eor
2022-01-26 05:00:00,403,2022012605,3,2.9,98,eor
2022-01-26 06:00:00,403,2022012606,3,2.7,97,eor
2022-01-26 07:00:00,403,2022012607,3,2.5,97,eor
2022-01-26 08:00:00,403,2022012608,3,2.6,96,eor
2022-01-26 09:00:00,403,2022012609,3,2.6,95,eor
2022-01-26 10:00:00,403,2022012610,3,2.9,94,eor
2022-01-26 11:00:00,403,2022012611,3,3.1,94,eor
2022-01-26 12:00:00,403,2022012612,3,3,90,eor
2022-01-26 13:00:00,403,2022012613,3,2.3,94,eor
2022-01-26 14:00:00,403,2022012614,3,1.9,93,eor
2022-01-26 15:00:00,403,2022012615,3,1.6,90,eor
2022-01-26 16:00:00,403,2022012616,3,1.7,90,eor
2022-01-26 17:00:00,403,2022012617,3,1.9,91,eor
2022-01-26 18:00:00,403,2022012618,3,1.9,93,eor
2022-01-26 19:00:00,403,2022012619,3,2.2,91,eor
2022-01-26 20:00:00,403,2022012620,3,2.3,92,eor
2022-01-26 21:00:00,403,2022012621,3,2.6,92,eor
2022-01-26 22:00:00,403,2022012622,3,2.6,93,eor
2022-01-26 23:00:00,403,2022012623,3,2.8,92,eor
2022-01-27 00:00:00,403,2022012700,3,3.1,90,eor
2022-01-27 01:00:00,403,2022012701,3,2.9,94,eor
2022-01-27 02:00:00,403,2022012702,3,3.1,91,eor
2022-01-27 03:00:00,403,2022012703,3,3.3,90,eor
2022-01-27 04:00:00,403,2022012704,3,3.5,89,eor
2022-01-27 05:00:00,403,2022012705,3,4,84,eor
2022-01-27 06:00:00,403,2022012706,3,4,81,eor
2022-01-27 07:00:00,403,2022012707,3,3.6,85,eor
2022-01-27 08:00:00,403,2022012708,3,3.7,81,eor
2022-01-27 09:00:00,403,2022012709,3,3.8,78,eor
2022-01-27 10:00:00,403,2022012710,3,3.3,83,eor
2022-01-27 11:00:00,403,2022012711,3,3,94,eor
2022-01-27 12:00:00,403,2022012712,3,3.3,96,eor
2022-01-27 13:00:00,403,2022012713,3,3.5,97,eor
2022-01-27 14:00:00,403,2022012714,3,4.7,96,eor
2022-01-27 15:00:00,403,2022012715,3,5.3,94,eor
2022-01-27 16:00:00,403,2022012716,3,5.8,92,eor
2022-01-27 17:00:00,403,2022012717,3,5.9,90,eor
2022-01-27 18:00:00,403,2022012718,3,6.1,87,eor
2022-01-27 19:00:00,403,2022012719,3,6.3,80,eor
2022-01-27 20:00:00,403,2022012720,3,5.6,72,eor
2022-01-27 21:00:00,403,2022012721,3,5.3,74,eor
2022-01-27 22:00:00,403,2022012722,3,5.1,73,eor
2022-01-27 23:00:00,403,2022012723,3,5.1,73,eor
2022-01-28 00:00:00,403,2022012800,3,5.2,70,eor
2022-01-28 01:00:00,403,2022012801,3,5.3,68,eor
2022-01-28 02:00:00,403,2022012802,3,5,68,eor
2022-01-28 03:00:00,403,2022012803,3,4.8,70,eor
2022-01-28 04:00:00,403,2022012804,3,5.1,67,eor
2022-01-28 05:00:00,403,2022012805,3,5.1,66,eor
2022-01-28 06:00:00,403,2022012806,3,5,66,eor
2022-01-28 07:00:00,403,2022012807,3,5,66,eor
2022-01-28 08:00:00,403,2022012808,3,4.6,64,eor
2022-01-28 09:00:00,403,2022012809,3,4.6,64,eor
2022-01-28 10:00:00,403,2022012810,3,5,61,eor
2022-01-28 11:00:00,403,2022012811,3,5.6,59,eor
2022-01-28 12:00:00,403,2022012812,3,5.8,58,eor
2022-01-28 13:00:00,403,2022012813,3,6,58,eor
2022-01-28 14:00:00,403,2022012814,3,6.3,59,eor
2022-01-28 15:00:00,403,2022012815,3,5.8,58,eor
2022-01-28 15:00:00,403,2022012815,3,5.8,58,eor
2022-01-28 17:00:00,403,2022012817,3,4.6,64,eor
2022-01-28 18:00:00,403,2022012818,3,4.2,63,eor
2022-01-28 19:00:00,403,2022012819,3,3.8,66,eor
2022-01-28 20:00:00,403,2022012820,3,3.7,70,eor
2022-01-28 21:00:00,403,2022012821,3,3.6,71,eor
2022-01-28 22:00:00,403,2022012822,3,3.3,73,eor
2022-01-28 23:00:00,403,2022012823,3,3.2,73,eor
2022-01-29 00:00:00,403,2022012900,3,3.1,74,eor
2022-01-29 01:00:00,403,2022012901,3,2.9,75,eor
2022-01-29 02:00:00,403,2022012902,3,2.9,77,eor
2022-01-29 03:00:00,403,2022012903,3,2.8,79,eor
2022-01-29 04:00:00,403,2022012904,3,2.7,88,eor
2022-01-29 05:00:00,403,2022012905,3,2.8,93,eor
2022-01-29 06:00:00,403,2022012906,3,3,94,eor
2022-01-29 07:00:00,403,2022012907,3,3.2,96,eor
2022-01-29 08:00:00,403,2022012908,3,3.5,97,eor
2022-01-29 09:00:00,403,2022012909,3,4,98,eor
2022-01-29 10:00:00,403,2022012910,3,4.9,98,eor
2022-01-29 11:00:00,403,2022012911,3,5.9,98,eor
2022-01-29 12:00:00,403,2022012912,3,6.9,94,eor
2022-01-29 13:00:00,403,2022012913,3,7.5,91,eor
2022-01-29 14:00:00,403,2022012914,3,8.7,80,eor
2022-01-29 15:00:00,403,2022012915,3,8.5,85,eor
2022-01-29 16:00:00,403,2022012916,3,8.9,81,eor
2022-01-29 17:00:00,403,2022012917,3,8.6,89,eor
2022-01-29 18:00:00,403,2022012918,3,8.7,92,eor
2022-01-29 19:00:00,403,2022012919,3,9.1,87,eor
2022-01-29 20:00:00,403,2022012920,3,9.2,66,eor
2022-01-29 21:00:00,403,2022012921,3,8,65,eor
2022-01-29 22:00:00,403,2022012922,3,7.4,62,eor
2022-01-29 23:00:00,403,2022012923,3,6.3,67,eor
2022-01-30 00:00:00,403,2022013000,3,6.2,63,eor
2022-01-30 01:00:00,403,2022013001,3,5.9,64,eor
2022-01-30 02:00:00,403,2022013002,3,6.3,60,eor
2022-01-30 03:00:00,403,2022013003,3,6.4,60,eor
2022-01-30 04:00:00,403,2022013004,3,5.7,64,eor
2022-01-30 05:00:00,403,2022013005,3,5.4,69,eor
2022-01-30 06:00:00,403,2022013006,3,5.5,66,eor
2022-01-30 07:00:00,403,2022013007,3,5.6,63,eor
2022-01-30 08:00:00,403,2022013008,3,6.2,57,eor
2022-01-30 09:00:00,403,2022013009,3,6.1,59,eor
2022-01-30 10:00:00,403,2022013010,3,6.5,57,eor
2022-01-30 11:00:00,403,2022013011,3,6.3,58,eor
2022-01-30 12:00:00,403,2022013012,3,6.6,56,eor
2022-01-30 13:00:00,403,2022013013,3,6.8,54,eor
2022-01-30 14:00:00,403,2022013014,3,6.8,54,eor
2022-01-30 15:00:00,403,2022013015,3,6.5,54,eor
2022-01-30 16:00:00,403,2022013016,3,6,55,eor
2022-01-30 17:00:00,403,2022013017,3,5.7,54,eor
2022-01-30 18:00:00,403,2022013018,3,5.5,53,eor
2022-01-30 19:00:00,403,2022013019,3,5,52,eor
2022-01-30 20:00:00,403,2022013020,3,4.8,54,eor
2022-01-30 21:00:00,403,2022013021,3,4.7,55,eor
2022-01-30 22:00:00,403,2022013022,3,4.5,57,eor
2022-01-30 23:00:00,403,2022013023,3,4.3,57,eor
2022-01-31 00:00:00,403,2022013100,3,4,59,eor
2022-01-31 01:00:00,403,2022013101,3,3.7,69,eor
2022-01-31 02:00:00,403,2022013102,3,3.4,71,eor
2022-01-31 03:00:00,403,2022013103,3,3.4,69,eor
2022-01-31 04:00:00,403,2022013104,3,3.1,69,eor
2022-01-31 05:00:00,403,2022013105,3,2.6,70,eor
2022-01-31 06:00:00,403,2022013106,3,2.4,71,eor
2022-01-31 07:00:00,403,2022013107,3,2.1,73,eor
2022-01-31 08:00:00,403,2022013108,3,2.1,73,eor
2022-01-31 09:00:00,403,2022013109,3,2.3,73,eor
2022-01-31 10:00:00,403,2022013110,3,2.9,71,eor
2022-01-31 11:00:00,403,2022013111,3,3.1,70,eor
2022-01-31 12:00:00,403,2022013112,3,3.6,70,eor
2022-01-31 13:00:00,403,2022013113,3,3.8,71,eor
2022-01-31 14:00:00,403,2022013114,3,4.3,69,eor
2022-01-31 15:00:00,403,2022013115,3,3.9,69,eor
2022-01-31 16:00:00,403,2022013116,3,3.3,71,eor
2022-01-31 17:00:00,403,2022013117,3,3.5,70,eor
2022-01-31 18:00:00,403,2022013118,3,3.4,71,eor
2022-01-31 19:00:00,403,2022013119,3,3.2,71,eor
2022-01-31 20:00:00,403,2022013120,3,1.7,79,eor
2022-01-31 21:00:00,403,2022013121,3,1.8,80,eor
2022-01-31 22:00:00,403,2022013122,3,1.4,82,eor
2022-01-31 23:00:00,403,2022013123,3,1.5,83,eor
2022-02-01 00:00:00,403,2022020100,3,1.4,88,eor
2022-02-01 01:00:00,403,2022020101,3,1.3,91,eor
2022-02-01 02:00:00,403,2022020102,3,1.4,93,eor
2022-02-01 03:00:00,403,2022020103,3,1.8,92,eor
2022-02-01 04:00:00,403,2022020104,3,1.9,91,eor
2022-02-01 05:00:00,403,2022020105,3,1.9,90,eor
2022-02-01 06:00:00,403,2022020106,3,1.3,95,eor
2022-02-01 07:00:00,403,2022020107,3,1.6,95,eor
2022-02-01 08:00:00,403,2022020108,3,1.7,95,eor
2022-02-01 09:00:00,403,2022020109,3,2.5,92,eor
2022-02-01 10:00:00,403,2022020110,3,2.9,89,eor
2022-02-01 11:00:00,403,2022020111,3,3.4,85,eor
2022-02-01 12:00:00,403,2022020112,3,3.9,82,eor
2022-02-01 13:00:00,403,2022020113,3,3.9,81,eor
2022-02-01 14:00:00,403,2022020114,3,3.2,89,eor
2022-02-01 15:00:00,403,2022020115,3,2.4,96,eor
2022-02-01 16:00:00,403,2022020116,3,2.8,96,eor
2022-02-01 17:00:00,403,2022020117,3,4.1,97,eor
2022-02-01 18:00:00,403,2022020118,3,5,97,eor
2022-02-01 19:00:00,403,2022020119,3,5.9,92,eor
2022-02-01 20:00:00,403,2022020120,3,6.1,90,eor
2022-02-01 21:00:00,403,2022020121,3,6.6,81,eor
2022-02-01 22:00:00,403,2022020122,3,6.1,80,eor
2022-02-01 23:00:00,403,2022020123,3,5.7,83,eor
2022-02-02 00:00:00,403,2022020200,3,5.6,84,eor
2022-02-02 01:00:00,403,2022020201,3,5.7,80,eor
2022-02-02 02:00:00,403,2022020202,3,5.7,78,eor
2022-02-02 03:00:00,403,2022020203,3,5.3,83,eor
2022-02-02 04:00:00,403,2022020204,3,5.1,86,eor
2022-02-02 05:00:00,403,2022020205,3,5.6,75,eor
2022-02-02 06:00:00,403,2022020206,3,5.6,74,eor
2022-02-02 07:00:00,403,2022020207,3,5.3,76,eor
2022-02-02 08:00:00,403,2022020208,3,5.8,73,eor
2022-02-02 09:00:00,403,2022020209,3,6.1,69,eor
2022-02-02 10:00:00,403,2022020210,3,6.2,66,eor
2022-02-02 11:00:00,403,2022020211,3,5.5,70,eor
2022-02-02 12:00:00,403,2022020212,3,6.4,60,eor
2022-02-02 13:00:00,403,2022020213,3,6.1,59,eor
2022-02-02 14:00:00,403,2022020214,3,6.4,54,eor
2022-02-02 15:00:00,403,2022020215,3,5.7,53,eor
2022-02-02 16:00:00,403,2022020216,3,4.6,69,eor
2022-02-02 17:00:00,403,2022020217,3,3.9,71,eor
2022-02-02 18:00:00,403,2022020218,3,3.6,73,eor
2022-02-02 19:00:00,403,2022020219,3,2.8,87,eor
2022-02-02 20:00:00,403,2022020220,3,2.7,87,eor
2022-02-02 21:00:00,403,2022020221,3,2.7,87,eor
2022-02-02 22:00:00,403,2022020222,3,2.1,86,eor
2022-02-02 23:00:00,403,2022020223,3,1.5,86,eor
2022-02-03 00:00:00,403,2022020300,3,1.2,90,eor
2022-02-03 01:00:00,403,2022020301,3,1,91,eor
2022-02-03 02:00:00,403,2022020302,3,1.1,92,eor
2022-02-03 03:00:00,403,2022020303,3,1.6,92,eor
2022-02-03 04:00:00,403,2022020304,3,1.5,93,eor
2022-02-03 05:00:00,403,2022020305,3,1.7,93,eor
2022-02-03 06:00:00,403,2022020306,3,1.7,91,eor
2022-02-03 07:00:00,403,2022020307,3,1.8,90,eor
2022-02-03 08:00:00,403,2022020308,3,2.3,89,eor
2022-02-03 09:00:00,403,2022020309,3,3.3,86,eor
2022-02-03 10:00:00,403,2022020310,3,4.2,86,eor
2022-02-03 11:00:00,403,2022020311,3,5.1,94,eor
2022-02-03 12:00:00,403,2022020312,3,5.3,97,eor
2022-02-03 13:00:00,403,2022020313,3,5.5,98,eor
2022-02-03 14:00:00,403,2022020314,3,5.9,99,eor
2022-02-03 15:00:00,403,2022020315,3,6.2,99,eor
2022-02-03 16:00:00,403,2022020316,3,6.4,100,eor
2022-02-03 17:00:00,403,2022020317,3,6.6,99,eor
2022-02-03 18:00:00,403,2022020318,3,6.5,99,eor
2022-02-03 19:00:00,403,2022020319,3,6.5,100,eor
2022-02-03 20:00:00,403,2022020320,3,6.5,100,eor
2022-02-03 21:00:00,403,2022020321,3,6.6,100,eor
2022-02-03 22:00:00,403,2022020322,3,6.6,100,eor
2022-02-03 23:00:00,403,2022020323,3,5.8,98,eor
2022-02-04 00:00:00,403,2022020400,3,5.7,98,eor
2022-02-04 01:00:00,403,2022020401,3,5.7,98,eor
2022-02-04 02:00:00,403,2022020402,3,5.6,98,eor
2022-02-04 03:00:00,403,2022020403,3,5.4,97,eor
2022-02-04 04:00:00,403,2022020404,3,5.3,97,eor
2022-02-04 05:00:00,403,2022020405,3,5.2,96,eor
2022-02-04 06:00:00,403,2022020406,3,5.1,96,eor
2022-02-04 07:00:00,403,2022020407,3,5.1,96,eor
2022-02-04 08:00:00,403,2022020408,3,5.3,94,eor
2022-02-04 09:00:00,403,2022020409,3,5.7,90,eor
2022-02-04 10:00:00,403,2022020410,3,5.9,87,eor
2022-02-04 11:00:00,403,2022020411,3,6.4,87,eor
2022-02-04 12:00:00,403,2022020412,3,7.2,82,eor
2022-02-04 13:00:00,403,2022020413,3,7.7,78,eor
2022-02-04 14:00:00,403,2022020414,3,8,76,eor
2022-02-04 15:00:00,403,2022020415,3,8,74,eor
2022-02-04 16:00:00,403,2022020416,3,8,72,eor
2022-02-04 17:00:00,403,2022020417,3,7.8,70,eor
2022-02-04 18:00:00,403,2022020418,3,7.7,70,eor
2022-02-04 19:00:00,403,2022020419,3,7.5,69,eor
2022-02-04 20:00:00,403,2022020420,3,7.4,70,eor
2022-02-04 21:00:00,403,2022020421,3,6.7,79,eor
2022-02-04 22:00:00,403,2022020422,3,6.9,79,eor
2022-02-04 23:00:00,403,2022020423,3,3.7,82,eor
2022-02-05 00:00:00,403,2022020500,3,3.2,86,eor
2022-02-05 01:00:00,403,2022020501,3,3.2,90,eor
2022-02-05 02:00:00,403,2022020502,3,3.6,84,eor
2022-02-05 03:00:00,403,2022020503,3,3.8,81,eor
2022-02-05 04:00:00,403,2022020504,3,3.6,84,eor
2022-02-05 05:00:00,403,2022020505,3,3.8,84,eor
2022-02-05 06:00:00,403,2022020506,3,3.8,81,eor
2022-02-05 07:00:00,403,2022020507,3,3.6,84,eor
2022-02-05 08:00:00,403,2022020508,3,2,94,eor
2022-02-05 09:00:00,403,2022020509,3,3.4,89,eor
2022-02-05 10:00:00,403,2022020510,3,3.9,84,eor
2022-02-05 11:00:00,403,2022020511,3,4.5,80,eor
2022-02-05 12:00:00,403,2022020512,3,5.1,76,eor
2022-02-05 13:00:00,403,2022020513,3,5.7,63,eor
2022-02-05 14:00:00,403,2022020514,3,5.8,62,eor
2022-02-05 15:00:00,403,2022020515,3,5.8,59,eor
2022-02-05 16:00:00,403,2022020516,3,5.5,58,eor
2022-02-05 17:00:00,403,2022020517,3,5.2,60,eor
2022-02-05 18:00:00,403,2022020518,3,5.3,58,eor
2022-02-05 19:00:00,403,2022020519,3,4.9,60,eor
2022-02-05 20:00:00,403,2022020520,3,4.9,63,eor
2022-02-05 21:00:00,403,2022020521,3,5,62,eor
2022-02-05 22:00:00,403,2022020522,3,5,62,eor
2022-02-05 23:00:00,403,2022020523,3,4.8,66,eor
2022-02-06 00:00:00,403,2022020600,3,4.2,76,eor
2022-02-06 01:00:00,403,2022020601,3,4.9,70,eor
2022-02-06 02:00:00,403,2022020602,3,5.1,69,eor
2022-02-06 03:00:00,403,2022020603,3,4.6,77,eor
2022-02-06 04:00:00,403,2022020604,3,4.2,87,eor
2022-02-06 05:00:00,403,2022020605,3,4.5,88,eor
2022-02-06 06:00:00,403,2022020606,3,4.7,90,eor
2022-02-06 07:00:00,403,2022020607,3,4.7,92,eor
2022-02-06 08:00:00,403,2022020608,3,5.1,91,eor
2022-02-06 09:00:00,403,2022020609,3,5.6,89,eor
2022-02-06 10:00:00,403,2022020610,3,6.1,89,eor
2022-02-06 11:00:00,403,2022020611,3,7.1,82,eor
2022-02-06 12:00:00,403,2022020612,3,7.7,74,eor
2022-02-06 13:00:00,403,2022020613,3,7.5,77,eor
2022-02-06 14:00:00,403,2022020614,3,7.4,74,eor
2022-02-06 15:00:00,403,2022020615,3,6.4,86,eor
2022-02-06 16:00:00,403,2022020616,3,5.9,91,eor
2022-02-06 17:00:00,403,2022020617,3,5.7,92,eor
2022-02-06 18:00:00,403,2022020618,3,5,92,eor
2022-02-06 19:00:00,403,2022020619,3,4.5,91,eor
2022-02-06 20:00:00,403,2022020620,3,4.4,91,eor
2022-02-06 21:00:00,403,2022020621,3,4.5,92,eor
2022-02-06 22:00:00,403,2022020622,3,4,92,eor
2022-02-06 23:00:00,403,2022020623,3,4,89,eor
2022-02-07 00:00:00,403,2022020700,3,3.9,88,eor
2022-02-07 01:00:00,403,2022020701,3,2.9,88,eor
2022-02-07 02:00:00,403,2022020702,3,2.8,83,eor
2022-02-07 03:00:00,403,2022020703,3,2.8,82,eor
2022-02-07 04:00:00,403,2022020704,3,2.5,86,eor
2022-02-07 05:00:00,403,2022020705,3,2.5,86,eor
2022-02-07 06:00:00,403,2022020706,3,2.7,85,eor
2022-02-07 07:00:00,403,2022020707,3,3,83,eor
2022-02-07 08:00:00,403,2022020708,3,3.4,82,eor
2022-02-07 09:00:00,403,2022020709,3,3.8,81,eor
2022-02-07 10:00:00,403,2022020710,3,4.5,77,eor
2022-02-07 11:00:00,403,2022020711,3,5.6,70,eor
2022-02-07 12:00:00,403,2022020712,3,6,59,eor
2022-02-07 13:00:00,403,2022020713,3,6.1,51,eor
2022-02-07 14:00:00,403,2022020714,3,6,53,eor
2022-02-07 15:00:00,403,2022020715,3,5.8,54,eor
2022-02-07 16:00:00,403,2022020716,3,4.6,64,eor
2022-02-07 17:00:00,403,2022020717,3,4.3,63,eor
2022-02-07 18:00:00,403,2022020718,3,4.3,66,eor
2022-02-07 19:00:00,403,2022020719,3,4.2,68,eor
2022-02-07 20:00:00,403,2022020720,3,3.5,71,eor
2022-02-07 21:00:00,403,2022020721,3,2.9,78,eor
2022-02-07 22:00:00,403,2022020722,3,2.7,83,eor
2022-02-07 23:00:00,403,2022020723,3,2.9,86,eor
2022-02-08 00:00:00,403,2022020800,3,3.4,86,eor
2022-02-08 01:00:00,403,2022020801,3,3.5,85,eor
2022-02-08 02:00:00,403,2022020802,3,2.9,86,eor
2022-02-08 03:00:00,403,2022020803,3,2.9,86,eor
2022-02-08 04:00:00,403,2022020804,3,2.9,84,eor
2022-02-08 05:00:00,403,2022020805,3,3.1,81,eor
2022-02-08 06:00:00,403,2022020806,3,3.5,78,eor
2022-02-08 07:00:00,403,2022020807,3,3.9,81,eor
2022-02-08 08:00:00,403,2022020808,3,3.8,90,eor
2022-02-08 09:00:00,403,2022020809,3,4.4,95,eor
2022-02-08 10:00:00,403,2022020810,3,5.7,92,eor
2022-02-08 11:00:00,403,2022020811,3,6.3,91,eor
2022-02-08 12:00:00,403,2022020812,3,7.2,88,eor
2022-02-08 13:00:00,403,2022020813,3,8.2,87,eor
2022-02-08 14:00:00,403,2022020814,3,8.4,91,eor
2022-02-08 15:00:00,403,2022020815,3,8.6,91,eor
2022-02-08 16:00:00,403,2022020816,3,9.1,86,eor
2022-02-08 17:00:00,403,2022020817,3,8.6,93,eor
2022-02-08 18:00:00,403,2022020818,3,8.5,96,eor
2022-02-08 19:00:00,403,2022020819,3,8.4,98,eor
2022-02-08 20:00:00,403,2022020820,3,8.5,98,eor
2022-02-08 21:00:00,403,2022020821,3,8.5,98,eor
2022-02-08 22:00:00,403,2022020822,3,8.5,98,eor
2022-02-08 23:00:00,403,2022020823,3,8.5,98,eor
2022-02-09 00:00:00,403,2022020900,3,8.6,98,eor
2022-02-09 01:00:00,403,2022020901,3,8.7,95,eor
2022-02-09 02:00:00,403,2022020902,3,8.5,98,eor
2022-02-09 03:00:00,403,2022020903,3,8.5,97,eor
2022-02-09 04:00:00,403,2022020904,3,8.5,97,eor
2022-02-09 05:00:00,403,2022020905,3,8.6,93,eor
2022-02-09 06:00:00,403,2022020906,3,8.7,85,eor
2022-02-09 07:00:00,403,2022020907,3,8.8,81,eor
2022-02-09 08:00:00,403,2022020908,3,9.1,74,eor
2022-02-09 09:00:00,403,2022020909,3,9.1,74,eor
2022-02-09 10:00:00,403,2022020910,3,9.4,71,eor
2022-02-09 11:00:00,403,2022020911,3,9.5,69,eor
2022-02-09 12:00:00,403,2022020912,3,9.8,68,eor
2022-02-09 13:00:00,403,2022020913,3,9.3,74,eor
2022-02-09 14:00:00,403,2022020914,3,9.4,74,eor
2022-02-09 15:00:00,403,2022020915,3,8.8,80,eor
2022-02-09 16:00:00,403,2022020916,3,8.2,91,eor
2022-02-09 17:00:00,403,2022020917,3,8.6,84,eor
2022-02-09 18:00:00,403,2022020918,3,8.5,85,eor
2022-02-09 19:00:00,403,2022020919,3,8.8,81,eor
2022-02-09 20:00:00,403,2022020920,3,9,78,eor
2022-02-09 21:00:00,403,2022020921,3,8.8,76,eor
2022-02-09 22:00:00,403,2022020922,3,8.8,78,eor
2022-02-09 23:00:00,403,2022020923,3,8.8,76,eor
2022-02-10 00:00:00,403,2022021000,3,8.7,75,eor
2022-02-10 01:00:00,403,2022021001,3,8.6,75,eor
2022-02-10 02:00:00,403,2022021002,3,8.3,76,eor
2022-02-10 03:00:00,403,2022021003,3,8.2,77,eor
2022-02-10 04:00:00,403,2022021004,3,8.1,76,eor
2022-02-10 05:00:00,403,2022021005,3,7.8,78,eor
2022-02-10 06:00:00,403,2022021006,3,7.6,78,eor
2022-02-10 07:00:00,403,2022021007,3,7.5,77,eor
2022-02-10 08:00:00,403,2022021008,3,7.8,77,eor
2022-02-10 09:00:00,403,2022021009,3,8.4,75,eor
2022-02-10 10:00:00,403,2022021010,3,9.3,74,eor
2022-02-10 11:00:00,403,2022021011,3,9.8,73,eor
2022-02-10 12:00:00,403,2022021012,3,10,70,eor
2022-02-10 13:00:00,403,2022021013,3,9.7,69,eor
2022-02-10 14:00:00,403,2022021014,3,8.7,78,eor
2022-02-10 15:00:00,403,2022021015,3,5.5,90,eor
2022-02-10 16:00:00,403,2022021016,3,5.3,92,eor
2022-02-10 17:00:00,403,2022021017,3,5.2,94,eor
2022-02-10 18:00:00,403,2022021018,3,5.2,94,eor
2022-02-10 19:00:00,403,2022021019,3,5.5,92,eor
2022-02-10 20:00:00,403,2022021020,3,5.2,89,eor
2022-02-10 21:00:00,403,2022021021,3,5.3,94,eor
2022-02-10 22:00:00,403,2022021022,3,5.4,91,eor
2022-02-10 23:00:00,403,2022021023,3,3,94,eor
2022-02-11 00:00:00,403,2022021100,3,3,94,eor
2022-02-11 01:00:00,403,2022021101,3,3,96,eor
2022-02-11 02:00:00,403,2022021102,3,3.2,97,eor
2022-02-11 03:00:00,403,2022021103,3,3.3,98,eor
2022-02-11 04:00:00,403,2022021104,3,3.5,98,eor
2022-02-11 05:00:00,403,2022021105,3,3.6,97,eor
2022-02-11 06:00:00,403,2022021106,3,3.5,96,eor
2022-02-11 07:00:00,403,2022021107,3,3.5,94,eor
2022-02-11 08:00:00,403,2022021108,3,3.7,91,eor
2022-02-11 09:00:00,403,2022021109,3,3.3,90,eor
2022-02-11 10:00:00,403,2022021110,3,4.1,86,eor
2022-02-11 11:00:00,403,2022021111,3,5.4,75,eor
2022-02-11 12:00:00,403,2022021112,3,5.3,71,eor
2022-02-11 13:00:00,403,2022021113,3,4.8,77,eor
2022-02-11 14:00:00,403,2022021114,3,4.5,78,eor
2022-02-11 15:00:00,403,2022021115,3,4.2,81,eor
2022-02-11 16:00:00,403,2022021116,3,4.3,82,eor
2022-02-11 17:00:00,403,2022021117,3,3.9,85,eor
2022-02-11 18:00:00,403,2022021118,3,3.7,85,eor
2022-02-11 19:00:00,403,2022021119,3,4.1,82,eor
2022-02-11 20:00:00,403,2022021120,3,3.1,70,eor
2022-02-11 21:00:00,403,2022021121,3,1.9,75,eor
2022-02-11 22:00:00,403,2022021122,3,0.8,81,eor
2022-02-11 23:00:00,403,2022021123,3,-0.1,87,eor
2022-02-12 00:00:00,403,2022021200,3,-0.9,90,eor
2022-02-12 01:00:00,403,2022021201,3,-0.5,94,eor
2022-02-12 02:00:00,403,2022021202,3,-1.1,95,eor
2022-02-12 03:00:00,403,2022021203,3,-1.4,97,eor
2022-02-12 04:00:00,403,2022021204,3,-2.1,98,eor
2022-02-12 05:00:00,403,2022021205,3,-2.4,99,eor
2022-02-12 06:00:00,403,2022021206,3,-2.6,99,eor
2022-02-12 07:00:00,403,2022021207,3,-2.7,99,eor
2022-02-12 08:00:00,403,2022021208,3,-1.8,99,eor
2022-02-12 09:00:00,403,2022021209,3,0.4,89,eor
2022-02-12 10:00:00,403,2022021210,3,2.1,80,eor
2022-02-12 11:00:00,403,2022021211,3,4.1,67,eor
2022-02-12 12:00:00,403,2022021212,3,4.5,56,eor
2022-02-12 13:00:00,403,2022021213,3,4.8,51,eor
2022-02-12 14:00:00,403,2022021214,3,4.6,53,eor
2022-02-12 15:00:00,403,2022021215,3,4.2,54,eor
2022-02-12 16:00:00,403,2022021216,3,3.6,56,eor
2022-02-12 17:00:00,403,2022021217,3,2.3,58,eor
2022-02-12 18:00:00,403,2022021218,3,1.1,67,eor
2022-02-12 19:00:00,403,2022021219,3,0.4,73,eor
2022-02-12 20:00:00,403,2022021220,3,0.6,77,eor
2022-02-12 21:00:00,403,2022021221,3,0.4,81,eor
2022-02-12 22:00:00,403,2022021222,3,0.5,81,eor
2022-02-12 23:00:00,403,2022021223,3,-0.2,85,eor
2022-02-13 00:00:00,403,2022021300,3,-0.2,87,eor
2022-02-13 01:00:00,403,2022021301,3,-0.1,87,eor
2022-02-13 02:00:00,403,2022021302,3,0.4,81,eor
2022-02-13 03:00:00,403,2022021303,3,0.2,81,eor
2022-02-13 04:00:00,403,2022021304,3,-0.1,83,eor
2022-02-13 05:00:00,403,2022021305,3,-0.5,85,eor
2022-02-13 06:00:00,403,2022021306,3,-0.3,84,eor
2022-02-13 07:00:00,403,2022021307,3,-0.6,85,eor
2022-02-13 08:00:00,403,2022021308,3,0.4,81,eor
2022-02-13 09:00:00,403,2022021309,3,2.4,74,eor
2022-02-13 10:00:00,403,2022021310,3,4.2,63,eor
2022-02-13 11:00:00,403,2022021311,3,5.2,56,eor
2022-02-13 12:00:00,403,2022021312,3,6,52,eor
2022-02-13 13:00:00,403,2022021313,3,7.4,48,eor
2022-02-13 14:00:00,403,2022021314,3,7.4,44,eor
2022-02-13 15:00:00,403,2022021315,3,7.6,43,eor
2022-02-13 16:00:00,403,2022021316,3,7.1,50,eor
2022-02-13 17:00:00,403,2022021317,3,5.8,59,eor
2022-02-13 18:00:00,403,2022021318,3,5.7,64,eor
2022-02-13 19:00:00,403,2022021319,3,5.2,70,eor
2022-02-13 20:00:00,403,2022021320,3,5.2,72,eor
2022-02-13 21:00:00,403,2022021321,3,4.9,74,eor
2022-02-13 22:00:00,403,2022021322,3,4.7,73,eor
2022-02-13 23:00:00,403,2022021323,3,4.1,72,eor
2022-02-14 00:00:00,403,2022021400,3,4.7,69,eor
2022-02-14 01:00:00,403,2022021401,3,4.9,67,eor
2022-02-14 02:00:00,403,2022021402,3,4.3,67,eor
2022-02-14 03:00:00,403,2022021403,3,4.4,65,eor
2022-02-14 04:00:00,403,2022021404,3,3.9,63,eor
2022-02-14 05:00:00,403,2022021405,3,4,62,eor
2022-02-14 06:00:00,403,2022021406,3,4.4,59,eor
2022-02-14 07:00:00,403,2022021407,3,4.2,59,eor
2022-02-14 08:00:00,403,2022021408,3,5,58,eor
2022-02-14 09:00:00,403,2022021409,3,7.2,51,eor
2022-02-14 10:00:00,403,2022021410,3,8.7,46,eor
2022-02-14 11:00:00,403,2022021411,3,10.3,43,eor
2022-02-14 12:00:00,403,2022021412,3,11.9,41,eor
2022-02-14 13:00:00,403,2022021413,3,12.5,41,eor
2022-02-14 14:00:00,403,2022021414,3,12.8,43,eor
2022-02-14 15:00:00,403,2022021415,3,13,44,eor
2022-02-14 16:00:00,403,2022021416,3,11.8,47,eor
2022-02-14 17:00:00,403,2022021417,3,11.7,46,eor
2022-02-14 18:00:00,403,2022021418,3,10.5,47,eor
2022-02-14 19:00:00,403,2022021419,3,9.7,50,eor
2022-02-14 20:00:00,403,2022021420,3,9.7,51,eor
2022-02-14 21:00:00,403,2022021421,3,8.9,54,eor
2022-02-14 22:00:00,403,2022021422,3,7.8,56,eor
2022-02-14 23:00:00,403,2022021423,3,8.1,57,eor
2022-02-15 00:00:00,403,2022021500,3,7.7,58,eor
2022-02-15 01:00:00,403,2022021501,3,7.2,62,eor
2022-02-15 02:00:00,403,2022021502,3,6.9,67,eor
2022-02-15 03:00:00,403,2022021503,3,6.1,74,eor
2022-02-15 04:00:00,403,2022021504,3,5.4,81,eor
2022-02-15 05:00:00,403,2022021505,3,4.9,86,eor
2022-02-15 06:00:00,403,2022021506,3,4.7,89,eor
2022-02-15 07:00:00,403,2022021507,3,4.8,90,eor
2022-02-15 08:00:00,403,2022021508,3,5.3,87,eor
2022-02-15 09:00:00,403,2022021509,3,7.4,77,eor
2022-02-15 10:00:00,403,2022021510,3,9.7,62,eor
2022-02-15 11:00:00,403,2022021511,3,8.9,65,eor
2022-02-15 12:00:00,403,2022021512,3,9.3,56,eor
2022-02-15 13:00:00,403,2022021513,3,9.4,54,eor
2022-02-15 14:00:00,403,2022021514,3,9.3,58,eor
2022-02-15 15:00:00,403,2022021515,3,8.9,62,eor
2022-02-15 16:00:00,403,2022021516,3,8.8,61,eor
2022-02-15 17:00:00,403,2022021517,3,7.6,65,eor
2022-02-15 18:00:00,403,2022021518,3,6.5,74,eor
2022-02-15 19:00:00,403,2022021519,3,6.7,79,eor
2022-02-15 20:00:00,403,2022021520,3,6.2,83,eor
2022-02-15 21:00:00,403,2022021521,3,5.5,84,eor
2022-02-15 22:00:00,403,2022021522,3,5.1,81,eor
2022-02-15 23:00:00,403,2022021523,3,4.9,80,eor
2022-02-16 00:00:00,403,2022021600,3,5.2,76,eor
2022-02-16 01:00:00,403,2022021601,3,5.4,75,eor
2022-02-16 02:00:00,403,2022021602,3,4.6,87,eor
2022-02-16 03:00:00,403,2022021603,3,4.5,90,eor
2022-02-16 04:00:00,403,2022021604,3,5,88,eor
2022-02-16 05:00:00,403,2022021605,3,5.3,86,eor
2022-02-16 06:00:00,403,2022021606,3,5.6,86,eor
2022-02-16 07:00:00,403,2022021607,3,5.2,90,eor
2022-02-16 08:00:00,403,2022021608,3,5.4,91,eor
2022-02-16 09:00:00,403,2022021609,3,5.9,90,eor
2022-02-16 10:00:00,403,2022021610,3,6.3,89,eor
2022-02-16 11:00:00,403,2022021611,3,6,94,eor
2022-02-16 12:00:00,403,2022021612,3,6.4,95,eor
2022-02-16 13:00:00,403,2022021613,3,7,95,eor
2022-02-16 14:00:00,403,2022021614,3,8.3,87,eor
2022-02-16 15:00:00,403,2022021615,3,9.2,83,eor
2022-02-16 16:00:00,403,2022021616,3,9.4,85,eor
2022-02-16 17:00:00,403,2022021617,3,9.1,92,eor
2022-02-16 18:00:00,403,2022021618,3,10.1,84,eor
2022-02-16 19:00:00,403,2022021619,3,10.6,82,eor
2022-02-16 20:00:00,403,2022021620,3,10.9,82,eor
2022-02-16 21:00:00,403,2022021621,3,11.2,80,eor
2022-02-16 22:00:00,403,2022021622,3,11.6,77,eor
2022-02-16 23:00:00,403,2022021623,3,11.4,83,eor
2022-02-17 00:00:00,403,2022021700,3,12.9,78,eor
2022-02-17 01:00:00,403,2022021701,3,12.5,87,eor
2022-02-17 02:00:00,403,2022021702,3,8.3,89,eor
2022-02-17 03:00:00,403,2022021703,3,8.9,81,eor
2022-02-17 04:00:00,403,2022021704,3,9.7,68,eor
2022-02-17 05:00:00,403,2022021705,3,9.8,68,eor
2022-02-17 06:00:00,403,2022021706,3,8.8,65,eor
2022-02-17 07:00:00,403,2022021707,3,8.9,57,eor
2022-02-17 08:00:00,403,2022021708,3,9.6,49,eor
2022-02-17 09:00:00,403,2022021709,3,10.2,48,eor
2022-02-17 10:00:00,403,2022021710,3,9.7,50,eor
2022-02-17 11:00:00,403,2022021711,3,9.2,56,eor
2022-02-17 12:00:00,403,2022021712,3,8.9,59,eor
2022-02-17 13:00:00,403,2022021713,3,8.2,63,eor
2022-02-17 14:00:00,403,2022021714,3,6.3,79,eor
2022-02-17 15:00:00,403,2022021715,3,7.7,71,eor
2022-02-17 16:00:00,403,2022021716,3,6.6,73,eor
2022-02-17 17:00:00,403,2022021717,3,5.2,83,eor
2022-02-17 18:00:00,403,2022021718,3,6.7,67,eor
2022-02-17 19:00:00,403,2022021719,3,6.1,71,eor
2022-02-17 20:00:00,403,2022021720,3,6.1,70,eor
2022-02-17 21:00:00,403,2022021721,3,6.4,63,eor
2022-02-17 22:00:00,403,2022021722,3,5.9,65,eor
2022-02-17 23:00:00,403,2022021723,3,6,64,eor
2022-02-18 00:00:00,403,2022021800,3,6,62,eor
2022-02-18 01:00:00,403,2022021801,3,5.7,62,eor
2022-02-18 02:00:00,403,2022021802,3,5.5,64,eor
2022-02-18 03:00:00,403,2022021803,3,5.1,66,eor
2022-02-18 04:00:00,403,2022021804,3,4.9,67,eor
2022-02-18 05:00:00,403,2022021805,3,4.5,71,eor
2022-02-18 06:00:00,403,2022021806,3,4.2,75,eor
2022-02-18 07:00:00,403,2022021807,3,3.8,81,eor
2022-02-18 08:00:00,403,2022021808,3,4.9,80,eor
2022-02-18 09:00:00,403,2022021809,3,5.9,75,eor
2022-02-18 10:00:00,403,2022021810,3,7,72,eor
2022-02-18 11:00:00,403,2022021811,3,7.7,71,eor
2022-02-18 12:00:00,403,2022021812,3,6.3,83,eor
2022-02-18 13:00:00,403,2022021813,3,7,79,eor
2022-02-18 14:00:00,403,2022021814,3,5.9,94,eor
2022-02-18 15:00:00,403,2022021815,3,6.4,98,eor
2022-02-18 16:00:00,403,2022021816,3,7.1,98,eor
2022-02-18 17:00:00,403,2022021817,3,7.9,96,eor
2022-02-18 18:00:00,403,2022021818,3,8.6,94,eor
2022-02-18 19:00:00,403,2022021819,3,10.3,86,eor
2022-02-18 20:00:00,403,2022021820,3,10.6,52,eor
2022-02-18 21:00:00,403,2022021821,3,10.1,47,eor
2022-02-18 22:00:00,403,2022021822,3,9.2,47,eor
2022-02-18 23:00:00,403,2022021823,3,7.7,54,eor
2022-02-19 00:00:00,403,2022021900,3,7.9,50,eor
2022-02-19 01:00:00,403,2022021901,3,7.6,49,eor
2022-02-19 02:00:00,403,2022021902,3,7.6,44,eor
2022-02-19 03:00:00,403,2022021903,3,7.5,42,eor
2022-02-19 04:00:00,403,2022021904,3,7.1,43,eor
2022-02-19 05:00:00,403,2022021905,3,6.3,50,eor
2022-02-19 06:00:00,403,2022021906,3,5.9,54,eor
2022-02-19 07:00:00,403,2022021907,3,5.6,59,eor
2022-02-19 08:00:00,403,2022021908,3,5.3,66,eor
2022-02-19 09:00:00,403,2022021909,3,5.5,65,eor
2022-02-19 10:00:00,403,2022021910,3,4.9,76,eor
2022-02-19 11:00:00,403,2022021911,3,5.6,67,eor
2022-02-19 12:00:00,403,2022021912,3,6.5,61,eor
2022-02-19 13:00:00,403,2022021913,3,6.9,55,eor
2022-02-19 14:00:00,403,2022021914,3,7.6,50,eor
2022-02-19 15:00:00,403,2022021915,3,7,52,eor
2022-02-19 16:00:00,403,2022021916,3,6.7,51,eor
2022-02-19 17:00:00,403,2022021917,3,5.9,51,eor
2022-02-19 18:00:00,403,2022021918,3,5.6,51,eor
2022-02-19 19:00:00,403,2022021919,3,4.7,54,eor
2022-02-19 20:00:00,403,2022021920,3,3.4,60,eor
2022-02-19 21:00:00,403,2022021921,3,3.4,60,eor
2022-02-19 22:00:00,403,2022021922,3,3.7,61,eor
2022-02-19 23:00:00,403,2022021923,3,5.4,61,eor
2022-02-20 00:00:00,403,2022022000,3,4,78,eor
2022-02-20 01:00:00,403,2022022001,3,3.4,87,eor
2022-02-20 02:00:00,403,2022022002,3,2.5,96,eor
2022-02-20 03:00:00,403,2022022003,3,2.1,99,eor
2022-02-20 04:00:00,403,2022022004,3,2.3,99,eor
2022-02-20 05:00:00,403,2022022005,3,2.7,99,eor
2022-02-20 06:00:00,403,2022022006,3,3.2,97,eor
2022-02-20 07:00:00,403,2022022007,3,3.2,96,eor
2022-02-20 08:00:00,403,2022022008,3,3.5,94,eor
2022-02-20 09:00:00,403,2022022009,3,4.4,86,eor
2022-02-20 10:00:00,403,2022022010,3,4.7,81,eor
2022-02-20 11:00:00,403,2022022011,3,5.6,83,eor
2022-02-20 12:00:00,403,2022022012,3,4.9,90,eor
2022-02-20 13:00:00,403,2022022013,3,4.3,96,eor
2022-02-20 14:00:00,403,2022022014,3,5.2,98,eor
2022-02-20 15:00:00,403,2022022015,3,6.5,98,eor
2022-02-20 16:00:00,403,2022022016,3,7.5,95,eor
2022-02-20 17:00:00,403,2022022017,3,8.4,90,eor
2022-02-20 18:00:00,403,2022022018,3,8.3,91,eor
2022-02-20 19:00:00,403,2022022019,3,8.3,90,eor
2022-02-20 20:00:00,403,2022022020,3,8.4,89,eor
2022-02-20 21:00:00,403,2022022021,3,8.9,83,eor
2022-02-20 22:00:00,403,2022022022,3,8.6,87,eor
2022-02-20 23:00:00,403,2022022023,3,8.4,90,eor
2022-02-21 00:00:00,403,2022022100,3,8.3,93,eor
2022-02-21 01:00:00,403,2022022101,3,9,87,eor
2022-02-21 02:00:00,403,2022022102,3,10.4,72,eor
2022-02-21 03:00:00,403,2022022103,3,7.9,81,eor
2022-02-21 04:00:00,403,2022022104,3,7.3,76,eor
2022-02-21 05:00:00,403,2022022105,3,7,77,eor
2022-02-21 06:00:00,403,2022022106,3,6.4,67,eor
2022-02-21 07:00:00,403,2022022107,3,3.9,85,eor
2022-02-21 08:00:00,403,2022022108,3,5.1,72,eor
2022-02-21 09:00:00,403,2022022109,3,5,65,eor
2022-02-21 10:00:00,403,2022022110,3,5.7,62,eor
2022-02-21 11:00:00,403,2022022111,3,5.8,58,eor
2022-02-21 12:00:00,403,2022022112,3,6.2,54,eor
2022-02-21 13:00:00,403,2022022113,3,6.3,52,eor
2022-02-21 14:00:00,403,2022022114,3,6,56,eor
2022-02-21 15:00:00,403,2022022115,3,5.9,56,eor
2022-02-21 16:00:00,403,2022022116,3,4.9,68,eor
2022-02-21 17:00:00,403,2022022117,3,3.3,92,eor
2022-02-21 18:00:00,403,2022022118,3,3.3,96,eor
2022-02-21 19:00:00,403,2022022119,3,3.6,97,eor
2022-02-21 20:00:00,403,2022022120,3,3.6,94,eor
2022-02-21 21:00:00,403,2022022121,3,3.3,93,eor
2022-02-21 22:00:00,403,2022022122,3,3.5,92,eor
2022-02-21 23:00:00,403,2022022123,3,4,90,eor
2022-02-22 00:00:00,403,2022022200,3,4.5,87,eor
2022-02-22 01:00:00,403,2022022201,3,4.7,90,eor
2022-02-22 02:00:00,403,2022022202,3,4.8,90,eor
2022-02-22 03:00:00,403,2022022203,3,4.8,90,eor
2022-02-22 04:00:00,403,2022022204,3,4.9,90,eor
2022-02-22 05:00:00,403,2022022205,3,4.8,75,eor
2022-02-22 06:00:00,403,2022022206,3,4.6,70,eor
2022-02-22 07:00:00,403,2022022207,3,4.4,74,eor
2022-02-22 08:00:00,403,2022022208,3,4.1,76,eor
2022-02-22 09:00:00,403,2022022209,3,4.6,74,eor
2022-02-22 10:00:00,403,2022022210,3,5.6,71,eor
2022-02-22 11:00:00,403,2022022211,3,6.3,63,eor
2022-02-22 12:00:00,403,2022022212,3,6.5,64,eor
2022-02-22 13:00:00,403,2022022213,3,6.8,61,eor
2022-02-22 14:00:00,403,2022022214,3,7,54,eor
2022-02-22 15:00:00,403,2022022215,3,6.8,54,eor
2022-02-22 16:00:00,403,2022022216,3,6.7,54,eor
2022-02-22 17:00:00,403,2022022217,3,6.6,58,eor
2022-02-22 18:00:00,403,2022022218,3,6.3,60,eor
2022-02-22 19:00:00,403,2022022219,3,5.6,78,eor
2022-02-22 20:00:00,403,2022022220,3,6,82,eor
2022-02-22 21:00:00,403,2022022221,3,5.6,94,eor
2022-02-22 22:00:00,403,2022022222,3,6.1,97,eor
2022-02-22 23:00:00,403,2022022223,3,7.1,93,eor
2022-02-23 00:00:00,403,2022022300,3,6.6,81,eor
2022-02-23 01:00:00,403,2022022301,3,6.5,69,eor
2022-02-23 02:00:00,403,2022022302,3,5.9,74,eor
2022-02-23 03:00:00,403,2022022303,3,5.5,76,eor
2022-02-23 04:00:00,403,2022022304,3,5.3,81,eor
2022-02-23 05:00:00,403,2022022305,3,5.1,86,eor
2022-02-23 06:00:00,403,2022022306,3,4.9,84,eor
2022-02-23 07:00:00,403,2022022307,3,5.4,81,eor
2022-02-23 08:00:00,403,2022022308,3,5.9,79,eor
2022-02-23 09:00:00,403,2022022309,3,7,70,eor
2022-02-23 10:00:00,403,2022022310,3,7.8,64,eor
2022-02-23 11:00:00,403,2022022311,3,7.9,60,eor
2022-02-23 12:00:00,403,2022022312,3,8.1,59,eor
2022-02-23 13:00:00,403,2022022313,3,8.8,54,eor
2022-02-23 14:00:00,403,2022022314,3,9,53,eor
2022-02-23 15:00:00,403,2022022315,3,9.1,51,eor
2022-02-23 16:00:00,403,2022022316,3,8.7,53,eor
2022-02-23 17:00:00,403,2022022317,3,7.6,55,eor
2022-02-23 18:00:00,403,2022022318,3,6.1,61,eor
2022-02-23 19:00:00,403,2022022319,3,4.2,69,eor
2022-02-23 20:00:00,403,2022022320,3,2.8,79,eor
2022-02-23 21:00:00,403,2022022321,3,2.7,82,eor
2022-02-23 22:00:00,403,2022022322,3,1.2,86,eor
2022-02-23 23:00:00,403,2022022323,3,0.4,91,eor
2022-02-24 00:00:00,403,2022022400,3,0.1,93,eor
2022-02-24 01:00:00,403,2022022401,3,0.8,89,eor
2022-02-24 02:00:00,403,2022022402,3,0.3,91,eor
2022-02-24 03:00:00,403,2022022403,3,1.2,90,eor
2022-02-24 04:00:00,403,2022022404,3,1.4,86,eor
2022-02-24 05:00:00,403,2022022405,3,2.2,82,eor
2022-02-24 06:00:00,403,2022022406,3,2.1,80,eor
2022-02-24 07:00:00,403,2022022407,3,2.8,78,eor
2022-02-24 08:00:00,403,2022022408,3,3.7,74,eor
2022-02-24 09:00:00,403,2022022409,3,5.6,70,eor
2022-02-24 10:00:00,403,2022022410,3,7,62,eor
2022-02-24 11:00:00,403,2022022411,3,7.9,62,eor
2022-02-24 12:00:00,403,2022022412,3,8.4,63,eor
2022-02-24 13:00:00,403,2022022413,3,9,61,eor
2022-02-24 14:00:00,403,2022022414,3,10,57,eor
2022-02-24 15:00:00,403,2022022415,3,9.6,59,eor
2022-02-24 16:00:00,403,2022022416,3,9.6,59,eor
2022-02-24 17:00:00,403,2022022417,3,9.7,58,eor
2022-02-24 18:00:00,403,2022022418,3,9.7,58,eor
2022-02-24 19:00:00,403,2022022419,3,9.3,61,eor
2022-02-24 20:00:00,403,2022022420,3,9.7,62,eor
2022-02-24 21:00:00,403,2022022421,3,6,77,eor
2022-02-24 22:00:00,403,2022022422,3,5.1,77,eor
2022-02-24 23:00:00,403,2022022423,3,5,76,eor
2022-02-25 00:00:00,403,2022022500,3,4.7,70,eor
2022-02-25 01:00:00,403,2022022501,3,4.3,69,eor
2022-02-25 02:00:00,403,2022022502,3,3.8,71,eor
2022-02-25 03:00:00,403,2022022503,3,3.8,71,eor
2022-02-25 04:00:00,403,2022022504,3,2.9,75,eor
2022-02-25 05:00:00,403,2022022505,3,2.8,78,eor
2022-02-25 06:00:00,403,2022022506,3,2.2,79,eor
2022-02-25 07:00:00,403,2022022507,3,2.7,78,eor
2022-02-25 08:00:00,403,2022022508,3,3.8,70,eor
2022-02-25 09:00:00,403,2022022509,3,5,65,eor
2022-02-25 10:00:00,403,2022022510,3,6,59,eor
2022-02-25 11:00:00,403,2022022511,3,6.2,58,eor
2022-02-25 12:00:00,403,2022022512,3,6.1,57,eor
2022-02-25 13:00:00,403,2022022513,3,6,58,eor
2022-02-25 14:00:00,403,2022022514,3,5.7,58,eor
2022-02-25 15:00:00,403,2022022515,3,4.9,74,eor
2022-02-25 16:00:00,403,2022022516,3,4.7,75,eor
2022-02-25 17:00:00,403,2022022517,3,4.4,77,eor
2022-02-25 18:00:00,403,2022022518,3,4.7,76,eor
2022-02-25 19:00:00,403,2022022519,3,3.5,91,eor
2022-02-25 20:00:00,403,2022022520,3,3.3,95,eor
2022-02-25 21:00:00,403,2022022521,3,3.6,97,eor
2022-02-25 22:00:00,403,2022022522,3,3.8,97,eor
2022-02-25 23:00:00,403,2022022523,3,4.2,95,eor
2022-02-26 00:00:00,403,2022022600,3,4.3,90,eor
2022-02-26 01:00:00,403,2022022601,3,4,88,eor
2022-02-26 02:00:00,403,2022022602,3,4,88,eor
2022-02-26 03:00:00,403,2022022603,3,4,88,eor
2022-02-26 04:00:00,403,2022022604,3,3.8,90,eor
2022-02-26 05:00:00,403,2022022605,3,3.4,92,eor
2022-02-26 06:00:00,403,2022022606,3,3.8,90,eor
2022-02-26 07:00:00,403,2022022607,3,3.9,90,eor
2022-02-26 08:00:00,403,2022022608,3,4.3,85,eor
2022-02-26 09:00:00,403,2022022609,3,4.7,81,eor
2022-02-26 10:00:00,403,2022022610,3,4.8,82,eor
2022-02-26 11:00:00,403,2022022611,3,5.3,76,eor
2022-02-26 12:00:00,403,2022022612,3,6,71,eor
2022-02-26 13:00:00,403,2022022613,3,6,70,eor
2022-02-26 14:00:00,403,2022022614,3,6.6,64,eor
2022-02-26 15:00:00,403,2022022615,3,6.5,56,eor
2022-02-26 16:00:00,403,2022022616,3,6.6,54,eor
2022-02-26 17:00:00,403,2022022617,3,5.4,59,eor
2022-02-26 18:00:00,403,2022022618,3,3.4,73,eor
2022-02-26 19:00:00,403,2022022619,3,2.1,82,eor
2022-02-26 20:00:00,403,2022022620,3,2.3,83,eor
2022-02-26 21:00:00,403,2022022621,3,1.4,86,eor
2022-02-26 22:00:00,403,2022022622,3,1.1,86,eor
2022-02-26 23:00:00,403,2022022623,3,0.3,91,eor
2022-02-27 00:00:00,403,2022022700,3,-0.4,94,eor
2022-02-27 01:00:00,403,2022022701,3,-0.7,97,eor
2022-02-27 02:00:00,403,2022022702,3,-0.9,99,eor
2022-02-27 03:00:00,403,2022022703,3,-1,100,eor
2022-02-27 04:00:00,403,2022022704,3,-1.7,100,eor
2022-02-27 05:00:00,403,2022022705,3,-1.8,99,eor
2022-02-27 06:00:00,403,2022022706,3,-1.7,100,eor
2022-02-27 07:00:00,403,2022022707,3,-1.7,99,eor
2022-02-27 08:00:00,403,2022022708,3,0.5,100,eor
2022-02-27 09:00:00,403,2022022709,3,3,89,eor
2022-02-27 10:00:00,403,2022022710,3,3.8,82,eor
2022-02-27 11:00:00,403,2022022711,3,5.2,77,eor
2022-02-27 12:00:00,403,2022022712,3,5.9,73,eor
2022-02-27 13:00:00,403,2022022713,3,5.8,75,eor
2022-02-27 14:00:00,403,2022022714,3,4.6,80,eor
2022-02-27 15:00:00,403,2022022715,3,3.9,84,eor
2022-02-27 16:00:00,403,2022022716,3,2.3,92,eor
2022-02-27 17:00:00,403,2022022717,3,1.4,97,eor
2022-02-27 18:00:00,403,2022022718,3,0.8,99,eor
2022-02-27 19:00:00,403,2022022719,3,0.3,100,eor
2022-02-27 20:00:00,403,2022022720,3,-0.1,100,eor
2022-02-27 21:00:00,403,2022022721,3,-0.2,100,eor
2022-02-27 22:00:00,403,2022022722,3,-0.2,100,eor
2022-02-27 23:00:00,403,2022022723,3,-0.4,100,eor
2022-02-28 00:00:00,403,2022022800,3,-0.7,100,eor
2022-02-28 01:00:00,403,2022022801,3,-0.6,100,eor
2022-02-28 02:00:00,403,2022022802,3,-0.3,100,eor
2022-02-28 03:00:00,403,2022022803,3,-0.2,98,eor
2022-02-28 04:00:00,403,2022022804,3,-0.2,94,eor
2022-02-28 05:00:00,403,2022022805,3,-0.6,94,eor
2022-02-28 06:00:00,403,2022022806,3,-0.9,94,eor
2022-02-28 07:00:00,403,2022022807,3,-0.4,92,eor
2022-02-28 08:00:00,403,2022022808,3,0,90,eor
2022-02-28 09:00:00,403,2022022809,3,0.5,86,eor
2022-02-28 10:00:00,403,2022022810,3,2.3,75,eor
2022-02-28 11:00:00,403,2022022811,3,4,66,eor
2022-02-28 12:00:00,403,2022022812,3,5.3,58,eor
2022-02-28 13:00:00,403,2022022813,3,5.4,49,eor
2022-02-28 14:00:00,403,2022022814,3,6.3,46,eor
2022-02-28 15:00:00,403,2022022815,3,5.8,43,eor
2022-02-28 16:00:00,403,2022022816,3,5.1,47,eor
2022-02-28 17:00:00,403,2022022817,3,3.5,54,eor
2022-02-28 18:00:00,403,2022022818,3,2,61,eor
2022-02-28 19:00:00,403,2022022819,3,1.3,62,eor
2022-02-28 20:00:00,403,2022022820,3,1.2,57,eor
2022-02-28 21:00:00,403,2022022821,3,0.1,59,eor
2022-02-28 22:00:00,403,2022022822,3,-0.3,63,eor
2022-02-28 23:00:00,403,2022022823,3,-0.8,65,eor
2022-03-01 00:00:00,403,2022030100,3,-1,68,eor
2022-03-01 01:00:00,403,2022030101,3,-1.4,69,eor
2022-03-01 02:00:00,403,2022030102,3,-1.6,69,eor
2022-03-01 03:00:00,403,2022030103,3,-2.1,72,eor
2022-03-01 04:00:00,403,2022030104,3,-2.7,76,eor
2022-03-01 05:00:00,403,2022030105,3,-2.8,76,eor
2022-03-01 06:00:00,403,2022030106,3,-2.5,73,eor
2022-03-01 07:00:00,403,2022030107,3,-2.1,73,eor
2022-03-01 08:00:00,403,2022030108,3,-0.6,68,eor
2022-03-01 09:00:00,403,2022030109,3,2.1,54,eor
2022-03-01 10:00:00,403,2022030110,3,3.8,49,eor
2022-03-01 11:00:00,403,2022030111,3,5.2,41,eor
2022-03-01 12:00:00,403,2022030112,3,6.1,40,eor
2022-03-01 13:00:00,403,2022030113,3,7.8,36,eor
2022-03-01 14:00:00,403,2022030114,3,7.9,32,eor
2022-03-01 15:00:00,403,2022030115,3,7.5,34,eor
2022-03-01 16:00:00,403,2022030116,3,6.5,35,eor
2022-03-01 17:00:00,403,2022030117,3,4.2,40,eor
2022-03-01 18:00:00,403,2022030118,3,1.5,48,eor
2022-03-01 19:00:00,403,2022030119,3,0.4,57,eor
2022-03-01 20:00:00,403,2022030120,3,-0.3,67,eor
2022-03-01 21:00:00,403,2022030121,3,-0.7,72,eor
2022-03-01 22:00:00,403,2022030122,3,-1,73,eor
2022-03-01 23:00:00,403,2022030123,3,-1.3,75,eor
2022-03-02 00:00:00,403,2022030200,3,-1.9,78,eor
2022-03-02 01:00:00,403,2022030201,3,-1.9,81,eor
2022-03-02 02:00:00,403,2022030202,3,-1.8,83,eor
2022-03-02 03:00:00,403,2022030203,3,-1.7,85,eor
2022-03-02 04:00:00,403,2022030204,3,-1.7,85,eor
2022-03-02 05:00:00,403,2022030205,3,-1.7,87,eor
2022-03-02 06:00:00,403,2022030206,3,-1.7,86,eor
2022-03-02 07:00:00,403,2022030207,3,-1,85,eor
2022-03-02 08:00:00,403,2022030208,3,0.3,77,eor
2022-03-02 09:00:00,403,2022030209,3,1.8,69,eor
2022-03-02 10:00:00,403,2022030210,3,4.5,55,eor
2022-03-02 11:00:00,403,2022030211,3,5.8,47,eor
2022-03-02 12:00:00,403,2022030212,3,6.3,42,eor
2022-03-02 13:00:00,403,2022030213,3,7.4,39,eor
2022-03-02 14:00:00,403,2022030214,3,7.9,36,eor
2022-03-02 15:00:00,403,2022030215,3,7.9,33,eor
2022-03-02 16:00:00,403,2022030216,3,7.4,34,eor
2022-03-02 17:00:00,403,2022030217,3,4.6,41,eor
2022-03-02 18:00:00,403,2022030218,3,2.1,49,eor
2022-03-02 19:00:00,403,2022030219,3,0.7,55,eor
2022-03-02 20:00:00,403,2022030220,3,-0.3,70,eor
2022-03-02 21:00:00,403,2022030221,3,-1,75,eor
2022-03-02 22:00:00,403,2022030222,3,-1.5,83,eor
2022-03-02 23:00:00,403,2022030223,3,-1.9,87,eor
2022-03-03 00:00:00,403,2022030300,3,-2.3,89,eor
2022-03-03 01:00:00,403,2022030301,3,-2.3,91,eor
2022-03-03 02:00:00,403,2022030302,3,-2.7,92,eor
2022-03-03 03:00:00,403,2022030303,3,-1.1,85,eor
2022-03-03 04:00:00,403,2022030304,3,-1.8,87,eor
2022-03-03 05:00:00,403,2022030305,3,-2.8,91,eor
2022-03-03 06:00:00,403,2022030306,3,-2.6,89,eor
2022-03-03 07:00:00,403,2022030307,3,-1.7,91,eor
2022-03-03 08:00:00,403,2022030308,3,-0.9,89,eor
2022-03-03 09:00:00,403,2022030309,3,-1.7,97,eor
2022-03-03 10:00:00,403,2022030310,3,-1.3,96,eor
2022-03-03 11:00:00,403,2022030311,3,-0.3,94,eor
2022-03-03 12:00:00,403,2022030312,3,0.5,92,eor
2022-03-03 13:00:00,403,2022030313,3,0.7,90,eor
2022-03-03 14:00:00,403,2022030314,3,1.1,87,eor
2022-03-03 15:00:00,403,2022030315,3,1.4,87,eor
2022-03-03 16:00:00,403,2022030316,3,1.3,86,eor
2022-03-03 17:00:00,403,2022030317,3,1.8,85,eor
2022-03-03 18:00:00,403,2022030318,3,2.2,83,eor
2022-03-03 19:00:00,403,2022030319,3,1.7,83,eor
2022-03-03 20:00:00,403,2022030320,3,-0.1,90,eor
2022-03-03 21:00:00,403,2022030321,3,-0.1,94,eor
2022-03-03 22:00:00,403,2022030322,3,-0.5,95,eor
2022-03-03 23:00:00,403,2022030323,3,0.3,97,eor
2022-03-04 00:00:00,403,2022030400,3,0.6,96,eor
2022-03-04 01:00:00,403,2022030401,3,0.2,96,eor
2022-03-04 02:00:00,403,2022030402,3,0.2,95,eor
2022-03-04 03:00:00,403,2022030403,3,0.4,94,eor
2022-03-04 04:00:00,403,2022030404,3,0.7,94,eor
2022-03-04 05:00:00,403,2022030405,3,0.9,92,eor
2022-03-04 06:00:00,403,2022030406,3,0.6,92,eor
2022-03-04 07:00:00,403,2022030407,3,0.9,93,eor
2022-03-04 08:00:00,403,2022030408,3,1.6,92,eor
2022-03-04 09:00:00,403,2022030409,3,2.5,85,eor
2022-03-04 10:00:00,403,2022030410,3,3,73,eor
2022-03-04 11:00:00,403,2022030411,3,2.9,67,eor
2022-03-04 12:00:00,403,2022030412,3,4.1,62,eor
2022-03-04 13:00:00,403,2022030413,3,3.8,59,eor
2022-03-04 14:00:00,403,2022030414,3,4.2,56,eor
2022-03-04 15:00:00,403,2022030415,3,4,57,eor
2022-03-04 16:00:00,403,2022030416,3,3.8,56,eor
2022-03-04 17:00:00,403,2022030417,3,3.5,58,eor
2022-03-04 18:00:00,403,2022030418,3,3,62,eor
2022-03-04 19:00:00,403,2022030419,3,2.4,64,eor
2022-03-04 20:00:00,403,2022030420,3,1.1,70,eor
2022-03-04 21:00:00,403,2022030421,3,0,78,eor
2022-03-04 22:00:00,403,2022030422,3,0.2,81,eor
2022-03-04 23:00:00,403,2022030423,3,0,86,eor
2022-03-05 00:00:00,403,2022030500,3,-1.3,91,eor
2022-03-05 01:00:00,403,2022030501,3,-2,94,eor
2022-03-05 02:00:00,403,2022030502,3,-2.4,97,eor
2022-03-05 03:00:00,403,2022030503,3,-2.7,98,eor
2022-03-05 04:00:00,403,2022030504,3,-2.9,99,eor
2022-03-05 05:00:00,403,2022030505,3,-3.1,99,eor
2022-03-05 06:00:00,403,2022030506,3,-2.8,99,eor
2022-03-05 07:00:00,403,2022030507,3,-1.8,100,eor
2022-03-05 08:00:00,403,2022030508,3,0,93,eor
2022-03-05 09:00:00,403,2022030509,3,2.6,74,eor
2022-03-05 10:00:00,403,2022030510,3,2.9,70,eor
2022-03-05 11:00:00,403,2022030511,3,4.9,60,eor
2022-03-05 12:00:00,403,2022030512,3,6.2,53,eor
2022-03-05 13:00:00,403,2022030513,3,4.5,55,eor
2022-03-05 14:00:00,403,2022030514,3,4.7,53,eor
2022-03-05 15:00:00,403,2022030515,3,4.1,53,eor
2022-03-05 16:00:00,403,2022030516,3,3.5,55,eor
2022-03-05 17:00:00,403,2022030517,3,2.3,56,eor
2022-03-05 18:00:00,403,2022030518,3,1,59,eor
2022-03-05 19:00:00,403,2022030519,3,-0.2,64,eor
2022-03-05 20:00:00,403,2022030520,3,-1.5,71,eor
2022-03-05 21:00:00,403,2022030521,3,-2.1,76,eor
2022-03-05 22:00:00,403,2022030522,3,-1.7,81,eor
2022-03-05 23:00:00,403,2022030523,3,-1.3,82,eor
2022-03-06 00:00:00,403,2022030600,3,-0.3,79,eor
2022-03-06 01:00:00,403,2022030601,3,-0.1,76,eor
2022-03-06 02:00:00,403,2022030602,3,0.2,70,eor
2022-03-06 03:00:00,403,2022030603,3,0.3,69,eor
2022-03-06 04:00:00,403,2022030604,3,0.3,64,eor
2022-03-06 05:00:00,403,2022030605,3,0.4,60,eor
2022-03-06 06:00:00,403,2022030606,3,0.2,56,eor
2022-03-06 07:00:00,403,2022030607,3,0.4,58,eor
2022-03-06 08:00:00,403,2022030608,3,0.8,54,eor
2022-03-06 09:00:00,403,2022030609,3,0.8,55,eor
2022-03-06 10:00:00,403,2022030610,3,0.9,58,eor
2022-03-06 11:00:00,403,2022030611,3,1.1,56,eor
2022-03-06 12:00:00,403,2022030612,3,1.4,54,eor
2022-03-06 13:00:00,403,2022030613,3,1.8,50,eor
2022-03-06 14:00:00,403,2022030614,3,1.6,53,eor
2022-03-06 15:00:00,403,2022030615,3,1.5,55,eor
2022-03-06 16:00:00,403,2022030616,3,1.4,58,eor
2022-03-06 17:00:00,403,2022030617,3,1.4,60,eor
2022-03-06 18:00:00,403,2022030618,3,1.2,61,eor
2022-03-06 19:00:00,403,2022030619,3,1,62,eor
2022-03-06 20:00:00,403,2022030620,3,0.8,65,eor
2022-03-06 21:00:00,403,2022030621,3,0.8,66,eor
2022-03-06 22:00:00,403,2022030622,3,0.8,67,eor
2022-03-06 23:00:00,403,2022030623,3,0.9,67,eor
2022-03-07 00:00:00,403,2022030700,3,1.1,65,eor
2022-03-07 01:00:00,403,2022030701,3,0.2,69,eor
2022-03-07 02:00:00,403,2022030702,3,-1.2,76,eor
2022-03-07 03:00:00,403,2022030703,3,-1.1,80,eor
2022-03-07 04:00:00,403,2022030704,3,-1.3,82,eor
2022-03-07 05:00:00,403,2022030705,3,-1.4,84,eor
2022-03-07 06:00:00,403,2022030706,3,-0.7,88,eor
2022-03-07 07:00:00,403,2022030707,3,-0.4,87,eor
2022-03-07 08:00:00,403,2022030708,3,1.4,83,eor
2022-03-07 09:00:00,403,2022030709,3,3.6,76,eor
2022-03-07 10:00:00,403,2022030710,3,4.8,64,eor
2022-03-07 11:00:00,403,2022030711,3,5.4,58,eor
2022-03-07 12:00:00,403,2022030712,3,6.5,51,eor
2022-03-07 13:00:00,403,2022030713,3,7,47,eor
2022-03-07 14:00:00,403,2022030714,3,8.1,43,eor
2022-03-07 15:00:00,403,2022030715,3,8.6,39,eor
2022-03-07 16:00:00,403,2022030716,3,8.3,41,eor
2022-03-07 17:00:00,403,2022030717,3,7.4,45,eor
2022-03-07 18:00:00,403,2022030718,3,6.2,48,eor
2022-03-07 19:00:00,403,2022030719,3,4.5,53,eor
2022-03-07 20:00:00,403,2022030720,3,3.8,58,eor
2022-03-07 21:00:00,403,2022030721,3,2.5,65,eor
2022-03-07 22:00:00,403,2022030722,3,3.1,67,eor
2022-03-07 23:00:00,403,2022030723,3,1.1,72,eor
2022-03-08 00:00:00,403,2022030800,3,-0.8,86,eor
2022-03-08 01:00:00,403,2022030801,3,-1.7,91,eor
2022-03-08 02:00:00,403,2022030802,3,-2.1,94,eor
2022-03-08 03:00:00,403,2022030803,3,-2.4,96,eor
2022-03-08 04:00:00,403,2022030804,3,-2.6,97,eor
2022-03-08 05:00:00,403,2022030805,3,-2.9,98,eor
2022-03-08 06:00:00,403,2022030806,3,-3,99,eor
2022-03-08 07:00:00,403,2022030807,3,-2.3,99,eor
2022-03-08 08:00:00,403,2022030808,3,1.6,83,eor
2022-03-08 09:00:00,403,2022030809,3,4.5,63,eor
2022-03-08 10:00:00,403,2022030810,3,6.9,52,eor
2022-03-08 11:00:00,403,2022030811,3,7.9,46,eor
2022-03-08 12:00:00,403,2022030812,3,8.8,45,eor
2022-03-08 13:00:00,403,2022030813,3,9.4,42,eor
2022-03-08 14:00:00,403,2022030814,3,9.7,40,eor
2022-03-08 15:00:00,403,2022030815,3,9.9,39,eor
2022-03-08 16:00:00,403,2022030816,3,10,40,eor
2022-03-08 17:00:00,403,2022030817,3,7.6,45,eor
2022-03-08 18:00:00,403,2022030818,3,4.9,54,eor
2022-03-08 19:00:00,403,2022030819,3,3.1,67,eor
2022-03-08 20:00:00,403,2022030820,3,2,75,eor
2022-03-08 21:00:00,403,2022030821,3,0.9,81,eor
2022-03-08 22:00:00,403,2022030822,3,0.4,86,eor
2022-03-08 23:00:00,403,2022030823,3,-0.2,90,eor
2022-03-09 00:00:00,403,2022030900,3,-1,94,eor
2022-03-09 01:00:00,403,2022030901,3,-1.3,96,eor
2022-03-09 02:00:00,403,2022030902,3,-1.8,97,eor
2022-03-09 03:00:00,403,2022030903,3,-2,98,eor
2022-03-09 04:00:00,403,2022030904,3,-2.4,99,eor
2022-03-09 05:00:00,403,2022030905,3,-2.3,99,eor
2022-03-09 06:00:00,403,2022030906,3,-2.5,99,eor
2022-03-09 07:00:00,403,2022030907,3,-1.8,99,eor
2022-03-09 08:00:00,403,2022030908,3,2.8,85,eor
2022-03-09 09:00:00,403,2022030909,3,7.2,54,eor
2022-03-09 10:00:00,403,2022030910,3,8.9,47,eor
2022-03-09 11:00:00,403,2022030911,3,9.7,43,eor
2022-03-09 12:00:00,403,2022030912,3,10.3,40,eor
2022-03-09 13:00:00,403,2022030913,3,10.9,38,eor
2022-03-09 14:00:00,403,2022030914,3,11.9,35,eor
2022-03-09 15:00:00,403,2022030915,3,11.4,35,eor
2022-03-09 16:00:00,403,2022030916,3,10.8,35,eor
2022-03-09 17:00:00,403,2022030917,3,8.8,38,eor
2022-03-09 18:00:00,403,2022030918,3,5.7,46,eor
2022-03-09 19:00:00,403,2022030919,3,4.7,54,eor
2022-03-09 20:00:00,403,2022030920,3,3.1,60,eor
2022-03-09 21:00:00,403,2022030921,3,2.7,66,eor
2022-03-09 22:00:00,403,2022030922,3,2.3,65,eor
2022-03-09 23:00:00,403,2022030923,3,1.4,69,eor
2022-03-10 00:00:00,403,2022031000,3,0.7,75,eor
2022-03-10 01:00:00,403,2022031001,3,0.8,77,eor
2022-03-10 02:00:00,403,2022031002,3,-0.3,85,eor
2022-03-10 03:00:00,403,2022031003,3,-0.2,87,eor
2022-03-10 04:00:00,403,2022031004,3,-0.7,91,eor
2022-03-10 05:00:00,403,2022031005,3,-0.8,91,eor
2022-03-10 06:00:00,403,2022031006,3,-1.2,94,eor
2022-03-10 07:00:00,403,2022031007,3,-0.2,94,eor
2022-03-10 08:00:00,403,2022031008,3,3.6,77,eor
2022-03-10 09:00:00,403,2022031009,3,5.8,71,eor
2022-03-10 10:00:00,403,2022031010,3,7.8,65,eor
2022-03-10 11:00:00,403,2022031011,3,9.2,61,eor
2022-03-10 12:00:00,403,2022031012,3,9.1,58,eor
2022-03-10 13:00:00,403,2022031013,3,9.1,53,eor
2022-03-10 14:00:00,403,2022031014,3,9,50,eor
2022-03-10 15:00:00,403,2022031015,3,8.8,49,eor
2022-03-10 16:00:00,403,2022031016,3,7.9,45,eor
2022-03-10 17:00:00,403,2022031017,3,6.6,46,eor
2022-03-10 18:00:00,403,2022031018,3,5,46,eor
2022-03-10 19:00:00,403,2022031019,3,4.3,44,eor
2022-03-10 20:00:00,403,2022031020,3,3.1,46,eor
2022-03-10 21:00:00,403,2022031021,3,2.6,46,eor
2022-03-10 22:00:00,403,2022031022,3,1.8,46,eor
2022-03-10 23:00:00,403,2022031023,3,1,48,eor
2022-03-11 00:00:00,403,2022031100,3,0.3,50,eor
2022-03-11 01:00:00,403,2022031101,3,0,50,eor
2022-03-11 02:00:00,403,2022031102,3,-0.7,55,eor
2022-03-11 03:00:00,403,2022031103,3,-1.2,57,eor
2022-03-11 04:00:00,403,2022031104,3,-1.5,57,eor
2022-03-11 05:00:00,403,2022031105,3,-1.8,57,eor
2022-03-11 06:00:00,403,2022031106,3,-2,58,eor
2022-03-11 07:00:00,403,2022031107,3,-1.2,57,eor
2022-03-11 08:00:00,403,2022031108,3,0.3,48,eor
2022-03-11 09:00:00,403,2022031109,3,2.2,43,eor
2022-03-11 10:00:00,403,2022031110,3,3.8,40,eor
2022-03-11 11:00:00,403,2022031111,3,5,37,eor
2022-03-11 12:00:00,403,2022031112,3,6.7,31,eor
2022-03-11 13:00:00,403,2022031113,3,7.9,28,eor
2022-03-11 14:00:00,403,2022031114,3,8.3,27,eor
2022-03-11 15:00:00,403,2022031115,3,8.2,24,eor
2022-03-11 16:00:00,403,2022031116,3,7.4,24,eor
2022-03-11 17:00:00,403,2022031117,3,6.1,25,eor
2022-03-11 18:00:00,403,2022031118,3,5,27,eor
2022-03-11 19:00:00,403,2022031119,3,4.2,28,eor
2022-03-11 20:00:00,403,2022031120,3,3.4,30,eor
2022-03-11 21:00:00,403,2022031121,3,2.6,32,eor
2022-03-11 22:00:00,403,2022031122,3,1.9,35,eor
2022-03-11 23:00:00,403,2022031123,3,1.5,36,eor
2022-03-12 00:00:00,403,2022031200,3,0.8,38,eor
2022-03-12 01:00:00,403,2022031201,3,0.6,39,eor
2022-03-12 02:00:00,403,2022031202,3,0.2,40,eor
2022-03-12 03:00:00,403,2022031203,3,-0.2,46,eor
2022-03-12 04:00:00,403,2022031204,3,-1,48,eor
2022-03-12 05:00:00,403,2022031205,3,-1.5,50,eor
2022-03-12 06:00:00,403,2022031206,3,-1.5,51,eor
2022-03-12 07:00:00,403,2022031207,3,-0.4,50,eor
2022-03-12 08:00:00,403,2022031208,3,2,42,eor
2022-03-12 09:00:00,403,2022031209,3,4.7,35,eor
2022-03-12 10:00:00,403,2022031210,3,6.9,29,eor
2022-03-12 11:00:00,403,2022031211,3,8.2,24,eor
2022-03-12 12:00:00,403,2022031212,3,10.1,22,eor
2022-03-12 13:00:00,403,2022031213,3,11.2,21,eor
2022-03-12 14:00:00,403,2022031214,3,11.6,20,eor
2022-03-12 15:00:00,403,2022031215,3,12.1,19,eor
2022-03-12 16:00:00,403,2022031216,3,10.8,19,eor
2022-03-12 17:00:00,403,2022031217,3,8.8,22,eor
2022-03-12 18:00:00,403,2022031218,3,7.2,25,eor
2022-03-12 19:00:00,403,2022031219,3,6,27,eor
2022-03-12 20:00:00,403,2022031220,3,5.6,29,eor
2022-03-12 21:00:00,403,2022031221,3,4.3,32,eor
2022-03-12 22:00:00,403,2022031222,3,3,36,eor
2022-03-12 23:00:00,403,2022031223,3,2.7,39,eor
2022-03-13 00:00:00,403,2022031300,3,1.8,40,eor
2022-03-13 01:00:00,403,2022031301,3,1.2,42,eor
2022-03-13 02:00:00,403,2022031302,3,0.6,42,eor
2022-03-13 03:00:00,403,2022031303,3,0.3,42,eor
2022-03-13 04:00:00,403,2022031304,3,-0.9,50,eor
2022-03-13 05:00:00,403,2022031305,3,-0.1,48,eor
2022-03-13 06:00:00,403,2022031306,3,-0.1,48,eor
2022-03-13 07:00:00,403,2022031307,3,1.2,42,eor
2022-03-13 08:00:00,403,2022031308,3,3.7,38,eor
2022-03-13 09:00:00,403,2022031309,3,6.4,33,eor
2022-03-13 10:00:00,403,2022031310,3,8.4,29,eor
2022-03-13 11:00:00,403,2022031311,3,10.8,25,eor
2022-03-13 12:00:00,403,2022031312,3,12,21,eor
2022-03-13 13:00:00,403,2022031313,3,12.4,19,eor
2022-03-13 14:00:00,403,2022031314,3,12.9,19,eor
2022-03-13 15:00:00,403,2022031315,3,12.9,20,eor
2022-03-13 16:00:00,403,2022031316,3,12.5,20,eor
2022-03-13 17:00:00,403,2022031317,3,11,22,eor
2022-03-13 18:00:00,403,2022031318,3,10.2,22,eor
2022-03-13 19:00:00,403,2022031319,3,8.9,23,eor
2022-03-13 20:00:00,403,2022031320,3,8.3,23,eor
2022-03-13 21:00:00,403,2022031321,3,7.5,24,eor
2022-03-13 22:00:00,403,2022031322,3,6.7,25,eor
2022-03-13 23:00:00,403,2022031323,3,5.4,27,eor
2022-03-14 00:00:00,403,2022031400,3,5,29,eor
2022-03-14 01:00:00,403,2022031401,3,3.8,32,eor
2022-03-14 02:00:00,403,2022031402,3,3.1,35,eor
2022-03-14 03:00:00,403,2022031403,3,2.2,37,eor
2022-03-14 04:00:00,403,2022031404,3,1.5,39,eor
2022-03-14 05:00:00,403,2022031405,3,2.1,39,eor
2022-03-14 06:00:00,403,2022031406,3,1.7,41,eor
2022-03-14 07:00:00,403,2022031407,3,3,42,eor
2022-03-14 08:00:00,403,2022031408,3,5.5,35,eor
2022-03-14 09:00:00,403,2022031409,3,8.1,29,eor
2022-03-14 10:00:00,403,2022031410,3,9.3,27,eor
2022-03-14 11:00:00,403,2022031411,3,11.5,25,eor
2022-03-14 12:00:00,403,2022031412,3,12.8,23,eor
2022-03-14 13:00:00,403,2022031413,3,12.8,24,eor
2022-03-14 14:00:00,403,2022031414,3,12.7,24,eor
2022-03-14 15:00:00,403,2022031415,3,12.4,25,eor
2022-03-14 16:00:00,403,2022031416,3,11.4,28,eor
2022-03-14 17:00:00,403,2022031417,3,10.4,38,eor
2022-03-14 18:00:00,403,2022031418,3,8.9,69,eor
2022-03-14 19:00:00,403,2022031419,3,7.7,91,eor
2022-03-14 20:00:00,403,2022031420,3,7.3,96,eor
2022-03-14 21:00:00,403,2022031421,3,7.2,97,eor
2022-03-14 22:00:00,403,2022031422,3,7.2,97,eor
2022-03-14 23:00:00,403,2022031423,3,7.2,98,eor
2022-03-15 00:00:00,403,2022031500,3,7.3,97,eor
2022-03-15 01:00:00,403,2022031501,3,6.8,97,eor
2022-03-15 02:00:00,403,2022031502,3,5.3,98,eor
2022-03-15 03:00:00,403,2022031503,3,4.9,99,eor
2022-03-15 04:00:00,403,2022031504,3,4,100,eor
2022-03-15 05:00:00,403,2022031505,3,4,100,eor
2022-03-15 06:00:00,403,2022031506,3,3.7,100,eor
2022-03-15 07:00:00,403,2022031507,3,4.4,100,eor
2022-03-15 08:00:00,403,2022031508,3,5.9,99,eor
2022-03-15 09:00:00,403,2022031509,3,8.7,84,eor
2022-03-15 10:00:00,403,2022031510,3,10.3,73,eor
2022-03-15 11:00:00,403,2022031511,3,11.4,66,eor
2022-03-15 12:00:00,403,2022031512,3,11.9,63,eor
2022-03-15 13:00:00,403,2022031513,3,11.9,56,eor
2022-03-15 14:00:00,403,2022031514,3,12.2,53,eor
2022-03-15 15:00:00,403,2022031515,3,11.8,55,eor
2022-03-15 16:00:00,403,2022031516,3,11.1,56,eor
2022-03-15 17:00:00,403,2022031517,3,10,58,eor
2022-03-15 18:00:00,403,2022031518,3,9.4,60,eor
2022-03-15 19:00:00,403,2022031519,3,8.7,64,eor
2022-03-15 20:00:00,403,2022031520,3,8.7,64,eor
2022-03-15 21:00:00,403,2022031521,3,9.1,62,eor
2022-03-15 22:00:00,403,2022031522,3,8.9,62,eor
2022-03-15 23:00:00,403,2022031523,3,7.9,63,eor
2022-03-16 00:00:00,403,2022031600,3,7.6,66,eor
2022-03-16 01:00:00,403,2022031601,3,7.2,69,eor
2022-03-16 02:00:00,403,2022031602,3,6.1,80,eor
2022-03-16 03:00:00,403,2022031603,3,4.8,90,eor
2022-03-16 04:00:00,403,2022031604,3,4,94,eor
2022-03-16 05:00:00,403,2022031605,3,3.6,96,eor
2022-03-16 06:00:00,403,2022031606,3,2.9,98,eor
2022-03-16 07:00:00,403,2022031607,3,4.9,94,eor
2022-03-16 08:00:00,403,2022031608,3,7.8,78,eor
2022-03-16 09:00:00,403,2022031609,3,8.3,71,eor
2022-03-16 10:00:00,403,2022031610,3,8.5,71,eor
2022-03-16 11:00:00,403,2022031611,3,8.5,72,eor
2022-03-16 12:00:00,403,2022031612,3,9.7,68,eor
2022-03-16 13:00:00,403,2022031613,3,10.2,65,eor
2022-03-16 14:00:00,403,2022031614,3,11.3,62,eor
2022-03-16 15:00:00,403,2022031615,3,11.5,57,eor
2022-03-16 16:00:00,403,2022031616,3,10.9,52,eor
2022-03-16 17:00:00,403,2022031617,3,9.4,62,eor
2022-03-16 18:00:00,403,2022031618,3,7.3,75,eor
2022-03-16 19:00:00,403,2022031619,3,6.6,83,eor
2022-03-16 20:00:00,403,2022031620,3,5.7,89,eor
2022-03-16 21:00:00,403,2022031621,3,5.1,92,eor
2022-03-16 22:00:00,403,2022031622,3,4.9,94,eor
2022-03-16 23:00:00,403,2022031623,3,5.3,94,eor
2022-03-17 00:00:00,403,2022031700,3,5.2,94,eor
2022-03-17 01:00:00,403,2022031701,3,4.5,94,eor
2022-03-17 02:00:00,403,2022031702,3,4.1,96,eor
2022-03-17 03:00:00,403,2022031703,3,3.9,96,eor
2022-03-17 04:00:00,403,2022031704,3,3.9,94,eor
2022-03-17 05:00:00,403,2022031705,3,4,90,eor
2022-03-17 06:00:00,403,2022031706,3,3.9,90,eor
2022-03-17 07:00:00,403,2022031707,3,4.6,87,eor
2022-03-17 08:00:00,403,2022031708,3,5.6,82,eor
2022-03-17 09:00:00,403,2022031709,3,6.8,78,eor
2022-03-17 10:00:00,403,2022031710,3,7.6,72,eor
2022-03-17 11:00:00,403,2022031711,3,9.3,63,eor
2022-03-17 12:00:00,403,2022031712,3,10.1,57,eor
2022-03-17 13:00:00,403,2022031713,3,10.8,52,eor
2022-03-17 14:00:00,403,2022031714,3,11.6,49,eor
2022-03-17 15:00:00,403,2022031715,3,11.5,49,eor
2022-03-17 16:00:00,403,2022031716,3,11.1,55,eor
2022-03-17 17:00:00,403,2022031717,3,10,60,eor
2022-03-17 18:00:00,403,2022031718,3,9.1,63,eor
2022-03-17 19:00:00,403,2022031719,3,9.2,66,eor
2022-03-17 20:00:00,403,2022031720,3,8.7,79,eor
2022-03-17 21:00:00,403,2022031721,3,8.2,80,eor
2022-03-17 22:00:00,403,2022031722,3,7.9,80,eor
2022-03-17 23:00:00,403,2022031723,3,7.7,80,eor
2022-03-18 00:00:00,403,2022031800,3,7.4,82,eor
2022-03-18 01:00:00,403,2022031801,3,7.3,82,eor
2022-03-18 02:00:00,403,2022031802,3,7.3,82,eor
2022-03-18 03:00:00,403,2022031803,3,7.2,76,eor
2022-03-18 04:00:00,403,2022031804,3,7,75,eor
2022-03-18 05:00:00,403,2022031805,3,6.8,74,eor
2022-03-18 06:00:00,403,2022031806,3,5.6,76,eor
2022-03-18 07:00:00,403,2022031807,3,5.3,76,eor
2022-03-18 08:00:00,403,2022031808,3,6.2,74,eor
2022-03-18 09:00:00,403,2022031809,3,7.4,68,eor
2022-03-18 10:00:00,403,2022031810,3,8.8,65,eor
2022-03-18 11:00:00,403,2022031811,3,10.1,58,eor
2022-03-18 12:00:00,403,2022031812,3,11.5,49,eor
2022-03-18 13:00:00,403,2022031813,3,12.8,43,eor
2022-03-18 14:00:00,403,2022031814,3,13,36,eor
2022-03-18 15:00:00,403,2022031815,3,13.3,33,eor
2022-03-18 16:00:00,403,2022031816,3,12.6,34,eor
2022-03-18 17:00:00,403,2022031817,3,12.1,33,eor
2022-03-18 18:00:00,403,2022031818,3,9.8,39,eor
2022-03-18 19:00:00,403,2022031819,3,8.4,46,eor
2022-03-18 20:00:00,403,2022031820,3,8.2,54,eor
2022-03-18 21:00:00,403,2022031821,3,8.9,54,eor
2022-03-18 22:00:00,403,2022031822,3,8.2,58,eor
2022-03-18 23:00:00,403,2022031823,3,7.4,65,eor
2022-03-19 00:00:00,403,2022031900,3,6.5,67,eor
2022-03-19 01:00:00,403,2022031901,3,5.7,68,eor
2022-03-19 02:00:00,403,2022031902,3,5.1,71,eor
2022-03-19 03:00:00,403,2022031903,3,3.8,78,eor
2022-03-19 04:00:00,403,2022031904,3,3.6,82,eor
2022-03-19 05:00:00,403,2022031905,3,3,85,eor
2022-03-19 06:00:00,403,2022031906,3,2.5,88,eor
2022-03-19 07:00:00,403,2022031907,3,3.6,85,eor
2022-03-19 08:00:00,403,2022031908,3,4.9,79,eor
2022-03-19 09:00:00,403,2022031909,3,6.9,69,eor
2022-03-19 10:00:00,403,2022031910,3,8.4,63,eor
2022-03-19 11:00:00,403,2022031911,3,9.4,53,eor
2022-03-19 12:00:00,403,2022031912,3,9.5,55,eor
2022-03-19 13:00:00,403,2022031913,3,10.7,54,eor
2022-03-19 14:00:00,403,2022031914,3,10.4,49,eor
2022-03-19 15:00:00,403,2022031915,3,10.2,47,eor
2022-03-19 16:00:00,403,2022031916,3,10.3,46,eor
2022-03-19 17:00:00,403,2022031917,3,9.1,46,eor
2022-03-19 18:00:00,403,2022031918,3,8,47,eor
2022-03-19 19:00:00,403,2022031919,3,7.1,49,eor
2022-03-19 20:00:00,403,2022031920,3,6.3,47,eor
2022-03-19 21:00:00,403,2022031921,3,5.4,46,eor
2022-03-19 22:00:00,403,2022031922,3,5,44,eor
2022-03-19 23:00:00,403,2022031923,3,4.4,45,eor
2022-03-20 00:00:00,403,2022032000,3,3.7,47,eor
2022-03-20 01:00:00,403,2022032001,3,2.9,49,eor
2022-03-20 02:00:00,403,2022032002,3,2.5,49,eor
2022-03-20 03:00:00,403,2022032003,3,2,50,eor
2022-03-20 04:00:00,403,2022032004,3,1.3,52,eor
2022-03-20 05:00:00,403,2022032005,3,0.8,54,eor
2022-03-20 06:00:00,403,2022032006,3,0.7,55,eor
2022-03-20 07:00:00,403,2022032007,3,2.2,51,eor
2022-03-20 08:00:00,403,2022032008,3,4.1,47,eor
2022-03-20 09:00:00,403,2022032009,3,6.4,43,eor
2022-03-20 10:00:00,403,2022032010,3,8.5,39,eor
2022-03-20 11:00:00,403,2022032011,3,10.5,34,eor
2022-03-20 12:00:00,403,2022032012,3,11.7,31,eor
2022-03-20 13:00:00,403,2022032013,3,12.5,30,eor
2022-03-20 14:00:00,403,2022032014,3,12.7,28,eor
2022-03-20 15:00:00,403,2022032015,3,12.5,28,eor
2022-03-20 16:00:00,403,2022032016,3,11.8,28,eor
2022-03-20 17:00:00,403,2022032017,3,10.5,30,eor
2022-03-20 18:00:00,403,2022032018,3,9,32,eor
2022-03-20 19:00:00,403,2022032019,3,8.2,33,eor
2022-03-20 20:00:00,403,2022032020,3,7.4,34,eor
2022-03-20 21:00:00,403,2022032021,3,6.8,35,eor
2022-03-20 22:00:00,403,2022032022,3,5.8,37,eor
2022-03-20 23:00:00,403,2022032023,3,4.6,41,eor
2022-03-21 00:00:00,403,2022032100,3,4.1,42,eor
2022-03-21 01:00:00,403,2022032101,3,3.6,44,eor
2022-03-21 02:00:00,403,2022032102,3,2.7,46,eor
2022-03-21 03:00:00,403,2022032103,3,1.8,49,eor
2022-03-21 04:00:00,403,2022032104,3,1.8,50,eor
2022-03-21 05:00:00,403,2022032105,3,1.2,53,eor
2022-03-21 06:00:00,403,2022032106,3,1,54,eor
2022-03-21 07:00:00,403,2022032107,3,2.8,48,eor
2022-03-21 08:00:00,403,2022032108,3,5.9,39,eor
2022-03-21 09:00:00,403,2022032109,3,8.1,30,eor
2022-03-21 10:00:00,403,2022032110,3,9.6,28,eor
2022-03-21 11:00:00,403,2022032111,3,10.8,27,eor
2022-03-21 12:00:00,403,2022032112,3,12,24,eor
2022-03-21 13:00:00,403,2022032113,3,13.4,23,eor
2022-03-21 14:00:00,403,2022032114,3,13.9,22,eor
2022-03-21 15:00:00,403,2022032115,3,14.2,22,eor
2022-03-21 16:00:00,403,2022032116,3,13.4,21,eor
2022-03-21 17:00:00,403,2022032117,3,12.1,23,eor
2022-03-21 18:00:00,403,2022032118,3,8.6,27,eor
2022-03-21 19:00:00,403,2022032119,3,6.2,31,eor
2022-03-21 20:00:00,403,2022032120,3,5.9,34,eor
2022-03-21 21:00:00,403,2022032121,3,4.7,37,eor
2022-03-21 22:00:00,403,2022032122,3,4.1,42,eor
2022-03-21 23:00:00,403,2022032123,3,2.7,48,eor
2022-03-22 00:00:00,403,2022032200,3,1.9,52,eor
2022-03-22 01:00:00,403,2022032201,3,0.9,55,eor
2022-03-22 02:00:00,403,2022032202,3,0.6,58,eor
2022-03-22 03:00:00,403,2022032203,3,-0.3,66,eor
2022-03-22 04:00:00,403,2022032204,3,-1,71,eor
2022-03-22 05:00:00,403,2022032205,3,-1,73,eor
2022-03-22 06:00:00,403,2022032206,3,-0.5,73,eor
2022-03-22 07:00:00,403,2022032207,3,3.4,50,eor
2022-03-22 08:00:00,403,2022032208,3,7,36,eor
2022-03-22 09:00:00,403,2022032209,3,9.5,31,eor
2022-03-22 10:00:00,403,2022032210,3,11.8,28,eor
2022-03-22 11:00:00,403,2022032211,3,13.1,25,eor
2022-03-22 12:00:00,403,2022032212,3,15.2,23,eor
2022-03-22 13:00:00,403,2022032213,3,16.4,20,eor
2022-03-22 14:00:00,403,2022032214,3,16.8,19,eor
2022-03-22 15:00:00,403,2022032215,3,17,19,eor
2022-03-22 16:00:00,403,2022032216,3,16.9,19,eor
2022-03-22 17:00:00,403,2022032217,3,15.3,20,eor
2022-03-22 18:00:00,403,2022032218,3,11.3,24,eor
2022-03-22 19:00:00,403,2022032219,3,8.4,32,eor
2022-03-22 20:00:00,403,2022032220,3,6.9,39,eor
2022-03-22 21:00:00,403,2022032221,3,5.3,44,eor
2022-03-22 22:00:00,403,2022032222,3,4.9,49,eor
2022-03-22 23:00:00,403,2022032223,3,3.7,55,eor
2022-03-23 00:00:00,403,2022032300,3,3.1,60,eor
2022-03-23 01:00:00,403,2022032301,3,2.5,63,eor
2022-03-23 02:00:00,403,2022032302,3,1.7,65,eor
2022-03-23 03:00:00,403,2022032303,3,1.3,64,eor
2022-03-23 04:00:00,403,2022032304,3,0.8,70,eor
2022-03-23 05:00:00,403,2022032305,3,0.7,73,eor
2022-03-23 06:00:00,403,2022032306,3,0.2,77,eor
2022-03-23 07:00:00,403,2022032307,3,3.9,65,eor
2022-03-23 08:00:00,403,2022032308,3,8.7,48,eor
2022-03-23 09:00:00,403,2022032309,3,11.7,34,eor
2022-03-23 10:00:00,403,2022032310,3,14.3,29,eor
2022-03-23 11:00:00,403,2022032311,3,16.5,26,eor
2022-03-23 12:00:00,403,2022032312,3,17.2,24,eor
2022-03-23 13:00:00,403,2022032313,3,18.1,22,eor
2022-03-23 14:00:00,403,2022032314,3,18.1,23,eor
2022-03-23 15:00:00,403,2022032315,3,18,23,eor
2022-03-23 16:00:00,403,2022032316,3,17.6,23,eor
2022-03-23 17:00:00,403,2022032317,3,15.9,23,eor
2022-03-23 18:00:00,403,2022032318,3,14.1,26,eor
2022-03-23 19:00:00,403,2022032319,3,12.7,30,eor
2022-03-23 20:00:00,403,2022032320,3,10.9,32,eor
2022-03-23 21:00:00,403,2022032321,3,9.3,35,eor
2022-03-23 22:00:00,403,2022032322,3,8.2,40,eor
2022-03-23 23:00:00,403,2022032323,3,6.3,44,eor
2022-03-24 00:00:00,403,2022032400,3,4,53,eor
2022-03-24 01:00:00,403,2022032401,3,2.8,62,eor
2022-03-24 02:00:00,403,2022032402,3,2,70,eor
2022-03-24 03:00:00,403,2022032403,3,1.1,77,eor
2022-03-24 04:00:00,403,2022032404,3,0.5,81,eor
2022-03-24 05:00:00,403,2022032405,3,-0.3,87,eor
2022-03-24 06:00:00,403,2022032406,3,-0.3,90,eor
2022-03-24 07:00:00,403,2022032407,3,3.5,78,eor
2022-03-24 08:00:00,403,2022032408,3,7.4,58,eor
2022-03-24 09:00:00,403,2022032409,3,9.6,47,eor
2022-03-24 10:00:00,403,2022032410,3,11.2,36,eor
2022-03-24 11:00:00,403,2022032411,3,13,29,eor
2022-03-24 12:00:00,403,2022032412,3,14,27,eor
2022-03-24 13:00:00,403,2022032413,3,15.1,26,eor
2022-03-24 14:00:00,403,2022032414,3,15.2,25,eor
2022-03-24 15:00:00,403,2022032415,3,15.8,24,eor
2022-03-24 16:00:00,403,2022032416,3,15.5,24,eor
2022-03-24 17:00:00,403,2022032417,3,14.2,27,eor
2022-03-24 18:00:00,403,2022032418,3,10.8,31,eor
2022-03-24 19:00:00,403,2022032419,3,8.2,39,eor
2022-03-24 20:00:00,403,2022032420,3,7.7,37,eor
2022-03-24 21:00:00,403,2022032421,3,5.7,46,eor
2022-03-24 22:00:00,403,2022032422,3,5.1,51,eor
2022-03-24 23:00:00,403,2022032423,3,4.2,56,eor
2022-03-25 00:00:00,403,2022032500,3,3.2,63,eor
2022-03-25 01:00:00,403,2022032501,3,2.6,68,eor
2022-03-25 02:00:00,403,2022032502,3,1.8,74,eor
2022-03-25 03:00:00,403,2022032503,3,1.5,79,eor
2022-03-25 04:00:00,403,2022032504,3,0.9,81,eor
2022-03-25 05:00:00,403,2022032505,3,1.3,81,eor
2022-03-25 06:00:00,403,2022032506,3,1.9,79,eor
2022-03-25 07:00:00,403,2022032507,3,5.3,67,eor
2022-03-25 08:00:00,403,2022032508,3,8.9,53,eor
2022-03-25 09:00:00,403,2022032509,3,11.9,40,eor
2022-03-25 10:00:00,403,2022032510,3,13.5,40,eor
2022-03-25 11:00:00,403,2022032511,3,14.3,39,eor
2022-03-25 12:00:00,403,2022032512,3,15,39,eor
2022-03-25 13:00:00,403,2022032513,3,16,37,eor
2022-03-25 14:00:00,403,2022032514,3,16.1,37,eor
2022-03-25 15:00:00,403,2022032515,3,16.2,37,eor
2022-03-25 16:00:00,403,2022032516,3,16.1,37,eor
2022-03-25 17:00:00,403,2022032517,3,15.4,39,eor
2022-03-25 18:00:00,403,2022032518,3,12.9,43,eor
2022-03-25 19:00:00,403,2022032519,3,11,50,eor
2022-03-25 20:00:00,403,2022032520,3,9.3,58,eor
2022-03-25 21:00:00,403,2022032521,3,9,62,eor
2022-03-25 22:00:00,403,2022032522,3,7.1,70,eor
2022-03-25 23:00:00,403,2022032523,3,6,79,eor
2022-03-26 00:00:00,403,2022032600,3,5.2,83,eor
2022-03-26 01:00:00,403,2022032601,3,5.1,84,eor
2022-03-26 02:00:00,403,2022032602,3,5.9,83,eor
2022-03-26 03:00:00,403,2022032603,3,5.9,82,eor
2022-03-26 04:00:00,403,2022032604,3,5.5,83,eor
2022-03-26 05:00:00,403,2022032605,3,5.5,84,eor
2022-03-26 06:00:00,403,2022032606,3,5.7,84,eor
2022-03-26 07:00:00,403,2022032607,3,7.9,77,eor
2022-03-26 08:00:00,403,2022032608,3,9.7,68,eor
2022-03-26 09:00:00,403,2022032609,3,11.8,63,eor
2022-03-26 10:00:00,403,2022032610,3,13.4,60,eor
2022-03-26 11:00:00,403,2022032611,3,12.7,62,eor
2022-03-26 12:00:00,403,2022032612,3,13,65,eor
2022-03-26 13:00:00,403,2022032613,3,12.9,65,eor
2022-03-26 14:00:00,403,2022032614,3,11.7,70,eor
2022-03-26 15:00:00,403,2022032615,3,11.4,73,eor
2022-03-26 16:00:00,403,2022032616,3,11.6,71,eor
2022-03-26 17:00:00,403,2022032617,3,11.3,74,eor
2022-03-26 18:00:00,403,2022032618,3,10.6,74,eor
2022-03-26 19:00:00,403,2022032619,3,9.5,72,eor
2022-03-26 20:00:00,403,2022032620,3,7.4,81,eor
2022-03-26 21:00:00,403,2022032621,3,5.7,90,eor
2022-03-26 22:00:00,403,2022032622,3,4.7,96,eor
2022-03-26 23:00:00,403,2022032623,3,3.9,98,eor
2022-03-27 00:00:00,403,2022032700,3,3.6,98,eor
2022-03-27 01:00:00,403,2022032701,3,2.8,98,eor
2022-03-27 02:00:00,403,2022032702,3,2.7,99,eor
2022-03-27 03:00:00,403,2022032703,3,2,99,eor
2022-03-27 04:00:00,403,2022032704,3,1.5,100,eor
2022-03-27 05:00:00,403,2022032705,3,1.1,100,eor
2022-03-27 06:00:00,403,2022032706,3,1.5,100,eor
2022-03-27 07:00:00,403,2022032707,3,4.6,100,eor
2022-03-27 08:00:00,403,2022032708,3,8.3,85,eor
2022-03-27 09:00:00,403,2022032709,3,10.7,70,eor
2022-03-27 10:00:00,403,2022032710,3,11.8,61,eor
2022-03-27 11:00:00,403,2022032711,3,13,52,eor
2022-03-27 12:00:00,403,2022032712,3,14.1,46,eor
2022-03-27 13:00:00,403,2022032713,3,14.8,44,eor
2022-03-27 14:00:00,403,2022032714,3,15.2,40,eor
2022-03-27 15:00:00,403,2022032715,3,15.3,39,eor
2022-03-27 16:00:00,403,2022032716,3,15,39,eor
2022-03-27 17:00:00,403,2022032717,3,14.2,42,eor
2022-03-27 18:00:00,403,2022032718,3,12.8,45,eor
2022-03-27 19:00:00,403,2022032719,3,10.7,52,eor
2022-03-27 20:00:00,403,2022032720,3,8.4,64,eor
2022-03-27 21:00:00,403,2022032721,3,7.3,70,eor
2022-03-27 22:00:00,403,2022032722,3,6.8,76,eor
2022-03-27 23:00:00,403,2022032723,3,6,78,eor
2022-03-28 00:00:00,403,2022032800,3,4.7,84,eor
2022-03-28 01:00:00,403,2022032801,3,4.4,88,eor
2022-03-28 02:00:00,403,2022032802,3,3.7,89,eor
2022-03-28 03:00:00,403,2022032803,3,3.4,92,eor
2022-03-28 04:00:00,403,2022032804,3,4,92,eor
2022-03-28 05:00:00,403,2022032805,3,4,94,eor
2022-03-28 06:00:00,403,2022032806,3,4.6,94,eor
2022-03-28 07:00:00,403,2022032807,3,6.8,85,eor
2022-03-28 08:00:00,403,2022032808,3,9.4,69,eor
2022-03-28 09:00:00,403,2022032809,3,11.2,62,eor
2022-03-28 10:00:00,403,2022032810,3,13,54,eor
2022-03-28 11:00:00,403,2022032811,3,13.9,48,eor
2022-03-28 12:00:00,403,2022032812,3,14.5,43,eor
2022-03-28 13:00:00,403,2022032813,3,15.2,41,eor
2022-03-28 14:00:00,403,2022032814,3,15.4,41,eor
2022-03-28 15:00:00,403,2022032815,3,16,42,eor
2022-03-28 16:00:00,403,2022032816,3,15.4,43,eor
2022-03-28 17:00:00,403,2022032817,3,14.5,45,eor
2022-03-28 18:00:00,403,2022032818,3,12.5,47,eor
2022-03-28 19:00:00,403,2022032819,3,11.3,51,eor
2022-03-28 20:00:00,403,2022032820,3,10.2,58,eor
2022-03-28 21:00:00,403,2022032821,3,8.8,65,eor
2022-03-28 22:00:00,403,2022032822,3,7.7,74,eor
2022-03-28 23:00:00,403,2022032823,3,6.5,79,eor
2022-03-29 00:00:00,403,2022032900,3,5.4,84,eor
2022-03-29 01:00:00,403,2022032901,3,5.2,88,eor
2022-03-29 02:00:00,403,2022032902,3,5.6,87,eor
2022-03-29 03:00:00,403,2022032903,3,5.6,88,eor
2022-03-29 04:00:00,403,2022032904,3,5.7,89,eor
2022-03-29 05:00:00,403,2022032905,3,5.7,88,eor
2022-03-29 06:00:00,403,2022032906,3,5.8,82,eor
2022-03-29 07:00:00,403,2022032907,3,6.1,79,eor
2022-03-29 08:00:00,403,2022032908,3,6.8,68,eor
2022-03-29 09:00:00,403,2022032909,3,7.6,66,eor
2022-03-29 10:00:00,403,2022032910,3,8.9,55,eor
2022-03-29 11:00:00,403,2022032911,3,9.7,50,eor
2022-03-29 12:00:00,403,2022032912,3,11.1,45,eor
2022-03-29 13:00:00,403,2022032913,3,11.9,47,eor
2022-03-29 14:00:00,403,2022032914,3,10.9,45,eor
2022-03-29 15:00:00,403,2022032915,3,11.1,42,eor
2022-03-29 16:00:00,403,2022032916,3,10.6,43,eor
2022-03-29 17:00:00,403,2022032917,3,10.4,43,eor
2022-03-29 18:00:00,403,2022032918,3,9.7,44,eor
2022-03-29 19:00:00,403,2022032919,3,7.9,47,eor
2022-03-29 20:00:00,403,2022032920,3,5.6,56,eor
2022-03-29 21:00:00,403,2022032921,3,4.4,63,eor
2022-03-29 22:00:00,403,2022032922,3,4,66,eor
2022-03-29 23:00:00,403,2022032923,3,5.3,61,eor
2022-03-30 00:00:00,403,2022033000,3,3.8,65,eor
2022-03-30 01:00:00,403,2022033001,3,2.4,71,eor
2022-03-30 02:00:00,403,2022033002,3,1.1,79,eor
2022-03-30 03:00:00,403,2022033003,3,-0.1,86,eor
2022-03-30 04:00:00,403,2022033004,3,0,90,eor
2022-03-30 05:00:00,403,2022033005,3,0.5,89,eor
2022-03-30 06:00:00,403,2022033006,3,1.8,87,eor
2022-03-30 07:00:00,403,2022033007,3,3.7,78,eor
2022-03-30 08:00:00,403,2022033008,3,6.1,66,eor
2022-03-30 09:00:00,403,2022033009,3,7.2,58,eor
2022-03-30 10:00:00,403,2022033010,3,7.8,50,eor
2022-03-30 11:00:00,403,2022033011,3,8.4,48,eor
2022-03-30 12:00:00,403,2022033012,3,8.5,46,eor
2022-03-30 13:00:00,403,2022033013,3,8.9,46,eor
2022-03-30 14:00:00,403,2022033014,3,8.6,47,eor
2022-03-30 15:00:00,403,2022033015,3,8,48,eor
2022-03-30 16:00:00,403,2022033016,3,7.7,47,eor
2022-03-30 17:00:00,403,2022033017,3,7.2,46,eor
2022-03-30 18:00:00,403,2022033018,3,6.4,46,eor
2022-03-30 19:00:00,403,2022033019,3,5.9,50,eor
2022-03-30 20:00:00,403,2022033020,3,5.5,52,eor
2022-03-30 21:00:00,403,2022033021,3,4.9,53,eor
2022-03-30 22:00:00,403,2022033022,3,4,59,eor
2022-03-30 23:00:00,403,2022033023,3,3.5,62,eor
2022-03-31 00:00:00,403,2022033100,3,2.7,64,eor
2022-03-31 01:00:00,403,2022033101,3,2,65,eor
2022-03-31 02:00:00,403,2022033102,3,1.1,67,eor
2022-03-31 03:00:00,403,2022033103,3,0.5,68,eor
2022-03-31 04:00:00,403,2022033104,3,0,67,eor
2022-03-31 05:00:00,403,2022033105,3,-0.6,71,eor
2022-03-31 06:00:00,403,2022033106,3,-0.5,72,eor
2022-03-31 07:00:00,403,2022033107,3,0.2,67,eor
2022-03-31 08:00:00,403,2022033108,3,2,63,eor
2022-03-31 09:00:00,403,2022033109,3,4.6,59,eor
2022-03-31 10:00:00,403,2022033110,3,5,55,eor
2022-03-31 11:00:00,403,2022033111,3,6.3,53,eor
2022-03-31 12:00:00,403,2022033112,3,6.9,51,eor
2022-03-31 13:00:00,403,2022033113,3,7.1,51,eor
2022-03-31 14:00:00,403,2022033114,3,6.9,49,eor
2022-03-31 15:00:00,403,2022033115,3,6.6,46,eor
2022-03-31 16:00:00,403,2022033116,3,6.5,37,eor
2022-03-31 17:00:00,403,2022033117,3,6.1,35,eor
2022-03-31 18:00:00,403,2022033118,3,6.1,35,eor
2022-03-31 19:00:00,403,2022033119,3,6,35,eor
2022-03-31 20:00:00,403,2022033120,3,5.5,37,eor
2022-03-31 21:00:00,403,2022033121,3,4.6,40,eor
2022-03-31 22:00:00,403,2022033122,3,4.3,41,eor
2022-03-31 23:00:00,403,2022033123,3,4.1,39,eor
2022-04-01 00:00:00,403,2022040100,3,3.8,39,eor
2022-04-01 01:00:00,403,2022040101,3,3.1,42,eor
2022-04-01 02:00:00,403,2022040102,3,2.6,43,eor
2022-04-01 03:00:00,403,2022040103,3,1.9,45,eor
2022-04-01 04:00:00,403,2022040104,3,1.4,47,eor
2022-04-01 05:00:00,403,2022040105,3,1.1,48,eor
2022-04-01 06:00:00,403,2022040106,3,1,49,eor
2022-04-01 07:00:00,403,2022040107,3,1.4,51,eor
2022-04-01 08:00:00,403,2022040108,3,2.5,49,eor
2022-04-01 09:00:00,403,2022040109,3,4.1,45,eor
2022-04-01 10:00:00,403,2022040110,3,5.6,39,eor
2022-04-01 11:00:00,403,2022040111,3,6,39,eor
2022-04-01 12:00:00,403,2022040112,3,6.4,36,eor
2022-04-01 13:00:00,403,2022040113,3,6.6,35,eor
2022-04-01 14:00:00,403,2022040114,3,7.5,33,eor
2022-04-01 15:00:00,403,2022040115,3,7,34,eor
2022-04-01 16:00:00,403,2022040116,3,7.3,35,eor
2022-04-01 17:00:00,403,2022040117,3,5.6,43,eor
2022-04-01 18:00:00,403,2022040118,3,4.5,49,eor
2022-04-01 19:00:00,403,2022040119,3,3.7,51,eor
2022-04-01 20:00:00,403,2022040120,3,2.8,53,eor
2022-04-01 21:00:00,403,2022040121,3,2.1,55,eor
2022-04-01 22:00:00,403,2022040122,3,1.4,58,eor
2022-04-01 23:00:00,403,2022040123,3,1,59,eor
2022-04-02 00:00:00,403,2022040200,3,0.7,60,eor
2022-04-02 01:00:00,403,2022040201,3,0.2,64,eor
2022-04-02 02:00:00,403,2022040202,3,0.3,69,eor
2022-04-02 03:00:00,403,2022040203,3,0.6,71,eor
2022-04-02 04:00:00,403,2022040204,3,0.4,73,eor
2022-04-02 05:00:00,403,2022040205,3,0.1,77,eor
2022-04-02 06:00:00,403,2022040206,3,0.5,77,eor
2022-04-02 07:00:00,403,2022040207,3,1.4,75,eor
2022-04-02 08:00:00,403,2022040208,3,2.5,71,eor
2022-04-02 09:00:00,403,2022040209,3,3.3,61,eor
2022-04-02 10:00:00,403,2022040210,3,4.1,52,eor
2022-04-02 11:00:00,403,2022040211,3,5,48,eor
2022-04-02 12:00:00,403,2022040212,3,5.1,49,eor
2022-04-02 13:00:00,403,2022040213,3,4.6,54,eor
2022-04-02 14:00:00,403,2022040214,3,4.3,53,eor
2022-04-02 15:00:00,403,2022040215,3,4.2,54,eor
2022-04-02 16:00:00,403,2022040216,3,4,53,eor
2022-04-02 17:00:00,403,2022040217,3,3.6,54,eor
2022-04-02 18:00:00,403,2022040218,3,2.9,57,eor
2022-04-02 19:00:00,403,2022040219,3,2.1,58,eor
2022-04-02 20:00:00,403,2022040220,3,1.4,58,eor
2022-04-02 21:00:00,403,2022040221,3,0.8,59,eor
2022-04-02 22:00:00,403,2022040222,3,0,62,eor
2022-04-02 23:00:00,403,2022040223,3,-0.5,67,eor
2022-04-03 00:00:00,403,2022040300,3,-0.9,71,eor
2022-04-03 01:00:00,403,2022040301,3,-1.9,76,eor
2022-04-03 02:00:00,403,2022040302,3,-2.3,79,eor
2022-04-03 03:00:00,403,2022040303,3,-2.1,81,eor
2022-04-03 04:00:00,403,2022040304,3,-1.7,79,eor
2022-04-03 05:00:00,403,2022040305,3,-1.3,75,eor
2022-04-03 06:00:00,403,2022040306,3,-0.8,73,eor
2022-04-03 07:00:00,403,2022040307,3,-0.1,73,eor
2022-04-03 08:00:00,403,2022040308,3,1.9,63,eor
2022-04-03 09:00:00,403,2022040309,3,3.2,60,eor
2022-04-03 10:00:00,403,2022040310,3,4.2,52,eor
2022-04-03 11:00:00,403,2022040311,3,5.6,46,eor
2022-04-03 12:00:00,403,2022040312,3,6,43,eor
2022-04-03 13:00:00,403,2022040313,3,6.4,43,eor
2022-04-03 14:00:00,403,2022040314,3,6.2,46,eor
2022-04-03 15:00:00,403,2022040315,3,6.1,54,eor
2022-04-03 16:00:00,403,2022040316,3,5.8,58,eor
2022-04-03 17:00:00,403,2022040317,3,5.4,61,eor
2022-04-03 18:00:00,403,2022040318,3,5,62,eor
2022-04-03 19:00:00,403,2022040319,3,4,78,eor
2022-04-03 20:00:00,403,2022040320,3,3.7,78,eor
2022-04-03 21:00:00,403,2022040321,3,4.2,76,eor
2022-04-03 22:00:00,403,2022040322,3,3.6,78,eor
2022-04-03 23:00:00,403,2022040323,3,2.6,86,eor
2022-04-04 00:00:00,403,2022040400,3,2.3,88,eor
2022-04-04 01:00:00,403,2022040401,3,2.1,88,eor
2022-04-04 02:00:00,403,2022040402,3,1.9,88,eor
2022-04-04 03:00:00,403,2022040403,3,1.6,89,eor
2022-04-04 04:00:00,403,2022040404,3,1.3,91,eor
2022-04-04 05:00:00,403,2022040405,3,1.2,90,eor
2022-04-04 06:00:00,403,2022040406,3,1.6,88,eor
2022-04-04 07:00:00,403,2022040407,3,3.6,79,eor
2022-04-04 08:00:00,403,2022040408,3,4.7,73,eor
2022-04-04 09:00:00,403,2022040409,3,5.9,65,eor
2022-04-04 10:00:00,403,2022040410,3,7,58,eor
2022-04-04 11:00:00,403,2022040411,3,7.5,54,eor
2022-04-04 12:00:00,403,2022040412,3,7.4,53,eor
2022-04-04 13:00:00,403,2022040413,3,4.4,71,eor
2022-04-04 14:00:00,403,2022040414,3,2.9,96,eor
2022-04-04 15:00:00,403,2022040415,3,2.5,98,eor
2022-04-04 16:00:00,403,2022040416,3,2.7,98,eor
2022-04-04 17:00:00,403,2022040417,3,3,98,eor
2022-04-04 18:00:00,403,2022040418,3,3.1,99,eor
2022-04-04 19:00:00,403,2022040419,3,3.7,98,eor
2022-04-04 20:00:00,403,2022040420,3,4.1,97,eor
2022-04-04 21:00:00,403,2022040421,3,4.8,96,eor
2022-04-04 22:00:00,403,2022040422,3,6.2,89,eor
2022-04-04 23:00:00,403,2022040423,3,6.2,91,eor
2022-04-05 00:00:00,403,2022040500,3,6.7,89,eor
2022-04-05 01:00:00,403,2022040501,3,6.4,91,eor
2022-04-05 02:00:00,403,2022040502,3,5.6,94,eor
2022-04-05 03:00:00,403,2022040503,3,5.4,90,eor
2022-04-05 04:00:00,403,2022040504,3,5,90,eor
2022-04-05 05:00:00,403,2022040505,3,5,89,eor
2022-04-05 06:00:00,403,2022040506,3,5.2,87,eor
2022-04-05 07:00:00,403,2022040507,3,5.7,79,eor
2022-04-05 08:00:00,403,2022040508,3,6,71,eor
2022-04-05 09:00:00,403,2022040509,3,6.8,59,eor
2022-04-05 10:00:00,403,2022040510,3,7.1,60,eor
2022-04-05 11:00:00,403,2022040511,3,7.9,59,eor
2022-04-05 12:00:00,403,2022040512,3,8.2,58,eor
2022-04-05 13:00:00,403,2022040513,3,8.5,57,eor
2022-04-05 14:00:00,403,2022040514,3,8.3,59,eor
2022-04-05 15:00:00,403,2022040515,3,8,73,eor
2022-04-05 16:00:00,403,2022040516,3,7.7,78,eor
2022-04-05 17:00:00,403,2022040517,3,7.6,82,eor
2022-04-05 18:00:00,403,2022040518,3,7.6,83,eor
2022-04-05 19:00:00,403,2022040519,3,7.4,93,eor
2022-04-05 20:00:00,403,2022040520,3,7.2,98,eor
2022-04-05 21:00:00,403,2022040521,3,7.4,99,eor
2022-04-05 22:00:00,403,2022040522,3,7.6,100,eor
2022-04-05 23:00:00,403,2022040523,3,8.4,98,eor
2022-04-06 00:00:00,403,2022040600,3,8.8,98,eor
2022-04-06 01:00:00,403,2022040601,3,8.9,98,eor
2022-04-06 02:00:00,403,2022040602,3,8.8,98,eor
2022-04-06 03:00:00,403,2022040603,3,8.8,97,eor
2022-04-06 04:00:00,403,2022040604,3,8.8,94,eor
2022-04-06 05:00:00,403,2022040605,3,8.7,93,eor
2022-04-06 06:00:00,403,2022040606,3,8.7,94,eor
2022-04-06 07:00:00,403,2022040607,3,9,94,eor
2022-04-06 08:00:00,403,2022040608,3,10.2,82,eor
2022-04-06 09:00:00,403,2022040609,3,11,70,eor
2022-04-06 10:00:00,403,2022040610,3,11.7,63,eor
2022-04-06 11:00:00,403,2022040611,3,12.3,61,eor
2022-04-06 12:00:00,403,2022040612,3,11.5,60,eor
2022-04-06 13:00:00,403,2022040613,3,11.4,60,eor
2022-04-06 14:00:00,403,2022040614,3,11.8,58,eor
2022-04-06 15:00:00,403,2022040615,3,11.7,57,eor
2022-04-06 16:00:00,403,2022040616,3,11.7,58,eor
2022-04-06 17:00:00,403,2022040617,3,11.5,55,eor
2022-04-06 18:00:00,403,2022040618,3,11.2,57,eor
2022-04-06 19:00:00,403,2022040619,3,10.5,59,eor
2022-04-06 20:00:00,403,2022040620,3,10.2,63,eor
2022-04-06 21:00:00,403,2022040621,3,10.7,61,eor
2022-04-06 22:00:00,403,2022040622,3,10.7,58,eor
2022-04-06 23:00:00,403,2022040623,3,10.4,60,eor
2022-04-07 00:00:00,403,2022040700,3,9.8,64,eor
2022-04-07 01:00:00,403,2022040701,3,9.5,64,eor
2022-04-07 02:00:00,403,2022040702,3,9.3,66,eor
2022-04-07 03:00:00,403,2022040703,3,9,69,eor
2022-04-07 04:00:00,403,2022040704,3,8.7,71,eor
2022-04-07 05:00:00,403,2022040705,3,9.2,70,eor
2022-04-07 06:00:00,403,2022040706,3,9.5,70,eor
2022-04-07 07:00:00,403,2022040707,3,10.9,66,eor
2022-04-07 08:00:00,403,2022040708,3,12.2,60,eor
2022-04-07 09:00:00,403,2022040709,3,13.1,55,eor
2022-04-07 10:00:00,403,2022040710,3,13.8,54,eor
2022-04-07 11:00:00,403,2022040711,3,13.3,55,eor
2022-04-07 12:00:00,403,2022040712,3,13.1,57,eor
2022-04-07 13:00:00,403,2022040713,3,11.8,70,eor
2022-04-07 14:00:00,403,2022040714,3,12,71,eor
2022-04-07 15:00:00,403,2022040715,3,7.7,83,eor
2022-04-07 16:00:00,403,2022040716,3,9.1,78,eor
2022-04-07 17:00:00,403,2022040717,3,9.5,73,eor
2022-04-07 18:00:00,403,2022040718,3,9.2,74,eor
2022-04-07 19:00:00,403,2022040719,3,9.5,62,eor
2022-04-07 20:00:00,403,2022040720,3,7.2,76,eor
2022-04-07 21:00:00,403,2022040721,3,6.5,82,eor
2022-04-07 22:00:00,403,2022040722,3,6.9,78,eor
2022-04-07 23:00:00,403,2022040723,3,6.6,83,eor
2022-04-08 00:00:00,403,2022040800,3,7.5,74,eor
2022-04-08 01:00:00,403,2022040801,3,7.6,72,eor
2022-04-08 02:00:00,403,2022040802,3,7,73,eor
2022-04-08 03:00:00,403,2022040803,3,7.2,70,eor
2022-04-08 04:00:00,403,2022040804,3,6.8,76,eor
2022-04-08 05:00:00,403,2022040805,3,5.4,84,eor
2022-04-08 06:00:00,403,2022040806,3,5.6,83,eor
2022-04-08 07:00:00,403,2022040807,3,6,79,eor
2022-04-08 08:00:00,403,2022040808,3,4.3,92,eor
2022-04-08 09:00:00,403,2022040809,3,6.7,69,eor
2022-04-08 10:00:00,403,2022040810,3,7.4,61,eor
2022-04-08 11:00:00,403,2022040811,3,8.7,52,eor
2022-04-08 12:00:00,403,2022040812,3,8.7,53,eor
2022-04-08 13:00:00,403,2022040813,3,8.5,53,eor
2022-04-08 14:00:00,403,2022040814,3,8.8,51,eor
2022-04-08 15:00:00,403,2022040815,3,8.8,50,eor
2022-04-08 16:00:00,403,2022040816,3,8.8,50,eor
2022-04-08 17:00:00,403,2022040817,3,8.4,51,eor
2022-04-08 18:00:00,403,2022040818,3,7.5,54,eor
2022-04-08 19:00:00,403,2022040819,3,6.4,57,eor
2022-04-08 20:00:00,403,2022040820,3,5,70,eor
2022-04-08 21:00:00,403,2022040821,3,3.4,84,eor
2022-04-08 22:00:00,403,2022040822,3,3.6,85,eor
2022-04-08 23:00:00,403,2022040823,3,3.9,85,eor
2022-04-09 00:00:00,403,2022040900,3,4.3,80,eor
2022-04-09 01:00:00,403,2022040901,3,4.1,81,eor
2022-04-09 02:00:00,403,2022040902,3,3.9,82,eor
2022-04-09 03:00:00,403,2022040903,3,3.3,84,eor
2022-04-09 04:00:00,403,2022040904,3,2.8,87,eor
2022-04-09 05:00:00,403,2022040905,3,2.5,90,eor
2022-04-09 06:00:00,403,2022040906,3,3,90,eor
2022-04-09 07:00:00,403,2022040907,3,4.1,84,eor
2022-04-09 08:00:00,403,2022040908,3,5.5,78,eor
2022-04-09 09:00:00,403,2022040909,3,6.6,64,eor
2022-04-09 10:00:00,403,2022040910,3,7.7,52,eor
2022-04-09 11:00:00,403,2022040911,3,8.6,47,eor
2022-04-09 12:00:00,403,2022040912,3,8.1,49,eor
2022-04-09 13:00:00,403,2022040913,3,9,51,eor
2022-04-09 14:00:00,403,2022040914,3,7.5,61,eor
2022-04-09 15:00:00,403,2022040915,3,8.3,58,eor
2022-04-09 16:00:00,403,2022040916,3,4.5,90,eor
2022-04-09 17:00:00,403,2022040917,3,5.8,83,eor
2022-04-09 18:00:00,403,2022040918,3,5.4,81,eor
2022-04-09 19:00:00,403,2022040919,3,5,81,eor
2022-04-09 20:00:00,403,2022040920,3,5.3,79,eor
2022-04-09 21:00:00,403,2022040921,3,4.6,80,eor
2022-04-09 22:00:00,403,2022040922,3,4.1,80,eor
2022-04-09 23:00:00,403,2022040923,3,3.5,83,eor
2022-04-10 00:00:00,403,2022041000,3,3.1,85,eor
2022-04-10 01:00:00,403,2022041001,3,2.6,88,eor
2022-04-10 02:00:00,403,2022041002,3,2.5,90,eor
2022-04-10 03:00:00,403,2022041003,3,2.4,90,eor
2022-04-10 04:00:00,403,2022041004,3,2.6,88,eor
2022-04-10 05:00:00,403,2022041005,3,2.8,87,eor
2022-04-10 06:00:00,403,2022041006,3,3.3,86,eor
2022-04-10 07:00:00,403,2022041007,3,4,81,eor
2022-04-10 08:00:00,403,2022041008,3,4.6,77,eor
2022-04-10 09:00:00,403,2022041009,3,5.5,73,eor
2022-04-10 10:00:00,403,2022041010,3,4.9,84,eor
2022-04-10 11:00:00,403,2022041011,3,6.5,65,eor
2022-04-10 12:00:00,403,2022041012,3,7.8,59,eor
2022-04-10 13:00:00,403,2022041013,3,8,56,eor
2022-04-10 14:00:00,403,2022041014,3,7.7,69,eor
2022-04-10 15:00:00,403,2022041015,3,8.5,58,eor
2022-04-10 16:00:00,403,2022041016,3,6.8,65,eor
2022-04-10 17:00:00,403,2022041017,3,6.5,67,eor
2022-04-10 18:00:00,403,2022041018,3,5.9,70,eor
2022-04-10 19:00:00,403,2022041019,3,5.8,64,eor
2022-04-10 20:00:00,403,2022041020,3,4.9,66,eor
2022-04-10 21:00:00,403,2022041021,3,4.6,74,eor
2022-04-10 22:00:00,403,2022041022,3,5,70,eor
2022-04-10 23:00:00,403,2022041023,3,5.1,69,eor
2022-04-11 00:00:00,403,2022041100,3,4.7,73,eor
2022-04-11 01:00:00,403,2022041101,3,3.9,78,eor
2022-04-11 02:00:00,403,2022041102,3,3.1,82,eor
2022-04-11 03:00:00,403,2022041103,3,2.5,86,eor
2022-04-11 04:00:00,403,2022041104,3,1.9,90,eor
2022-04-11 05:00:00,403,2022041105,3,1.6,93,eor
2022-04-11 06:00:00,403,2022041106,3,2.7,90,eor
2022-04-11 07:00:00,403,2022041107,3,5.2,75,eor
2022-04-11 08:00:00,403,2022041108,3,7.2,55,eor
2022-04-11 09:00:00,403,2022041109,3,8.7,47,eor
2022-04-11 10:00:00,403,2022041110,3,9.8,42,eor
2022-04-11 11:00:00,403,2022041111,3,10.8,41,eor
2022-04-11 12:00:00,403,2022041112,3,10.3,40,eor
2022-04-11 13:00:00,403,2022041113,3,10.2,42,eor
2022-04-11 14:00:00,403,2022041114,3,11.1,40,eor
2022-04-11 15:00:00,403,2022041115,3,11.7,39,eor
2022-04-11 16:00:00,403,2022041116,3,11.2,39,eor
2022-04-11 17:00:00,403,2022041117,3,11.1,39,eor
2022-04-11 18:00:00,403,2022041118,3,9.6,44,eor
2022-04-11 19:00:00,403,2022041119,3,6.5,54,eor
2022-04-11 20:00:00,403,2022041120,3,4.8,66,eor
2022-04-11 21:00:00,403,2022041121,3,3.7,73,eor
2022-04-11 22:00:00,403,2022041122,3,3,79,eor
2022-04-11 23:00:00,403,2022041123,3,3.4,74,eor
2022-04-12 00:00:00,403,2022041200,3,2.7,78,eor
2022-04-12 01:00:00,403,2022041201,3,2.9,77,eor
2022-04-12 02:00:00,403,2022041202,3,2.4,78,eor
2022-04-12 03:00:00,403,2022041203,3,1.5,82,eor
2022-04-12 04:00:00,403,2022041204,3,0.7,86,eor
2022-04-12 05:00:00,403,2022041205,3,0.3,90,eor
2022-04-12 06:00:00,403,2022041206,3,2.9,84,eor
2022-04-12 07:00:00,403,2022041207,3,6.2,64,eor
2022-04-12 08:00:00,403,2022041208,3,10.4,49,eor
2022-04-12 09:00:00,403,2022041209,3,12.1,43,eor
2022-04-12 10:00:00,403,2022041210,3,13.4,39,eor
2022-04-12 11:00:00,403,2022041211,3,14.1,38,eor
2022-04-12 12:00:00,403,2022041212,3,14.9,37,eor
2022-04-12 13:00:00,403,2022041213,3,16.2,36,eor
2022-04-12 14:00:00,403,2022041214,3,16.5,35,eor
2022-04-12 15:00:00,403,2022041215,3,16.6,32,eor
2022-04-12 16:00:00,403,2022041216,3,16.5,33,eor
2022-04-12 17:00:00,403,2022041217,3,15.6,34,eor
2022-04-12 18:00:00,403,2022041218,3,13.7,38,eor
2022-04-12 19:00:00,403,2022041219,3,13.2,39,eor
2022-04-12 20:00:00,403,2022041220,3,11.6,42,eor
2022-04-12 21:00:00,403,2022041221,3,11,43,eor
2022-04-12 22:00:00,403,2022041222,3,10.1,45,eor
2022-04-12 23:00:00,403,2022041223,3,9.2,48,eor
2022-04-13 00:00:00,403,2022041300,3,8.6,50,eor
2022-04-13 01:00:00,403,2022041301,3,7.8,52,eor
2022-04-13 02:00:00,403,2022041302,3,7.2,56,eor
2022-04-13 03:00:00,403,2022041303,3,6.5,61,eor
2022-04-13 04:00:00,403,2022041304,3,6,64,eor
2022-04-13 05:00:00,403,2022041305,3,6.2,66,eor
2022-04-13 06:00:00,403,2022041306,3,7.3,66,eor
2022-04-13 07:00:00,403,2022041307,3,10,58,eor
2022-04-13 08:00:00,403,2022041308,3,12.4,52,eor
2022-04-13 09:00:00,403,2022041309,3,14.4,48,eor
2022-04-13 10:00:00,403,2022041310,3,15.9,45,eor
2022-04-13 11:00:00,403,2022041311,3,18.5,42,eor
2022-04-13 12:00:00,403,2022041312,3,19.6,39,eor
2022-04-13 13:00:00,403,2022041313,3,21.1,36,eor
2022-04-13 14:00:00,403,2022041314,3,21.3,35,eor
2022-04-13 15:00:00,403,2022041315,3,21.4,35,eor
2022-04-13 16:00:00,403,2022041316,3,21.2,35,eor
2022-04-13 17:00:00,403,2022041317,3,20.6,36,eor
2022-04-13 18:00:00,403,2022041318,3,17.9,42,eor
2022-04-13 19:00:00,403,2022041319,3,15,48,eor
2022-04-13 20:00:00,403,2022041320,3,13.2,54,eor
2022-04-13 21:00:00,403,2022041321,3,11.9,61,eor
2022-04-13 22:00:00,403,2022041322,3,11.1,67,eor
2022-04-13 23:00:00,403,2022041323,3,10.9,70,eor
2022-04-14 00:00:00,403,2022041400,3,9.8,75,eor
2022-04-14 01:00:00,403,2022041401,3,8.9,79,eor
2022-04-14 02:00:00,403,2022041402,3,8.4,82,eor
2022-04-14 03:00:00,403,2022041403,3,8.3,86,eor
2022-04-14 04:00:00,403,2022041404,3,10.9,76,eor
2022-04-14 05:00:00,403,2022041405,3,11,78,eor
2022-04-14 06:00:00,403,2022041406,3,12,78,eor
2022-04-14 07:00:00,403,2022041407,3,12.8,76,eor
2022-04-14 08:00:00,403,2022041408,3,14.4,71,eor
2022-04-14 09:00:00,403,2022041409,3,15.5,70,eor
2022-04-14 10:00:00,403,2022041410,3,16.1,69,eor
2022-04-14 11:00:00,403,2022041411,3,14.9,74,eor
2022-04-14 12:00:00,403,2022041412,3,14.3,79,eor
2022-04-14 13:00:00,403,2022041413,3,13.1,84,eor
2022-04-14 14:00:00,403,2022041414,3,11.9,96,eor
2022-04-14 15:00:00,403,2022041415,3,12,98,eor
2022-04-14 16:00:00,403,2022041416,3,11.9,93,eor
2022-04-14 17:00:00,403,2022041417,3,12.7,90,eor
2022-04-14 18:00:00,403,2022041418,3,12,93,eor
2022-04-14 19:00:00,403,2022041419,3,11.9,95,eor
2022-04-14 20:00:00,403,2022041420,3,11.6,99,eor
2022-04-14 21:00:00,403,2022041421,3,11.3,99,eor
2022-04-14 22:00:00,403,2022041422,3,10.9,100,eor
2022-04-14 23:00:00,403,2022041423,3,11,99,eor
2022-04-15 00:00:00,403,2022041500,3,10.5,98,eor
2022-04-15 01:00:00,403,2022041501,3,9.9,98,eor
2022-04-15 02:00:00,403,2022041502,3,8.8,90,eor
2022-04-15 03:00:00,403,2022041503,3,7.7,91,eor
2022-04-15 04:00:00,403,2022041504,3,7.7,91,eor
2022-04-15 05:00:00,403,2022041505,3,7.8,90,eor
2022-04-15 06:00:00,403,2022041506,3,7.9,90,eor
2022-04-15 07:00:00,403,2022041507,3,8.2,89,eor
2022-04-15 08:00:00,403,2022041508,3,8.3,87,eor
2022-04-15 09:00:00,403,2022041509,3,8.6,87,eor
2022-04-15 10:00:00,403,2022041510,3,8.2,93,eor
2022-04-15 11:00:00,403,2022041511,3,8.4,93,eor
2022-04-15 12:00:00,403,2022041512,3,8.9,93,eor
2022-04-15 13:00:00,403,2022041513,3,9.3,87,eor
2022-04-15 14:00:00,403,2022041514,3,9,93,eor
2022-04-15 15:00:00,403,2022041515,3,7.9,92,eor
2022-04-15 16:00:00,403,2022041516,3,7.5,89,eor
2022-04-15 17:00:00,403,2022041517,3,6.8,89,eor
2022-04-15 18:00:00,403,2022041518,3,6.5,88,eor
2022-04-15 19:00:00,403,2022041519,3,6.3,87,eor
2022-04-15 20:00:00,403,2022041520,3,6.1,83,eor
2022-04-15 21:00:00,403,2022041521,3,5.8,82,eor
2022-04-15 22:00:00,403,2022041522,3,5.5,80,eor
2022-04-15 23:00:00,403,2022041523,3,4.2,75,eor
2022-04-16 00:00:00,403,2022041600,3,3.3,78,eor
2022-04-16 01:00:00,403,2022041601,3,2.8,81,eor
2022-04-16 02:00:00,403,2022041602,3,2.2,86,eor
2022-04-16 03:00:00,403,2022041603,3,2.6,85,eor
2022-04-16 04:00:00,403,2022041604,3,2.7,86,eor
2022-04-16 05:00:00,403,2022041605,3,2.9,85,eor
2022-04-16 06:00:00,403,2022041606,3,3.5,82,eor
2022-04-16 07:00:00,403,2022041607,3,4.5,77,eor
2022-04-16 08:00:00,403,2022041608,3,5.7,71,eor
2022-04-16 09:00:00,403,2022041609,3,8.1,56,eor
2022-04-16 10:00:00,403,2022041610,3,9.3,47,eor
2022-04-16 11:00:00,403,2022041611,3,9.9,43,eor
2022-04-16 12:00:00,403,2022041612,3,11.2,41,eor
2022-04-16 13:00:00,403,2022041613,3,11.7,38,eor
2022-04-16 14:00:00,403,2022041614,3,12.4,33,eor
2022-04-16 15:00:00,403,2022041615,3,12.8,34,eor
2022-04-16 16:00:00,403,2022041616,3,12.5,33,eor
2022-04-16 17:00:00,403,2022041617,3,11.6,33,eor
2022-04-16 18:00:00,403,2022041618,3,10.5,34,eor
2022-04-16 19:00:00,403,2022041619,3,9,35,eor
2022-04-16 20:00:00,403,2022041620,3,7.5,38,eor
2022-04-16 21:00:00,403,2022041621,3,6.2,43,eor
2022-04-16 22:00:00,403,2022041622,3,6,44,eor
2022-04-16 23:00:00,403,2022041623,3,4.1,50,eor
2022-04-17 00:00:00,403,2022041700,3,4.4,52,eor
2022-04-17 01:00:00,403,2022041701,3,3.9,52,eor
2022-04-17 02:00:00,403,2022041702,3,2,62,eor
2022-04-17 03:00:00,403,2022041703,3,1.2,72,eor
2022-04-17 04:00:00,403,2022041704,3,-0.1,84,eor
2022-04-17 05:00:00,403,2022041705,3,-0.2,87,eor
2022-04-17 06:00:00,403,2022041706,3,2.6,76,eor
2022-04-17 07:00:00,403,2022041707,3,5.5,61,eor
2022-04-17 08:00:00,403,2022041708,3,8.6,49,eor
2022-04-17 09:00:00,403,2022041709,3,10.2,44,eor
2022-04-17 10:00:00,403,2022041710,3,11.8,41,eor
2022-04-17 11:00:00,403,2022041711,3,12.3,39,eor
2022-04-17 12:00:00,403,2022041712,3,14.2,38,eor
2022-04-17 13:00:00,403,2022041713,3,13.9,36,eor
2022-04-17 14:00:00,403,2022041714,3,14.7,35,eor
2022-04-17 15:00:00,403,2022041715,3,14.5,35,eor
2022-04-17 16:00:00,403,2022041716,3,14.4,33,eor
2022-04-17 17:00:00,403,2022041717,3,13.8,37,eor
2022-04-17 18:00:00,403,2022041718,3,12.7,39,eor
2022-04-17 19:00:00,403,2022041719,3,11,44,eor
2022-04-17 20:00:00,403,2022041720,3,9.4,50,eor
2022-04-17 21:00:00,403,2022041721,3,8.2,54,eor
2022-04-17 22:00:00,403,2022041722,3,7.2,58,eor
2022-04-17 23:00:00,403,2022041723,3,5.4,69,eor
2022-04-18 00:00:00,403,2022041800,3,5.3,70,eor
2022-04-18 01:00:00,403,2022041801,3,3.9,80,eor
2022-04-18 02:00:00,403,2022041802,3,2.7,88,eor
2022-04-18 03:00:00,403,2022041803,3,2.2,91,eor
2022-04-18 04:00:00,403,2022041804,3,2.1,91,eor
2022-04-18 05:00:00,403,2022041805,3,2.5,92,eor
2022-04-18 06:00:00,403,2022041806,3,4.9,81,eor
2022-04-18 07:00:00,403,2022041807,3,7.1,69,eor
2022-04-18 08:00:00,403,2022041808,3,9.2,59,eor
2022-04-18 09:00:00,403,2022041809,3,11,48,eor
2022-04-18 10:00:00,403,2022041810,3,12.7,44,eor
2022-04-18 11:00:00,403,2022041811,3,13.3,42,eor
2022-04-18 12:00:00,403,2022041812,3,14.4,39,eor
2022-04-18 13:00:00,403,2022041813,3,14.8,39,eor
2022-04-18 14:00:00,403,2022041814,3,15.2,36,eor
2022-04-18 15:00:00,403,2022041815,3,15.4,35,eor
2022-04-18 16:00:00,403,2022041816,3,15.4,35,eor
2022-04-18 17:00:00,403,2022041817,3,14.6,37,eor
2022-04-18 18:00:00,403,2022041818,3,13.1,39,eor
2022-04-18 19:00:00,403,2022041819,3,11.4,43,eor
2022-04-18 20:00:00,403,2022041820,3,10.5,45,eor
2022-04-18 21:00:00,403,2022041821,3,8.8,41,eor
2022-04-18 22:00:00,403,2022041822,3,7.6,43,eor
2022-04-18 23:00:00,403,2022041823,3,6.7,49,eor
2022-04-19 00:00:00,403,2022041900,3,5.9,55,eor
2022-04-19 01:00:00,403,2022041901,3,5.4,61,eor
2022-04-19 02:00:00,403,2022041902,3,4.8,65,eor
2022-04-19 03:00:00,403,2022041903,3,4.7,66,eor
2022-04-19 04:00:00,403,2022041904,3,4.3,66,eor
2022-04-19 05:00:00,403,2022041905,3,4.2,68,eor
2022-04-19 06:00:00,403,2022041906,3,4.7,70,eor
2022-04-19 07:00:00,403,2022041907,3,6.6,62,eor
2022-04-19 08:00:00,403,2022041908,3,8.7,55,eor
2022-04-19 09:00:00,403,2022041909,3,10.2,47,eor
2022-04-19 10:00:00,403,2022041910,3,12.2,46,eor
2022-04-19 11:00:00,403,2022041911,3,12.3,43,eor
2022-04-19 12:00:00,403,2022041912,3,12.9,43,eor
2022-04-19 13:00:00,403,2022041913,3,12.2,44,eor
2022-04-19 14:00:00,403,2022041914,3,13.9,44,eor
2022-04-19 15:00:00,403,2022041915,3,13.5,45,eor
2022-04-19 16:00:00,403,2022041916,3,12.9,43,eor
2022-04-19 17:00:00,403,2022041917,3,12.4,44,eor
2022-04-19 18:00:00,403,2022041918,3,11.8,46,eor
2022-04-19 19:00:00,403,2022041919,3,10.8,54,eor
2022-04-19 20:00:00,403,2022041920,3,9.9,57,eor
2022-04-19 21:00:00,403,2022041921,3,9.6,59,eor
2022-04-19 22:00:00,403,2022041922,3,7.8,64,eor
2022-04-19 23:00:00,403,2022041923,3,6,72,eor
2022-04-20 00:00:00,403,2022042000,3,5.4,80,eor
2022-04-20 01:00:00,403,2022042001,3,7.2,76,eor
2022-04-20 02:00:00,403,2022042002,3,6.9,78,eor
2022-04-20 03:00:00,403,2022042003,3,6.6,80,eor
2022-04-20 04:00:00,403,2022042004,3,6.6,82,eor
2022-04-20 05:00:00,403,2022042005,3,6.8,85,eor
2022-04-20 06:00:00,403,2022042006,3,7.7,82,eor
2022-04-20 07:00:00,403,2022042007,3,8.4,79,eor
2022-04-20 08:00:00,403,2022042008,3,9.1,73,eor
2022-04-20 09:00:00,403,2022042009,3,10.4,60,eor
2022-04-20 10:00:00,403,2022042010,3,9.7,68,eor
2022-04-20 11:00:00,403,2022042011,3,10.1,70,eor
2022-04-20 12:00:00,403,2022042012,3,10.4,70,eor
2022-04-20 13:00:00,403,2022042013,3,11.9,64,eor
2022-04-20 14:00:00,403,2022042014,3,12.5,61,eor
2022-04-20 15:00:00,403,2022042015,3,13.3,58,eor
2022-04-20 16:00:00,403,2022042016,3,13.9,52,eor
2022-04-20 17:00:00,403,2022042017,3,13.1,50,eor
2022-04-20 18:00:00,403,2022042018,3,12.1,53,eor
2022-04-20 19:00:00,403,2022042019,3,11.4,54,eor
2022-04-20 20:00:00,403,2022042020,3,10.7,51,eor
2022-04-20 21:00:00,403,2022042021,3,10,55,eor
2022-04-20 22:00:00,403,2022042022,3,9.3,61,eor
2022-04-20 23:00:00,403,2022042023,3,8.5,66,eor
2022-04-21 00:00:00,403,2022042100,3,8,73,eor
2022-04-21 01:00:00,403,2022042101,3,7.8,76,eor
2022-04-21 02:00:00,403,2022042102,3,7.2,81,eor
2022-04-21 03:00:00,403,2022042103,3,7.2,83,eor
2022-04-21 04:00:00,403,2022042104,3,7.1,85,eor
2022-04-21 05:00:00,403,2022042105,3,7.1,86,eor
2022-04-21 06:00:00,403,2022042106,3,7.2,89,eor
2022-04-21 07:00:00,403,2022042107,3,7.9,88,eor
2022-04-21 08:00:00,403,2022042108,3,8.6,84,eor
2022-04-21 09:00:00,403,2022042109,3,9.2,87,eor
2022-04-21 10:00:00,403,2022042110,3,10,86,eor
2022-04-21 11:00:00,403,2022042111,3,10.3,83,eor
2022-04-21 12:00:00,403,2022042112,3,11.6,79,eor
2022-04-21 13:00:00,403,2022042113,3,11.6,77,eor
2022-04-21 14:00:00,403,2022042114,3,11.4,78,eor
2022-04-21 15:00:00,403,2022042115,3,11.2,86,eor
2022-04-21 16:00:00,403,2022042116,3,11,89,eor
2022-04-21 17:00:00,403,2022042117,3,11.6,86,eor
2022-04-21 18:00:00,403,2022042118,3,11.4,83,eor
2022-04-21 19:00:00,403,2022042119,3,10.6,90,eor
2022-04-21 20:00:00,403,2022042120,3,10.2,91,eor
2022-04-21 21:00:00,403,2022042121,3,10,94,eor
2022-04-21 22:00:00,403,2022042122,3,10.1,94,eor
2022-04-21 23:00:00,403,2022042123,3,10.3,79,eor
2022-04-22 00:00:00,403,2022042200,3,9,79,eor
2022-04-22 01:00:00,403,2022042201,3,7.4,83,eor
2022-04-22 02:00:00,403,2022042202,3,6.1,90,eor
2022-04-22 03:00:00,403,2022042203,3,6.3,90,eor
2022-04-22 04:00:00,403,2022042204,3,6.3,91,eor
2022-04-22 05:00:00,403,2022042205,3,6.1,91,eor
2022-04-22 06:00:00,403,2022042206,3,6.9,88,eor
2022-04-22 07:00:00,403,2022042207,3,8.7,84,eor
2022-04-22 08:00:00,403,2022042208,3,10,75,eor
2022-04-22 09:00:00,403,2022042209,3,10.9,77,eor
2022-04-22 10:00:00,403,2022042210,3,12,75,eor
2022-04-22 11:00:00,403,2022042211,3,12,75,eor
2022-04-22 12:00:00,403,2022042212,3,11.7,82,eor
2022-04-22 13:00:00,403,2022042213,3,12,82,eor
2022-04-22 14:00:00,403,2022042214,3,13.4,71,eor
2022-04-22 15:00:00,403,2022042215,3,13.6,67,eor
2022-04-22 16:00:00,403,2022042216,3,13.1,69,eor
2022-04-22 17:00:00,403,2022042217,3,12.7,69,eor
2022-04-22 18:00:00,403,2022042218,3,12.6,65,eor
2022-04-22 19:00:00,403,2022042219,3,11.9,61,eor
2022-04-22 20:00:00,403,2022042220,3,10.7,65,eor
2022-04-22 21:00:00,403,2022042221,3,9.6,69,eor
2022-04-22 22:00:00,403,2022042222,3,7.6,78,eor
2022-04-22 23:00:00,403,2022042223,3,6.8,83,eor
2022-04-23 00:00:00,403,2022042300,3,7.1,79,eor
2022-04-23 01:00:00,403,2022042301,3,6.4,80,eor
2022-04-23 02:00:00,403,2022042302,3,5.5,83,eor
2022-04-23 03:00:00,403,2022042303,3,5.4,81,eor
2022-04-23 04:00:00,403,2022042304,3,5.1,81,eor
2022-04-23 05:00:00,403,2022042305,3,5.5,82,eor
2022-04-23 06:00:00,403,2022042306,3,7.3,76,eor
2022-04-23 07:00:00,403,2022042307,3,9.8,67,eor
2022-04-23 08:00:00,403,2022042308,3,12,54,eor
2022-04-23 09:00:00,403,2022042309,3,13.7,51,eor
2022-04-23 10:00:00,403,2022042310,3,15.1,46,eor
2022-04-23 11:00:00,403,2022042311,3,15.4,43,eor
2022-04-23 12:00:00,403,2022042312,3,16.6,40,eor
2022-04-23 13:00:00,403,2022042313,3,17.6,37,eor
2022-04-23 14:00:00,403,2022042314,3,16.9,39,eor
2022-04-23 15:00:00,403,2022042315,3,17.2,38,eor
2022-04-23 16:00:00,403,2022042316,3,17.5,38,eor
2022-04-23 17:00:00,403,2022042317,3,16.1,39,eor
2022-04-23 18:00:00,403,2022042318,3,14.7,42,eor
2022-04-23 19:00:00,403,2022042319,3,13.9,45,eor
2022-04-23 20:00:00,403,2022042320,3,12.4,53,eor
2022-04-23 21:00:00,403,2022042321,3,10.9,58,eor
2022-04-23 22:00:00,403,2022042322,3,9.9,59,eor
2022-04-23 23:00:00,403,2022042323,3,9.4,62,eor
2022-04-24 00:00:00,403,2022042400,3,8.2,66,eor
2022-04-24 01:00:00,403,2022042401,3,7.8,70,eor
2022-04-24 02:00:00,403,2022042402,3,7.1,75,eor
2022-04-24 03:00:00,403,2022042403,3,6.5,79,eor
2022-04-24 04:00:00,403,2022042404,3,5.9,83,eor
2022-04-24 05:00:00,403,2022042405,3,5.8,85,eor
2022-04-24 06:00:00,403,2022042406,3,7.6,78,eor
2022-04-24 07:00:00,403,2022042407,3,9.2,71,eor
2022-04-24 08:00:00,403,2022042408,3,11.6,63,eor
2022-04-24 09:00:00,403,2022042409,3,14.1,54,eor
2022-04-24 10:00:00,403,2022042410,3,15.8,49,eor
2022-04-24 11:00:00,403,2022042411,3,16,46,eor
2022-04-24 12:00:00,403,2022042412,3,15.7,46,eor
2022-04-24 13:00:00,403,2022042413,3,16.9,44,eor
2022-04-24 14:00:00,403,2022042414,3,16.4,42,eor
2022-04-24 15:00:00,403,2022042415,3,16.1,42,eor
2022-04-24 16:00:00,403,2022042416,3,15.7,43,eor
2022-04-24 17:00:00,403,2022042417,3,14.3,57,eor
2022-04-24 18:00:00,403,2022042418,3,13.9,63,eor
2022-04-24 19:00:00,403,2022042419,3,12.9,67,eor
2022-04-24 20:00:00,403,2022042420,3,11.5,73,eor
2022-04-24 21:00:00,403,2022042421,3,9.7,80,eor
2022-04-24 22:00:00,403,2022042422,3,8.1,89,eor
2022-04-24 23:00:00,403,2022042423,3,7.4,93,eor
2022-04-25 00:00:00,403,2022042500,3,6.9,91,eor
2022-04-25 01:00:00,403,2022042501,3,6.5,92,eor
2022-04-25 02:00:00,403,2022042502,3,6.4,92,eor
2022-04-25 03:00:00,403,2022042503,3,6.1,92,eor
2022-04-25 04:00:00,403,2022042504,3,5.7,93,eor
2022-04-25 05:00:00,403,2022042505,3,5.5,94,eor
2022-04-25 06:00:00,403,2022042506,3,6,92,eor
2022-04-25 07:00:00,403,2022042507,3,6.7,89,eor
2022-04-25 08:00:00,403,2022042508,3,7.4,86,eor
2022-04-25 09:00:00,403,2022042509,3,7.8,85,eor
2022-04-25 10:00:00,403,2022042510,3,9.4,79,eor
2022-04-25 11:00:00,403,2022042511,3,10.1,75,eor
2022-04-25 12:00:00,403,2022042512,3,12.4,69,eor
2022-04-25 13:00:00,403,2022042513,3,11.6,64,eor
2022-04-25 14:00:00,403,2022042514,3,12.1,62,eor
2022-04-25 15:00:00,403,2022042515,3,13.1,59,eor
2022-04-25 16:00:00,403,2022042516,3,13,57,eor
2022-04-25 17:00:00,403,2022042517,3,13,56,eor
2022-04-25 18:00:00,403,2022042518,3,11.9,60,eor
2022-04-25 19:00:00,403,2022042519,3,10.5,65,eor
2022-04-25 20:00:00,403,2022042520,3,9.3,71,eor
2022-04-25 21:00:00,403,2022042521,3,8.4,81,eor
2022-04-25 22:00:00,403,2022042522,3,6.9,87,eor
2022-04-25 23:00:00,403,2022042523,3,5.9,92,eor
2022-04-26 00:00:00,403,2022042600,3,5.4,96,eor
2022-04-26 01:00:00,403,2022042601,3,4.4,98,eor
2022-04-26 02:00:00,403,2022042602,3,3.7,100,eor
2022-04-26 03:00:00,403,2022042603,3,3.1,100,eor
2022-04-26 04:00:00,403,2022042604,3,3,100,eor
2022-04-26 05:00:00,403,2022042605,3,3.9,100,eor
2022-04-26 06:00:00,403,2022042606,3,5.8,95,eor
2022-04-26 07:00:00,403,2022042607,3,8.8,62,eor
2022-04-26 08:00:00,403,2022042608,3,11.4,45,eor
2022-04-26 09:00:00,403,2022042609,3,12.5,44,eor
2022-04-26 10:00:00,403,2022042610,3,13.4,40,eor
2022-04-26 11:00:00,403,2022042611,3,15.4,39,eor
2022-04-26 12:00:00,403,2022042612,3,15.7,35,eor
2022-04-26 13:00:00,403,2022042613,3,16,35,eor
2022-04-26 14:00:00,403,2022042614,3,17.1,31,eor
2022-04-26 15:00:00,403,2022042615,3,15.6,33,eor
2022-04-26 16:00:00,403,2022042616,3,15.6,32,eor
2022-04-26 17:00:00,403,2022042617,3,15.3,34,eor
2022-04-26 18:00:00,403,2022042618,3,14.9,35,eor
2022-04-26 19:00:00,403,2022042619,3,14,39,eor
2022-04-26 20:00:00,403,2022042620,3,13.6,42,eor
2022-04-26 21:00:00,403,2022042621,3,13,43,eor
2022-04-26 22:00:00,403,2022042622,3,12,45,eor
2022-04-26 23:00:00,403,2022042623,3,11.4,50,eor
2022-04-27 00:00:00,403,2022042700,3,11.1,55,eor
2022-04-27 01:00:00,403,2022042701,3,9.1,62,eor
2022-04-27 02:00:00,403,2022042702,3,8.5,69,eor
2022-04-27 03:00:00,403,2022042703,3,7.9,74,eor
2022-04-27 04:00:00,403,2022042704,3,5.9,82,eor
2022-04-27 05:00:00,403,2022042705,3,5.7,86,eor
2022-04-27 06:00:00,403,2022042706,3,9.7,67,eor
2022-04-27 07:00:00,403,2022042707,3,10.8,58,eor
2022-04-27 08:00:00,403,2022042708,3,12.7,52,eor
2022-04-27 09:00:00,403,2022042709,3,14.1,44,eor
2022-04-27 10:00:00,403,2022042710,3,14.8,40,eor
2022-04-27 11:00:00,403,2022042711,3,15.6,37,eor
2022-04-27 12:00:00,403,2022042712,3,15,38,eor
2022-04-27 13:00:00,403,2022042713,3,16.8,36,eor
2022-04-27 14:00:00,403,2022042714,3,16.2,37,eor
2022-04-27 15:00:00,403,2022042715,3,15.6,38,eor
2022-04-27 16:00:00,403,2022042716,3,15.2,38,eor
2022-04-27 17:00:00,403,2022042717,3,15.4,38,eor
2022-04-27 18:00:00,403,2022042718,3,15.2,39,eor
2022-04-27 19:00:00,403,2022042719,3,13.9,40,eor
2022-04-27 20:00:00,403,2022042720,3,10.7,51,eor
2022-04-27 21:00:00,403,2022042721,3,8.9,66,eor
2022-04-27 22:00:00,403,2022042722,3,9.6,69,eor
2022-04-27 23:00:00,403,2022042723,3,7.8,77,eor
2022-04-28 00:00:00,403,2022042800,3,6.4,86,eor
2022-04-28 01:00:00,403,2022042801,3,6.3,91,eor
2022-04-28 02:00:00,403,2022042802,3,5.6,93,eor
2022-04-28 03:00:00,403,2022042803,3,5.3,95,eor
2022-04-28 04:00:00,403,2022042804,3,4.7,95,eor
2022-04-28 05:00:00,403,2022042805,3,5.1,95,eor
2022-04-28 06:00:00,403,2022042806,3,8,81,eor
2022-04-28 07:00:00,403,2022042807,3,9.8,72,eor
2022-04-28 08:00:00,403,2022042808,3,11.3,62,eor
2022-04-28 09:00:00,403,2022042809,3,13.1,54,eor
2022-04-28 10:00:00,403,2022042810,3,14.4,47,eor
2022-04-28 11:00:00,403,2022042811,3,14.2,49,eor
2022-04-28 12:00:00,403,2022042812,3,14.3,47,eor
2022-04-28 13:00:00,403,2022042813,3,15.9,46,eor
2022-04-28 14:00:00,403,2022042814,3,16.7,42,eor
2022-04-28 15:00:00,403,2022042815,3,16.5,41,eor
2022-04-28 16:00:00,403,2022042816,3,16.6,40,eor
2022-04-28 17:00:00,403,2022042817,3,15.6,41,eor
2022-04-28 18:00:00,403,2022042818,3,14.8,42,eor
2022-04-28 19:00:00,403,2022042819,3,12.3,48,eor
2022-04-28 20:00:00,403,2022042820,3,9.9,59,eor
2022-04-28 21:00:00,403,2022042821,3,8.2,74,eor
2022-04-28 22:00:00,403,2022042822,3,7.2,81,eor
2022-04-28 23:00:00,403,2022042823,3,6.1,87,eor
2022-04-29 00:00:00,403,2022042900,3,6,91,eor
2022-04-29 01:00:00,403,2022042901,3,5.5,92,eor
2022-04-29 02:00:00,403,2022042902,3,4.8,94,eor
2022-04-29 03:00:00,403,2022042903,3,4.4,97,eor
2022-04-29 04:00:00,403,2022042904,3,3.5,98,eor
2022-04-29 05:00:00,403,2022042905,3,4.7,99,eor
2022-04-29 06:00:00,403,2022042906,3,7.4,90,eor
2022-04-29 07:00:00,403,2022042907,3,11.7,53,eor
2022-04-29 08:00:00,403,2022042908,3,13.6,42,eor
2022-04-29 09:00:00,403,2022042909,3,14.4,42,eor
2022-04-29 10:00:00,403,2022042910,3,15.2,41,eor
2022-04-29 11:00:00,403,2022042911,3,15.7,39,eor
2022-04-29 12:00:00,403,2022042912,3,17.5,37,eor
2022-04-29 13:00:00,403,2022042913,3,17.9,34,eor
2022-04-29 14:00:00,403,2022042914,3,18.6,32,eor
2022-04-29 15:00:00,403,2022042915,3,18.3,32,eor
2022-04-29 16:00:00,403,2022042916,3,18.7,33,eor
2022-04-29 17:00:00,403,2022042917,3,18.2,33,eor
2022-04-29 18:00:00,403,2022042918,3,16.1,37,eor
2022-04-29 19:00:00,403,2022042919,3,13.7,44,eor
2022-04-29 20:00:00,403,2022042920,3,12.4,52,eor
2022-04-29 21:00:00,403,2022042921,3,11.9,53,eor
2022-04-29 22:00:00,403,2022042922,3,11.3,60,eor
2022-04-29 23:00:00,403,2022042923,3,10.1,61,eor
2022-04-30 00:00:00,403,2022043000,3,8.9,68,eor
2022-04-30 01:00:00,403,2022043001,3,8.3,74,eor
2022-04-30 02:00:00,403,2022043002,3,7.8,76,eor
2022-04-30 03:00:00,403,2022043003,3,7.1,81,eor
2022-04-30 04:00:00,403,2022043004,3,6.8,87,eor
2022-04-30 05:00:00,403,2022043005,3,6.9,89,eor
2022-04-30 06:00:00,403,2022043006,3,8.5,82,eor
2022-04-30 07:00:00,403,2022043007,3,9.9,76,eor
2022-04-30 08:00:00,403,2022043008,3,11.4,67,eor
2022-04-30 09:00:00,403,2022043009,3,12.5,62,eor
2022-04-30 10:00:00,403,2022043010,3,14.2,54,eor
2022-04-30 11:00:00,403,2022043011,3,15.5,50,eor
2022-04-30 12:00:00,403,2022043012,3,16.6,44,eor
2022-04-30 13:00:00,403,2022043013,3,17.9,42,eor
2022-04-30 14:00:00,403,2022043014,3,17.5,39,eor
2022-04-30 15:00:00,403,2022043015,3,17.5,37,eor
2022-04-30 16:00:00,403,2022043016,3,17.7,38,eor
2022-04-30 17:00:00,403,2022043017,3,18,39,eor
2022-04-30 18:00:00,403,2022043018,3,16.5,43,eor
2022-04-30 19:00:00,403,2022043019,3,14.8,49,eor
2022-04-30 20:00:00,403,2022043020,3,13.6,58,eor
2022-04-30 21:00:00,403,2022043021,3,11.4,67,eor
2022-04-30 22:00:00,403,2022043022,3,11.3,69,eor
2022-04-30 23:00:00,403,2022043023,3,10.7,73,eor
2022-05-01 00:00:00,403,2022050100,3,10.1,74,eor
2022-05-01 01:00:00,403,2022050101,3,9.9,74,eor
2022-05-01 02:00:00,403,2022050102,3,8.9,73,eor
2022-05-01 03:00:00,403,2022050103,3,8.7,74,eor
2022-05-01 04:00:00,403,2022050104,3,7.8,78,eor
2022-05-01 05:00:00,403,2022050105,3,8,81,eor
2022-05-01 06:00:00,403,2022050106,3,10.3,71,eor
2022-05-01 07:00:00,403,2022050107,3,12,67,eor
2022-05-01 08:00:00,403,2022050108,3,13.5,63,eor
2022-05-01 09:00:00,403,2022050109,3,13.8,59,eor
2022-05-01 10:00:00,403,2022050110,3,13.3,56,eor
2022-05-01 11:00:00,403,2022050111,3,13.2,55,eor
2022-05-01 12:00:00,403,2022050112,3,14,56,eor
2022-05-01 13:00:00,403,2022050113,3,14,55,eor
2022-05-01 14:00:00,403,2022050114,3,14.6,54,eor
2022-05-01 15:00:00,403,2022050115,3,15.3,51,eor
2022-05-01 16:00:00,403,2022050116,3,14.8,51,eor
2022-05-01 17:00:00,403,2022050117,3,14.1,54,eor
2022-05-01 18:00:00,403,2022050118,3,13.7,56,eor
2022-05-01 19:00:00,403,2022050119,3,12.6,59,eor
2022-05-01 20:00:00,403,2022050120,3,11.5,62,eor
2022-05-01 21:00:00,403,2022050121,3,9.9,72,eor
2022-05-01 22:00:00,403,2022050122,3,10.9,71,eor
2022-05-01 23:00:00,403,2022050123,3,10.6,71,eor
2022-05-02 00:00:00,403,2022050200,3,10,71,eor
2022-05-02 01:00:00,403,2022050201,3,9.5,70,eor
2022-05-02 02:00:00,403,2022050202,3,8.6,73,eor
2022-05-02 03:00:00,403,2022050203,3,7.5,78,eor
2022-05-02 04:00:00,403,2022050204,3,6,88,eor
2022-05-02 05:00:00,403,2022050205,3,7.3,90,eor
2022-05-02 06:00:00,403,2022050206,3,9.6,73,eor
2022-05-02 07:00:00,403,2022050207,3,12,58,eor
2022-05-02 08:00:00,403,2022050208,3,14,55,eor
2022-05-02 09:00:00,403,2022050209,3,14.8,53,eor
2022-05-02 10:00:00,403,2022050210,3,15.9,50,eor
2022-05-02 11:00:00,403,2022050211,3,16.9,49,eor
2022-05-02 12:00:00,403,2022050212,3,17.3,51,eor
2022-05-02 13:00:00,403,2022050213,3,17.6,47,eor
2022-05-02 14:00:00,403,2022050214,3,18.1,46,eor
2022-05-02 15:00:00,403,2022050215,3,18.1,46,eor
2022-05-02 16:00:00,403,2022050216,3,18,46,eor
2022-05-02 17:00:00,403,2022050217,3,17.4,47,eor
2022-05-02 18:00:00,403,2022050218,3,16.5,48,eor
2022-05-02 19:00:00,403,2022050219,3,13.9,56,eor
2022-05-02 20:00:00,403,2022050220,3,11.2,66,eor
2022-05-02 21:00:00,403,2022050221,3,9.4,79,eor
2022-05-02 22:00:00,403,2022050222,3,8.6,87,eor
2022-05-02 23:00:00,403,2022050223,3,8.1,90,eor
2022-05-03 00:00:00,403,2022050300,3,9.2,85,eor
2022-05-03 01:00:00,403,2022050301,3,9.8,82,eor
2022-05-03 02:00:00,403,2022050302,3,8.9,85,eor
2022-05-03 03:00:00,403,2022050303,3,8,86,eor
2022-05-03 04:00:00,403,2022050304,3,7.3,87,eor
2022-05-03 05:00:00,403,2022050305,3,7.3,89,eor
2022-05-03 06:00:00,403,2022050306,3,9.8,85,eor
2022-05-03 07:00:00,403,2022050307,3,11.7,64,eor
2022-05-03 08:00:00,403,2022050308,3,13.2,54,eor
2022-05-03 09:00:00,403,2022050309,3,14.6,52,eor
2022-05-03 10:00:00,403,2022050310,3,15.3,48,eor
2022-05-03 11:00:00,403,2022050311,3,16.1,47,eor
2022-05-03 12:00:00,403,2022050312,3,16.6,43,eor
2022-05-03 13:00:00,403,2022050313,3,17.8,43,eor
2022-05-03 14:00:00,403,2022050314,3,16.9,44,eor
2022-05-03 15:00:00,403,2022050315,3,16.7,49,eor
2022-05-03 16:00:00,403,2022050316,3,16.6,51,eor
2022-05-03 17:00:00,403,2022050317,3,16.3,50,eor
2022-05-03 18:00:00,403,2022050318,3,15.5,52,eor
2022-05-03 19:00:00,403,2022050319,3,14.1,58,eor
2022-05-03 20:00:00,403,2022050320,3,11.2,72,eor
2022-05-03 21:00:00,403,2022050321,3,9.6,83,eor
2022-05-03 22:00:00,403,2022050322,3,9.1,88,eor
2022-05-03 23:00:00,403,2022050323,3,8.1,91,eor
2022-05-04 00:00:00,403,2022050400,3,7.7,94,eor
2022-05-04 01:00:00,403,2022050401,3,7.1,98,eor
2022-05-04 02:00:00,403,2022050402,3,6.5,100,eor
2022-05-04 03:00:00,403,2022050403,3,6,100,eor
2022-05-04 04:00:00,403,2022050404,3,6.5,100,eor
2022-05-04 05:00:00,403,2022050405,3,7.9,98,eor
2022-05-04 06:00:00,403,2022050406,3,10.3,84,eor
2022-05-04 07:00:00,403,2022050407,3,11.8,72,eor
2022-05-04 08:00:00,403,2022050408,3,13.8,67,eor
2022-05-04 09:00:00,403,2022050409,3,15.3,54,eor
2022-05-04 10:00:00,403,2022050410,3,16.8,50,eor
2022-05-04 11:00:00,403,2022050411,3,17.4,47,eor
2022-05-04 12:00:00,403,2022050412,3,18.7,43,eor
2022-05-04 13:00:00,403,2022050413,3,18.3,45,eor
2022-05-04 14:00:00,403,2022050414,3,18.5,47,eor
2022-05-04 15:00:00,403,2022050415,3,18.8,44,eor
2022-05-04 16:00:00,403,2022050416,3,18.7,45,eor
2022-05-04 17:00:00,403,2022050417,3,17.8,47,eor
2022-05-04 18:00:00,403,2022050418,3,17,49,eor
2022-05-04 19:00:00,403,2022050419,3,16.1,51,eor
2022-05-04 20:00:00,403,2022050420,3,14.7,55,eor
2022-05-04 21:00:00,403,2022050421,3,14.8,58,eor
2022-05-04 22:00:00,403,2022050422,3,14.5,59,eor
2022-05-04 23:00:00,403,2022050423,3,14.2,61,eor
2022-05-05 00:00:00,403,2022050500,3,13.2,67,eor
2022-05-05 01:00:00,403,2022050501,3,13.6,67,eor
2022-05-05 02:00:00,403,2022050502,3,12.7,76,eor
2022-05-05 03:00:00,403,2022050503,3,12.1,83,eor
2022-05-05 04:00:00,403,2022050504,3,11.3,94,eor
2022-05-05 05:00:00,403,2022050505,3,11.3,92,eor
2022-05-05 06:00:00,403,2022050506,3,11.7,89,eor
2022-05-05 07:00:00,403,2022050507,3,12.7,84,eor
2022-05-05 08:00:00,403,2022050508,3,13.6,77,eor
2022-05-05 09:00:00,403,2022050509,3,14.8,71,eor
2022-05-05 10:00:00,403,2022050510,3,16,61,eor
2022-05-05 11:00:00,403,2022050511,3,16.1,57,eor
2022-05-05 12:00:00,403,2022050512,3,16.5,55,eor
2022-05-05 13:00:00,403,2022050513,3,18,49,eor
2022-05-05 14:00:00,403,2022050514,3,17.4,47,eor
2022-05-05 15:00:00,403,2022050515,3,18.1,46,eor
2022-05-05 16:00:00,403,2022050516,3,17.3,43,eor
2022-05-05 17:00:00,403,2022050517,3,16.9,40,eor
2022-05-05 18:00:00,403,2022050518,3,16.2,40,eor
2022-05-05 19:00:00,403,2022050519,3,13.2,53,eor
2022-05-05 20:00:00,403,2022050520,3,11.1,63,eor
2022-05-05 21:00:00,403,2022050521,3,12.5,59,eor
2022-05-05 22:00:00,403,2022050522,3,12.1,60,eor
2022-05-05 23:00:00,403,2022050523,3,11,67,eor
2022-05-06 00:00:00,403,2022050600,3,8.8,80,eor
2022-05-06 01:00:00,403,2022050601,3,7.3,89,eor
2022-05-06 02:00:00,403,2022050602,3,6.6,94,eor
2022-05-06 03:00:00,403,2022050603,3,6.1,98,eor
2022-05-06 04:00:00,403,2022050604,3,5.5,99,eor
2022-05-06 05:00:00,403,2022050605,3,7.2,98,eor
2022-05-06 06:00:00,403,2022050606,3,10.6,81,eor
2022-05-06 07:00:00,403,2022050607,3,12.3,69,eor
2022-05-06 08:00:00,403,2022050608,3,14.7,60,eor
2022-05-06 09:00:00,403,2022050609,3,16.3,56,eor
2022-05-06 10:00:00,403,2022050610,3,16.7,52,eor
2022-05-06 11:00:00,403,2022050611,3,16.5,51,eor
2022-05-06 12:00:00,403,2022050612,3,17.1,50,eor
2022-05-06 13:00:00,403,2022050613,3,18,47,eor
2022-05-06 14:00:00,403,2022050614,3,18.1,47,eor
2022-05-06 15:00:00,403,2022050615,3,19,42,eor
2022-05-06 16:00:00,403,2022050616,3,18.4,40,eor
2022-05-06 17:00:00,403,2022050617,3,18.7,40,eor
2022-05-06 18:00:00,403,2022050618,3,17,47,eor
2022-05-06 19:00:00,403,2022050619,3,13.8,58,eor
2022-05-06 20:00:00,403,2022050620,3,12.5,68,eor
2022-05-06 21:00:00,403,2022050621,3,12.6,73,eor
2022-05-06 22:00:00,403,2022050622,3,12.2,75,eor
2022-05-06 23:00:00,403,2022050623,3,10.4,84,eor
2022-05-07 00:00:00,403,2022050700,3,9.3,91,eor
2022-05-07 01:00:00,403,2022050701,3,9.4,92,eor
2022-05-07 02:00:00,403,2022050702,3,10.7,83,eor
2022-05-07 03:00:00,403,2022050703,3,11.4,76,eor
2022-05-07 04:00:00,403,2022050704,3,10.5,83,eor
2022-05-07 05:00:00,403,2022050705,3,9.9,88,eor
2022-05-07 06:00:00,403,2022050706,3,13.5,69,eor
2022-05-07 07:00:00,403,2022050707,3,16.7,56,eor
2022-05-07 08:00:00,403,2022050708,3,19.2,47,eor
2022-05-07 09:00:00,403,2022050709,3,19.9,43,eor
2022-05-07 10:00:00,403,2022050710,3,21,42,eor
2022-05-07 11:00:00,403,2022050711,3,21.2,41,eor
2022-05-07 12:00:00,403,2022050712,3,20.8,42,eor
2022-05-07 13:00:00,403,2022050713,3,21.5,43,eor
2022-05-07 14:00:00,403,2022050714,3,20.9,44,eor
2022-05-07 15:00:00,403,2022050715,3,21.4,46,eor
2022-05-07 16:00:00,403,2022050716,3,20.8,44,eor
2022-05-07 17:00:00,403,2022050717,3,20.3,44,eor
2022-05-07 18:00:00,403,2022050718,3,19.3,47,eor
2022-05-07 19:00:00,403,2022050719,3,18.4,48,eor
2022-05-07 20:00:00,403,2022050720,3,15.3,61,eor
2022-05-07 21:00:00,403,2022050721,3,15.3,69,eor
2022-05-07 22:00:00,403,2022050722,3,15.3,73,eor
2022-05-07 23:00:00,403,2022050723,3,14.6,74,eor
2022-05-08 00:00:00,403,2022050800,3,14.6,74,eor
2022-05-08 01:00:00,403,2022050801,3,14.2,77,eor
2022-05-08 02:00:00,403,2022050802,3,13.1,73,eor
2022-05-08 03:00:00,403,2022050803,3,12.8,76,eor
2022-05-08 04:00:00,403,2022050804,3,12.1,86,eor
2022-05-08 05:00:00,403,2022050805,3,11.4,82,eor
2022-05-08 06:00:00,403,2022050806,3,11.6,76,eor
2022-05-08 07:00:00,403,2022050807,3,12.8,74,eor
2022-05-08 08:00:00,403,2022050808,3,14.4,69,eor
2022-05-08 09:00:00,403,2022050809,3,15.5,63,eor
2022-05-08 10:00:00,403,2022050810,3,16.5,54,eor
2022-05-08 11:00:00,403,2022050811,3,17.2,49,eor
2022-05-08 12:00:00,403,2022050812,3,17.8,46,eor
2022-05-08 13:00:00,403,2022050813,3,18.3,36,eor
2022-05-08 14:00:00,403,2022050814,3,18.5,30,eor
2022-05-08 15:00:00,403,2022050815,3,19,30,eor
2022-05-08 16:00:00,403,2022050816,3,18.8,27,eor
2022-05-08 17:00:00,403,2022050817,3,18.4,31,eor
2022-05-08 18:00:00,403,2022050818,3,17.1,33,eor
2022-05-08 19:00:00,403,2022050819,3,15.3,34,eor
2022-05-08 20:00:00,403,2022050820,3,13.7,43,eor
2022-05-08 21:00:00,403,2022050821,3,12.8,65,eor
2022-05-08 22:00:00,403,2022050822,3,11.1,66,eor
2022-05-08 23:00:00,403,2022050823,3,10.6,66,eor
2022-05-09 00:00:00,403,2022050900,3,9.2,70,eor
2022-05-09 01:00:00,403,2022050901,3,8.4,76,eor
2022-05-09 02:00:00,403,2022050902,3,7.2,83,eor
2022-05-09 03:00:00,403,2022050903,3,7.4,86,eor
2022-05-09 04:00:00,403,2022050904,3,7.3,90,eor
2022-05-09 05:00:00,403,2022050905,3,7.9,91,eor
2022-05-09 06:00:00,403,2022050906,3,9.3,85,eor
2022-05-09 07:00:00,403,2022050907,3,11.1,78,eor
2022-05-09 08:00:00,403,2022050908,3,14.1,61,eor
2022-05-09 09:00:00,403,2022050909,3,16.3,50,eor
2022-05-09 10:00:00,403,2022050910,3,17.4,39,eor
2022-05-09 11:00:00,403,2022050911,3,18.7,35,eor
2022-05-09 12:00:00,403,2022050912,3,19.7,34,eor
2022-05-09 13:00:00,403,2022050913,3,20.3,32,eor
2022-05-09 14:00:00,403,2022050914,3,21.2,32,eor
2022-05-09 15:00:00,403,2022050915,3,21.3,29,eor
2022-05-09 16:00:00,403,2022050916,3,21.3,27,eor
2022-05-09 17:00:00,403,2022050917,3,20.5,28,eor
2022-05-09 18:00:00,403,2022050918,3,19,32,eor
2022-05-09 19:00:00,403,2022050919,3,16.4,42,eor
2022-05-09 20:00:00,403,2022050920,3,13.9,50,eor
2022-05-09 21:00:00,403,2022050921,3,13.4,54,eor
2022-05-09 22:00:00,403,2022050922,3,12.9,56,eor
2022-05-09 23:00:00,403,2022050923,3,11.7,63,eor
2022-05-10 00:00:00,403,2022051000,3,11.3,64,eor
2022-05-10 01:00:00,403,2022051001,3,10,73,eor
2022-05-10 02:00:00,403,2022051002,3,9.2,78,eor
2022-05-10 03:00:00,403,2022051003,3,8.6,82,eor
2022-05-10 04:00:00,403,2022051004,3,8.1,86,eor
2022-05-10 05:00:00,403,2022051005,3,10,76,eor
2022-05-10 06:00:00,403,2022051006,3,12.5,67,eor
2022-05-10 07:00:00,403,2022051007,3,15.1,58,eor
2022-05-10 08:00:00,403,2022051008,3,18.5,52,eor
2022-05-10 09:00:00,403,2022051009,3,21,45,eor
2022-05-10 10:00:00,403,2022051010,3,22.9,38,eor
2022-05-10 11:00:00,403,2022051011,3,24.2,39,eor
2022-05-10 12:00:00,403,2022051012,3,24.3,37,eor
2022-05-10 13:00:00,403,2022051013,3,25.1,36,eor
2022-05-10 14:00:00,403,2022051014,3,25.7,34,eor
2022-05-10 15:00:00,403,2022051015,3,25.1,34,eor
2022-05-10 16:00:00,403,2022051016,3,25.4,33,eor
2022-05-10 17:00:00,403,2022051017,3,24.6,34,eor
2022-05-10 18:00:00,403,2022051018,3,24.1,33,eor
2022-05-10 19:00:00,403,2022051019,3,22.7,35,eor
2022-05-10 20:00:00,403,2022051020,3,20.7,42,eor
2022-05-10 21:00:00,403,2022051021,3,20.4,44,eor
2022-05-10 22:00:00,403,2022051022,3,20.3,46,eor
2022-05-10 23:00:00,403,2022051023,3,19.9,48,eor
2022-05-11 00:00:00,403,2022051100,3,19.5,53,eor
2022-05-11 01:00:00,403,2022051101,3,17.5,75,eor
2022-05-11 02:00:00,403,2022051102,3,16.8,76,eor
2022-05-11 03:00:00,403,2022051103,3,16.7,78,eor
2022-05-11 04:00:00,403,2022051104,3,15.7,86,eor
2022-05-11 05:00:00,403,2022051105,3,15.8,92,eor
2022-05-11 06:00:00,403,2022051106,3,16.1,94,eor
2022-05-11 07:00:00,403,2022051107,3,16.6,90,eor
2022-05-11 08:00:00,403,2022051108,3,19.2,70,eor
2022-05-11 09:00:00,403,2022051109,3,21.1,58,eor
2022-05-11 10:00:00,403,2022051110,3,23.7,52,eor
2022-05-11 11:00:00,403,2022051111,3,26.1,43,eor
2022-05-11 12:00:00,403,2022051112,3,27.2,37,eor
2022-05-11 13:00:00,403,2022051113,3,27.7,35,eor
2022-05-11 14:00:00,403,2022051114,3,27.8,34,eor
2022-05-11 15:00:00,403,2022051115,3,28,34,eor
2022-05-11 16:00:00,403,2022051116,3,27.4,34,eor
2022-05-11 17:00:00,403,2022051117,3,26.8,35,eor
2022-05-11 18:00:00,403,2022051118,3,25.9,36,eor
2022-05-11 19:00:00,403,2022051119,3,20.7,59,eor
2022-05-11 20:00:00,403,2022051120,3,18,91,eor
2022-05-11 21:00:00,403,2022051121,3,18.2,85,eor
2022-05-11 22:00:00,403,2022051122,3,17.4,87,eor
2022-05-11 23:00:00,403,2022051123,3,15.5,98,eor
2022-05-12 00:00:00,403,2022051200,3,15.3,96,eor
2022-05-12 01:00:00,403,2022051201,3,14.7,99,eor
2022-05-12 02:00:00,403,2022051202,3,15.8,90,eor
2022-05-12 03:00:00,403,2022051203,3,14.6,93,eor
2022-05-12 04:00:00,403,2022051204,3,14.1,95,eor
2022-05-12 05:00:00,403,2022051205,3,14.2,89,eor
2022-05-12 06:00:00,403,2022051206,3,14.5,70,eor
2022-05-12 07:00:00,403,2022051207,3,14.5,65,eor
2022-05-12 08:00:00,403,2022051208,3,14.8,65,eor
2022-05-12 09:00:00,403,2022051209,3,14.9,58,eor
2022-05-12 10:00:00,403,2022051210,3,16.8,51,eor
2022-05-12 11:00:00,403,2022051211,3,16.7,49,eor
2022-05-12 12:00:00,403,2022051212,3,18.4,45,eor
2022-05-12 13:00:00,403,2022051213,3,18.7,43,eor
2022-05-12 14:00:00,403,2022051214,3,18.7,41,eor
2022-05-12 15:00:00,403,2022051215,3,18.9,40,eor
2022-05-12 16:00:00,403,2022051216,3,18.9,40,eor
2022-05-12 17:00:00,403,2022051217,3,18.3,40,eor
2022-05-12 18:00:00,403,2022051218,3,17.7,41,eor
2022-05-12 19:00:00,403,2022051219,3,16.1,45,eor
2022-05-12 20:00:00,403,2022051220,3,14.1,57,eor
2022-05-12 21:00:00,403,2022051221,3,13.2,68,eor
2022-05-12 22:00:00,403,2022051222,3,11.7,71,eor
2022-05-12 23:00:00,403,2022051223,3,11.6,70,eor
2022-05-13 00:00:00,403,2022051300,3,11.3,71,eor
2022-05-13 01:00:00,403,2022051301,3,10,75,eor
2022-05-13 02:00:00,403,2022051302,3,8.8,81,eor
2022-05-13 03:00:00,403,2022051303,3,8.2,90,eor
2022-05-13 04:00:00,403,2022051304,3,7.7,96,eor
2022-05-13 05:00:00,403,2022051305,3,9.9,85,eor
2022-05-13 06:00:00,403,2022051306,3,12.8,70,eor
2022-05-13 07:00:00,403,2022051307,3,15.6,58,eor
2022-05-13 08:00:00,403,2022051308,3,16.8,55,eor
2022-05-13 09:00:00,403,2022051309,3,15.8,56,eor
2022-05-13 10:00:00,403,2022051310,3,16.8,50,eor
2022-05-13 11:00:00,403,2022051311,3,17.4,49,eor
2022-05-13 12:00:00,403,2022051312,3,17.8,43,eor
2022-05-13 13:00:00,403,2022051313,3,17.3,43,eor
2022-05-13 14:00:00,403,2022051314,3,17.6,46,eor
2022-05-13 15:00:00,403,2022051315,3,17.4,43,eor
2022-05-13 16:00:00,403,2022051316,3,17.2,45,eor
2022-05-13 17:00:00,403,2022051317,3,17.1,47,eor
2022-05-13 18:00:00,403,2022051318,3,16.3,48,eor
2022-05-13 19:00:00,403,2022051319,3,15.3,53,eor
2022-05-13 20:00:00,403,2022051320,3,14.1,61,eor
2022-05-13 21:00:00,403,2022051321,3,12.1,70,eor
2022-05-13 22:00:00,403,2022051322,3,10.7,81,eor
2022-05-13 23:00:00,403,2022051323,3,11.9,74,eor
2022-05-14 00:00:00,403,2022051400,3,11.2,78,eor
2022-05-14 01:00:00,403,2022051401,3,9.7,87,eor
2022-05-14 02:00:00,403,2022051402,3,11.4,82,eor
2022-05-14 03:00:00,403,2022051403,3,12.2,76,eor
2022-05-14 04:00:00,403,2022051404,3,11.6,77,eor
2022-05-14 05:00:00,403,2022051405,3,12.1,76,eor
2022-05-14 06:00:00,403,2022051406,3,13.7,71,eor
2022-05-14 07:00:00,403,2022051407,3,14.4,69,eor
2022-05-14 08:00:00,403,2022051408,3,15.6,66,eor
2022-05-14 09:00:00,403,2022051409,3,16.7,62,eor
2022-05-14 10:00:00,403,2022051410,3,17.9,55,eor
2022-05-14 11:00:00,403,2022051411,3,17.9,51,eor
2022-05-14 12:00:00,403,2022051412,3,19.5,49,eor
2022-05-14 13:00:00,403,2022051413,3,19.1,48,eor
2022-05-14 14:00:00,403,2022051414,3,19.2,48,eor
2022-05-14 15:00:00,403,2022051415,3,19.4,48,eor
2022-05-14 16:00:00,403,2022051416,3,19.3,47,eor
2022-05-14 17:00:00,403,2022051417,3,19,48,eor
2022-05-14 18:00:00,403,2022051418,3,18,49,eor
2022-05-14 19:00:00,403,2022051419,3,16.7,51,eor
2022-05-14 20:00:00,403,2022051420,3,15.2,55,eor
2022-05-14 21:00:00,403,2022051421,3,12.4,69,eor
2022-05-14 22:00:00,403,2022051422,3,10.8,81,eor
2022-05-14 23:00:00,403,2022051423,3,9.3,90,eor
2022-05-15 00:00:00,403,2022051500,3,8.4,94,eor
2022-05-15 01:00:00,403,2022051501,3,7.7,98,eor
2022-05-15 02:00:00,403,2022051502,3,7.2,98,eor
2022-05-15 03:00:00,403,2022051503,3,6.6,100,eor
2022-05-15 04:00:00,403,2022051504,3,6.3,100,eor
2022-05-15 05:00:00,403,2022051505,3,9.1,95,eor
2022-05-15 06:00:00,403,2022051506,3,11.5,75,eor
2022-05-15 07:00:00,403,2022051507,3,13.1,67,eor
2022-05-15 08:00:00,403,2022051508,3,14.9,58,eor
2022-05-15 09:00:00,403,2022051509,3,16,51,eor
2022-05-15 10:00:00,403,2022051510,3,17.2,46,eor
2022-05-15 11:00:00,403,2022051511,3,18.2,43,eor
2022-05-15 12:00:00,403,2022051512,3,19.8,39,eor
2022-05-15 13:00:00,403,2022051513,3,19.6,38,eor
2022-05-15 14:00:00,403,2022051514,3,21.5,37,eor
2022-05-15 15:00:00,403,2022051515,3,20.8,35,eor
2022-05-15 16:00:00,403,2022051516,3,21.4,35,eor
2022-05-15 17:00:00,403,2022051517,3,20.5,34,eor
2022-05-15 18:00:00,403,2022051518,3,19.5,36,eor
2022-05-15 19:00:00,403,2022051519,3,16.2,47,eor
2022-05-15 20:00:00,403,2022051520,3,13.9,58,eor
2022-05-15 21:00:00,403,2022051521,3,13.3,65,eor
2022-05-15 22:00:00,403,2022051522,3,13.3,66,eor
2022-05-15 23:00:00,403,2022051523,3,13.3,66,eor
2022-05-16 00:00:00,403,2022051600,3,12.2,71,eor
2022-05-16 01:00:00,403,2022051601,3,11.6,75,eor
2022-05-16 02:00:00,403,2022051602,3,11.2,76,eor
2022-05-16 03:00:00,403,2022051603,3,10.4,79,eor
2022-05-16 04:00:00,403,2022051604,3,10.1,82,eor
2022-05-16 05:00:00,403,2022051605,3,10.9,78,eor
2022-05-16 06:00:00,403,2022051606,3,12.8,71,eor
2022-05-16 07:00:00,403,2022051607,3,15.2,62,eor
2022-05-16 08:00:00,403,2022051608,3,18.2,51,eor
2022-05-16 09:00:00,403,2022051609,3,20.1,47,eor
2022-05-16 10:00:00,403,2022051610,3,21.4,42,eor
2022-05-16 11:00:00,403,2022051611,3,23.2,37,eor
2022-05-16 12:00:00,403,2022051612,3,24.1,35,eor
2022-05-16 13:00:00,403,2022051613,3,24.7,33,eor
2022-05-16 14:00:00,403,2022051614,3,25.2,33,eor
2022-05-16 15:00:00,403,2022051615,3,25.3,32,eor
2022-05-16 16:00:00,403,2022051616,3,24.7,33,eor
2022-05-16 17:00:00,403,2022051617,3,24.1,35,eor
2022-05-16 18:00:00,403,2022051618,3,22.3,38,eor
2022-05-16 19:00:00,403,2022051619,3,20.8,40,eor
2022-05-16 20:00:00,403,2022051620,3,19.9,47,eor
2022-05-16 21:00:00,403,2022051621,3,18.8,49,eor
2022-05-16 22:00:00,403,2022051622,3,18.4,45,eor
2022-05-16 23:00:00,403,2022051623,3,17.9,46,eor
2022-05-17 00:00:00,403,2022051700,3,17.4,47,eor
2022-05-17 01:00:00,403,2022051701,3,16.4,52,eor
2022-05-17 02:00:00,403,2022051702,3,15.1,65,eor
2022-05-17 03:00:00,403,2022051703,3,13.9,87,eor
2022-05-17 04:00:00,403,2022051704,3,12.9,96,eor
2022-05-17 05:00:00,403,2022051705,3,12.2,99,eor
2022-05-17 06:00:00,403,2022051706,3,12.7,100,eor
2022-05-17 07:00:00,403,2022051707,3,13.2,99,eor
2022-05-17 08:00:00,403,2022051708,3,14.3,95,eor
2022-05-17 09:00:00,403,2022051709,3,14.8,92,eor
2022-05-17 10:00:00,403,2022051710,3,16.4,84,eor
2022-05-17 11:00:00,403,2022051711,3,17,79,eor
2022-05-17 12:00:00,403,2022051712,3,18.6,71,eor
2022-05-17 13:00:00,403,2022051713,3,19.8,66,eor
2022-05-17 14:00:00,403,2022051714,3,19.9,62,eor
2022-05-17 15:00:00,403,2022051715,3,20.5,59,eor
2022-05-17 16:00:00,403,2022051716,3,20.6,61,eor
2022-05-17 17:00:00,403,2022051717,3,20.2,60,eor
2022-05-17 18:00:00,403,2022051718,3,19.8,62,eor
2022-05-17 19:00:00,403,2022051719,3,18.9,63,eor
2022-05-17 20:00:00,403,2022051720,3,17.6,72,eor
2022-05-17 21:00:00,403,2022051721,3,16.1,83,eor
2022-05-17 22:00:00,403,2022051722,3,14.3,92,eor
2022-05-17 23:00:00,403,2022051723,3,14.6,60,eor
2022-05-18 00:00:00,403,2022051800,3,13.3,60,eor
2022-05-18 01:00:00,403,2022051801,3,12.9,59,eor
2022-05-18 02:00:00,403,2022051802,3,12.3,55,eor
2022-05-18 03:00:00,403,2022051803,3,11.5,52,eor
2022-05-18 04:00:00,403,2022051804,3,11.1,49,eor
2022-05-18 05:00:00,403,2022051805,3,11.4,48,eor
2022-05-18 06:00:00,403,2022051806,3,12,49,eor
2022-05-18 07:00:00,403,2022051807,3,14,48,eor
2022-05-18 08:00:00,403,2022051808,3,16.7,48,eor
2022-05-18 09:00:00,403,2022051809,3,18.5,48,eor
2022-05-18 10:00:00,403,2022051810,3,20.4,48,eor
2022-05-18 11:00:00,403,2022051811,3,21.5,47,eor
2022-05-18 12:00:00,403,2022051812,3,23,45,eor
2022-05-18 13:00:00,403,2022051813,3,23.7,43,eor
2022-05-18 14:00:00,403,2022051814,3,23.9,40,eor
2022-05-18 15:00:00,403,2022051815,3,24,41,eor
2022-05-18 16:00:00,403,2022051816,3,24.4,41,eor
2022-05-18 17:00:00,403,2022051817,3,23.9,41,eor
2022-05-18 18:00:00,403,2022051818,3,22.7,43,eor
2022-05-18 19:00:00,403,2022051819,3,20,50,eor
2022-05-18 20:00:00,403,2022051820,3,17.7,64,eor
2022-05-18 21:00:00,403,2022051821,3,16.1,70,eor
2022-05-18 22:00:00,403,2022051822,3,15.4,76,eor
2022-05-18 23:00:00,403,2022051823,3,15.1,74,eor
2022-05-19 00:00:00,403,2022051900,3,14.2,77,eor
2022-05-19 01:00:00,403,2022051901,3,13.4,81,eor
2022-05-19 02:00:00,403,2022051902,3,12.6,88,eor
2022-05-19 03:00:00,403,2022051903,3,11.9,90,eor
2022-05-19 04:00:00,403,2022051904,3,11.7,90,eor
2022-05-19 05:00:00,403,2022051905,3,12.7,86,eor
2022-05-19 06:00:00,403,2022051906,3,16.1,68,eor
2022-05-19 07:00:00,403,2022051907,3,18.1,62,eor
2022-05-19 08:00:00,403,2022051908,3,21,55,eor
2022-05-19 09:00:00,403,2022051909,3,23.8,48,eor
2022-05-19 10:00:00,403,2022051910,3,25.5,43,eor
2022-05-19 11:00:00,403,2022051911,3,26.8,40,eor
2022-05-19 12:00:00,403,2022051912,3,26.9,40,eor
2022-05-19 13:00:00,403,2022051913,3,27.7,38,eor
2022-05-19 14:00:00,403,2022051914,3,28,36,eor
2022-05-19 15:00:00,403,2022051915,3,27.5,35,eor
2022-05-19 16:00:00,403,2022051916,3,27.5,35,eor
2022-05-19 17:00:00,403,2022051917,3,27.2,34,eor
2022-05-19 18:00:00,403,2022051918,3,24.7,39,eor
2022-05-19 19:00:00,403,2022051919,3,22.1,46,eor
2022-05-19 20:00:00,403,2022051920,3,19.9,55,eor
2022-05-19 21:00:00,403,2022051921,3,21,51,eor
2022-05-19 22:00:00,403,2022051922,3,20.6,61,eor
2022-05-19 23:00:00,403,2022051923,3,19.8,69,eor
2022-05-20 00:00:00,403,2022052000,3,19.4,74,eor
2022-05-20 01:00:00,403,2022052001,3,18.8,78,eor
2022-05-20 02:00:00,403,2022052002,3,17.8,84,eor
2022-05-20 03:00:00,403,2022052003,3,17.3,88,eor
2022-05-20 04:00:00,403,2022052004,3,17.3,89,eor
2022-05-20 05:00:00,403,2022052005,3,17.5,87,eor
2022-05-20 06:00:00,403,2022052006,3,18,86,eor
2022-05-20 07:00:00,403,2022052007,3,18.5,76,eor
2022-05-20 08:00:00,403,2022052008,3,19.5,67,eor
2022-05-20 09:00:00,403,2022052009,3,20.8,63,eor
2022-05-20 10:00:00,403,2022052010,3,21.7,55,eor
2022-05-20 11:00:00,403,2022052011,3,22.3,48,eor
2022-05-20 12:00:00,403,2022052012,3,23.9,44,eor
2022-05-20 13:00:00,403,2022052013,3,24.1,41,eor
2022-05-20 14:00:00,403,2022052014,3,24.1,41,eor
2022-05-20 15:00:00,403,2022052015,3,24.5,41,eor
2022-05-20 16:00:00,403,2022052016,3,24.7,43,eor
2022-05-20 17:00:00,403,2022052017,3,24,44,eor
2022-05-20 18:00:00,403,2022052018,3,21.7,58,eor
2022-05-20 19:00:00,403,2022052019,3,17.7,95,eor
2022-05-20 20:00:00,403,2022052020,3,16.4,97,eor
2022-05-20 21:00:00,403,2022052021,3,16.5,99,eor
2022-05-20 22:00:00,403,2022052022,3,16.3,99,eor
2022-05-20 23:00:00,403,2022052023,3,17.9,93,eor
2022-05-21 00:00:00,403,2022052100,3,16.4,77,eor
2022-05-21 01:00:00,403,2022052101,3,15.7,72,eor
2022-05-21 02:00:00,403,2022052102,3,14.5,82,eor
2022-05-21 03:00:00,403,2022052103,3,14.1,76,eor
2022-05-21 04:00:00,403,2022052104,3,13.5,72,eor
2022-05-21 05:00:00,403,2022052105,3,12.8,73,eor
2022-05-21 06:00:00,403,2022052106,3,13,67,eor
2022-05-21 07:00:00,403,2022052107,3,13.2,66,eor
2022-05-21 08:00:00,403,2022052108,3,15.1,62,eor
2022-05-21 09:00:00,403,2022052109,3,15.6,59,eor
2022-05-21 10:00:00,403,2022052110,3,14.4,74,eor
2022-05-21 11:00:00,403,2022052111,3,16.7,62,eor
2022-05-21 12:00:00,403,2022052112,3,17,56,eor
2022-05-21 13:00:00,403,2022052113,3,16.6,58,eor
2022-05-21 14:00:00,403,2022052114,3,17.7,55,eor
2022-05-21 15:00:00,403,2022052115,3,18.4,55,eor
2022-05-21 16:00:00,403,2022052116,3,16.7,69,eor
2022-05-21 17:00:00,403,2022052117,3,17.4,57,eor
2022-05-21 18:00:00,403,2022052118,3,17.6,50,eor
2022-05-21 19:00:00,403,2022052119,3,16.8,52,eor
2022-05-21 20:00:00,403,2022052120,3,15.7,55,eor
2022-05-21 21:00:00,403,2022052121,3,14.5,57,eor
2022-05-21 22:00:00,403,2022052122,3,13.2,60,eor
2022-05-21 23:00:00,403,2022052123,3,11.9,67,eor
2022-05-22 00:00:00,403,2022052200,3,11.3,71,eor
2022-05-22 01:00:00,403,2022052201,3,11.4,71,eor
2022-05-22 02:00:00,403,2022052202,3,10.5,77,eor
2022-05-22 03:00:00,403,2022052203,3,10.6,78,eor
2022-05-22 04:00:00,403,2022052204,3,10.1,83,eor
2022-05-22 05:00:00,403,2022052205,3,11,82,eor
2022-05-22 06:00:00,403,2022052206,3,11.7,81,eor
2022-05-22 07:00:00,403,2022052207,3,13.4,76,eor
2022-05-22 08:00:00,403,2022052208,3,13.9,69,eor
2022-05-22 09:00:00,403,2022052209,3,15,65,eor
2022-05-22 10:00:00,403,2022052210,3,14.8,62,eor
2022-05-22 11:00:00,403,2022052211,3,16.2,56,eor
2022-05-22 12:00:00,403,2022052212,3,16.7,56,eor
2022-05-22 13:00:00,403,2022052213,3,17.2,50,eor
2022-05-22 14:00:00,403,2022052214,3,17.7,47,eor
2022-05-22 15:00:00,403,2022052215,3,18,46,eor
2022-05-22 16:00:00,403,2022052216,3,18.6,43,eor
2022-05-22 17:00:00,403,2022052217,3,18.2,43,eor
2022-05-22 18:00:00,403,2022052218,3,17.5,45,eor
2022-05-22 19:00:00,403,2022052219,3,15.4,55,eor
2022-05-22 20:00:00,403,2022052220,3,12.5,70,eor
2022-05-22 21:00:00,403,2022052221,3,10.9,79,eor
2022-05-22 22:00:00,403,2022052222,3,10.1,86,eor
2022-05-22 23:00:00,403,2022052223,3,10.4,86,eor
2022-05-23 00:00:00,403,2022052300,3,11,84,eor
2022-05-23 01:00:00,403,2022052301,3,10.1,92,eor
2022-05-23 02:00:00,403,2022052302,3,10.1,93,eor
2022-05-23 03:00:00,403,2022052303,3,9.3,96,eor
2022-05-23 04:00:00,403,2022052304,3,9.3,98,eor
2022-05-23 05:00:00,403,2022052305,3,11.4,90,eor
2022-05-23 06:00:00,403,2022052306,3,13.3,75,eor
2022-05-23 07:00:00,403,2022052307,3,16.1,60,eor
2022-05-23 08:00:00,403,2022052308,3,18.3,51,eor
2022-05-23 09:00:00,403,2022052309,3,19.1,45,eor
2022-05-23 10:00:00,403,2022052310,3,19.5,43,eor
2022-05-23 11:00:00,403,2022052311,3,20.5,42,eor
2022-05-23 12:00:00,403,2022052312,3,20.6,42,eor
2022-05-23 13:00:00,403,2022052313,3,22,41,eor
2022-05-23 14:00:00,403,2022052314,3,22.4,40,eor
2022-05-23 15:00:00,403,2022052315,3,23.1,39,eor
2022-05-23 16:00:00,403,2022052316,3,23.2,39,eor
2022-05-23 17:00:00,403,2022052317,3,21.6,40,eor
2022-05-23 18:00:00,403,2022052318,3,21.1,41,eor
2022-05-23 19:00:00,403,2022052319,3,19.9,43,eor
2022-05-23 20:00:00,403,2022052320,3,18.8,46,eor
2022-05-23 21:00:00,403,2022052321,3,18.7,45,eor
2022-05-23 22:00:00,403,2022052322,3,18.5,46,eor
2022-05-23 23:00:00,403,2022052323,3,18.2,47,eor
2022-05-24 00:00:00,403,2022052400,3,17.6,50,eor
2022-05-24 01:00:00,403,2022052401,3,17.2,53,eor
2022-05-24 02:00:00,403,2022052402,3,17,56,eor
2022-05-24 03:00:00,403,2022052403,3,16.4,64,eor
2022-05-24 04:00:00,403,2022052404,3,15.1,87,eor
2022-05-24 05:00:00,403,2022052405,3,15.1,95,eor
2022-05-24 06:00:00,403,2022052406,3,15.3,95,eor
2022-05-24 07:00:00,403,2022052407,3,16,91,eor
2022-05-24 08:00:00,403,2022052408,3,16.9,79,eor
2022-05-24 09:00:00,403,2022052409,3,16.9,74,eor
2022-05-24 10:00:00,403,2022052410,3,19.5,58,eor
2022-05-24 11:00:00,403,2022052411,3,20.4,50,eor
2022-05-24 12:00:00,403,2022052412,3,20.6,51,eor
2022-05-24 13:00:00,403,2022052413,3,21.3,52,eor
2022-05-24 14:00:00,403,2022052414,3,20.4,51,eor
2022-05-24 15:00:00,403,2022052415,3,17.1,70,eor
2022-05-24 16:00:00,403,2022052416,3,18.9,60,eor
2022-05-24 17:00:00,403,2022052417,3,18.8,56,eor
2022-05-24 18:00:00,403,2022052418,3,18.2,58,eor
2022-05-24 19:00:00,403,2022052419,3,16,67,eor
2022-05-24 20:00:00,403,2022052420,3,13.4,79,eor
2022-05-24 21:00:00,403,2022052421,3,12.9,79,eor
2022-05-24 22:00:00,403,2022052422,3,12.2,79,eor
2022-05-24 23:00:00,403,2022052423,3,10.6,88,eor
2022-05-25 00:00:00,403,2022052500,3,9.6,94,eor
2022-05-25 01:00:00,403,2022052501,3,9.5,95,eor
2022-05-25 02:00:00,403,2022052502,3,8.5,98,eor
2022-05-25 03:00:00,403,2022052503,3,8.8,99,eor
2022-05-25 04:00:00,403,2022052504,3,9.4,100,eor
2022-05-25 05:00:00,403,2022052505,3,10.7,98,eor
2022-05-25 06:00:00,403,2022052506,3,13.5,75,eor
2022-05-25 07:00:00,403,2022052507,3,14.9,63,eor
2022-05-25 08:00:00,403,2022052508,3,15.7,63,eor
2022-05-25 09:00:00,403,2022052509,3,16.8,58,eor
2022-05-25 10:00:00,403,2022052510,3,18.1,50,eor
2022-05-25 11:00:00,403,2022052511,3,18.5,47,eor
2022-05-25 12:00:00,403,2022052512,3,18.6,46,eor
2022-05-25 13:00:00,403,2022052513,3,19.8,43,eor
2022-05-25 14:00:00,403,2022052514,3,18.1,45,eor
2022-05-25 15:00:00,403,2022052515,3,19.9,43,eor
2022-05-25 16:00:00,403,2022052516,3,19.4,45,eor
2022-05-25 17:00:00,403,2022052517,3,19.3,48,eor
2022-05-25 18:00:00,403,2022052518,3,19.3,43,eor
2022-05-25 19:00:00,403,2022052519,3,17.7,45,eor
2022-05-25 20:00:00,403,2022052520,3,15,60,eor
2022-05-25 21:00:00,403,2022052521,3,14.2,64,eor
2022-05-25 22:00:00,403,2022052522,3,12.4,73,eor
2022-05-25 23:00:00,403,2022052523,3,11.7,83,eor
2022-05-26 00:00:00,403,2022052600,3,11.6,79,eor
2022-05-26 01:00:00,403,2022052601,3,11.1,84,eor
2022-05-26 02:00:00,403,2022052602,3,13.2,67,eor
2022-05-26 03:00:00,403,2022052603,3,15.2,57,eor
2022-05-26 04:00:00,403,2022052604,3,15,58,eor
2022-05-26 05:00:00,403,2022052605,3,15.4,60,eor
2022-05-26 06:00:00,403,2022052606,3,15.9,62,eor
2022-05-26 07:00:00,403,2022052607,3,16.3,62,eor
2022-05-26 08:00:00,403,2022052608,3,13.5,90,eor
2022-05-26 09:00:00,403,2022052609,3,16.8,74,eor
2022-05-26 10:00:00,403,2022052610,3,17.7,58,eor
2022-05-26 11:00:00,403,2022052611,3,18.2,56,eor
2022-05-26 12:00:00,403,2022052612,3,18.8,53,eor
2022-05-26 13:00:00,403,2022052613,3,20.2,50,eor
2022-05-26 14:00:00,403,2022052614,3,19.6,46,eor
2022-05-26 15:00:00,403,2022052615,3,19.7,43,eor
2022-05-26 16:00:00,403,2022052616,3,19.4,44,eor
2022-05-26 17:00:00,403,2022052617,3,18.8,46,eor
2022-05-26 18:00:00,403,2022052618,3,18.4,47,eor
2022-05-26 19:00:00,403,2022052619,3,18.1,50,eor
2022-05-26 20:00:00,403,2022052620,3,16.7,60,eor
2022-05-26 21:00:00,403,2022052621,3,16.3,67,eor
2022-05-26 22:00:00,403,2022052622,3,16,68,eor
2022-05-26 23:00:00,403,2022052623,3,15.6,71,eor
2022-05-27 00:00:00,403,2022052700,3,14.6,83,eor
2022-05-27 01:00:00,403,2022052701,3,13.6,98,eor
2022-05-27 02:00:00,403,2022052702,3,13.7,98,eor
2022-05-27 03:00:00,403,2022052703,3,13.8,96,eor
2022-05-27 04:00:00,403,2022052704,3,13.9,96,eor
2022-05-27 05:00:00,403,2022052705,3,13.9,96,eor
2022-05-27 06:00:00,403,2022052706,3,13.6,91,eor
2022-05-27 07:00:00,403,2022052707,3,12.9,91,eor
2022-05-27 08:00:00,403,2022052708,3,14.4,71,eor
2022-05-27 09:00:00,403,2022052709,3,15.5,54,eor
2022-05-27 10:00:00,403,2022052710,3,16,48,eor
2022-05-27 11:00:00,403,2022052711,3,16.3,48,eor
2022-05-27 12:00:00,403,2022052712,3,15.8,46,eor
2022-05-27 13:00:00,403,2022052713,3,16.4,45,eor
2022-05-27 14:00:00,403,2022052714,3,14.3,57,eor
2022-05-27 15:00:00,403,2022052715,3,16.6,43,eor
2022-05-27 16:00:00,403,2022052716,3,15.3,46,eor
2022-05-27 17:00:00,403,2022052717,3,14.3,54,eor
2022-05-27 18:00:00,403,2022052718,3,10.9,69,eor
2022-05-27 19:00:00,403,2022052719,3,11.4,71,eor
2022-05-27 20:00:00,403,2022052720,3,11.3,71,eor
2022-05-27 21:00:00,403,2022052721,3,10.9,72,eor
2022-05-27 22:00:00,403,2022052722,3,10.5,74,eor
2022-05-27 23:00:00,403,2022052723,3,8.4,90,eor
2022-05-28 00:00:00,403,2022052800,3,8.6,90,eor
2022-05-28 01:00:00,403,2022052801,3,9,87,eor
2022-05-28 02:00:00,403,2022052802,3,9,84,eor
2022-05-28 03:00:00,403,2022052803,3,8.9,83,eor
2022-05-28 04:00:00,403,2022052804,3,9.2,83,eor
2022-05-28 05:00:00,403,2022052805,3,8.4,90,eor
2022-05-28 06:00:00,403,2022052806,3,8.9,88,eor
2022-05-28 07:00:00,403,2022052807,3,10.1,79,eor
2022-05-28 08:00:00,403,2022052808,3,11,71,eor
2022-05-28 09:00:00,403,2022052809,3,12.1,62,eor
2022-05-28 10:00:00,403,2022052810,3,13.5,55,eor
2022-05-28 11:00:00,403,2022052811,3,14.2,57,eor
2022-05-28 12:00:00,403,2022052812,3,11.9,73,eor
2022-05-28 13:00:00,403,2022052813,3,12.2,73,eor
2022-05-28 14:00:00,403,2022052814,3,15.1,55,eor
2022-05-28 15:00:00,403,2022052815,3,14.1,55,eor
2022-05-28 16:00:00,403,2022052816,3,11.5,71,eor
2022-05-28 17:00:00,403,2022052817,3,12.7,65,eor
2022-05-28 18:00:00,403,2022052818,3,11.3,75,eor
2022-05-28 19:00:00,403,2022052819,3,11.3,72,eor
2022-05-28 20:00:00,403,2022052820,3,11.2,69,eor
2022-05-28 21:00:00,403,2022052821,3,11.1,71,eor
2022-05-28 22:00:00,403,2022052822,3,10.7,72,eor
2022-05-28 23:00:00,403,2022052823,3,9.8,78,eor
2022-05-29 00:00:00,403,2022052900,3,9.9,79,eor
2022-05-29 01:00:00,403,2022052901,3,10.1,75,eor
2022-05-29 02:00:00,403,2022052902,3,9.7,78,eor
2022-05-29 03:00:00,403,2022052903,3,9.4,79,eor
2022-05-29 04:00:00,403,2022052904,3,9.4,81,eor
2022-05-29 05:00:00,403,2022052905,3,9.7,82,eor
2022-05-29 06:00:00,403,2022052906,3,10.3,82,eor
2022-05-29 07:00:00,403,2022052907,3,10.9,78,eor
2022-05-29 08:00:00,403,2022052908,3,11.4,78,eor
2022-05-29 09:00:00,403,2022052909,3,12.7,71,eor
2022-05-29 10:00:00,403,2022052910,3,13,65,eor
2022-05-29 11:00:00,403,2022052911,3,11.4,82,eor
2022-05-29 12:00:00,403,2022052912,3,12.5,77,eor
2022-05-29 13:00:00,403,2022052913,3,14.6,62,eor
2022-05-29 14:00:00,403,2022052914,3,13,80,eor
2022-05-29 15:00:00,403,2022052915,3,13,67,eor
2022-05-29 16:00:00,403,2022052916,3,13.4,62,eor
2022-05-29 17:00:00,403,2022052917,3,13.6,64,eor
2022-05-29 18:00:00,403,2022052918,3,13.4,69,eor
2022-05-29 19:00:00,403,2022052919,3,12.3,77,eor
2022-05-29 20:00:00,403,2022052920,3,10.9,81,eor
2022-05-29 21:00:00,403,2022052921,3,11.7,76,eor
2022-05-29 22:00:00,403,2022052922,3,11.2,81,eor
2022-05-29 23:00:00,403,2022052923,3,10.5,86,eor
2022-05-30 00:00:00,403,2022053000,3,9.9,92,eor
2022-05-30 01:00:00,403,2022053001,3,8.6,96,eor
2022-05-30 02:00:00,403,2022053002,3,9.3,98,eor
2022-05-30 03:00:00,403,2022053003,3,9.6,99,eor
2022-05-30 04:00:00,403,2022053004,3,9.4,99,eor
2022-05-30 05:00:00,403,2022053005,3,9.4,99,eor
2022-05-30 06:00:00,403,2022053006,3,9.8,96,eor
2022-05-30 07:00:00,403,2022053007,3,10.5,86,eor
2022-05-30 08:00:00,403,2022053008,3,10.6,83,eor
2022-05-30 09:00:00,403,2022053009,3,12.9,72,eor
2022-05-30 10:00:00,403,2022053010,3,13,62,eor
2022-05-30 11:00:00,403,2022053011,3,14,52,eor
2022-05-30 12:00:00,403,2022053012,3,15.1,53,eor
2022-05-30 13:00:00,403,2022053013,3,14.8,51,eor
2022-05-30 14:00:00,403,2022053014,3,15,48,eor
2022-05-30 15:00:00,403,2022053015,3,14.2,52,eor
2022-05-30 16:00:00,403,2022053016,3,14.4,52,eor
2022-05-30 17:00:00,403,2022053017,3,13.5,51,eor
2022-05-30 18:00:00,403,2022053018,3,12.7,59,eor
2022-05-30 19:00:00,403,2022053019,3,12.3,62,eor
2022-05-30 20:00:00,403,2022053020,3,11.6,67,eor
2022-05-30 21:00:00,403,2022053021,3,10.3,75,eor
2022-05-30 22:00:00,403,2022053022,3,8.7,89,eor
2022-05-30 23:00:00,403,2022053023,3,7.7,94,eor
2022-05-31 00:00:00,403,2022053100,3,7.8,97,eor
2022-05-31 01:00:00,403,2022053101,3,8.1,98,eor
2022-05-31 02:00:00,403,2022053102,3,8,98,eor
2022-05-31 03:00:00,403,2022053103,3,7.5,98,eor
2022-05-31 04:00:00,403,2022053104,3,7.6,99,eor
2022-05-31 05:00:00,403,2022053105,3,8.8,90,eor
2022-05-31 06:00:00,403,2022053106,3,10.8,77,eor
2022-05-31 07:00:00,403,2022053107,3,13,60,eor
2022-05-31 08:00:00,403,2022053108,3,13.9,53,eor
2022-05-31 09:00:00,403,2022053109,3,15.8,47,eor
2022-05-31 10:00:00,403,2022053110,3,16.9,44,eor
2022-05-31 11:00:00,403,2022053111,3,17.6,42,eor
2022-05-31 12:00:00,403,2022053112,3,17.8,40,eor
2022-05-31 13:00:00,403,2022053113,3,18.5,39,eor
2022-05-31 14:00:00,403,2022053114,3,18.1,40,eor
2022-05-31 15:00:00,403,2022053115,3,19.1,39,eor
2022-05-31 16:00:00,403,2022053116,3,19.4,37,eor
2022-05-31 17:00:00,403,2022053117,3,19,37,eor
2022-05-31 18:00:00,403,2022053118,3,18.7,39,eor
2022-05-31 19:00:00,403,2022053119,3,16.5,49,eor
2022-05-31 20:00:00,403,2022053120,3,15.6,55,eor
2022-05-31 21:00:00,403,2022053121,3,13.6,82,eor
2022-05-31 22:00:00,403,2022053122,3,12.3,94,eor
2022-05-31 23:00:00,403,2022053123,3,11.7,98,eor
2022-06-01 00:00:00,403,2022060100,3,11.8,98,eor
2022-06-01 01:00:00,403,2022060101,3,11.9,98,eor
2022-06-01 02:00:00,403,2022060102,3,11.9,95,eor
2022-06-01 03:00:00,403,2022060103,3,11.8,96,eor
2022-06-01 04:00:00,403,2022060104,3,11.6,98,eor
2022-06-01 05:00:00,403,2022060105,3,11.6,93,eor
2022-06-01 06:00:00,403,2022060106,3,12.2,83,eor
2022-06-01 07:00:00,403,2022060107,3,14.3,73,eor
2022-06-01 08:00:00,403,2022060108,3,15.5,64,eor
2022-06-01 09:00:00,403,2022060109,3,17.1,58,eor
2022-06-01 10:00:00,403,2022060110,3,17.9,49,eor
2022-06-01 11:00:00,403,2022060111,3,18.8,43,eor
2022-06-01 12:00:00,403,2022060112,3,19,43,eor
2022-06-01 13:00:00,403,2022060113,3,18.1,43,eor
2022-06-01 14:00:00,403,2022060114,3,16,75,eor
2022-06-01 15:00:00,403,2022060115,3,17.9,57,eor
2022-06-01 16:00:00,403,2022060116,3,18.5,44,eor
2022-06-01 17:00:00,403,2022060117,3,17.7,47,eor
2022-06-01 18:00:00,403,2022060118,3,16.4,50,eor
2022-06-01 19:00:00,403,2022060119,3,15.6,51,eor
2022-06-01 20:00:00,403,2022060120,3,13.4,58,eor
2022-06-01 21:00:00,403,2022060121,3,11.6,74,eor
2022-06-01 22:00:00,403,2022060122,3,10.8,82,eor
2022-06-01 23:00:00,403,2022060123,3,10.7,87,eor
2022-06-02 00:00:00,403,2022060200,3,11.2,83,eor
2022-06-02 01:00:00,403,2022060201,3,11.5,81,eor
2022-06-02 02:00:00,403,2022060202,3,10.3,86,eor
2022-06-02 03:00:00,403,2022060203,3,9.5,89,eor
2022-06-02 04:00:00,403,2022060204,3,9.8,89,eor
2022-06-02 05:00:00,403,2022060205,3,10.5,87,eor
2022-06-02 06:00:00,403,2022060206,3,10.9,88,eor
2022-06-02 07:00:00,403,2022060207,3,12.5,82,eor
2022-06-02 08:00:00,403,2022060208,3,14.3,69,eor
2022-06-02 09:00:00,403,2022060209,3,13.9,64,eor
2022-06-02 10:00:00,403,2022060210,3,16.4,53,eor
2022-06-02 11:00:00,403,2022060211,3,18.3,46,eor
2022-06-02 12:00:00,403,2022060212,3,18.5,43,eor
2022-06-02 13:00:00,403,2022060213,3,19,40,eor
2022-06-02 14:00:00,403,2022060214,3,19.2,38,eor
2022-06-02 15:00:00,403,2022060215,3,19,41,eor
2022-06-02 16:00:00,403,2022060216,3,19,40,eor
2022-06-02 17:00:00,403,2022060217,3,18.2,42,eor
2022-06-02 18:00:00,403,2022060218,3,17.5,44,eor
2022-06-02 19:00:00,403,2022060219,3,16.3,47,eor
2022-06-02 20:00:00,403,2022060220,3,12.4,68,eor
2022-06-02 21:00:00,403,2022060221,3,11,77,eor
2022-06-02 22:00:00,403,2022060222,3,9.8,89,eor
2022-06-02 23:00:00,403,2022060223,3,9.1,94,eor
2022-06-03 00:00:00,403,2022060300,3,8.4,97,eor
2022-06-03 01:00:00,403,2022060301,3,7.8,98,eor
2022-06-03 02:00:00,403,2022060302,3,7.4,100,eor
2022-06-03 03:00:00,403,2022060303,3,7.1,100,eor
2022-06-03 04:00:00,403,2022060304,3,7.2,100,eor
2022-06-03 05:00:00,403,2022060305,3,9.5,100,eor
2022-06-03 06:00:00,403,2022060306,3,12.9,74,eor
2022-06-03 07:00:00,403,2022060307,3,16.7,53,eor
2022-06-03 08:00:00,403,2022060308,3,18.8,45,eor
2022-06-03 09:00:00,403,2022060309,3,20.4,41,eor
2022-06-03 10:00:00,403,2022060310,3,21,38,eor
2022-06-03 11:00:00,403,2022060311,3,21.6,35,eor
2022-06-03 12:00:00,403,2022060312,3,23.1,33,eor
2022-06-03 13:00:00,403,2022060313,3,24.6,32,eor
2022-06-03 14:00:00,403,2022060314,3,25.1,29,eor
2022-06-03 15:00:00,403,2022060315,3,25.2,29,eor
2022-06-03 16:00:00,403,2022060316,3,25.6,30,eor
2022-06-03 17:00:00,403,2022060317,3,24.4,32,eor
2022-06-03 18:00:00,403,2022060318,3,22.9,37,eor
2022-06-03 19:00:00,403,2022060319,3,21.9,37,eor
2022-06-03 20:00:00,403,2022060320,3,20.6,39,eor
2022-06-03 21:00:00,403,2022060321,3,20,41,eor
2022-06-03 22:00:00,403,2022060322,3,19,44,eor
2022-06-03 23:00:00,403,2022060323,3,18.2,48,eor
2022-06-04 00:00:00,403,2022060400,3,17.5,50,eor
2022-06-04 01:00:00,403,2022060401,3,17.2,54,eor
2022-06-04 02:00:00,403,2022060402,3,16.6,58,eor
2022-06-04 03:00:00,403,2022060403,3,16.1,62,eor
2022-06-04 04:00:00,403,2022060404,3,15.6,63,eor
2022-06-04 05:00:00,403,2022060405,3,15.5,63,eor
2022-06-04 06:00:00,403,2022060406,3,16.6,60,eor
2022-06-04 07:00:00,403,2022060407,3,17.4,57,eor
2022-06-04 08:00:00,403,2022060408,3,18,53,eor
2022-06-04 09:00:00,403,2022060409,3,18.8,51,eor
2022-06-04 10:00:00,403,2022060410,3,20.4,48,eor
2022-06-04 11:00:00,403,2022060411,3,21.4,48,eor
2022-06-04 12:00:00,403,2022060412,3,22.5,45,eor
2022-06-04 13:00:00,403,2022060413,3,23.6,44,eor
2022-06-04 14:00:00,403,2022060414,3,23.1,46,eor
2022-06-04 15:00:00,403,2022060415,3,24.2,43,eor
2022-06-04 16:00:00,403,2022060416,3,23.9,42,eor
2022-06-04 17:00:00,403,2022060417,3,23.2,45,eor
2022-06-04 18:00:00,403,2022060418,3,22.3,43,eor
2022-06-04 19:00:00,403,2022060419,3,20.3,48,eor
2022-06-04 20:00:00,403,2022060420,3,18.6,50,eor
2022-06-04 21:00:00,403,2022060421,3,16.7,56,eor
2022-06-04 22:00:00,403,2022060422,3,15.8,54,eor
2022-06-04 23:00:00,403,2022060423,3,14.3,55,eor
2022-06-05 00:00:00,403,2022060500,3,12.8,62,eor
2022-06-05 01:00:00,403,2022060501,3,11.3,77,eor
2022-06-05 02:00:00,403,2022060502,3,10.5,89,eor
2022-06-05 03:00:00,403,2022060503,3,10.1,92,eor
2022-06-05 04:00:00,403,2022060504,3,10.4,93,eor
2022-06-05 05:00:00,403,2022060505,3,11.9,83,eor
2022-06-05 06:00:00,403,2022060506,3,13.8,75,eor
2022-06-05 07:00:00,403,2022060507,3,16.8,65,eor
2022-06-05 08:00:00,403,2022060508,3,19.3,53,eor
2022-06-05 09:00:00,403,2022060509,3,21.9,44,eor
2022-06-05 10:00:00,403,2022060510,3,24,39,eor
2022-06-05 11:00:00,403,2022060511,3,25.1,40,eor
2022-06-05 12:00:00,403,2022060512,3,26.7,39,eor
2022-06-05 13:00:00,403,2022060513,3,27.5,37,eor
2022-06-05 14:00:00,403,2022060514,3,27.8,35,eor
2022-06-05 15:00:00,403,2022060515,3,27.4,36,eor
2022-06-05 16:00:00,403,2022060516,3,27.1,36,eor
2022-06-05 17:00:00,403,2022060517,3,27.1,35,eor
2022-06-05 18:00:00,403,2022060518,3,25.6,38,eor
2022-06-05 19:00:00,403,2022060519,3,23.5,42,eor
2022-06-05 20:00:00,403,2022060520,3,22.4,46,eor
2022-06-05 21:00:00,403,2022060521,3,21.5,48,eor
2022-06-05 22:00:00,403,2022060522,3,21,51,eor
2022-06-05 23:00:00,403,2022060523,3,21.2,51,eor
2022-06-06 00:00:00,403,2022060600,3,21.4,51,eor
2022-06-06 01:00:00,403,2022060601,3,20.8,54,eor
2022-06-06 02:00:00,403,2022060602,3,19.5,66,eor
2022-06-06 03:00:00,403,2022060603,3,17.6,88,eor
2022-06-06 04:00:00,403,2022060604,3,17,97,eor
2022-06-06 05:00:00,403,2022060605,3,17.3,98,eor
2022-06-06 06:00:00,403,2022060606,3,18.2,97,eor
2022-06-06 07:00:00,403,2022060607,3,18.8,83,eor
2022-06-06 08:00:00,403,2022060608,3,20.8,65,eor
2022-06-06 09:00:00,403,2022060609,3,22.4,55,eor
2022-06-06 10:00:00,403,2022060610,3,22.2,55,eor
2022-06-06 11:00:00,403,2022060611,3,23.3,52,eor
2022-06-06 12:00:00,403,2022060612,3,24.7,49,eor
2022-06-06 13:00:00,403,2022060613,3,24,49,eor
2022-06-06 14:00:00,403,2022060614,3,25.3,47,eor
2022-06-06 15:00:00,403,2022060615,3,24,47,eor
2022-06-06 16:00:00,403,2022060616,3,18.2,80,eor
2022-06-06 17:00:00,403,2022060617,3,18.2,84,eor
2022-06-06 18:00:00,403,2022060618,3,18.1,87,eor
2022-06-06 19:00:00,403,2022060619,3,17.4,89,eor
2022-06-06 20:00:00,403,2022060620,3,15.5,95,eor
2022-06-06 21:00:00,403,2022060621,3,14.6,98,eor
2022-06-06 22:00:00,403,2022060622,3,14.6,99,eor
2022-06-06 23:00:00,403,2022060623,3,14.3,99,eor
2022-06-07 00:00:00,403,2022060700,3,13.3,99,eor
2022-06-07 01:00:00,403,2022060701,3,12.9,99,eor
2022-06-07 02:00:00,403,2022060702,3,12.7,100,eor
2022-06-07 03:00:00,403,2022060703,3,12.5,100,eor
2022-06-07 04:00:00,403,2022060704,3,12.7,100,eor
2022-06-07 05:00:00,403,2022060705,3,13.6,92,eor
2022-06-07 06:00:00,403,2022060706,3,15.3,76,eor
2022-06-07 07:00:00,403,2022060707,3,17.5,61,eor
2022-06-07 08:00:00,403,2022060708,3,19.5,50,eor
2022-06-07 09:00:00,403,2022060709,3,20.8,45,eor
2022-06-07 10:00:00,403,2022060710,3,21.4,44,eor
2022-06-07 11:00:00,403,2022060711,3,22.1,41,eor
2022-06-07 12:00:00,403,2022060712,3,21.5,41,eor
2022-06-07 13:00:00,403,2022060713,3,21.9,39,eor
2022-06-07 14:00:00,403,2022060714,3,22.6,37,eor
2022-06-07 15:00:00,403,2022060715,3,24,34,eor
2022-06-07 16:00:00,403,2022060716,3,23.5,34,eor
2022-06-07 17:00:00,403,2022060717,3,23,35,eor
2022-06-07 18:00:00,403,2022060718,3,22.6,35,eor
2022-06-07 19:00:00,403,2022060719,3,20.4,46,eor
2022-06-07 20:00:00,403,2022060720,3,17.1,57,eor
2022-06-07 21:00:00,403,2022060721,3,16.8,60,eor
2022-06-07 22:00:00,403,2022060722,3,15,71,eor
2022-06-07 23:00:00,403,2022060723,3,14,80,eor
2022-06-08 00:00:00,403,2022060800,3,14.6,81,eor
2022-06-08 01:00:00,403,2022060801,3,14.7,84,eor
2022-06-08 02:00:00,403,2022060802,3,13.3,89,eor
2022-06-08 03:00:00,403,2022060803,3,12.5,93,eor
2022-06-08 04:00:00,403,2022060804,3,13.1,94,eor
2022-06-08 05:00:00,403,2022060805,3,15.5,75,eor
2022-06-08 06:00:00,403,2022060806,3,17.6,67,eor
2022-06-08 07:00:00,403,2022060807,3,19.3,61,eor
2022-06-08 08:00:00,403,2022060808,3,21.5,55,eor
2022-06-08 09:00:00,403,2022060809,3,21.9,54,eor
2022-06-08 10:00:00,403,2022060810,3,22.1,52,eor
2022-06-08 11:00:00,403,2022060811,3,23.6,47,eor
2022-06-08 12:00:00,403,2022060812,3,24.3,46,eor
2022-06-08 13:00:00,403,2022060813,3,24,44,eor
2022-06-08 14:00:00,403,2022060814,3,24.9,42,eor
2022-06-08 15:00:00,403,2022060815,3,24.8,40,eor
2022-06-08 16:00:00,403,2022060816,3,25.2,39,eor
2022-06-08 17:00:00,403,2022060817,3,24.8,40,eor
2022-06-08 18:00:00,403,2022060818,3,23.8,44,eor
2022-06-08 19:00:00,403,2022060819,3,22.1,49,eor
2022-06-08 20:00:00,403,2022060820,3,19.9,60,eor
2022-06-08 21:00:00,403,2022060821,3,18.7,68,eor
2022-06-08 22:00:00,403,2022060822,3,16.6,79,eor
2022-06-08 23:00:00,403,2022060823,3,15.6,86,eor
2022-06-09 00:00:00,403,2022060900,3,16.7,82,eor
2022-06-09 01:00:00,403,2022060901,3,18,74,eor
2022-06-09 02:00:00,403,2022060902,3,17.4,75,eor
2022-06-09 03:00:00,403,2022060903,3,16,79,eor
2022-06-09 04:00:00,403,2022060904,3,15.4,82,eor
2022-06-09 05:00:00,403,2022060905,3,17.2,76,eor
2022-06-09 06:00:00,403,2022060906,3,17.4,75,eor
2022-06-09 07:00:00,403,2022060907,3,17.5,76,eor
2022-06-09 08:00:00,403,2022060908,3,17,79,eor
2022-06-09 09:00:00,403,2022060909,3,17.2,82,eor
2022-06-09 10:00:00,403,2022060910,3,17.9,77,eor
2022-06-09 11:00:00,403,2022060911,3,18.6,73,eor
2022-06-09 12:00:00,403,2022060912,3,18.9,72,eor
2022-06-09 13:00:00,403,2022060913,3,18.8,78,eor
2022-06-09 14:00:00,403,2022060914,3,18.9,82,eor
2022-06-09 15:00:00,403,2022060915,3,18.8,79,eor
2022-06-09 16:00:00,403,2022060916,3,20.4,74,eor
2022-06-09 17:00:00,403,2022060917,3,20.5,72,eor
2022-06-09 18:00:00,403,2022060918,3,20.9,58,eor
2022-06-09 19:00:00,403,2022060919,3,20.2,58,eor
2022-06-09 20:00:00,403,2022060920,3,17.7,74,eor
2022-06-09 21:00:00,403,2022060921,3,15.4,83,eor
2022-06-09 22:00:00,403,2022060922,3,15.9,77,eor
2022-06-09 23:00:00,403,2022060923,3,15.7,77,eor
2022-06-10 00:00:00,403,2022061000,3,14.9,78,eor
2022-06-10 01:00:00,403,2022061001,3,14.2,82,eor
2022-06-10 02:00:00,403,2022061002,3,13.3,86,eor
2022-06-10 03:00:00,403,2022061003,3,12.3,90,eor
2022-06-10 04:00:00,403,2022061004,3,11.7,95,eor
2022-06-10 05:00:00,403,2022061005,3,13.8,88,eor
2022-06-10 06:00:00,403,2022061006,3,15.2,78,eor
2022-06-10 07:00:00,403,2022061007,3,16.7,69,eor
2022-06-10 08:00:00,403,2022061008,3,18.4,60,eor
2022-06-10 09:00:00,403,2022061009,3,19.2,56,eor
2022-06-10 10:00:00,403,2022061010,3,20.8,47,eor
2022-06-10 11:00:00,403,2022061011,3,21.7,44,eor
2022-06-10 12:00:00,403,2022061012,3,22.3,39,eor
2022-06-10 13:00:00,403,2022061013,3,23.7,37,eor
2022-06-10 14:00:00,403,2022061014,3,23.9,34,eor
2022-06-10 15:00:00,403,2022061015,3,24.3,33,eor
2022-06-10 16:00:00,403,2022061016,3,24.6,34,eor
2022-06-10 17:00:00,403,2022061017,3,24.1,35,eor
2022-06-10 18:00:00,403,2022061018,3,23.5,36,eor
2022-06-10 19:00:00,403,2022061019,3,21.2,43,eor
2022-06-10 20:00:00,403,2022061020,3,18.4,55,eor
2022-06-10 21:00:00,403,2022061021,3,17.1,63,eor
2022-06-10 22:00:00,403,2022061022,3,17.1,66,eor
2022-06-10 23:00:00,403,2022061023,3,17.4,71,eor
2022-06-11 00:00:00,403,2022061100,3,17.1,70,eor
2022-06-11 01:00:00,403,2022061101,3,17,75,eor
2022-06-11 02:00:00,403,2022061102,3,16.2,76,eor
2022-06-11 03:00:00,403,2022061103,3,15.7,81,eor
2022-06-11 04:00:00,403,2022061104,3,16.1,82,eor
2022-06-11 05:00:00,403,2022061105,3,18,69,eor
2022-06-11 06:00:00,403,2022061106,3,19.4,66,eor
2022-06-11 07:00:00,403,2022061107,3,20.6,61,eor
2022-06-11 08:00:00,403,2022061108,3,23,55,eor
2022-06-11 09:00:00,403,2022061109,3,24.3,47,eor
2022-06-11 10:00:00,403,2022061110,3,26.5,44,eor
2022-06-11 11:00:00,403,2022061111,3,25.8,41,eor
2022-06-11 12:00:00,403,2022061112,3,26.6,40,eor
2022-06-11 13:00:00,403,2022061113,3,25.2,47,eor
2022-06-11 14:00:00,403,2022061114,3,25.8,46,eor
2022-06-11 15:00:00,403,2022061115,3,27.5,40,eor
2022-06-11 16:00:00,403,2022061116,3,25.8,41,eor
2022-06-11 17:00:00,403,2022061117,3,25.7,41,eor
2022-06-11 18:00:00,403,2022061118,3,24.7,42,eor
2022-06-11 19:00:00,403,2022061119,3,23.5,45,eor
2022-06-11 20:00:00,403,2022061120,3,20.7,56,eor
2022-06-11 21:00:00,403,2022061121,3,18,68,eor
2022-06-11 22:00:00,403,2022061122,3,16.5,75,eor
2022-06-11 23:00:00,403,2022061123,3,15.1,77,eor
2022-06-12 00:00:00,403,2022061200,3,14.1,85,eor
2022-06-12 01:00:00,403,2022061201,3,14.3,92,eor
2022-06-12 02:00:00,403,2022061202,3,13.8,96,eor
2022-06-12 03:00:00,403,2022061203,3,14,97,eor
2022-06-12 04:00:00,403,2022061204,3,14.8,96,eor
2022-06-12 05:00:00,403,2022061205,3,16.2,94,eor
2022-06-12 06:00:00,403,2022061206,3,17.8,93,eor
2022-06-12 07:00:00,403,2022061207,3,19.6,77,eor
2022-06-12 08:00:00,403,2022061208,3,20.1,67,eor
2022-06-12 09:00:00,403,2022061209,3,21.8,54,eor
2022-06-12 10:00:00,403,2022061210,3,22.4,54,eor
2022-06-12 11:00:00,403,2022061211,3,23,49,eor
2022-06-12 12:00:00,403,2022061212,3,24.4,43,eor
2022-06-12 13:00:00,403,2022061213,3,25.8,38,eor
2022-06-12 14:00:00,403,2022061214,3,25.7,36,eor
2022-06-12 15:00:00,403,2022061215,3,26.3,34,eor
2022-06-12 16:00:00,403,2022061216,3,25.5,32,eor
2022-06-12 17:00:00,403,2022061217,3,25,32,eor
2022-06-12 18:00:00,403,2022061218,3,24.1,33,eor
2022-06-12 19:00:00,403,2022061219,3,22.1,35,eor
2022-06-12 20:00:00,403,2022061220,3,20.4,38,eor
2022-06-12 21:00:00,403,2022061221,3,18.4,46,eor
2022-06-12 22:00:00,403,2022061222,3,18.1,51,eor
2022-06-12 23:00:00,403,2022061223,3,18,54,eor
2022-06-13 00:00:00,403,2022061300,3,17.2,59,eor
2022-06-13 01:00:00,403,2022061301,3,16.6,64,eor
2022-06-13 02:00:00,403,2022061302,3,15.8,67,eor
2022-06-13 03:00:00,403,2022061303,3,15,74,eor
2022-06-13 04:00:00,403,2022061304,3,14.7,73,eor
2022-06-13 05:00:00,403,2022061305,3,14.7,71,eor
2022-06-13 06:00:00,403,2022061306,3,15.4,67,eor
2022-06-13 07:00:00,403,2022061307,3,15.2,62,eor
2022-06-13 08:00:00,403,2022061308,3,15.7,58,eor
2022-06-13 09:00:00,403,2022061309,3,17.8,50,eor
2022-06-13 10:00:00,403,2022061310,3,18.4,51,eor
2022-06-13 11:00:00,403,2022061311,3,20.2,43,eor
2022-06-13 12:00:00,403,2022061312,3,20.6,40,eor
2022-06-13 13:00:00,403,2022061313,3,18.6,46,eor
2022-06-13 14:00:00,403,2022061314,3,18.6,48,eor
2022-06-13 15:00:00,403,2022061315,3,19.2,48,eor
2022-06-13 16:00:00,403,2022061316,3,16.4,56,eor
2022-06-13 17:00:00,403,2022061317,3,18.2,49,eor
2022-06-13 18:00:00,403,2022061318,3,17.6,50,eor
2022-06-13 19:00:00,403,2022061319,3,16.1,60,eor
2022-06-13 20:00:00,403,2022061320,3,14.5,69,eor
2022-06-13 21:00:00,403,2022061321,3,12.9,90,eor
2022-06-13 22:00:00,403,2022061322,3,11.6,94,eor
2022-06-13 23:00:00,403,2022061323,3,11.4,93,eor
2022-06-14 00:00:00,403,2022061400,3,11,87,eor
2022-06-14 01:00:00,403,2022061401,3,10.5,84,eor
2022-06-14 02:00:00,403,2022061402,3,9.7,86,eor
2022-06-14 03:00:00,403,2022061403,3,9.5,89,eor
2022-06-14 04:00:00,403,2022061404,3,9.9,89,eor
2022-06-14 05:00:00,403,2022061405,3,11,85,eor
2022-06-14 06:00:00,403,2022061406,3,12.2,76,eor
2022-06-14 07:00:00,403,2022061407,3,13.8,68,eor
2022-06-14 08:00:00,403,2022061408,3,14.9,62,eor
2022-06-14 09:00:00,403,2022061409,3,16.4,53,eor
2022-06-14 10:00:00,403,2022061410,3,15.8,54,eor
2022-06-14 11:00:00,403,2022061411,3,16.5,50,eor
2022-06-14 12:00:00,403,2022061412,3,17.7,47,eor
2022-06-14 13:00:00,403,2022061413,3,19.1,43,eor
2022-06-14 14:00:00,403,2022061414,3,19.2,42,eor
2022-06-14 15:00:00,403,2022061415,3,19.7,41,eor
2022-06-14 16:00:00,403,2022061416,3,20.1,42,eor
2022-06-14 17:00:00,403,2022061417,3,19.2,43,eor
2022-06-14 18:00:00,403,2022061418,3,18.5,46,eor
2022-06-14 19:00:00,403,2022061419,3,17.4,47,eor
2022-06-14 20:00:00,403,2022061420,3,15.3,58,eor
2022-06-14 21:00:00,403,2022061421,3,13,71,eor
2022-06-14 22:00:00,403,2022061422,3,11.5,81,eor
2022-06-14 23:00:00,403,2022061423,3,10.3,87,eor
2022-06-15 00:00:00,403,2022061500,3,9.8,92,eor
2022-06-15 01:00:00,403,2022061501,3,9,94,eor
2022-06-15 02:00:00,403,2022061502,3,8.4,97,eor
2022-06-15 03:00:00,403,2022061503,3,8.2,98,eor
2022-06-15 04:00:00,403,2022061504,3,8.1,99,eor
2022-06-15 05:00:00,403,2022061505,3,10.6,94,eor
2022-06-15 06:00:00,403,2022061506,3,14,69,eor
2022-06-15 07:00:00,403,2022061507,3,17.3,52,eor
2022-06-15 08:00:00,403,2022061508,3,18.1,48,eor
2022-06-15 09:00:00,403,2022061509,3,19.7,42,eor
2022-06-15 10:00:00,403,2022061510,3,21.1,40,eor
2022-06-15 11:00:00,403,2022061511,3,23,39,eor
2022-06-15 12:00:00,403,2022061512,3,23.8,36,eor
2022-06-15 13:00:00,403,2022061513,3,24.8,35,eor
2022-06-15 14:00:00,403,2022061514,3,25.1,34,eor
2022-06-15 15:00:00,403,2022061515,3,25.5,32,eor
2022-06-15 16:00:00,403,2022061516,3,26,32,eor
2022-06-15 17:00:00,403,2022061517,3,25.3,32,eor
2022-06-15 18:00:00,403,2022061518,3,24.4,34,eor
2022-06-15 19:00:00,403,2022061519,3,21.9,39,eor
2022-06-15 20:00:00,403,2022061520,3,20,44,eor
2022-06-15 21:00:00,403,2022061521,3,18.4,51,eor
2022-06-15 22:00:00,403,2022061522,3,17,58,eor
2022-06-15 23:00:00,403,2022061523,3,16.2,61,eor
2022-06-16 00:00:00,403,2022061600,3,15.4,66,eor
2022-06-16 01:00:00,403,2022061601,3,15.1,67,eor
2022-06-16 02:00:00,403,2022061602,3,14.7,70,eor
2022-06-16 03:00:00,403,2022061603,3,14.4,74,eor
2022-06-16 04:00:00,403,2022061604,3,14,78,eor
2022-06-16 05:00:00,403,2022061605,3,14.7,77,eor
2022-06-16 06:00:00,403,2022061606,3,16.1,74,eor
2022-06-16 07:00:00,403,2022061607,3,17.8,67,eor
2022-06-16 08:00:00,403,2022061608,3,19.7,60,eor
2022-06-16 09:00:00,403,2022061609,3,21.2,54,eor
2022-06-16 10:00:00,403,2022061610,3,22.7,50,eor
2022-06-16 11:00:00,403,2022061611,3,22.8,47,eor
2022-06-16 12:00:00,403,2022061612,3,23.3,46,eor
2022-06-16 13:00:00,403,2022061613,3,23.9,44,eor
2022-06-16 14:00:00,403,2022061614,3,24.2,43,eor
2022-06-16 15:00:00,403,2022061615,3,24,42,eor
2022-06-16 16:00:00,403,2022061616,3,23.4,42,eor
2022-06-16 17:00:00,403,2022061617,3,22.2,43,eor
2022-06-16 18:00:00,403,2022061618,3,21.3,45,eor
2022-06-16 19:00:00,403,2022061619,3,20.3,43,eor
2022-06-16 20:00:00,403,2022061620,3,18.7,45,eor
2022-06-16 21:00:00,403,2022061621,3,17.7,48,eor
2022-06-16 22:00:00,403,2022061622,3,16.9,52,eor
2022-06-16 23:00:00,403,2022061623,3,15,60,eor
2022-06-17 00:00:00,403,2022061700,3,13.8,70,eor
2022-06-17 01:00:00,403,2022061701,3,13.1,76,eor
2022-06-17 02:00:00,403,2022061702,3,13.4,73,eor
2022-06-17 03:00:00,403,2022061703,3,11.6,82,eor
2022-06-17 04:00:00,403,2022061704,3,11.8,86,eor
2022-06-17 05:00:00,403,2022061705,3,14.4,77,eor
2022-06-17 06:00:00,403,2022061706,3,16.1,72,eor
2022-06-17 07:00:00,403,2022061707,3,17.9,64,eor
2022-06-17 08:00:00,403,2022061708,3,19.9,58,eor
2022-06-17 09:00:00,403,2022061709,3,20.9,42,eor
2022-06-17 10:00:00,403,2022061710,3,22.1,39,eor
2022-06-17 11:00:00,403,2022061711,3,23.3,35,eor
2022-06-17 12:00:00,403,2022061712,3,23.8,33,eor
2022-06-17 13:00:00,403,2022061713,3,24.6,33,eor
2022-06-17 14:00:00,403,2022061714,3,25.8,31,eor
2022-06-17 15:00:00,403,2022061715,3,24.8,32,eor
2022-06-17 16:00:00,403,2022061716,3,24.7,31,eor
2022-06-17 17:00:00,403,2022061717,3,24.6,32,eor
2022-06-17 18:00:00,403,2022061718,3,23.3,36,eor
2022-06-17 19:00:00,403,2022061719,3,22.6,36,eor
2022-06-17 20:00:00,403,2022061720,3,21.1,41,eor
2022-06-17 21:00:00,403,2022061721,3,19.8,47,eor
2022-06-17 22:00:00,403,2022061722,3,18.9,52,eor
2022-06-17 23:00:00,403,2022061723,3,17.7,61,eor
2022-06-18 00:00:00,403,2022061800,3,16.9,66,eor
2022-06-18 01:00:00,403,2022061801,3,16.2,68,eor
2022-06-18 02:00:00,403,2022061802,3,15.2,73,eor
2022-06-18 03:00:00,403,2022061803,3,14.4,79,eor
2022-06-18 04:00:00,403,2022061804,3,15.4,72,eor
2022-06-18 05:00:00,403,2022061805,3,17.8,62,eor
2022-06-18 06:00:00,403,2022061806,3,21,51,eor
2022-06-18 07:00:00,403,2022061807,3,24.2,44,eor
2022-06-18 08:00:00,403,2022061808,3,27.4,38,eor
2022-06-18 09:00:00,403,2022061809,3,29.6,35,eor
2022-06-18 10:00:00,403,2022061810,3,30.6,34,eor
2022-06-18 11:00:00,403,2022061811,3,31.4,34,eor
2022-06-18 12:00:00,403,2022061812,3,32.2,31,eor
2022-06-18 13:00:00,403,2022061813,3,32.5,31,eor
2022-06-18 14:00:00,403,2022061814,3,32.9,30,eor
2022-06-18 15:00:00,403,2022061815,3,33.2,29,eor
2022-06-18 16:00:00,403,2022061816,3,33.1,31,eor
2022-06-18 17:00:00,403,2022061817,3,32.2,32,eor
2022-06-18 18:00:00,403,2022061818,3,31.1,35,eor
2022-06-18 19:00:00,403,2022061819,3,28.9,39,eor
2022-06-18 20:00:00,403,2022061820,3,26.2,47,eor
2022-06-18 21:00:00,403,2022061821,3,24.9,55,eor
2022-06-18 22:00:00,403,2022061822,3,23.9,62,eor
2022-06-18 23:00:00,403,2022061823,3,22.9,68,eor
2022-06-19 00:00:00,403,2022061900,3,21.5,70,eor
2022-06-19 01:00:00,403,2022061901,3,20.8,74,eor
2022-06-19 02:00:00,403,2022061902,3,20.2,77,eor
2022-06-19 03:00:00,403,2022061903,3,20.2,78,eor
2022-06-19 04:00:00,403,2022061904,3,20.3,78,eor
2022-06-19 05:00:00,403,2022061905,3,21.3,75,eor
2022-06-19 06:00:00,403,2022061906,3,23.1,69,eor
2022-06-19 07:00:00,403,2022061907,3,26.4,55,eor
2022-06-19 08:00:00,403,2022061908,3,30.2,43,eor
2022-06-19 09:00:00,403,2022061909,3,32.3,37,eor
2022-06-19 10:00:00,403,2022061910,3,34,32,eor
2022-06-19 11:00:00,403,2022061911,3,34.6,31,eor
2022-06-19 12:00:00,403,2022061912,3,36.1,30,eor
2022-06-19 13:00:00,403,2022061913,3,32.1,39,eor
2022-06-19 14:00:00,403,2022061914,3,30,39,eor
2022-06-19 15:00:00,403,2022061915,3,28.1,43,eor
2022-06-19 16:00:00,403,2022061916,3,26.6,48,eor
2022-06-19 17:00:00,403,2022061917,3,25,57,eor
2022-06-19 18:00:00,403,2022061918,3,22.8,65,eor
2022-06-19 19:00:00,403,2022061919,3,20.9,66,eor
2022-06-19 20:00:00,403,2022061920,3,18.4,71,eor
2022-06-19 21:00:00,403,2022061921,3,17.1,76,eor
2022-06-19 22:00:00,403,2022061922,3,16.2,79,eor
2022-06-19 23:00:00,403,2022061923,3,15.6,81,eor
2022-06-20 00:00:00,403,2022062000,3,14.9,85,eor
2022-06-20 01:00:00,403,2022062001,3,14.8,88,eor
2022-06-20 02:00:00,403,2022062002,3,14,95,eor
2022-06-20 03:00:00,403,2022062003,3,13.8,93,eor
2022-06-20 04:00:00,403,2022062004,3,13.8,93,eor
2022-06-20 05:00:00,403,2022062005,3,14.2,88,eor
2022-06-20 06:00:00,403,2022062006,3,13.4,98,eor
2022-06-20 07:00:00,403,2022062007,3,13.7,98,eor
2022-06-20 08:00:00,403,2022062008,3,14,94,eor
2022-06-20 09:00:00,403,2022062009,3,14.1,94,eor
2022-06-20 10:00:00,403,2022062010,3,14.5,91,eor
2022-06-20 11:00:00,403,2022062011,3,14.1,95,eor
2022-06-20 12:00:00,403,2022062012,3,14,97,eor
2022-06-20 13:00:00,403,2022062013,3,14,95,eor
2022-06-20 14:00:00,403,2022062014,3,14.2,89,eor
2022-06-20 15:00:00,403,2022062015,3,15.6,86,eor
2022-06-20 16:00:00,403,2022062016,3,16.5,74,eor
2022-06-20 17:00:00,403,2022062017,3,17.4,66,eor
2022-06-20 18:00:00,403,2022062018,3,16.3,70,eor
2022-06-20 19:00:00,403,2022062019,3,13.8,89,eor
2022-06-20 20:00:00,403,2022062020,3,12.6,91,eor
2022-06-20 21:00:00,403,2022062021,3,11.7,92,eor
2022-06-20 22:00:00,403,2022062022,3,11.4,87,eor
2022-06-20 23:00:00,403,2022062023,3,11.2,87,eor
2022-06-21 00:00:00,403,2022062100,3,10.9,90,eor
2022-06-21 01:00:00,403,2022062101,3,10.9,90,eor
2022-06-21 02:00:00,403,2022062102,3,11,91,eor
2022-06-21 03:00:00,403,2022062103,3,10.5,93,eor
2022-06-21 04:00:00,403,2022062104,3,10.7,94,eor
2022-06-21 05:00:00,403,2022062105,3,11.7,93,eor
2022-06-21 06:00:00,403,2022062106,3,12.4,89,eor
2022-06-21 07:00:00,403,2022062107,3,14.1,79,eor
2022-06-21 08:00:00,403,2022062108,3,16.2,59,eor
2022-06-21 09:00:00,403,2022062109,3,17.9,49,eor
2022-06-21 10:00:00,403,2022062110,3,19.7,45,eor
2022-06-21 11:00:00,403,2022062111,3,21,42,eor
2022-06-21 12:00:00,403,2022062112,3,22.5,37,eor
2022-06-21 13:00:00,403,2022062113,3,22.9,36,eor
2022-06-21 14:00:00,403,2022062114,3,23.5,35,eor
2022-06-21 15:00:00,403,2022062115,3,23.5,34,eor
2022-06-21 16:00:00,403,2022062116,3,23.6,33,eor
2022-06-21 17:00:00,403,2022062117,3,23.2,34,eor
2022-06-21 18:00:00,403,2022062118,3,22.4,35,eor
2022-06-21 19:00:00,403,2022062119,3,20.8,41,eor
2022-06-21 20:00:00,403,2022062120,3,18.2,51,eor
2022-06-21 21:00:00,403,2022062121,3,15.8,68,eor
2022-06-21 22:00:00,403,2022062122,3,14.2,82,eor
2022-06-21 23:00:00,403,2022062123,3,13.3,89,eor
2022-06-22 00:00:00,403,2022062200,3,12.5,91,eor
2022-06-22 01:00:00,403,2022062201,3,12.1,95,eor
2022-06-22 02:00:00,403,2022062202,3,11.5,97,eor
2022-06-22 03:00:00,403,2022062203,3,11,98,eor
2022-06-22 04:00:00,403,2022062204,3,11,99,eor
2022-06-22 05:00:00,403,2022062205,3,12.9,95,eor
2022-06-22 06:00:00,403,2022062206,3,17.2,66,eor
2022-06-22 07:00:00,403,2022062207,3,20.8,48,eor
2022-06-22 08:00:00,403,2022062208,3,22.2,39,eor
2022-06-22 09:00:00,403,2022062209,3,23.5,36,eor
2022-06-22 10:00:00,403,2022062210,3,24.4,34,eor
2022-06-22 11:00:00,403,2022062211,3,25.2,32,eor
2022-06-22 12:00:00,403,2022062212,3,25.5,31,eor
2022-06-22 13:00:00,403,2022062213,3,26.8,27,eor
2022-06-22 14:00:00,403,2022062214,3,26.9,24,eor
2022-06-22 15:00:00,403,2022062215,3,27.3,27,eor
2022-06-22 16:00:00,403,2022062216,3,27,28,eor
2022-06-22 17:00:00,403,2022062217,3,26,28,eor
2022-06-22 18:00:00,403,2022062218,3,25.5,28,eor
2022-06-22 19:00:00,403,2022062219,3,23.2,35,eor
2022-06-22 20:00:00,403,2022062220,3,19.5,47,eor
2022-06-22 21:00:00,403,2022062221,3,17.7,57,eor
2022-06-22 22:00:00,403,2022062222,3,19.5,58,eor
2022-06-22 23:00:00,403,2022062223,3,17.9,71,eor
2022-06-23 00:00:00,403,2022062300,3,16.8,75,eor
2022-06-23 01:00:00,403,2022062301,3,16.3,76,eor
2022-06-23 02:00:00,403,2022062302,3,14.9,82,eor
2022-06-23 03:00:00,403,2022062303,3,13.7,88,eor
2022-06-23 04:00:00,403,2022062304,3,14.3,84,eor
2022-06-23 05:00:00,403,2022062305,3,16,75,eor
2022-06-23 06:00:00,403,2022062306,3,17.9,65,eor
2022-06-23 07:00:00,403,2022062307,3,20.4,56,eor
2022-06-23 08:00:00,403,2022062308,3,22.5,50,eor
2022-06-23 09:00:00,403,2022062309,3,24.5,44,eor
2022-06-23 10:00:00,403,2022062310,3,26.4,39,eor
2022-06-23 11:00:00,403,2022062311,3,27,36,eor
2022-06-23 12:00:00,403,2022062312,3,28.5,35,eor
2022-06-23 13:00:00,403,2022062313,3,29.6,34,eor
2022-06-23 14:00:00,403,2022062314,3,29.9,32,eor
2022-06-23 15:00:00,403,2022062315,3,29.5,31,eor
2022-06-23 16:00:00,403,2022062316,3,29.8,31,eor
2022-06-23 17:00:00,403,2022062317,3,29.2,32,eor
2022-06-23 18:00:00,403,2022062318,3,27.8,34,eor
2022-06-23 19:00:00,403,2022062319,3,25.9,37,eor
2022-06-23 20:00:00,403,2022062320,3,23.3,42,eor
2022-06-23 21:00:00,403,2022062321,3,23.2,47,eor
2022-06-23 22:00:00,403,2022062322,3,21.9,52,eor
2022-06-23 23:00:00,403,2022062323,3,21,56,eor
2022-06-24 00:00:00,403,2022062400,3,20.2,60,eor
2022-06-24 01:00:00,403,2022062401,3,18.5,68,eor
2022-06-24 02:00:00,403,2022062402,3,17.3,76,eor
2022-06-24 03:00:00,403,2022062403,3,16.7,80,eor
2022-06-24 04:00:00,403,2022062404,3,16.5,81,eor
2022-06-24 05:00:00,403,2022062405,3,18.9,70,eor
2022-06-24 06:00:00,403,2022062406,3,21.4,60,eor
2022-06-24 07:00:00,403,2022062407,3,24.2,49,eor
2022-06-24 08:00:00,403,2022062408,3,26.7,36,eor
2022-06-24 09:00:00,403,2022062409,3,28.7,34,eor
2022-06-24 10:00:00,403,2022062410,3,29.2,32,eor
2022-06-24 11:00:00,403,2022062411,3,29.8,30,eor
2022-06-24 12:00:00,403,2022062412,3,30.4,28,eor
2022-06-24 13:00:00,403,2022062413,3,31.2,26,eor
2022-06-24 14:00:00,403,2022062414,3,32,25,eor
2022-06-24 15:00:00,403,2022062415,3,30.7,24,eor
2022-06-24 16:00:00,403,2022062416,3,28.4,33,eor
2022-06-24 17:00:00,403,2022062417,3,26.4,43,eor
2022-06-24 18:00:00,403,2022062418,3,25.3,46,eor
2022-06-24 19:00:00,403,2022062419,3,23.9,50,eor
2022-06-24 20:00:00,403,2022062420,3,22.8,58,eor
2022-06-24 21:00:00,403,2022062421,3,21.6,67,eor
2022-06-24 22:00:00,403,2022062422,3,21.2,72,eor
2022-06-24 23:00:00,403,2022062423,3,21.1,72,eor
2022-06-25 00:00:00,403,2022062500,3,20.5,78,eor
2022-06-25 01:00:00,403,2022062501,3,20.1,86,eor
2022-06-25 02:00:00,403,2022062502,3,19.3,90,eor
2022-06-25 03:00:00,403,2022062503,3,18.3,94,eor
2022-06-25 04:00:00,403,2022062504,3,18.2,95,eor
2022-06-25 05:00:00,403,2022062505,3,19.6,91,eor
2022-06-25 06:00:00,403,2022062506,3,21,81,eor
2022-06-25 07:00:00,403,2022062507,3,22,77,eor
2022-06-25 08:00:00,403,2022062508,3,24.3,63,eor
2022-06-25 09:00:00,403,2022062509,3,24.8,58,eor
2022-06-25 10:00:00,403,2022062510,3,25.3,59,eor
2022-06-25 11:00:00,403,2022062511,3,25.6,58,eor
2022-06-25 12:00:00,403,2022062512,3,26.4,56,eor
2022-06-25 13:00:00,403,2022062513,3,27.2,52,eor
2022-06-25 14:00:00,403,2022062514,3,27.2,50,eor
2022-06-25 15:00:00,403,2022062515,3,25.8,59,eor
2022-06-25 16:00:00,403,2022062516,3,25.9,57,eor
2022-06-25 17:00:00,403,2022062517,3,26.4,55,eor
2022-06-25 18:00:00,403,2022062518,3,25,59,eor
2022-06-25 19:00:00,403,2022062519,3,23.1,69,eor
2022-06-25 20:00:00,403,2022062520,3,21.6,78,eor
2022-06-25 21:00:00,403,2022062521,3,20,88,eor
2022-06-25 22:00:00,403,2022062522,3,19.4,91,eor
2022-06-25 23:00:00,403,2022062523,3,19,94,eor
2022-06-26 00:00:00,403,2022062600,3,18.4,96,eor
2022-06-26 01:00:00,403,2022062601,3,18.2,98,eor
2022-06-26 02:00:00,403,2022062602,3,18,98,eor
2022-06-26 03:00:00,403,2022062603,3,17.6,98,eor
2022-06-26 04:00:00,403,2022062604,3,18.1,98,eor
2022-06-26 05:00:00,403,2022062605,3,19.7,94,eor
2022-06-26 06:00:00,403,2022062606,3,21.2,87,eor
2022-06-26 07:00:00,403,2022062607,3,24.5,60,eor
2022-06-26 08:00:00,403,2022062608,3,27.2,49,eor
2022-06-26 09:00:00,403,2022062609,3,27,46,eor
2022-06-26 10:00:00,403,2022062610,3,28.2,44,eor
2022-06-26 11:00:00,403,2022062611,3,28.6,43,eor
2022-06-26 12:00:00,403,2022062612,3,30.6,40,eor
2022-06-26 13:00:00,403,2022062613,3,30.4,37,eor
2022-06-26 14:00:00,403,2022062614,3,31.2,36,eor
2022-06-26 15:00:00,403,2022062615,3,31.7,34,eor
2022-06-26 16:00:00,403,2022062616,3,30.9,35,eor
2022-06-26 17:00:00,403,2022062617,3,28.5,42,eor
2022-06-26 18:00:00,403,2022062618,3,26.2,51,eor
2022-06-26 19:00:00,403,2022062619,3,25.5,55,eor
2022-06-26 20:00:00,403,2022062620,3,23.2,68,eor
2022-06-26 21:00:00,403,2022062621,3,22.2,71,eor
2022-06-26 22:00:00,403,2022062622,3,21.3,74,eor
2022-06-26 23:00:00,403,2022062623,3,20.5,77,eor
2022-06-27 00:00:00,403,2022062700,3,20,81,eor
2022-06-27 01:00:00,403,2022062701,3,19.7,84,eor
2022-06-27 02:00:00,403,2022062702,3,19,87,eor
2022-06-27 03:00:00,403,2022062703,3,18.9,89,eor
2022-06-27 04:00:00,403,2022062704,3,18.8,90,eor
2022-06-27 05:00:00,403,2022062705,3,20.7,82,eor
2022-06-27 06:00:00,403,2022062706,3,23.1,69,eor
2022-06-27 07:00:00,403,2022062707,3,26.8,55,eor
2022-06-27 08:00:00,403,2022062708,3,29.6,46,eor
2022-06-27 09:00:00,403,2022062709,3,31.3,41,eor
2022-06-27 10:00:00,403,2022062710,3,32.1,37,eor
2022-06-27 11:00:00,403,2022062711,3,32.9,35,eor
2022-06-27 12:00:00,403,2022062712,3,33.4,35,eor
2022-06-27 13:00:00,403,2022062713,3,33.8,31,eor
2022-06-27 14:00:00,403,2022062714,3,35,28,eor
2022-06-27 15:00:00,403,2022062715,3,33.8,31,eor
2022-06-27 16:00:00,403,2022062716,3,34.4,31,eor
2022-06-27 17:00:00,403,2022062717,3,30.1,43,eor
2022-06-27 18:00:00,403,2022062718,3,28.7,46,eor
2022-06-27 19:00:00,403,2022062719,3,26.2,56,eor
2022-06-27 20:00:00,403,2022062720,3,25.2,60,eor
2022-06-27 21:00:00,403,2022062721,3,24.5,63,eor
2022-06-27 22:00:00,403,2022062722,3,23,71,eor
2022-06-27 23:00:00,403,2022062723,3,21.5,77,eor
2022-06-28 00:00:00,403,2022062800,3,20.9,79,eor
2022-06-28 01:00:00,403,2022062801,3,19,94,eor
2022-06-28 02:00:00,403,2022062802,3,18.6,96,eor
2022-06-28 03:00:00,403,2022062803,3,18.1,95,eor
2022-06-28 04:00:00,403,2022062804,3,17.7,94,eor
2022-06-28 05:00:00,403,2022062805,3,17.5,95,eor
2022-06-28 06:00:00,403,2022062806,3,16.9,93,eor
2022-06-28 07:00:00,403,2022062807,3,17.9,84,eor
2022-06-28 08:00:00,403,2022062808,3,19.3,73,eor
2022-06-28 09:00:00,403,2022062809,3,21.2,63,eor
2022-06-28 10:00:00,403,2022062810,3,21.6,57,eor
2022-06-28 11:00:00,403,2022062811,3,23.1,48,eor
2022-06-28 12:00:00,403,2022062812,3,24,46,eor
2022-06-28 13:00:00,403,2022062813,3,24.8,39,eor
2022-06-28 14:00:00,403,2022062814,3,25.6,37,eor
2022-06-28 15:00:00,403,2022062815,3,24.5,36,eor
2022-06-28 16:00:00,403,2022062816,3,23.3,43,eor
2022-06-28 17:00:00,403,2022062817,3,25.9,35,eor
2022-06-28 18:00:00,403,2022062818,3,24.8,39,eor
2022-06-28 19:00:00,403,2022062819,3,23.2,44,eor
2022-06-28 20:00:00,403,2022062820,3,21.6,52,eor
2022-06-28 21:00:00,403,2022062821,3,20.1,58,eor
2022-06-28 22:00:00,403,2022062822,3,19.1,65,eor
2022-06-28 23:00:00,403,2022062823,3,18.8,69,eor
2022-06-29 00:00:00,403,2022062900,3,18.5,74,eor
2022-06-29 01:00:00,403,2022062901,3,17.6,80,eor
2022-06-29 02:00:00,403,2022062902,3,17.2,83,eor
2022-06-29 03:00:00,403,2022062903,3,16.7,86,eor
2022-06-29 04:00:00,403,2022062904,3,16.7,87,eor
2022-06-29 05:00:00,403,2022062905,3,17.8,83,eor
2022-06-29 06:00:00,403,2022062906,3,19.4,74,eor
2022-06-29 07:00:00,403,2022062907,3,20.9,59,eor
2022-06-29 08:00:00,403,2022062908,3,21.8,54,eor
2022-06-29 09:00:00,403,2022062909,3,23.9,44,eor
2022-06-29 10:00:00,403,2022062910,3,23.7,43,eor
2022-06-29 11:00:00,403,2022062911,3,24,45,eor
2022-06-29 12:00:00,403,2022062912,3,24.1,42,eor
2022-06-29 13:00:00,403,2022062913,3,24.6,39,eor
2022-06-29 14:00:00,403,2022062914,3,24.1,41,eor
2022-06-29 15:00:00,403,2022062915,3,23.4,43,eor
2022-06-29 16:00:00,403,2022062916,3,23.2,40,eor
2022-06-29 17:00:00,403,2022062917,3,23.5,42,eor
2022-06-29 18:00:00,403,2022062918,3,22.7,48,eor
2022-06-29 19:00:00,403,2022062919,3,21.8,54,eor
2022-06-29 20:00:00,403,2022062920,3,20.7,61,eor
2022-06-29 21:00:00,403,2022062921,3,20.5,61,eor
2022-06-29 22:00:00,403,2022062922,3,20.4,61,eor
2022-06-29 23:00:00,403,2022062923,3,19.8,62,eor
2022-06-30 00:00:00,403,2022063000,3,18.8,69,eor
2022-06-30 01:00:00,403,2022063001,3,19.5,67,eor
2022-06-30 02:00:00,403,2022063002,3,20,68,eor
2022-06-30 03:00:00,403,2022063003,3,20.1,71,eor
2022-06-30 04:00:00,403,2022063004,3,20,71,eor
2022-06-30 05:00:00,403,2022063005,3,20.3,71,eor
2022-06-30 06:00:00,403,2022063006,3,21,70,eor
2022-06-30 07:00:00,403,2022063007,3,21,72,eor
2022-06-30 08:00:00,403,2022063008,3,21.8,71,eor
2022-06-30 09:00:00,403,2022063009,3,23.9,69,eor
2022-06-30 10:00:00,403,2022063010,3,23.8,67,eor
2022-06-30 11:00:00,403,2022063011,3,24.8,63,eor
2022-06-30 12:00:00,403,2022063012,3,25.2,62,eor
2022-06-30 13:00:00,403,2022063013,3,25.9,61,eor
2022-06-30 14:00:00,403,2022063014,3,27.5,57,eor
2022-06-30 15:00:00,403,2022063015,3,28.1,55,eor
2022-06-30 16:00:00,403,2022063016,3,28,54,eor
2022-06-30 17:00:00,403,2022063017,3,27.1,55,eor
2022-06-30 18:00:00,403,2022063018,3,26.9,56,eor
2022-06-30 19:00:00,403,2022063019,3,25.4,60,eor
2022-06-30 20:00:00,403,2022063020,3,23.7,67,eor
2022-06-30 21:00:00,403,2022063021,3,22.9,71,eor
2022-06-30 22:00:00,403,2022063022,3,21.9,78,eor
2022-06-30 23:00:00,403,2022063023,3,21.1,82,eor
2022-07-01 00:00:00,403,2022070100,3,20.6,86,eor
2022-07-01 01:00:00,403,2022070101,3,20.5,88,eor
2022-07-01 02:00:00,403,2022070102,3,19.6,93,eor
2022-07-01 03:00:00,403,2022070103,3,19.5,95,eor
2022-07-01 04:00:00,403,2022070104,3,19.6,96,eor
2022-07-01 05:00:00,403,2022070105,3,20.9,92,eor
2022-07-01 06:00:00,403,2022070106,3,22.8,81,eor
2022-07-01 07:00:00,403,2022070107,3,23,79,eor
2022-07-01 08:00:00,403,2022070108,3,25,62,eor
2022-07-01 09:00:00,403,2022070109,3,25.7,58,eor
2022-07-01 10:00:00,403,2022070110,3,19,83,eor
2022-07-01 11:00:00,403,2022070111,3,18,88,eor
2022-07-01 12:00:00,403,2022070112,3,16.7,98,eor
2022-07-01 13:00:00,403,2022070113,3,17.4,94,eor
2022-07-01 14:00:00,403,2022070114,3,17.1,91,eor
2022-07-01 15:00:00,403,2022070115,3,16.5,94,eor
2022-07-01 16:00:00,403,2022070116,3,16.5,95,eor
2022-07-01 17:00:00,403,2022070117,3,16,92,eor
2022-07-01 18:00:00,403,2022070118,3,16.1,92,eor
2022-07-01 19:00:00,403,2022070119,3,16.2,89,eor
2022-07-01 20:00:00,403,2022070120,3,16.4,82,eor
2022-07-01 21:00:00,403,2022070121,3,16.1,83,eor
2022-07-01 22:00:00,403,2022070122,3,15.9,83,eor
2022-07-01 23:00:00,403,2022070123,3,15.1,89,eor
2022-07-02 00:00:00,403,2022070200,3,13.8,95,eor
2022-07-02 01:00:00,403,2022070201,3,13.1,99,eor
2022-07-02 02:00:00,403,2022070202,3,12.5,100,eor
2022-07-02 03:00:00,403,2022070203,3,12.2,100,eor
2022-07-02 04:00:00,403,2022070204,3,12.3,100,eor
2022-07-02 05:00:00,403,2022070205,3,13.5,97,eor
2022-07-02 06:00:00,403,2022070206,3,15.5,86,eor
2022-07-02 07:00:00,403,2022070207,3,18.2,70,eor
2022-07-02 08:00:00,403,2022070208,3,20.7,55,eor
2022-07-02 09:00:00,403,2022070209,3,21.6,44,eor
2022-07-02 10:00:00,403,2022070210,3,22.8,40,eor
2022-07-02 11:00:00,403,2022070211,3,23.1,39,eor
2022-07-02 12:00:00,403,2022070212,3,24.5,35,eor
2022-07-02 13:00:00,403,2022070213,3,24.5,36,eor
2022-07-02 14:00:00,403,2022070214,3,25.7,34,eor
2022-07-02 15:00:00,403,2022070215,3,25.5,33,eor
2022-07-02 16:00:00,403,2022070216,3,25.6,32,eor
2022-07-02 17:00:00,403,2022070217,3,25.7,32,eor
2022-07-02 18:00:00,403,2022070218,3,24.7,34,eor
2022-07-02 19:00:00,403,2022070219,3,22.7,41,eor
2022-07-02 20:00:00,403,2022070220,3,19.2,54,eor
2022-07-02 21:00:00,403,2022070221,3,17.2,64,eor
2022-07-02 22:00:00,403,2022070222,3,16.6,70,eor
2022-07-02 23:00:00,403,2022070223,3,16.2,72,eor
2022-07-03 00:00:00,403,2022070300,3,15.5,77,eor
2022-07-03 01:00:00,403,2022070301,3,15.3,76,eor
2022-07-03 02:00:00,403,2022070302,3,14.7,78,eor
2022-07-03 03:00:00,403,2022070303,3,14.1,82,eor
2022-07-03 04:00:00,403,2022070304,3,14.1,84,eor
2022-07-03 05:00:00,403,2022070305,3,15.6,78,eor
2022-07-03 06:00:00,403,2022070306,3,18.8,63,eor
2022-07-03 07:00:00,403,2022070307,3,22.1,52,eor
2022-07-03 08:00:00,403,2022070308,3,24.1,47,eor
2022-07-03 09:00:00,403,2022070309,3,25.6,43,eor
2022-07-03 10:00:00,403,2022070310,3,26.5,41,eor
2022-07-03 11:00:00,403,2022070311,3,27,38,eor
2022-07-03 12:00:00,403,2022070312,3,27.8,38,eor
2022-07-03 13:00:00,403,2022070313,3,28.8,35,eor
2022-07-03 14:00:00,403,2022070314,3,29,34,eor
2022-07-03 15:00:00,403,2022070315,3,29.1,33,eor
2022-07-03 16:00:00,403,2022070316,3,29.3,33,eor
2022-07-03 17:00:00,403,2022070317,3,29.4,34,eor
2022-07-03 18:00:00,403,2022070318,3,28.4,34,eor
2022-07-03 19:00:00,403,2022070319,3,25.7,41,eor
2022-07-03 20:00:00,403,2022070320,3,22.3,55,eor
2022-07-03 21:00:00,403,2022070321,3,21,61,eor
2022-07-03 22:00:00,403,2022070322,3,20.4,65,eor
2022-07-03 23:00:00,403,2022070323,3,19.8,67,eor
2022-07-04 00:00:00,403,2022070400,3,21,64,eor
2022-07-04 01:00:00,403,2022070401,3,19.8,71,eor
2022-07-04 02:00:00,403,2022070402,3,18.5,80,eor
2022-07-04 03:00:00,403,2022070403,3,17.1,92,eor
2022-07-04 04:00:00,403,2022070404,3,16.8,95,eor
2022-07-04 05:00:00,403,2022070405,3,17,94,eor
2022-07-04 06:00:00,403,2022070406,3,17.8,83,eor
2022-07-04 07:00:00,403,2022070407,3,19,63,eor
2022-07-04 08:00:00,403,2022070408,3,19.2,59,eor
2022-07-04 09:00:00,403,2022070409,3,20.3,56,eor
2022-07-04 10:00:00,403,2022070410,3,21.8,47,eor
2022-07-04 11:00:00,403,2022070411,3,22.1,46,eor
2022-07-04 12:00:00,403,2022070412,3,22.9,43,eor
2022-07-04 13:00:00,403,2022070413,3,24.3,39,eor
2022-07-04 14:00:00,403,2022070414,3,24.1,35,eor
2022-07-04 15:00:00,403,2022070415,3,24.4,34,eor
2022-07-04 16:00:00,403,2022070416,3,24.5,35,eor
2022-07-04 17:00:00,403,2022070417,3,23.9,34,eor
2022-07-04 18:00:00,403,2022070418,3,23.6,34,eor
2022-07-04 19:00:00,403,2022070419,3,22,38,eor
2022-07-04 20:00:00,403,2022070420,3,18.4,50,eor
2022-07-04 21:00:00,403,2022070421,3,16.4,57,eor
2022-07-04 22:00:00,403,2022070422,3,15.3,66,eor
2022-07-04 23:00:00,403,2022070423,3,14.2,74,eor
2022-07-05 00:00:00,403,2022070500,3,13.7,82,eor
2022-07-05 01:00:00,403,2022070501,3,13.1,86,eor
2022-07-05 02:00:00,403,2022070502,3,15,74,eor
2022-07-05 03:00:00,403,2022070503,3,14.1,79,eor
2022-07-05 04:00:00,403,2022070504,3,15.1,77,eor
2022-07-05 05:00:00,403,2022070505,3,16.5,71,eor
2022-07-05 06:00:00,403,2022070506,3,17.7,59,eor
2022-07-05 07:00:00,403,2022070507,3,19.1,56,eor
2022-07-05 08:00:00,403,2022070508,3,20.4,47,eor
2022-07-05 09:00:00,403,2022070509,3,21.6,43,eor
2022-07-05 10:00:00,403,2022070510,3,22.2,43,eor
2022-07-05 11:00:00,403,2022070511,3,22.8,39,eor
2022-07-05 12:00:00,403,2022070512,3,23,39,eor
2022-07-05 13:00:00,403,2022070513,3,23.6,36,eor
2022-07-05 14:00:00,403,2022070514,3,23.5,36,eor
2022-07-05 15:00:00,403,2022070515,3,24.1,35,eor
2022-07-05 16:00:00,403,2022070516,3,23.8,35,eor
2022-07-05 17:00:00,403,2022070517,3,23.6,35,eor
2022-07-05 18:00:00,403,2022070518,3,22.5,34,eor
2022-07-05 19:00:00,403,2022070519,3,21.7,35,eor
2022-07-05 20:00:00,403,2022070520,3,19.9,37,eor
2022-07-05 21:00:00,403,2022070521,3,16.7,47,eor
2022-07-05 22:00:00,403,2022070522,3,16.3,56,eor
2022-07-05 23:00:00,403,2022070523,3,17.6,50,eor
2022-07-06 00:00:00,403,2022070600,3,16.6,54,eor
2022-07-06 01:00:00,403,2022070601,3,15.7,59,eor
2022-07-06 02:00:00,403,2022070602,3,15.3,63,eor
2022-07-06 03:00:00,403,2022070603,3,14.9,71,eor
2022-07-06 04:00:00,403,2022070604,3,14.5,75,eor
2022-07-06 05:00:00,403,2022070605,3,15.2,72,eor
2022-07-06 06:00:00,403,2022070606,3,15.9,68,eor
2022-07-06 07:00:00,403,2022070607,3,16.3,65,eor
2022-07-06 08:00:00,403,2022070608,3,18,54,eor
2022-07-06 09:00:00,403,2022070609,3,17.9,52,eor
2022-07-06 10:00:00,403,2022070610,3,18.5,47,eor
2022-07-06 11:00:00,403,2022070611,3,18.9,47,eor
2022-07-06 12:00:00,403,2022070612,3,18.8,45,eor
2022-07-06 13:00:00,403,2022070613,3,19.3,47,eor
2022-07-06 14:00:00,403,2022070614,3,19.3,46,eor
2022-07-06 15:00:00,403,2022070615,3,18.8,47,eor
2022-07-06 16:00:00,403,2022070616,3,18.9,47,eor
2022-07-06 17:00:00,403,2022070617,3,18.6,47,eor
2022-07-06 18:00:00,403,2022070618,3,18.4,48,eor
2022-07-06 19:00:00,403,2022070619,3,17.9,50,eor
2022-07-06 20:00:00,403,2022070620,3,16.7,54,eor
2022-07-06 21:00:00,403,2022070621,3,14.5,68,eor
2022-07-06 22:00:00,403,2022070622,3,13.1,79,eor
2022-07-06 23:00:00,403,2022070623,3,13.1,77,eor
2022-07-07 00:00:00,403,2022070700,3,14.3,67,eor
2022-07-07 01:00:00,403,2022070701,3,14.5,65,eor
2022-07-07 02:00:00,403,2022070702,3,13.9,79,eor
2022-07-07 03:00:00,403,2022070703,3,12.8,94,eor
2022-07-07 04:00:00,403,2022070704,3,12.4,97,eor
2022-07-07 05:00:00,403,2022070705,3,12.5,98,eor
2022-07-07 06:00:00,403,2022070706,3,12.8,98,eor
2022-07-07 07:00:00,403,2022070707,3,13.1,98,eor
2022-07-07 08:00:00,403,2022070708,3,13.6,98,eor
2022-07-07 09:00:00,403,2022070709,3,14.1,98,eor
2022-07-07 10:00:00,403,2022070710,3,15.1,95,eor
2022-07-07 11:00:00,403,2022070711,3,15.7,94,eor
2022-07-07 12:00:00,403,2022070712,3,16.1,94,eor
2022-07-07 13:00:00,403,2022070713,3,18.2,82,eor
2022-07-07 14:00:00,403,2022070714,3,19.5,74,eor
2022-07-07 15:00:00,403,2022070715,3,18.7,79,eor
2022-07-07 16:00:00,403,2022070716,3,18.7,86,eor
2022-07-07 17:00:00,403,2022070717,3,18.4,87,eor
2022-07-07 18:00:00,403,2022070718,3,17.4,90,eor
2022-07-07 19:00:00,403,2022070719,3,15.4,95,eor
2022-07-07 20:00:00,403,2022070720,3,14.8,96,eor
2022-07-07 21:00:00,403,2022070721,3,14.9,96,eor
2022-07-07 22:00:00,403,2022070722,3,14.7,89,eor
2022-07-07 23:00:00,403,2022070723,3,14,86,eor
2022-07-08 00:00:00,403,2022070800,3,14.1,85,eor
2022-07-08 01:00:00,403,2022070801,3,13.9,86,eor
2022-07-08 02:00:00,403,2022070802,3,14.2,87,eor
2022-07-08 03:00:00,403,2022070803,3,14.5,87,eor
2022-07-08 04:00:00,403,2022070804,3,14.5,87,eor
2022-07-08 05:00:00,403,2022070805,3,14.6,87,eor
2022-07-08 06:00:00,403,2022070806,3,14.1,86,eor
2022-07-08 07:00:00,403,2022070807,3,14.1,83,eor
2022-07-08 08:00:00,403,2022070808,3,14.7,76,eor
2022-07-08 09:00:00,403,2022070809,3,15.9,67,eor
2022-07-08 10:00:00,403,2022070810,3,15.8,68,eor
2022-07-08 11:00:00,403,2022070811,3,17.4,59,eor
2022-07-08 12:00:00,403,2022070812,3,19.6,47,eor
2022-07-08 13:00:00,403,2022070813,3,19.6,50,eor
2022-07-08 14:00:00,403,2022070814,3,18.8,53,eor
2022-07-08 15:00:00,403,2022070815,3,18.1,62,eor
2022-07-08 16:00:00,403,2022070816,3,18.8,63,eor
2022-07-08 17:00:00,403,2022070817,3,19.7,60,eor
2022-07-08 18:00:00,403,2022070818,3,19.8,60,eor
2022-07-08 19:00:00,403,2022070819,3,19.2,59,eor
2022-07-08 20:00:00,403,2022070820,3,18.5,61,eor
2022-07-08 21:00:00,403,2022070821,3,17.5,63,eor
2022-07-08 22:00:00,403,2022070822,3,16.5,68,eor
2022-07-08 23:00:00,403,2022070823,3,15.7,71,eor
2022-07-09 00:00:00,403,2022070900,3,14.8,74,eor
2022-07-09 01:00:00,403,2022070901,3,13.7,78,eor
2022-07-09 02:00:00,403,2022070902,3,12.8,86,eor
2022-07-09 03:00:00,403,2022070903,3,12.9,86,eor
2022-07-09 04:00:00,403,2022070904,3,13.1,86,eor
2022-07-09 05:00:00,403,2022070905,3,13.6,83,eor
2022-07-09 06:00:00,403,2022070906,3,14.4,82,eor
2022-07-09 07:00:00,403,2022070907,3,15.2,78,eor
2022-07-09 08:00:00,403,2022070908,3,16.4,74,eor
2022-07-09 09:00:00,403,2022070909,3,17,74,eor
2022-07-09 10:00:00,403,2022070910,3,15.8,84,eor
2022-07-09 11:00:00,403,2022070911,3,18.3,71,eor
2022-07-09 12:00:00,403,2022070912,3,19.8,62,eor
2022-07-09 13:00:00,403,2022070913,3,18.6,67,eor
2022-07-09 14:00:00,403,2022070914,3,17.6,86,eor
2022-07-09 15:00:00,403,2022070915,3,18.5,78,eor
2022-07-09 16:00:00,403,2022070916,3,19,69,eor
2022-07-09 17:00:00,403,2022070917,3,19.5,66,eor
2022-07-09 18:00:00,403,2022070918,3,19.3,66,eor
2022-07-09 19:00:00,403,2022070919,3,17.8,68,eor
2022-07-09 20:00:00,403,2022070920,3,18,58,eor
2022-07-09 21:00:00,403,2022070921,3,16.7,54,eor
2022-07-09 22:00:00,403,2022070922,3,14.9,60,eor
2022-07-09 23:00:00,403,2022070923,3,13.8,66,eor
2022-07-10 00:00:00,403,2022071000,3,13.8,67,eor
2022-07-10 01:00:00,403,2022071001,3,14,67,eor
2022-07-10 02:00:00,403,2022071002,3,13.6,71,eor
2022-07-10 03:00:00,403,2022071003,3,13.3,71,eor
2022-07-10 04:00:00,403,2022071004,3,12.9,75,eor
2022-07-10 05:00:00,403,2022071005,3,13.1,76,eor
2022-07-10 06:00:00,403,2022071006,3,13.7,75,eor
2022-07-10 07:00:00,403,2022071007,3,14.2,71,eor
2022-07-10 08:00:00,403,2022071008,3,16.3,59,eor
2022-07-10 09:00:00,403,2022071009,3,15.6,61,eor
2022-07-10 10:00:00,403,2022071010,3,16.2,56,eor
2022-07-10 11:00:00,403,2022071011,3,17,52,eor
2022-07-10 12:00:00,403,2022071012,3,16.9,53,eor
2022-07-10 13:00:00,403,2022071013,3,17.7,49,eor
2022-07-10 14:00:00,403,2022071014,3,19.1,46,eor
2022-07-10 15:00:00,403,2022071015,3,19.3,44,eor
2022-07-10 16:00:00,403,2022071016,3,19.4,43,eor
2022-07-10 17:00:00,403,2022071017,3,19,44,eor
2022-07-10 18:00:00,403,2022071018,3,18.6,45,eor
2022-07-10 19:00:00,403,2022071019,3,17.9,47,eor
2022-07-10 20:00:00,403,2022071020,3,16.8,51,eor
2022-07-10 21:00:00,403,2022071021,3,15.1,58,eor
2022-07-10 22:00:00,403,2022071022,3,13.7,64,eor
2022-07-10 23:00:00,403,2022071023,3,14.3,67,eor
2022-07-11 00:00:00,403,2022071100,3,14.4,68,eor
2022-07-11 01:00:00,403,2022071101,3,13.3,71,eor
2022-07-11 02:00:00,403,2022071102,3,12,78,eor
2022-07-11 03:00:00,403,2022071103,3,11.2,84,eor
2022-07-11 04:00:00,403,2022071104,3,11.1,86,eor
2022-07-11 05:00:00,403,2022071105,3,11.9,83,eor
2022-07-11 06:00:00,403,2022071106,3,13.1,81,eor
2022-07-11 07:00:00,403,2022071107,3,14.9,75,eor
2022-07-11 08:00:00,403,2022071108,3,16.4,70,eor
2022-07-11 09:00:00,403,2022071109,3,18,61,eor
2022-07-11 10:00:00,403,2022071110,3,19.2,59,eor
2022-07-11 11:00:00,403,2022071111,3,19.4,53,eor
2022-07-11 12:00:00,403,2022071112,3,21,46,eor
2022-07-11 13:00:00,403,2022071113,3,21.9,43,eor
2022-07-11 14:00:00,403,2022071114,3,21.5,42,eor
2022-07-11 15:00:00,403,2022071115,3,23.4,39,eor
2022-07-11 16:00:00,403,2022071116,3,22.7,40,eor
2022-07-11 17:00:00,403,2022071117,3,22.5,40,eor
2022-07-11 18:00:00,403,2022071118,3,21.8,41,eor
2022-07-11 19:00:00,403,2022071119,3,20.9,43,eor
2022-07-11 20:00:00,403,2022071120,3,18.6,51,eor
2022-07-11 21:00:00,403,2022071121,3,16,64,eor
2022-07-11 22:00:00,403,2022071122,3,14.4,75,eor
2022-07-11 23:00:00,403,2022071123,3,13.6,83,eor
2022-07-12 00:00:00,403,2022071200,3,13.3,85,eor
2022-07-12 01:00:00,403,2022071201,3,12.5,87,eor
2022-07-12 02:00:00,403,2022071202,3,12.1,89,eor
2022-07-12 03:00:00,403,2022071203,3,11,94,eor
2022-07-12 04:00:00,403,2022071204,3,11.9,90,eor
2022-07-12 05:00:00,403,2022071205,3,13.8,78,eor
2022-07-12 06:00:00,403,2022071206,3,15.7,66,eor
2022-07-12 07:00:00,403,2022071207,3,18.1,55,eor
2022-07-12 08:00:00,403,2022071208,3,20.4,49,eor
2022-07-12 09:00:00,403,2022071209,3,21.5,44,eor
2022-07-12 10:00:00,403,2022071210,3,22.9,41,eor
2022-07-12 11:00:00,403,2022071211,3,23.3,40,eor
2022-07-12 12:00:00,403,2022071212,3,24.7,39,eor
2022-07-12 13:00:00,403,2022071213,3,25.1,39,eor
2022-07-12 14:00:00,403,2022071214,3,25.7,39,eor
2022-07-12 15:00:00,403,2022071215,3,25.9,38,eor
2022-07-12 16:00:00,403,2022071216,3,25.9,37,eor
2022-07-12 17:00:00,403,2022071217,3,26,37,eor
2022-07-12 18:00:00,403,2022071218,3,25.4,39,eor
2022-07-12 19:00:00,403,2022071219,3,24.2,40,eor
2022-07-12 20:00:00,403,2022071220,3,21.7,43,eor
2022-07-12 21:00:00,403,2022071221,3,19,53,eor
2022-07-12 22:00:00,403,2022071222,3,17,66,eor
2022-07-12 23:00:00,403,2022071223,3,15.4,75,eor
2022-07-13 00:00:00,403,2022071300,3,14.5,81,eor
2022-07-13 01:00:00,403,2022071301,3,14.8,84,eor
2022-07-13 02:00:00,403,2022071302,3,15.7,82,eor
2022-07-13 03:00:00,403,2022071303,3,16.2,81,eor
2022-07-13 04:00:00,403,2022071304,3,16.6,81,eor
2022-07-13 05:00:00,403,2022071305,3,17.6,77,eor
2022-07-13 06:00:00,403,2022071306,3,18.8,73,eor
2022-07-13 07:00:00,403,2022071307,3,20.6,68,eor
2022-07-13 08:00:00,403,2022071308,3,22.6,59,eor
2022-07-13 09:00:00,403,2022071309,3,24.8,43,eor
2022-07-13 10:00:00,403,2022071310,3,26.2,40,eor
2022-07-13 11:00:00,403,2022071311,3,26.9,39,eor
2022-07-13 12:00:00,403,2022071312,3,27.1,35,eor
2022-07-13 13:00:00,403,2022071313,3,28,31,eor
2022-07-13 14:00:00,403,2022071314,3,27.9,31,eor
2022-07-13 15:00:00,403,2022071315,3,29.3,29,eor
2022-07-13 16:00:00,403,2022071316,3,29.9,29,eor
2022-07-13 17:00:00,403,2022071317,3,29.2,31,eor
2022-07-13 18:00:00,403,2022071318,3,28.1,33,eor
2022-07-13 19:00:00,403,2022071319,3,27.2,36,eor
2022-07-13 20:00:00,403,2022071320,3,25.8,40,eor
2022-07-13 21:00:00,403,2022071321,3,24.3,42,eor
2022-07-13 22:00:00,403,2022071322,3,23.1,45,eor
2022-07-13 23:00:00,403,2022071323,3,21.8,50,eor
2022-07-14 00:00:00,403,2022071400,3,20.4,55,eor
2022-07-14 01:00:00,403,2022071401,3,19,63,eor
2022-07-14 02:00:00,403,2022071402,3,17.8,71,eor
2022-07-14 03:00:00,403,2022071403,3,16.6,74,eor
2022-07-14 04:00:00,403,2022071404,3,15.4,76,eor
2022-07-14 05:00:00,403,2022071405,3,15.1,77,eor
2022-07-14 06:00:00,403,2022071406,3,15.6,76,eor
2022-07-14 07:00:00,403,2022071407,3,16.6,70,eor
2022-07-14 08:00:00,403,2022071408,3,17.6,61,eor
2022-07-14 09:00:00,403,2022071409,3,19.1,54,eor
2022-07-14 10:00:00,403,2022071410,3,20.1,47,eor
2022-07-14 11:00:00,403,2022071411,3,21.4,42,eor
2022-07-14 12:00:00,403,2022071412,3,21.8,38,eor
2022-07-14 13:00:00,403,2022071413,3,23.1,37,eor
2022-07-14 14:00:00,403,2022071414,3,23.5,35,eor
2022-07-14 15:00:00,403,2022071415,3,22.8,34,eor
2022-07-14 16:00:00,403,2022071416,3,22,35,eor
2022-07-14 17:00:00,403,2022071417,3,21.9,37,eor
2022-07-14 18:00:00,403,2022071418,3,20.7,40,eor
2022-07-14 19:00:00,403,2022071419,3,19.7,42,eor
2022-07-14 20:00:00,403,2022071420,3,18.8,46,eor
2022-07-14 21:00:00,403,2022071421,3,17.7,50,eor
2022-07-14 22:00:00,403,2022071422,3,16,59,eor
2022-07-14 23:00:00,403,2022071423,3,14.6,66,eor
2022-07-15 00:00:00,403,2022071500,3,13.8,71,eor
2022-07-15 01:00:00,403,2022071501,3,13.1,76,eor
2022-07-15 02:00:00,403,2022071502,3,12.8,79,eor
2022-07-15 03:00:00,403,2022071503,3,12.2,82,eor
2022-07-15 04:00:00,403,2022071504,3,12.3,84,eor
2022-07-15 05:00:00,403,2022071505,3,12.9,84,eor
2022-07-15 06:00:00,403,2022071506,3,14.1,79,eor
2022-07-15 07:00:00,403,2022071507,3,14.9,65,eor
2022-07-15 08:00:00,403,2022071508,3,16,56,eor
2022-07-15 09:00:00,403,2022071509,3,16,51,eor
2022-07-15 10:00:00,403,2022071510,3,17.1,48,eor
2022-07-15 11:00:00,403,2022071511,3,17.3,47,eor
2022-07-15 12:00:00,403,2022071512,3,17.9,43,eor
2022-07-15 13:00:00,403,2022071513,3,18.6,42,eor
2022-07-15 14:00:00,403,2022071514,3,19.1,42,eor
2022-07-15 15:00:00,403,2022071515,3,19.6,41,eor
2022-07-15 16:00:00,403,2022071516,3,19.5,40,eor
2022-07-15 17:00:00,403,2022071517,3,19.4,40,eor
2022-07-15 18:00:00,403,2022071518,3,19.1,42,eor
2022-07-15 19:00:00,403,2022071519,3,18.5,43,eor
2022-07-15 20:00:00,403,2022071520,3,17.6,47,eor
2022-07-15 21:00:00,403,2022071521,3,16.7,49,eor
2022-07-15 22:00:00,403,2022071522,3,16.2,53,eor
2022-07-15 23:00:00,403,2022071523,3,15.9,61,eor
2022-07-16 00:00:00,403,2022071600,3,15.6,63,eor
2022-07-16 01:00:00,403,2022071601,3,15.5,66,eor
2022-07-16 02:00:00,403,2022071602,3,14.9,69,eor
2022-07-16 03:00:00,403,2022071603,3,14.5,70,eor
2022-07-16 04:00:00,403,2022071604,3,14.3,70,eor
2022-07-16 05:00:00,403,2022071605,3,14.7,70,eor
2022-07-16 06:00:00,403,2022071606,3,16.2,64,eor
2022-07-16 07:00:00,403,2022071607,3,14,88,eor
2022-07-16 08:00:00,403,2022071608,3,15.3,88,eor
2022-07-16 09:00:00,403,2022071609,3,17.3,64,eor
2022-07-16 10:00:00,403,2022071610,3,18.8,53,eor
2022-07-16 11:00:00,403,2022071611,3,18.3,47,eor
2022-07-16 12:00:00,403,2022071612,3,20.2,40,eor
2022-07-16 13:00:00,403,2022071613,3,20.2,36,eor
2022-07-16 14:00:00,403,2022071614,3,20.7,34,eor
2022-07-16 15:00:00,403,2022071615,3,20.9,34,eor
2022-07-16 16:00:00,403,2022071616,3,20.8,34,eor
2022-07-16 17:00:00,403,2022071617,3,21,35,eor
2022-07-16 18:00:00,403,2022071618,3,20.1,37,eor
2022-07-16 19:00:00,403,2022071619,3,19.1,39,eor
2022-07-16 20:00:00,403,2022071620,3,17.6,43,eor
2022-07-16 21:00:00,403,2022071621,3,16.4,48,eor
2022-07-16 22:00:00,403,2022071622,3,15.3,53,eor
2022-07-16 23:00:00,403,2022071623,3,13.8,59,eor
2022-07-17 00:00:00,403,2022071700,3,12.8,65,eor
2022-07-17 01:00:00,403,2022071701,3,11.8,70,eor
2022-07-17 02:00:00,403,2022071702,3,10.5,82,eor
2022-07-17 03:00:00,403,2022071703,3,10.8,81,eor
2022-07-17 04:00:00,403,2022071704,3,10.5,84,eor
2022-07-17 05:00:00,403,2022071705,3,11.9,81,eor
2022-07-17 06:00:00,403,2022071706,3,13.9,74,eor
2022-07-17 07:00:00,403,2022071707,3,15,65,eor
2022-07-17 08:00:00,403,2022071708,3,15,63,eor
2022-07-17 09:00:00,403,2022071709,3,16.2,58,eor
2022-07-17 10:00:00,403,2022071710,3,16.3,58,eor
2022-07-17 11:00:00,403,2022071711,3,18.2,55,eor
2022-07-17 12:00:00,403,2022071712,3,19.1,50,eor
2022-07-17 13:00:00,403,2022071713,3,21.2,46,eor
2022-07-17 14:00:00,403,2022071714,3,21.5,41,eor
2022-07-17 15:00:00,403,2022071715,3,22.3,39,eor
2022-07-17 16:00:00,403,2022071716,3,23.1,37,eor
2022-07-17 17:00:00,403,2022071717,3,22.8,37,eor
2022-07-17 18:00:00,403,2022071718,3,22.5,39,eor
2022-07-17 19:00:00,403,2022071719,3,20.8,43,eor
2022-07-17 20:00:00,403,2022071720,3,17.6,55,eor
2022-07-17 21:00:00,403,2022071721,3,15.6,67,eor
2022-07-17 22:00:00,403,2022071722,3,14.8,72,eor
2022-07-17 23:00:00,403,2022071723,3,14.1,78,eor
2022-07-18 00:00:00,403,2022071800,3,14.1,80,eor
2022-07-18 01:00:00,403,2022071801,3,14.5,78,eor
2022-07-18 02:00:00,403,2022071802,3,13.3,83,eor
2022-07-18 03:00:00,403,2022071803,3,12.2,89,eor
2022-07-18 04:00:00,403,2022071804,3,11.7,94,eor
2022-07-18 05:00:00,403,2022071805,3,12.8,92,eor
2022-07-18 06:00:00,403,2022071806,3,16.9,63,eor
2022-07-18 07:00:00,403,2022071807,3,19.9,54,eor
2022-07-18 08:00:00,403,2022071808,3,22.4,41,eor
2022-07-18 09:00:00,403,2022071809,3,23,37,eor
2022-07-18 10:00:00,403,2022071810,3,24.7,35,eor
2022-07-18 11:00:00,403,2022071811,3,25.3,32,eor
2022-07-18 12:00:00,403,2022071812,3,25.8,32,eor
2022-07-18 13:00:00,403,2022071813,3,26.5,31,eor
2022-07-18 14:00:00,403,2022071814,3,27,31,eor
2022-07-18 15:00:00,403,2022071815,3,27.8,30,eor
2022-07-18 16:00:00,403,2022071816,3,27.8,30,eor
2022-07-18 17:00:00,403,2022071817,3,27.4,31,eor
2022-07-18 18:00:00,403,2022071818,3,26.2,35,eor
2022-07-18 19:00:00,403,2022071819,3,23.9,40,eor
2022-07-18 20:00:00,403,2022071820,3,21.4,47,eor
2022-07-18 21:00:00,403,2022071821,3,19,63,eor
2022-07-18 22:00:00,403,2022071822,3,17.6,67,eor
2022-07-18 23:00:00,403,2022071823,3,16.7,70,eor
2022-07-19 00:00:00,403,2022071900,3,15.9,75,eor
2022-07-19 01:00:00,403,2022071901,3,15.4,79,eor
2022-07-19 02:00:00,403,2022071902,3,15,80,eor
2022-07-19 03:00:00,403,2022071903,3,14.4,82,eor
2022-07-19 04:00:00,403,2022071904,3,13.9,84,eor
2022-07-19 05:00:00,403,2022071905,3,15.1,81,eor
2022-07-19 06:00:00,403,2022071906,3,19.9,56,eor
2022-07-19 07:00:00,403,2022071907,3,23.4,40,eor
2022-07-19 08:00:00,403,2022071908,3,26.6,34,eor
2022-07-19 09:00:00,403,2022071909,3,28.8,29,eor
2022-07-19 10:00:00,403,2022071910,3,30.8,27,eor
2022-07-19 11:00:00,403,2022071911,3,31.8,24,eor
2022-07-19 12:00:00,403,2022071912,3,32.8,22,eor
2022-07-19 13:00:00,403,2022071913,3,33.8,21,eor
2022-07-19 14:00:00,403,2022071914,3,34.6,19,eor
2022-07-19 15:00:00,403,2022071915,3,34.3,19,eor
2022-07-19 16:00:00,403,2022071916,3,34.1,19,eor
2022-07-19 17:00:00,403,2022071917,3,33.8,21,eor
2022-07-19 18:00:00,403,2022071918,3,30.9,26,eor
2022-07-19 19:00:00,403,2022071919,3,27.1,36,eor
2022-07-19 20:00:00,403,2022071920,3,24.3,40,eor
2022-07-19 21:00:00,403,2022071921,3,22.9,46,eor
2022-07-19 22:00:00,403,2022071922,3,23.2,45,eor
2022-07-19 23:00:00,403,2022071923,3,22.5,47,eor
2022-07-20 00:00:00,403,2022072000,3,21.5,50,eor
2022-07-20 01:00:00,403,2022072001,3,20.4,55,eor
2022-07-20 02:00:00,403,2022072002,3,19.7,59,eor
2022-07-20 03:00:00,403,2022072003,3,18.7,69,eor
2022-07-20 04:00:00,403,2022072004,3,17.8,77,eor
2022-07-20 05:00:00,403,2022072005,3,18.6,75,eor
2022-07-20 06:00:00,403,2022072006,3,21.5,64,eor
2022-07-20 07:00:00,403,2022072007,3,25.1,51,eor
2022-07-20 08:00:00,403,2022072008,3,29,36,eor
2022-07-20 09:00:00,403,2022072009,3,31.7,33,eor
2022-07-20 10:00:00,403,2022072010,3,34,27,eor
2022-07-20 11:00:00,403,2022072011,3,35,24,eor
2022-07-20 12:00:00,403,2022072012,3,36.3,23,eor
2022-07-20 13:00:00,403,2022072013,3,35.7,21,eor
2022-07-20 14:00:00,403,2022072014,3,36.2,21,eor
2022-07-20 15:00:00,403,2022072015,3,36.9,20,eor
2022-07-20 16:00:00,403,2022072016,3,36,21,eor
2022-07-20 17:00:00,403,2022072017,3,35.9,22,eor
2022-07-20 18:00:00,403,2022072018,3,33.8,24,eor
2022-07-20 19:00:00,403,2022072019,3,29.9,32,eor
2022-07-20 20:00:00,403,2022072020,3,26.4,39,eor
2022-07-20 21:00:00,403,2022072021,3,24.5,43,eor
2022-07-20 22:00:00,403,2022072022,3,23,49,eor
2022-07-20 23:00:00,403,2022072023,3,22.3,61,eor
2022-07-21 00:00:00,403,2022072100,3,21.4,61,eor
2022-07-21 01:00:00,403,2022072101,3,21.1,61,eor
2022-07-21 02:00:00,403,2022072102,3,21.5,62,eor
2022-07-21 03:00:00,403,2022072103,3,22,59,eor
2022-07-21 04:00:00,403,2022072104,3,21.6,60,eor
2022-07-21 05:00:00,403,2022072105,3,23.1,54,eor
2022-07-21 06:00:00,403,2022072106,3,22.7,58,eor
2022-07-21 07:00:00,403,2022072107,3,23.2,57,eor
2022-07-21 08:00:00,403,2022072108,3,25.5,53,eor
2022-07-21 09:00:00,403,2022072109,3,27,49,eor
2022-07-21 10:00:00,403,2022072110,3,28,45,eor
2022-07-21 11:00:00,403,2022072111,3,27.8,45,eor
2022-07-21 12:00:00,403,2022072112,3,27.2,47,eor
2022-07-21 13:00:00,403,2022072113,3,24.6,60,eor
2022-07-21 14:00:00,403,2022072114,3,23,77,eor
2022-07-21 15:00:00,403,2022072115,3,25.5,64,eor
2022-07-21 16:00:00,403,2022072116,3,25.2,62,eor
2022-07-21 17:00:00,403,2022072117,3,25.8,61,eor
2022-07-21 18:00:00,403,2022072118,3,24.6,65,eor
2022-07-21 19:00:00,403,2022072119,3,23.4,70,eor
2022-07-21 20:00:00,403,2022072120,3,20,92,eor
2022-07-21 21:00:00,403,2022072121,3,18.9,96,eor
2022-07-21 22:00:00,403,2022072122,3,18.9,97,eor
2022-07-21 23:00:00,403,2022072123,3,19.1,95,eor
2022-07-22 00:00:00,403,2022072200,3,19.7,85,eor
2022-07-22 01:00:00,403,2022072201,3,19.7,82,eor
2022-07-22 02:00:00,403,2022072202,3,19.1,83,eor
2022-07-22 03:00:00,403,2022072203,3,18.5,86,eor
2022-07-22 04:00:00,403,2022072204,3,18.1,90,eor
2022-07-22 05:00:00,403,2022072205,3,18.6,88,eor
2022-07-22 06:00:00,403,2022072206,3,19.1,84,eor
2022-07-22 07:00:00,403,2022072207,3,19.9,80,eor
2022-07-22 08:00:00,403,2022072208,3,21,73,eor
2022-07-22 09:00:00,403,2022072209,3,21.5,66,eor
2022-07-22 10:00:00,403,2022072210,3,21.3,70,eor
2022-07-22 11:00:00,403,2022072211,3,22.7,61,eor
2022-07-22 12:00:00,403,2022072212,3,23,63,eor
2022-07-22 13:00:00,403,2022072213,3,22.7,61,eor
2022-07-22 14:00:00,403,2022072214,3,22.4,61,eor
2022-07-22 15:00:00,403,2022072215,3,23.2,55,eor
2022-07-22 16:00:00,403,2022072216,3,23.3,54,eor
2022-07-22 17:00:00,403,2022072217,3,22.8,55,eor
2022-07-22 18:00:00,403,2022072218,3,21.7,58,eor
2022-07-22 19:00:00,403,2022072219,3,20.6,61,eor
2022-07-22 20:00:00,403,2022072220,3,19.3,66,eor
2022-07-22 21:00:00,403,2022072221,3,17.9,73,eor
2022-07-22 22:00:00,403,2022072222,3,16.7,84,eor
2022-07-22 23:00:00,403,2022072223,3,15.7,90,eor
2022-07-23 00:00:00,403,2022072300,3,16.7,82,eor
2022-07-23 01:00:00,403,2022072301,3,16.2,85,eor
2022-07-23 02:00:00,403,2022072302,3,15.7,86,eor
2022-07-23 03:00:00,403,2022072303,3,15.6,86,eor
2022-07-23 04:00:00,403,2022072304,3,16,81,eor
2022-07-23 05:00:00,403,2022072305,3,14.7,90,eor
2022-07-23 06:00:00,403,2022072306,3,14.6,95,eor
2022-07-23 07:00:00,403,2022072307,3,14.9,98,eor
2022-07-23 08:00:00,403,2022072308,3,15.6,94,eor
2022-07-23 09:00:00,403,2022072309,3,17.2,83,eor
2022-07-23 10:00:00,403,2022072310,3,18.7,74,eor
2022-07-23 11:00:00,403,2022072311,3,19.5,66,eor
2022-07-23 12:00:00,403,2022072312,3,20.6,59,eor
2022-07-23 13:00:00,403,2022072313,3,22.1,53,eor
2022-07-23 14:00:00,403,2022072314,3,23.4,48,eor
2022-07-23 15:00:00,403,2022072315,3,22.8,46,eor
2022-07-23 16:00:00,403,2022072316,3,23.7,43,eor
2022-07-23 17:00:00,403,2022072317,3,23,42,eor
2022-07-23 18:00:00,403,2022072318,3,22.1,42,eor
2022-07-23 19:00:00,403,2022072319,3,20.8,43,eor
2022-07-23 20:00:00,403,2022072320,3,19.2,47,eor
2022-07-23 21:00:00,403,2022072321,3,16.9,57,eor
2022-07-23 22:00:00,403,2022072322,3,15.2,66,eor
2022-07-23 23:00:00,403,2022072323,3,13.4,81,eor
2022-07-24 00:00:00,403,2022072400,3,12.3,90,eor
2022-07-24 01:00:00,403,2022072401,3,11.5,94,eor
2022-07-24 02:00:00,403,2022072402,3,11,95,eor
2022-07-24 03:00:00,403,2022072403,3,10.6,96,eor
2022-07-24 04:00:00,403,2022072404,3,10.4,98,eor
2022-07-24 05:00:00,403,2022072405,3,13.4,85,eor
2022-07-24 06:00:00,403,2022072406,3,15.4,68,eor
2022-07-24 07:00:00,403,2022072407,3,17.1,63,eor
2022-07-24 08:00:00,403,2022072408,3,19.2,56,eor
2022-07-24 09:00:00,403,2022072409,3,20.2,51,eor
2022-07-24 10:00:00,403,2022072410,3,22.5,44,eor
2022-07-24 11:00:00,403,2022072411,3,23.9,39,eor
2022-07-24 12:00:00,403,2022072412,3,24.8,38,eor
2022-07-24 13:00:00,403,2022072413,3,26.3,35,eor
2022-07-24 14:00:00,403,2022072414,3,26.6,32,eor
2022-07-24 15:00:00,403,2022072415,3,27.4,32,eor
2022-07-24 16:00:00,403,2022072416,3,27.8,32,eor
2022-07-24 17:00:00,403,2022072417,3,27.5,32,eor
2022-07-24 18:00:00,403,2022072418,3,26.2,35,eor
2022-07-24 19:00:00,403,2022072419,3,23.5,44,eor
2022-07-24 20:00:00,403,2022072420,3,20.6,55,eor
2022-07-24 21:00:00,403,2022072421,3,18.7,63,eor
2022-07-24 22:00:00,403,2022072422,3,17.4,69,eor
2022-07-24 23:00:00,403,2022072423,3,16.6,77,eor
2022-07-25 00:00:00,403,2022072500,3,16.5,81,eor
2022-07-25 01:00:00,403,2022072501,3,16.4,78,eor
2022-07-25 02:00:00,403,2022072502,3,16.6,75,eor
2022-07-25 03:00:00,403,2022072503,3,16,78,eor
2022-07-25 04:00:00,403,2022072504,3,16.3,75,eor
2022-07-25 05:00:00,403,2022072505,3,17.4,67,eor
2022-07-25 06:00:00,403,2022072506,3,20,54,eor
2022-07-25 07:00:00,403,2022072507,3,22.7,48,eor
2022-07-25 08:00:00,403,2022072508,3,26.3,41,eor
2022-07-25 09:00:00,403,2022072509,3,28.8,38,eor
2022-07-25 10:00:00,403,2022072510,3,31.4,34,eor
2022-07-25 11:00:00,403,2022072511,3,32.8,31,eor
2022-07-25 12:00:00,403,2022072512,3,33.5,28,eor
2022-07-25 13:00:00,403,2022072513,3,34.5,27,eor
2022-07-25 14:00:00,403,2022072514,3,34.4,27,eor
2022-07-25 15:00:00,403,2022072515,3,33.9,26,eor
2022-07-25 16:00:00,403,2022072516,3,34,27,eor
2022-07-25 17:00:00,403,2022072517,3,32.9,27,eor
2022-07-25 18:00:00,403,2022072518,3,22.6,80,eor
2022-07-25 19:00:00,403,2022072519,3,21.9,89,eor
2022-07-25 20:00:00,403,2022072520,3,21.5,91,eor
2022-07-25 21:00:00,403,2022072521,3,23.4,68,eor
2022-07-25 22:00:00,403,2022072522,3,21.9,76,eor
2022-07-25 23:00:00,403,2022072523,3,20.1,94,eor
2022-07-26 00:00:00,403,2022072600,3,19.8,95,eor
2022-07-26 01:00:00,403,2022072601,3,19.1,98,eor
2022-07-26 02:00:00,403,2022072602,3,18.6,97,eor
2022-07-26 03:00:00,403,2022072603,3,18.1,98,eor
2022-07-26 04:00:00,403,2022072604,3,17.5,97,eor
2022-07-26 05:00:00,403,2022072605,3,17.3,93,eor
2022-07-26 06:00:00,403,2022072606,3,17.9,88,eor
2022-07-26 07:00:00,403,2022072607,3,19.3,73,eor
2022-07-26 08:00:00,403,2022072608,3,20.5,62,eor
2022-07-26 09:00:00,403,2022072609,3,22,54,eor
2022-07-26 10:00:00,403,2022072610,3,22.9,52,eor
2022-07-26 11:00:00,403,2022072611,3,23.4,51,eor
2022-07-26 12:00:00,403,2022072612,3,23.4,48,eor
2022-07-26 13:00:00,403,2022072613,3,17.5,91,eor
2022-07-26 14:00:00,403,2022072614,3,18.3,86,eor
2022-07-26 15:00:00,403,2022072615,3,20.2,77,eor
2022-07-26 16:00:00,403,2022072616,3,21.4,64,eor
2022-07-26 17:00:00,403,2022072617,3,21.5,55,eor
2022-07-26 18:00:00,403,2022072618,3,21,53,eor
2022-07-26 19:00:00,403,2022072619,3,19.7,54,eor
2022-07-26 20:00:00,403,2022072620,3,18.2,58,eor
2022-07-26 21:00:00,403,2022072621,3,17.4,57,eor
2022-07-26 22:00:00,403,2022072622,3,17.1,55,eor
2022-07-26 23:00:00,403,2022072623,3,16.8,53,eor
2022-07-27 00:00:00,403,2022072700,3,16.1,56,eor
2022-07-27 01:00:00,403,2022072701,3,15.1,58,eor
2022-07-27 02:00:00,403,2022072702,3,13.6,64,eor
2022-07-27 03:00:00,403,2022072703,3,12.4,71,eor
2022-07-27 04:00:00,403,2022072704,3,12.5,77,eor
2022-07-27 05:00:00,403,2022072705,3,12.5,78,eor
2022-07-27 06:00:00,403,2022072706,3,13.6,73,eor
2022-07-27 07:00:00,403,2022072707,3,15.2,66,eor
2022-07-27 08:00:00,403,2022072708,3,16.2,61,eor
2022-07-27 09:00:00,403,2022072709,3,16.7,57,eor
2022-07-27 10:00:00,403,2022072710,3,17.1,52,eor
2022-07-27 11:00:00,403,2022072711,3,18.7,48,eor
2022-07-27 12:00:00,403,2022072712,3,19.1,47,eor
2022-07-27 13:00:00,403,2022072713,3,19.1,44,eor
2022-07-27 14:00:00,403,2022072714,3,19.9,43,eor
2022-07-27 15:00:00,403,2022072715,3,19.7,44,eor
2022-07-27 16:00:00,403,2022072716,3,19.9,43,eor
2022-07-27 17:00:00,403,2022072717,3,19.8,43,eor
2022-07-27 18:00:00,403,2022072718,3,19.9,42,eor
2022-07-27 19:00:00,403,2022072719,3,18.7,45,eor
2022-07-27 20:00:00,403,2022072720,3,15.6,59,eor
2022-07-27 21:00:00,403,2022072721,3,15.3,58,eor
2022-07-27 22:00:00,403,2022072722,3,13.3,67,eor
2022-07-27 23:00:00,403,2022072723,3,11.8,81,eor
2022-07-28 00:00:00,403,2022072800,3,10.6,86,eor
2022-07-28 01:00:00,403,2022072801,3,10.1,91,eor
2022-07-28 02:00:00,403,2022072802,3,9.5,94,eor
2022-07-28 03:00:00,403,2022072803,3,9.2,95,eor
2022-07-28 04:00:00,403,2022072804,3,8.9,96,eor
2022-07-28 05:00:00,403,2022072805,3,10.3,95,eor
2022-07-28 06:00:00,403,2022072806,3,13.8,76,eor
2022-07-28 07:00:00,403,2022072807,3,15.9,66,eor
2022-07-28 08:00:00,403,2022072808,3,17.5,61,eor
2022-07-28 09:00:00,403,2022072809,3,18.2,50,eor
2022-07-28 10:00:00,403,2022072810,3,19.6,47,eor
2022-07-28 11:00:00,403,2022072811,3,19.9,45,eor
2022-07-28 12:00:00,403,2022072812,3,21.6,41,eor
2022-07-28 13:00:00,403,2022072813,3,21.8,40,eor
2022-07-28 14:00:00,403,2022072814,3,22.4,39,eor
2022-07-28 15:00:00,403,2022072815,3,23.2,37,eor
2022-07-28 16:00:00,403,2022072816,3,23.2,36,eor
2022-07-28 17:00:00,403,2022072817,3,22.8,36,eor
2022-07-28 18:00:00,403,2022072818,3,21.8,40,eor
2022-07-28 19:00:00,403,2022072819,3,19.4,47,eor
2022-07-28 20:00:00,403,2022072820,3,17,58,eor
2022-07-28 21:00:00,403,2022072821,3,17,56,eor
2022-07-28 22:00:00,403,2022072822,3,15.8,61,eor
2022-07-28 23:00:00,403,2022072823,3,17.2,57,eor
2022-07-29 00:00:00,403,2022072900,3,16.4,58,eor
2022-07-29 01:00:00,403,2022072901,3,15.5,63,eor
2022-07-29 02:00:00,403,2022072902,3,15.1,66,eor
2022-07-29 03:00:00,403,2022072903,3,15.4,67,eor
2022-07-29 04:00:00,403,2022072904,3,15.2,67,eor
2022-07-29 05:00:00,403,2022072905,3,15.6,67,eor
2022-07-29 06:00:00,403,2022072906,3,16.1,67,eor
2022-07-29 07:00:00,403,2022072907,3,17.8,64,eor
2022-07-29 08:00:00,403,2022072908,3,21,55,eor
2022-07-29 09:00:00,403,2022072909,3,22.5,42,eor
2022-07-29 10:00:00,403,2022072910,3,24.2,38,eor
2022-07-29 11:00:00,403,2022072911,3,25,33,eor
2022-07-29 12:00:00,403,2022072912,3,26.9,31,eor
2022-07-29 13:00:00,403,2022072913,3,26.8,33,eor
2022-07-29 14:00:00,403,2022072914,3,27.8,32,eor
2022-07-29 15:00:00,403,2022072915,3,27.9,32,eor
2022-07-29 16:00:00,403,2022072916,3,28.1,31,eor
2022-07-29 17:00:00,403,2022072917,3,27,32,eor
2022-07-29 18:00:00,403,2022072918,3,25.9,33,eor
2022-07-29 19:00:00,403,2022072919,3,24.4,34,eor
2022-07-29 20:00:00,403,2022072920,3,23,37,eor
2022-07-29 21:00:00,403,2022072921,3,21.8,39,eor
2022-07-29 22:00:00,403,2022072922,3,21.3,40,eor
2022-07-29 23:00:00,403,2022072923,3,20.8,41,eor
2022-07-30 00:00:00,403,2022073000,3,19.7,44,eor
2022-07-30 01:00:00,403,2022073001,3,18.8,47,eor
2022-07-30 02:00:00,403,2022073002,3,18.5,50,eor
2022-07-30 03:00:00,403,2022073003,3,18,53,eor
2022-07-30 04:00:00,403,2022073004,3,17.3,57,eor
2022-07-30 05:00:00,403,2022073005,3,17.2,64,eor
2022-07-30 06:00:00,403,2022073006,3,18.5,60,eor
2022-07-30 07:00:00,403,2022073007,3,19.2,59,eor
2022-07-30 08:00:00,403,2022073008,3,19.8,57,eor
2022-07-30 09:00:00,403,2022073009,3,21,53,eor
2022-07-30 10:00:00,403,2022073010,3,22.6,51,eor
2022-07-30 11:00:00,403,2022073011,3,23.7,47,eor
2022-07-30 12:00:00,403,2022073012,3,25.3,42,eor
2022-07-30 13:00:00,403,2022073013,3,26.9,38,eor
2022-07-30 14:00:00,403,2022073014,3,25.6,39,eor
2022-07-30 15:00:00,403,2022073015,3,26.5,38,eor
2022-07-30 16:00:00,403,2022073016,3,25.9,38,eor
2022-07-30 17:00:00,403,2022073017,3,25.3,38,eor
2022-07-30 18:00:00,403,2022073018,3,24,39,eor
2022-07-30 19:00:00,403,2022073019,3,21.3,47,eor
2022-07-30 20:00:00,403,2022073020,3,20.1,52,eor
2022-07-30 21:00:00,403,2022073021,3,18.3,64,eor
2022-07-30 22:00:00,403,2022073022,3,17.1,76,eor
2022-07-30 23:00:00,403,2022073023,3,16.2,82,eor
2022-07-31 00:00:00,403,2022073100,3,15.2,89,eor
2022-07-31 01:00:00,403,2022073101,3,14.5,93,eor
2022-07-31 02:00:00,403,2022073102,3,14.1,94,eor
2022-07-31 03:00:00,403,2022073103,3,14.3,92,eor
2022-07-31 04:00:00,403,2022073104,3,13.3,95,eor
2022-07-31 05:00:00,403,2022073105,3,14.3,90,eor
2022-07-31 06:00:00,403,2022073106,3,17.5,74,eor
2022-07-31 07:00:00,403,2022073107,3,19.2,66,eor
2022-07-31 08:00:00,403,2022073108,3,22,57,eor
2022-07-31 09:00:00,403,2022073109,3,23.8,49,eor
2022-07-31 10:00:00,403,2022073110,3,24.1,47,eor
2022-07-31 11:00:00,403,2022073111,3,26,43,eor
2022-07-31 12:00:00,403,2022073112,3,26.5,43,eor
2022-07-31 13:00:00,403,2022073113,3,26,43,eor
2022-07-31 14:00:00,403,2022073114,3,27.4,38,eor
2022-07-31 15:00:00,403,2022073115,3,27.7,36,eor
2022-07-31 16:00:00,403,2022073116,3,27.2,36,eor
2022-07-31 17:00:00,403,2022073117,3,26.9,35,eor
2022-07-31 18:00:00,403,2022073118,3,25.2,40,eor
2022-07-31 19:00:00,403,2022073119,3,23.7,44,eor
2022-07-31 20:00:00,403,2022073120,3,22.6,48,eor
2022-07-31 21:00:00,403,2022073121,3,22.2,53,eor
2022-07-31 22:00:00,403,2022073122,3,21.6,57,eor
2022-07-31 23:00:00,403,2022073123,3,22.3,53,eor
2022-08-01 00:00:00,403,2022080100,3,20.8,63,eor
2022-08-01 01:00:00,403,2022080101,3,20,75,eor
2022-08-01 02:00:00,403,2022080102,3,19.3,80,eor
2022-08-01 03:00:00,403,2022080103,3,18.7,86,eor
2022-08-01 04:00:00,403,2022080104,3,18.7,90,eor
2022-08-01 05:00:00,403,2022080105,3,19,90,eor
2022-08-01 06:00:00,403,2022080106,3,19.4,90,eor
2022-08-01 07:00:00,403,2022080107,3,19.3,95,eor
2022-08-01 08:00:00,403,2022080108,3,20.2,85,eor
2022-08-01 09:00:00,403,2022080109,3,21.1,73,eor
2022-08-01 10:00:00,403,2022080110,3,21.5,70,eor
2022-08-01 11:00:00,403,2022080111,3,21.4,70,eor
2022-08-01 12:00:00,403,2022080112,3,21,73,eor
2022-08-01 13:00:00,403,2022080113,3,22.8,66,eor
2022-08-01 14:00:00,403,2022080114,3,23.8,59,eor
2022-08-01 15:00:00,403,2022080115,3,24.2,55,eor
2022-08-01 16:00:00,403,2022080116,3,23.4,60,eor
2022-08-01 17:00:00,403,2022080117,3,23.2,60,eor
2022-08-01 18:00:00,403,2022080118,3,22.8,58,eor
2022-08-01 19:00:00,403,2022080119,3,22,59,eor
2022-08-01 20:00:00,403,2022080120,3,21.2,62,eor
2022-08-01 21:00:00,403,2022080121,3,20.8,63,eor
2022-08-01 22:00:00,403,2022080122,3,18.7,70,eor
2022-08-01 23:00:00,403,2022080123,3,18.7,74,eor
2022-08-02 00:00:00,403,2022080200,3,18.1,78,eor
2022-08-02 01:00:00,403,2022080201,3,17.9,73,eor
2022-08-02 02:00:00,403,2022080202,3,17.6,71,eor
2022-08-02 03:00:00,403,2022080203,3,17.3,73,eor
2022-08-02 04:00:00,403,2022080204,3,16.6,79,eor
2022-08-02 05:00:00,403,2022080205,3,16.7,79,eor
2022-08-02 06:00:00,403,2022080206,3,17.4,75,eor
2022-08-02 07:00:00,403,2022080207,3,19.2,56,eor
2022-08-02 08:00:00,403,2022080208,3,20.9,48,eor
2022-08-02 09:00:00,403,2022080209,3,22,45,eor
2022-08-02 10:00:00,403,2022080210,3,22.9,43,eor
2022-08-02 11:00:00,403,2022080211,3,24,40,eor
2022-08-02 12:00:00,403,2022080212,3,25.3,37,eor
2022-08-02 13:00:00,403,2022080213,3,26.1,36,eor
2022-08-02 14:00:00,403,2022080214,3,26.3,34,eor
2022-08-02 15:00:00,403,2022080215,3,27.3,33,eor
2022-08-02 16:00:00,403,2022080216,3,26.4,34,eor
2022-08-02 17:00:00,403,2022080217,3,26.4,34,eor
2022-08-02 18:00:00,403,2022080218,3,25,39,eor
2022-08-02 19:00:00,403,2022080219,3,22.4,48,eor
2022-08-02 20:00:00,403,2022080220,3,20.2,57,eor
2022-08-02 21:00:00,403,2022080221,3,18.9,63,eor
2022-08-02 22:00:00,403,2022080222,3,17.7,70,eor
2022-08-02 23:00:00,403,2022080223,3,17,75,eor
2022-08-03 00:00:00,403,2022080300,3,16.8,78,eor
2022-08-03 01:00:00,403,2022080301,3,16.8,75,eor
2022-08-03 02:00:00,403,2022080302,3,17,76,eor
2022-08-03 03:00:00,403,2022080303,3,17.7,72,eor
2022-08-03 04:00:00,403,2022080304,3,17,75,eor
2022-08-03 05:00:00,403,2022080305,3,17.4,76,eor
2022-08-03 06:00:00,403,2022080306,3,20.8,59,eor
2022-08-03 07:00:00,403,2022080307,3,24,46,eor
2022-08-03 08:00:00,403,2022080308,3,27.2,39,eor
2022-08-03 09:00:00,403,2022080309,3,28.9,30,eor
2022-08-03 10:00:00,403,2022080310,3,29.9,28,eor
2022-08-03 11:00:00,403,2022080311,3,30.9,27,eor
2022-08-03 12:00:00,403,2022080312,3,31.6,27,eor
2022-08-03 13:00:00,403,2022080313,3,32.3,27,eor
2022-08-03 14:00:00,403,2022080314,3,32.7,27,eor
2022-08-03 15:00:00,403,2022080315,3,32.8,27,eor
2022-08-03 16:00:00,403,2022080316,3,32.8,27,eor
2022-08-03 17:00:00,403,2022080317,3,32.6,27,eor
2022-08-03 18:00:00,403,2022080318,3,29.9,31,eor
2022-08-03 19:00:00,403,2022080319,3,27,41,eor
2022-08-03 20:00:00,403,2022080320,3,24.2,48,eor
2022-08-03 21:00:00,403,2022080321,3,22.5,58,eor
2022-08-03 22:00:00,403,2022080322,3,21.2,66,eor
2022-08-03 23:00:00,403,2022080323,3,20.3,71,eor
2022-08-04 00:00:00,403,2022080400,3,19.7,71,eor
2022-08-04 01:00:00,403,2022080401,3,19.5,75,eor
2022-08-04 02:00:00,403,2022080402,3,19.2,78,eor
2022-08-04 03:00:00,403,2022080403,3,18.3,82,eor
2022-08-04 04:00:00,403,2022080404,3,17.7,85,eor
2022-08-04 05:00:00,403,2022080405,3,19.2,82,eor
2022-08-04 06:00:00,403,2022080406,3,21.4,69,eor
2022-08-04 07:00:00,403,2022080407,3,25.3,46,eor
2022-08-04 08:00:00,403,2022080408,3,28.4,39,eor
2022-08-04 09:00:00,403,2022080409,3,31.3,34,eor
2022-08-04 10:00:00,403,2022080410,3,33.1,30,eor
2022-08-04 11:00:00,403,2022080411,3,34.4,28,eor
2022-08-04 12:00:00,403,2022080412,3,35,26,eor
2022-08-04 13:00:00,403,2022080413,3,35.8,24,eor
2022-08-04 14:00:00,403,2022080414,3,36.4,23,eor
2022-08-04 15:00:00,403,2022080415,3,35.5,23,eor
2022-08-04 16:00:00,403,2022080416,3,35.7,23,eor
2022-08-04 17:00:00,403,2022080417,3,35.4,23,eor
2022-08-04 18:00:00,403,2022080418,3,32.5,28,eor
2022-08-04 19:00:00,403,2022080419,3,28.9,38,eor
2022-08-04 20:00:00,403,2022080420,3,26.1,47,eor
2022-08-04 21:00:00,403,2022080421,3,24.3,53,eor
2022-08-04 22:00:00,403,2022080422,3,25.2,48,eor
2022-08-04 23:00:00,403,2022080423,3,23.4,56,eor
2022-08-05 00:00:00,403,2022080500,3,23.2,55,eor
2022-08-05 01:00:00,403,2022080501,3,21.4,62,eor
2022-08-05 02:00:00,403,2022080502,3,22.1,65,eor
2022-08-05 03:00:00,403,2022080503,3,22.7,65,eor
2022-08-05 04:00:00,403,2022080504,3,22.9,66,eor
2022-08-05 05:00:00,403,2022080505,3,23.6,64,eor
2022-08-05 06:00:00,403,2022080506,3,24.2,63,eor
2022-08-05 07:00:00,403,2022080507,3,23.3,69,eor
2022-08-05 08:00:00,403,2022080508,3,23.3,69,eor
2022-08-05 09:00:00,403,2022080509,3,23.5,70,eor
2022-08-05 10:00:00,403,2022080510,3,23.4,69,eor
2022-08-05 11:00:00,403,2022080511,3,23.1,78,eor
2022-08-05 12:00:00,403,2022080512,3,25.6,63,eor
2022-08-05 13:00:00,403,2022080513,3,27.5,52,eor
2022-08-05 14:00:00,403,2022080514,3,27.1,54,eor
2022-08-05 15:00:00,403,2022080515,3,26.6,56,eor
2022-08-05 16:00:00,403,2022080516,3,24.3,67,eor
2022-08-05 17:00:00,403,2022080517,3,22.3,74,eor
2022-08-05 18:00:00,403,2022080518,3,19.4,77,eor
2022-08-05 19:00:00,403,2022080519,3,18.4,80,eor
2022-08-05 20:00:00,403,2022080520,3,17.8,71,eor
2022-08-05 21:00:00,403,2022080521,3,17.4,74,eor
2022-08-05 22:00:00,403,2022080522,3,16.8,80,eor
2022-08-05 23:00:00,403,2022080523,3,16.7,79,eor
2022-08-06 00:00:00,403,2022080600,3,15.8,75,eor
2022-08-06 01:00:00,403,2022080601,3,14.7,76,eor
2022-08-06 02:00:00,403,2022080602,3,14,79,eor
2022-08-06 03:00:00,403,2022080603,3,13.4,81,eor
2022-08-06 04:00:00,403,2022080604,3,12.9,84,eor
2022-08-06 05:00:00,403,2022080605,3,12.8,86,eor
2022-08-06 06:00:00,403,2022080606,3,12.8,87,eor
2022-08-06 07:00:00,403,2022080607,3,15,76,eor
2022-08-06 08:00:00,403,2022080608,3,16.5,69,eor
2022-08-06 09:00:00,403,2022080609,3,17.6,62,eor
2022-08-06 10:00:00,403,2022080610,3,19.1,51,eor
2022-08-06 11:00:00,403,2022080611,3,20.8,48,eor
2022-08-06 12:00:00,403,2022080612,3,21.3,43,eor
2022-08-06 13:00:00,403,2022080613,3,21.2,42,eor
2022-08-06 14:00:00,403,2022080614,3,22.1,39,eor
2022-08-06 15:00:00,403,2022080615,3,21.8,39,eor
2022-08-06 16:00:00,403,2022080616,3,21.1,40,eor
2022-08-06 17:00:00,403,2022080617,3,21.3,39,eor
2022-08-06 18:00:00,403,2022080618,3,20.5,39,eor
2022-08-06 19:00:00,403,2022080619,3,18.8,44,eor
2022-08-06 20:00:00,403,2022080620,3,15.4,57,eor
2022-08-06 21:00:00,403,2022080621,3,13.8,66,eor
2022-08-06 22:00:00,403,2022080622,3,12.9,73,eor
2022-08-06 23:00:00,403,2022080623,3,12.2,79,eor
2022-08-07 00:00:00,403,2022080700,3,11.6,83,eor
2022-08-07 01:00:00,403,2022080701,3,11.5,86,eor
2022-08-07 02:00:00,403,2022080702,3,10.7,90,eor
2022-08-07 03:00:00,403,2022080703,3,10.2,93,eor
2022-08-07 04:00:00,403,2022080704,3,9.8,95,eor
2022-08-07 05:00:00,403,2022080705,3,10.4,95,eor
2022-08-07 06:00:00,403,2022080706,3,14.1,74,eor
2022-08-07 07:00:00,403,2022080707,3,16.9,55,eor
2022-08-07 08:00:00,403,2022080708,3,19.7,44,eor
2022-08-07 09:00:00,403,2022080709,3,21.1,40,eor
2022-08-07 10:00:00,403,2022080710,3,22,37,eor
2022-08-07 11:00:00,403,2022080711,3,21.6,36,eor
2022-08-07 12:00:00,403,2022080712,3,22.5,35,eor
2022-08-07 13:00:00,403,2022080713,3,23.7,34,eor
2022-08-07 14:00:00,403,2022080714,3,24,32,eor
2022-08-07 15:00:00,403,2022080715,3,23.4,34,eor
2022-08-07 16:00:00,403,2022080716,3,22.9,34,eor
2022-08-07 17:00:00,403,2022080717,3,23.8,33,eor
2022-08-07 18:00:00,403,2022080718,3,23,34,eor
2022-08-07 19:00:00,403,2022080719,3,20.8,39,eor
2022-08-07 20:00:00,403,2022080720,3,17.5,50,eor
2022-08-07 21:00:00,403,2022080721,3,15.6,59,eor
2022-08-07 22:00:00,403,2022080722,3,14.8,66,eor
2022-08-07 23:00:00,403,2022080723,3,14,70,eor
2022-08-08 00:00:00,403,2022080800,3,13.4,74,eor
2022-08-08 01:00:00,403,2022080801,3,12.9,78,eor
2022-08-08 02:00:00,403,2022080802,3,12.3,81,eor
2022-08-08 03:00:00,403,2022080803,3,11.8,83,eor
2022-08-08 04:00:00,403,2022080804,3,11.4,86,eor
2022-08-08 05:00:00,403,2022080805,3,11.7,86,eor
2022-08-08 06:00:00,403,2022080806,3,14.9,71,eor
2022-08-08 07:00:00,403,2022080807,3,18.4,49,eor
2022-08-08 08:00:00,403,2022080808,3,21.8,38,eor
2022-08-08 09:00:00,403,2022080809,3,23.3,31,eor
2022-08-08 10:00:00,403,2022080810,3,24.8,30,eor
2022-08-08 11:00:00,403,2022080811,3,24,31,eor
2022-08-08 12:00:00,403,2022080812,3,25.3,30,eor
2022-08-08 13:00:00,403,2022080813,3,25.2,29,eor
2022-08-08 14:00:00,403,2022080814,3,26.4,28,eor
2022-08-08 15:00:00,403,2022080815,3,25.3,29,eor
2022-08-08 16:00:00,403,2022080816,3,25.9,27,eor
2022-08-08 17:00:00,403,2022080817,3,25.2,29,eor
2022-08-08 18:00:00,403,2022080818,3,24.4,30,eor
2022-08-08 19:00:00,403,2022080819,3,23.4,34,eor
2022-08-08 20:00:00,403,2022080820,3,21.4,40,eor
2022-08-08 21:00:00,403,2022080821,3,20.7,45,eor
2022-08-08 22:00:00,403,2022080822,3,19.3,49,eor
2022-08-08 23:00:00,403,2022080823,3,19.1,50,eor
2022-08-09 00:00:00,403,2022080900,3,17.8,56,eor
2022-08-09 01:00:00,403,2022080901,3,18.5,57,eor
2022-08-09 02:00:00,403,2022080902,3,18.5,58,eor
2022-08-09 03:00:00,403,2022080903,3,18.2,60,eor
2022-08-09 04:00:00,403,2022080904,3,18.2,62,eor
2022-08-09 05:00:00,403,2022080905,3,18.4,62,eor
2022-08-09 06:00:00,403,2022080906,3,18.9,61,eor
2022-08-09 07:00:00,403,2022080907,3,19.7,59,eor
2022-08-09 08:00:00,403,2022080908,3,20.7,47,eor
2022-08-09 09:00:00,403,2022080909,3,22.6,41,eor
2022-08-09 10:00:00,403,2022080910,3,24.4,37,eor
2022-08-09 11:00:00,403,2022080911,3,25.2,34,eor
2022-08-09 12:00:00,403,2022080912,3,25.8,31,eor
2022-08-09 13:00:00,403,2022080913,3,25.8,32,eor
2022-08-09 14:00:00,403,2022080914,3,26,31,eor
2022-08-09 15:00:00,403,2022080915,3,26.4,31,eor
2022-08-09 16:00:00,403,2022080916,3,26.3,31,eor
2022-08-09 17:00:00,403,2022080917,3,25.7,32,eor
2022-08-09 18:00:00,403,2022080918,3,24.6,34,eor
2022-08-09 19:00:00,403,2022080919,3,23.1,37,eor
2022-08-09 20:00:00,403,2022080920,3,21.6,42,eor
2022-08-09 21:00:00,403,2022080921,3,20.9,45,eor
2022-08-09 22:00:00,403,2022080922,3,19.7,52,eor
2022-08-09 23:00:00,403,2022080923,3,18.6,58,eor
2022-08-10 00:00:00,403,2022081000,3,16.7,69,eor
2022-08-10 01:00:00,403,2022081001,3,15.8,79,eor
2022-08-10 02:00:00,403,2022081002,3,15.3,83,eor
2022-08-10 03:00:00,403,2022081003,3,14.2,88,eor
2022-08-10 04:00:00,403,2022081004,3,13.6,93,eor
2022-08-10 05:00:00,403,2022081005,3,13.9,94,eor
2022-08-10 06:00:00,403,2022081006,3,17.3,77,eor
2022-08-10 07:00:00,403,2022081007,3,18.8,69,eor
2022-08-10 08:00:00,403,2022081008,3,20.8,55,eor
2022-08-10 09:00:00,403,2022081009,3,22.6,45,eor
2022-08-10 10:00:00,403,2022081010,3,24.1,36,eor
2022-08-10 11:00:00,403,2022081011,3,25.9,32,eor
2022-08-10 12:00:00,403,2022081012,3,26.7,30,eor
2022-08-10 13:00:00,403,2022081013,3,27.5,28,eor
2022-08-10 14:00:00,403,2022081014,3,27.9,27,eor
2022-08-10 15:00:00,403,2022081015,3,28.2,26,eor
2022-08-10 16:00:00,403,2022081016,3,28.1,25,eor
2022-08-10 17:00:00,403,2022081017,3,27.4,25,eor
2022-08-10 18:00:00,403,2022081018,3,24.8,31,eor
2022-08-10 19:00:00,403,2022081019,3,22.1,43,eor
2022-08-10 20:00:00,403,2022081020,3,19.5,51,eor
2022-08-10 21:00:00,403,2022081021,3,22.2,46,eor
2022-08-10 22:00:00,403,2022081022,3,20.6,50,eor
2022-08-10 23:00:00,403,2022081023,3,18.9,54,eor
2022-08-11 00:00:00,403,2022081100,3,18.6,54,eor
2022-08-11 01:00:00,403,2022081101,3,18,54,eor
2022-08-11 02:00:00,403,2022081102,3,17.2,58,eor
2022-08-11 03:00:00,403,2022081103,3,15.7,64,eor
2022-08-11 04:00:00,403,2022081104,3,14.7,71,eor
2022-08-11 05:00:00,403,2022081105,3,14.8,76,eor
2022-08-11 06:00:00,403,2022081106,3,17.2,69,eor
2022-08-11 07:00:00,403,2022081107,3,19.9,54,eor
2022-08-11 08:00:00,403,2022081108,3,23.6,43,eor
2022-08-11 09:00:00,403,2022081109,3,25.8,35,eor
2022-08-11 10:00:00,403,2022081110,3,26.9,32,eor
2022-08-11 11:00:00,403,2022081111,3,28.3,29,eor
2022-08-11 12:00:00,403,2022081112,3,29.4,28,eor
2022-08-11 13:00:00,403,2022081113,3,28.9,27,eor
2022-08-11 14:00:00,403,2022081114,3,29.2,26,eor
2022-08-11 15:00:00,403,2022081115,3,29.8,25,eor
2022-08-11 16:00:00,403,2022081116,3,29.1,24,eor
2022-08-11 17:00:00,403,2022081117,3,28.1,24,eor
2022-08-11 18:00:00,403,2022081118,3,26.4,25,eor
2022-08-11 19:00:00,403,2022081119,3,23.3,30,eor
2022-08-11 20:00:00,403,2022081120,3,21,34,eor
2022-08-11 21:00:00,403,2022081121,3,19.4,41,eor
2022-08-11 22:00:00,403,2022081122,3,20.3,43,eor
2022-08-11 23:00:00,403,2022081123,3,19.8,47,eor
2022-08-12 00:00:00,403,2022081200,3,18.7,55,eor
2022-08-12 01:00:00,403,2022081201,3,16.7,66,eor
2022-08-12 02:00:00,403,2022081202,3,15.7,76,eor
2022-08-12 03:00:00,403,2022081203,3,14.7,78,eor
2022-08-12 04:00:00,403,2022081204,3,13.9,82,eor
2022-08-12 05:00:00,403,2022081205,3,14.5,85,eor
2022-08-12 06:00:00,403,2022081206,3,17.3,71,eor
2022-08-12 07:00:00,403,2022081207,3,21,50,eor
2022-08-12 08:00:00,403,2022081208,3,24.7,39,eor
2022-08-12 09:00:00,403,2022081209,3,26.5,32,eor
2022-08-12 10:00:00,403,2022081210,3,27.2,30,eor
2022-08-12 11:00:00,403,2022081211,3,28,29,eor
2022-08-12 12:00:00,403,2022081212,3,28.7,28,eor
2022-08-12 13:00:00,403,2022081213,3,27.9,28,eor
2022-08-12 14:00:00,403,2022081214,3,29.2,27,eor
2022-08-12 15:00:00,403,2022081215,3,29.5,28,eor
2022-08-12 16:00:00,403,2022081216,3,28.9,28,eor
2022-08-12 17:00:00,403,2022081217,3,27.8,29,eor
2022-08-12 18:00:00,403,2022081218,3,26.4,31,eor
2022-08-12 19:00:00,403,2022081219,3,24.7,35,eor
2022-08-12 20:00:00,403,2022081220,3,21.7,47,eor
2022-08-12 21:00:00,403,2022081221,3,20.7,54,eor
2022-08-12 22:00:00,403,2022081222,3,19.6,59,eor
2022-08-12 23:00:00,403,2022081223,3,20.1,60,eor
2022-08-13 00:00:00,403,2022081300,3,19.4,63,eor
2022-08-13 01:00:00,403,2022081301,3,18.5,65,eor
2022-08-13 02:00:00,403,2022081302,3,17.2,71,eor
2022-08-13 03:00:00,403,2022081303,3,16.7,77,eor
2022-08-13 04:00:00,403,2022081304,3,16.2,80,eor
2022-08-13 05:00:00,403,2022081305,3,16.6,82,eor
2022-08-13 06:00:00,403,2022081306,3,18.3,78,eor
2022-08-13 07:00:00,403,2022081307,3,21.9,62,eor
2022-08-13 08:00:00,403,2022081308,3,24,55,eor
2022-08-13 09:00:00,403,2022081309,3,24.6,55,eor
2022-08-13 10:00:00,403,2022081310,3,26.9,50,eor
2022-08-13 11:00:00,403,2022081311,3,25.6,51,eor
2022-08-13 12:00:00,403,2022081312,3,25.7,54,eor
2022-08-13 13:00:00,403,2022081313,3,24.7,60,eor
2022-08-13 14:00:00,403,2022081314,3,26.6,53,eor
2022-08-13 15:00:00,403,2022081315,3,28,48,eor
2022-08-13 16:00:00,403,2022081316,3,28.9,46,eor
2022-08-13 17:00:00,403,2022081317,3,27.9,47,eor
2022-08-13 18:00:00,403,2022081318,3,26.7,51,eor
2022-08-13 19:00:00,403,2022081319,3,25,59,eor
2022-08-13 20:00:00,403,2022081320,3,22.5,80,eor
2022-08-13 21:00:00,403,2022081321,3,21.7,87,eor
2022-08-13 22:00:00,403,2022081322,3,20.2,95,eor
2022-08-13 23:00:00,403,2022081323,3,19.5,97,eor
2022-08-14 00:00:00,403,2022081400,3,19.4,98,eor
2022-08-14 01:00:00,403,2022081401,3,18.9,98,eor
2022-08-14 02:00:00,403,2022081402,3,18.7,95,eor
2022-08-14 03:00:00,403,2022081403,3,18.9,95,eor
2022-08-14 04:00:00,403,2022081404,3,18.8,95,eor
2022-08-14 05:00:00,403,2022081405,3,19.2,95,eor
2022-08-14 06:00:00,403,2022081406,3,20.8,83,eor
2022-08-14 07:00:00,403,2022081407,3,23.4,66,eor
2022-08-14 08:00:00,403,2022081408,3,25,56,eor
2022-08-14 09:00:00,403,2022081409,3,27.8,47,eor
2022-08-14 10:00:00,403,2022081410,3,28.5,43,eor
2022-08-14 11:00:00,403,2022081411,3,30.2,38,eor
2022-08-14 12:00:00,403,2022081412,3,31,35,eor
2022-08-14 13:00:00,403,2022081413,3,31.4,33,eor
2022-08-14 14:00:00,403,2022081414,3,31.4,31,eor
2022-08-14 15:00:00,403,2022081415,3,31.8,28,eor
2022-08-14 16:00:00,403,2022081416,3,31.6,27,eor
2022-08-14 17:00:00,403,2022081417,3,30.8,29,eor
2022-08-14 18:00:00,403,2022081418,3,28.7,33,eor
2022-08-14 19:00:00,403,2022081419,3,26.7,40,eor
2022-08-14 20:00:00,403,2022081420,3,25.7,48,eor
2022-08-14 21:00:00,403,2022081421,3,24.4,54,eor
2022-08-14 22:00:00,403,2022081422,3,23,63,eor
2022-08-14 23:00:00,403,2022081423,3,23,64,eor
2022-08-15 00:00:00,403,2022081500,3,22,71,eor
2022-08-15 01:00:00,403,2022081501,3,21,78,eor
2022-08-15 02:00:00,403,2022081502,3,20.1,84,eor
2022-08-15 03:00:00,403,2022081503,3,19.9,87,eor
2022-08-15 04:00:00,403,2022081504,3,19.4,90,eor
2022-08-15 05:00:00,403,2022081505,3,19.4,93,eor
2022-08-15 06:00:00,403,2022081506,3,21.2,82,eor
2022-08-15 07:00:00,403,2022081507,3,22.4,74,eor
2022-08-15 08:00:00,403,2022081508,3,24.5,63,eor
2022-08-15 09:00:00,403,2022081509,3,26,55,eor
2022-08-15 10:00:00,403,2022081510,3,27.6,51,eor
2022-08-15 11:00:00,403,2022081511,3,28,47,eor
2022-08-15 12:00:00,403,2022081512,3,29.5,45,eor
2022-08-15 13:00:00,403,2022081513,3,28.8,44,eor
2022-08-15 14:00:00,403,2022081514,3,30.1,39,eor
2022-08-15 15:00:00,403,2022081515,3,30.6,36,eor
2022-08-15 16:00:00,403,2022081516,3,29.3,40,eor
2022-08-15 17:00:00,403,2022081517,3,20.3,91,eor
2022-08-15 18:00:00,403,2022081518,3,20.1,95,eor
2022-08-15 19:00:00,403,2022081519,3,19.9,95,eor
2022-08-15 20:00:00,403,2022081520,3,19.6,98,eor
2022-08-15 21:00:00,403,2022081521,3,19.2,99,eor
2022-08-15 22:00:00,403,2022081522,3,19.4,99,eor
2022-08-15 23:00:00,403,2022081523,3,19.3,99,eor
2022-08-16 00:00:00,403,2022081600,3,19,98,eor
2022-08-16 01:00:00,403,2022081601,3,18.6,98,eor
2022-08-16 02:00:00,403,2022081602,3,18.2,98,eor
2022-08-16 03:00:00,403,2022081603,3,17.4,98,eor
2022-08-16 04:00:00,403,2022081604,3,17,99,eor
2022-08-16 05:00:00,403,2022081605,3,17.3,99,eor
2022-08-16 06:00:00,403,2022081606,3,18.3,99,eor
2022-08-16 07:00:00,403,2022081607,3,19.4,94,eor
2022-08-16 08:00:00,403,2022081608,3,22,82,eor
2022-08-16 09:00:00,403,2022081609,3,24.4,65,eor
2022-08-16 10:00:00,403,2022081610,3,26.2,53,eor
2022-08-16 11:00:00,403,2022081611,3,27.8,46,eor
2022-08-16 12:00:00,403,2022081612,3,27.4,44,eor
2022-08-16 13:00:00,403,2022081613,3,29,40,eor
2022-08-16 14:00:00,403,2022081614,3,28.4,39,eor
2022-08-16 15:00:00,403,2022081615,3,29.4,38,eor
2022-08-16 16:00:00,403,2022081616,3,29.1,36,eor
2022-08-16 17:00:00,403,2022081617,3,29,37,eor
2022-08-16 18:00:00,403,2022081618,3,25.6,49,eor
2022-08-16 19:00:00,403,2022081619,3,23.2,64,eor
2022-08-16 20:00:00,403,2022081620,3,21.4,73,eor
2022-08-16 21:00:00,403,2022081621,3,20.4,83,eor
2022-08-16 22:00:00,403,2022081622,3,19.1,86,eor
2022-08-16 23:00:00,403,2022081623,3,18.8,87,eor
2022-08-17 00:00:00,403,2022081700,3,18.3,93,eor
2022-08-17 01:00:00,403,2022081701,3,17.9,94,eor
2022-08-17 02:00:00,403,2022081702,3,17.4,95,eor
2022-08-17 03:00:00,403,2022081703,3,17.2,97,eor
2022-08-17 04:00:00,403,2022081704,3,16.6,97,eor
2022-08-17 05:00:00,403,2022081705,3,17.2,98,eor
2022-08-17 06:00:00,403,2022081706,3,18.7,93,eor
2022-08-17 07:00:00,403,2022081707,3,22.8,63,eor
2022-08-17 08:00:00,403,2022081708,3,26.7,46,eor
2022-08-17 09:00:00,403,2022081709,3,28.9,38,eor
2022-08-17 10:00:00,403,2022081710,3,29.7,35,eor
2022-08-17 11:00:00,403,2022081711,3,30.5,33,eor
2022-08-17 12:00:00,403,2022081712,3,31.6,32,eor
2022-08-17 13:00:00,403,2022081713,3,30.8,32,eor
2022-08-17 14:00:00,403,2022081714,3,31.1,32,eor
2022-08-17 15:00:00,403,2022081715,3,30.7,34,eor
2022-08-17 16:00:00,403,2022081716,3,30.7,36,eor
2022-08-17 17:00:00,403,2022081717,3,29.2,42,eor
2022-08-17 18:00:00,403,2022081718,3,27.1,48,eor
2022-08-17 19:00:00,403,2022081719,3,24.8,54,eor
2022-08-17 20:00:00,403,2022081720,3,23.4,56,eor
2022-08-17 21:00:00,403,2022081721,3,23.5,57,eor
2022-08-17 22:00:00,403,2022081722,3,23.2,60,eor
2022-08-17 23:00:00,403,2022081723,3,23.2,62,eor
2022-08-18 00:00:00,403,2022081800,3,23.1,64,eor
2022-08-18 01:00:00,403,2022081801,3,21.8,70,eor
2022-08-18 02:00:00,403,2022081802,3,21.7,70,eor
2022-08-18 03:00:00,403,2022081803,3,20.4,76,eor
2022-08-18 04:00:00,403,2022081804,3,19.1,87,eor
2022-08-18 05:00:00,403,2022081805,3,19,87,eor
2022-08-18 06:00:00,403,2022081806,3,20.4,85,eor
2022-08-18 07:00:00,403,2022081807,3,23.1,66,eor
2022-08-18 08:00:00,403,2022081808,3,24.4,61,eor
2022-08-18 09:00:00,403,2022081809,3,25.8,58,eor
2022-08-18 10:00:00,403,2022081810,3,27.6,51,eor
2022-08-18 11:00:00,403,2022081811,3,29.9,45,eor
2022-08-18 12:00:00,403,2022081812,3,31.6,39,eor
2022-08-18 13:00:00,403,2022081813,3,32.1,38,eor
2022-08-18 14:00:00,403,2022081814,3,32.6,35,eor
2022-08-18 15:00:00,403,2022081815,3,32.4,37,eor
2022-08-18 16:00:00,403,2022081816,3,30.2,40,eor
2022-08-18 17:00:00,403,2022081817,3,27.1,48,eor
2022-08-18 18:00:00,403,2022081818,3,23.8,70,eor
2022-08-18 19:00:00,403,2022081819,3,23.5,72,eor
2022-08-18 20:00:00,403,2022081820,3,23.2,74,eor
2022-08-18 21:00:00,403,2022081821,3,22.2,82,eor
2022-08-18 22:00:00,403,2022081822,3,21,95,eor
2022-08-18 23:00:00,403,2022081823,3,21,95,eor
2022-08-19 00:00:00,403,2022081900,3,20.5,96,eor
2022-08-19 01:00:00,403,2022081901,3,20.4,95,eor
2022-08-19 02:00:00,403,2022081902,3,20.2,97,eor
2022-08-19 03:00:00,403,2022081903,3,19.8,98,eor
2022-08-19 04:00:00,403,2022081904,3,19.6,99,eor
2022-08-19 05:00:00,403,2022081905,3,19.8,98,eor
2022-08-19 06:00:00,403,2022081906,3,20.4,94,eor
2022-08-19 07:00:00,403,2022081907,3,21.2,90,eor
2022-08-19 08:00:00,403,2022081908,3,21.6,89,eor
2022-08-19 09:00:00,403,2022081909,3,21.6,89,eor
2022-08-19 10:00:00,403,2022081910,3,21.9,88,eor
2022-08-19 11:00:00,403,2022081911,3,22.6,84,eor
2022-08-19 12:00:00,403,2022081912,3,22.3,84,eor
2022-08-19 13:00:00,403,2022081913,3,22.3,83,eor
2022-08-19 14:00:00,403,2022081914,3,23,78,eor
2022-08-19 15:00:00,403,2022081915,3,23.1,77,eor
2022-08-19 16:00:00,403,2022081916,3,22,83,eor
2022-08-19 17:00:00,403,2022081917,3,21.3,87,eor
2022-08-19 18:00:00,403,2022081918,3,21.1,87,eor
2022-08-19 19:00:00,403,2022081919,3,20.6,93,eor
2022-08-19 20:00:00,403,2022081920,3,20.3,95,eor
2022-08-19 21:00:00,403,2022081921,3,20.2,94,eor
2022-08-19 22:00:00,403,2022081922,3,20.1,94,eor
2022-08-19 23:00:00,403,2022081923,3,19.9,94,eor
2022-08-20 00:00:00,403,2022082000,3,19.8,95,eor
2022-08-20 01:00:00,403,2022082001,3,19.9,94,eor
2022-08-20 02:00:00,403,2022082002,3,19.4,97,eor
2022-08-20 03:00:00,403,2022082003,3,19.3,98,eor
2022-08-20 04:00:00,403,2022082004,3,19.3,98,eor
2022-08-20 05:00:00,403,2022082005,3,19.4,97,eor
2022-08-20 06:00:00,403,2022082006,3,19.5,95,eor
2022-08-20 07:00:00,403,2022082007,3,19.6,94,eor
2022-08-20 08:00:00,403,2022082008,3,19.7,94,eor
2022-08-20 09:00:00,403,2022082009,3,19.9,94,eor
2022-08-20 10:00:00,403,2022082010,3,20.5,87,eor
2022-08-20 11:00:00,403,2022082011,3,21.5,71,eor
2022-08-20 12:00:00,403,2022082012,3,21.6,69,eor
2022-08-20 13:00:00,403,2022082013,3,21.1,69,eor
2022-08-20 14:00:00,403,2022082014,3,20.1,80,eor
2022-08-20 15:00:00,403,2022082015,3,20.2,90,eor
2022-08-20 16:00:00,403,2022082016,3,20.2,92,eor
2022-08-20 17:00:00,403,2022082017,3,20.1,95,eor
2022-08-20 18:00:00,403,2022082018,3,20,95,eor
2022-08-20 19:00:00,403,2022082019,3,18.7,96,eor
2022-08-20 20:00:00,403,2022082020,3,18.4,98,eor
2022-08-20 21:00:00,403,2022082021,3,18.3,98,eor
2022-08-20 22:00:00,403,2022082022,3,18.2,98,eor
2022-08-20 23:00:00,403,2022082023,3,18.4,96,eor
2022-08-21 00:00:00,403,2022082100,3,18.5,97,eor
2022-08-21 01:00:00,403,2022082101,3,18.1,97,eor
2022-08-21 02:00:00,403,2022082102,3,17.6,98,eor
2022-08-21 03:00:00,403,2022082103,3,16.9,95,eor
2022-08-21 04:00:00,403,2022082104,3,16.2,92,eor
2022-08-21 05:00:00,403,2022082105,3,16,92,eor
2022-08-21 06:00:00,403,2022082106,3,16,91,eor
2022-08-21 07:00:00,403,2022082107,3,16.6,87,eor
2022-08-21 08:00:00,403,2022082108,3,18.3,72,eor
2022-08-21 09:00:00,403,2022082109,3,19.8,60,eor
2022-08-21 10:00:00,403,2022082110,3,20.4,54,eor
2022-08-21 11:00:00,403,2022082111,3,21.5,44,eor
2022-08-21 12:00:00,403,2022082112,3,22.7,40,eor
2022-08-21 13:00:00,403,2022082113,3,23.7,39,eor
2022-08-21 14:00:00,403,2022082114,3,23.1,43,eor
2022-08-21 15:00:00,403,2022082115,3,23.2,43,eor
2022-08-21 16:00:00,403,2022082116,3,22.9,44,eor
2022-08-21 17:00:00,403,2022082117,3,22.6,50,eor
2022-08-21 18:00:00,403,2022082118,3,21.2,51,eor
2022-08-21 19:00:00,403,2022082119,3,18.7,65,eor
2022-08-21 20:00:00,403,2022082120,3,16.6,75,eor
2022-08-21 21:00:00,403,2022082121,3,15.3,86,eor
2022-08-21 22:00:00,403,2022082122,3,14.5,91,eor
2022-08-21 23:00:00,403,2022082123,3,14.1,94,eor
2022-08-22 00:00:00,403,2022082200,3,13.7,96,eor
2022-08-22 01:00:00,403,2022082201,3,13.6,98,eor
2022-08-22 02:00:00,403,2022082202,3,13.2,99,eor
2022-08-22 03:00:00,403,2022082203,3,12.9,99,eor
2022-08-22 04:00:00,403,2022082204,3,12.9,100,eor
2022-08-22 05:00:00,403,2022082205,3,13.3,100,eor
2022-08-22 06:00:00,403,2022082206,3,14.8,98,eor
2022-08-22 07:00:00,403,2022082207,3,17.3,91,eor
2022-08-22 08:00:00,403,2022082208,3,19.8,67,eor
2022-08-22 09:00:00,403,2022082209,3,21.9,51,eor
2022-08-22 10:00:00,403,2022082210,3,22.7,48,eor
2022-08-22 11:00:00,403,2022082211,3,22.7,47,eor
2022-08-22 12:00:00,403,2022082212,3,23.7,43,eor
2022-08-22 13:00:00,403,2022082213,3,23.8,44,eor
2022-08-22 14:00:00,403,2022082214,3,23.4,43,eor
2022-08-22 15:00:00,403,2022082215,3,23,47,eor
2022-08-22 16:00:00,403,2022082216,3,22.9,47,eor
2022-08-22 17:00:00,403,2022082217,3,21.8,49,eor
2022-08-22 18:00:00,403,2022082218,3,21.1,52,eor
2022-08-22 19:00:00,403,2022082219,3,19.9,56,eor
2022-08-22 20:00:00,403,2022082220,3,19.2,63,eor
2022-08-22 21:00:00,403,2022082221,3,18.7,63,eor
2022-08-22 22:00:00,403,2022082222,3,18.5,69,eor
2022-08-22 23:00:00,403,2022082223,3,18.2,83,eor
2022-08-23 00:00:00,403,2022082300,3,18.1,83,eor
2022-08-23 01:00:00,403,2022082301,3,18.2,83,eor
2022-08-23 02:00:00,403,2022082302,3,18.1,81,eor
2022-08-23 03:00:00,403,2022082303,3,18,79,eor
2022-08-23 04:00:00,403,2022082304,3,17.9,82,eor
2022-08-23 05:00:00,403,2022082305,3,17.8,84,eor
2022-08-23 06:00:00,403,2022082306,3,18.3,83,eor
2022-08-23 07:00:00,403,2022082307,3,19.1,79,eor
2022-08-23 08:00:00,403,2022082308,3,20,77,eor
2022-08-23 09:00:00,403,2022082309,3,20.9,71,eor
2022-08-23 10:00:00,403,2022082310,3,22,64,eor
2022-08-23 11:00:00,403,2022082311,3,22.6,61,eor
2022-08-23 12:00:00,403,2022082312,3,23.6,55,eor
2022-08-23 13:00:00,403,2022082313,3,24,53,eor
2022-08-23 14:00:00,403,2022082314,3,25.9,49,eor
2022-08-23 15:00:00,403,2022082315,3,24.8,49,eor
2022-08-23 16:00:00,403,2022082316,3,23.7,52,eor
2022-08-23 17:00:00,403,2022082317,3,23.4,54,eor
2022-08-23 18:00:00,403,2022082318,3,21.8,64,eor
2022-08-23 19:00:00,403,2022082319,3,20.4,71,eor
2022-08-23 20:00:00,403,2022082320,3,20,75,eor
2022-08-23 21:00:00,403,2022082321,3,18.3,85,eor
2022-08-23 22:00:00,403,2022082322,3,17.2,91,eor
2022-08-23 23:00:00,403,2022082323,3,16.7,96,eor
2022-08-24 00:00:00,403,2022082400,3,17.3,94,eor
2022-08-24 01:00:00,403,2022082401,3,16.5,96,eor
2022-08-24 02:00:00,403,2022082402,3,15.7,99,eor
2022-08-24 03:00:00,403,2022082403,3,15.5,100,eor
2022-08-24 04:00:00,403,2022082404,3,16.3,100,eor
2022-08-24 05:00:00,403,2022082405,3,15.8,100,eor
2022-08-24 06:00:00,403,2022082406,3,17,99,eor
2022-08-24 07:00:00,403,2022082407,3,18.2,96,eor
2022-08-24 08:00:00,403,2022082408,3,19.8,86,eor
2022-08-24 09:00:00,403,2022082409,3,21,77,eor
2022-08-24 10:00:00,403,2022082410,3,21.9,74,eor
2022-08-24 11:00:00,403,2022082411,3,22.9,68,eor
2022-08-24 12:00:00,403,2022082412,3,24.7,63,eor
2022-08-24 13:00:00,403,2022082413,3,25.8,54,eor
2022-08-24 14:00:00,403,2022082414,3,25.3,54,eor
2022-08-24 15:00:00,403,2022082415,3,26.7,50,eor
2022-08-24 16:00:00,403,2022082416,3,27,50,eor
2022-08-24 17:00:00,403,2022082417,3,25.1,55,eor
2022-08-24 18:00:00,403,2022082418,3,24.4,59,eor
2022-08-24 19:00:00,403,2022082419,3,22.7,67,eor
2022-08-24 20:00:00,403,2022082420,3,21.9,74,eor
2022-08-24 21:00:00,403,2022082421,3,21.5,78,eor
2022-08-24 22:00:00,403,2022082422,3,20.6,86,eor
2022-08-24 23:00:00,403,2022082423,3,19.8,90,eor
2022-08-25 00:00:00,403,2022082500,3,19.1,94,eor
2022-08-25 01:00:00,403,2022082501,3,19,94,eor
2022-08-25 02:00:00,403,2022082502,3,18.3,96,eor
2022-08-25 03:00:00,403,2022082503,3,18.2,98,eor
2022-08-25 04:00:00,403,2022082504,3,17.9,98,eor
2022-08-25 05:00:00,403,2022082505,3,17.8,98,eor
2022-08-25 06:00:00,403,2022082506,3,18.8,95,eor
2022-08-25 07:00:00,403,2022082507,3,19.2,95,eor
2022-08-25 08:00:00,403,2022082508,3,19.8,93,eor
2022-08-25 09:00:00,403,2022082509,3,22.3,83,eor
2022-08-25 10:00:00,403,2022082510,3,23.5,74,eor
2022-08-25 11:00:00,403,2022082511,3,24.6,70,eor
2022-08-25 12:00:00,403,2022082512,3,25.1,64,eor
2022-08-25 13:00:00,403,2022082513,3,26.2,60,eor
2022-08-25 14:00:00,403,2022082514,3,26.5,55,eor
2022-08-25 15:00:00,403,2022082515,3,27.8,54,eor
2022-08-25 16:00:00,403,2022082516,3,27,54,eor
2022-08-25 17:00:00,403,2022082517,3,26.8,54,eor
2022-08-25 18:00:00,403,2022082518,3,25.1,60,eor
2022-08-25 19:00:00,403,2022082519,3,23.4,70,eor
2022-08-25 20:00:00,403,2022082520,3,22,80,eor
2022-08-25 21:00:00,403,2022082521,3,20.7,88,eor
2022-08-25 22:00:00,403,2022082522,3,20.1,92,eor
2022-08-25 23:00:00,403,2022082523,3,20.6,90,eor
2022-08-26 00:00:00,403,2022082600,3,20.8,89,eor
2022-08-26 01:00:00,403,2022082601,3,20.1,90,eor
2022-08-26 02:00:00,403,2022082602,3,20.8,87,eor
2022-08-26 03:00:00,403,2022082603,3,19.7,92,eor
2022-08-26 04:00:00,403,2022082604,3,19.3,95,eor
2022-08-26 05:00:00,403,2022082605,3,19.9,94,eor
2022-08-26 06:00:00,403,2022082606,3,20.8,90,eor
2022-08-26 07:00:00,403,2022082607,3,22.7,82,eor
2022-08-26 08:00:00,403,2022082608,3,25.1,72,eor
2022-08-26 09:00:00,403,2022082609,3,26.1,67,eor
2022-08-26 10:00:00,403,2022082610,3,28.1,60,eor
2022-08-26 11:00:00,403,2022082611,3,28.4,55,eor
2022-08-26 12:00:00,403,2022082612,3,24.9,58,eor
2022-08-26 13:00:00,403,2022082613,3,22.9,69,eor
2022-08-26 14:00:00,403,2022082614,3,20.7,95,eor
2022-08-26 15:00:00,403,2022082615,3,19.1,98,eor
2022-08-26 16:00:00,403,2022082616,3,19.6,99,eor
2022-08-26 17:00:00,403,2022082617,3,19.8,99,eor
2022-08-26 18:00:00,403,2022082618,3,19.6,99,eor
2022-08-26 19:00:00,403,2022082619,3,19.2,100,eor
2022-08-26 20:00:00,403,2022082620,3,19.4,99,eor
2022-08-26 21:00:00,403,2022082621,3,19.1,99,eor
2022-08-26 22:00:00,403,2022082622,3,19,99,eor
2022-08-26 23:00:00,403,2022082623,3,19.1,98,eor
2022-08-27 00:00:00,403,2022082700,3,19,98,eor
2022-08-27 01:00:00,403,2022082701,3,19,98,eor
2022-08-27 02:00:00,403,2022082702,3,19.2,98,eor
2022-08-27 03:00:00,403,2022082703,3,19.3,99,eor
2022-08-27 04:00:00,403,2022082704,3,18.9,100,eor
2022-08-27 05:00:00,403,2022082705,3,18.9,100,eor
2022-08-27 06:00:00,403,2022082706,3,19,100,eor
2022-08-27 07:00:00,403,2022082707,3,19,99,eor
2022-08-27 08:00:00,403,2022082708,3,19.4,97,eor
2022-08-27 09:00:00,403,2022082709,3,19.9,95,eor
2022-08-27 10:00:00,403,2022082710,3,20.5,92,eor
2022-08-27 11:00:00,403,2022082711,3,21.7,87,eor
2022-08-27 12:00:00,403,2022082712,3,21.8,83,eor
2022-08-27 13:00:00,403,2022082713,3,23.2,76,eor
2022-08-27 14:00:00,403,2022082714,3,23,73,eor
2022-08-27 15:00:00,403,2022082715,3,22.8,75,eor
2022-08-27 16:00:00,403,2022082716,3,22.1,80,eor
2022-08-27 17:00:00,403,2022082717,3,20.9,83,eor
2022-08-27 18:00:00,403,2022082718,3,20.4,84,eor
2022-08-27 19:00:00,403,2022082719,3,20,86,eor
2022-08-27 20:00:00,403,2022082720,3,19.3,88,eor
2022-08-27 21:00:00,403,2022082721,3,19.3,88,eor
2022-08-27 22:00:00,403,2022082722,3,19.3,90,eor
2022-08-27 23:00:00,403,2022082723,3,19,91,eor
2022-08-28 00:00:00,403,2022082800,3,18.7,90,eor
2022-08-28 01:00:00,403,2022082801,3,18.4,86,eor
2022-08-28 02:00:00,403,2022082802,3,18.3,91,eor
2022-08-28 03:00:00,403,2022082803,3,17.3,89,eor
2022-08-28 04:00:00,403,2022082804,3,16.8,88,eor
2022-08-28 05:00:00,403,2022082805,3,16.3,88,eor
2022-08-28 06:00:00,403,2022082806,3,15.4,90,eor
2022-08-28 07:00:00,403,2022082807,3,15.7,91,eor
2022-08-28 08:00:00,403,2022082808,3,16.4,86,eor
2022-08-28 09:00:00,403,2022082809,3,16.8,84,eor
2022-08-28 10:00:00,403,2022082810,3,16.6,84,eor
2022-08-28 11:00:00,403,2022082811,3,16.6,84,eor
2022-08-28 12:00:00,403,2022082812,3,16.6,87,eor
2022-08-28 13:00:00,403,2022082813,3,17.7,83,eor
2022-08-28 14:00:00,403,2022082814,3,18.9,74,eor
2022-08-28 15:00:00,403,2022082815,3,20.5,63,eor
2022-08-28 16:00:00,403,2022082816,3,21.2,59,eor
2022-08-28 17:00:00,403,2022082817,3,21.2,54,eor
2022-08-28 18:00:00,403,2022082818,3,19.7,56,eor
2022-08-28 19:00:00,403,2022082819,3,17,72,eor
2022-08-28 20:00:00,403,2022082820,3,17.5,61,eor
2022-08-28 21:00:00,403,2022082821,3,16.4,62,eor
2022-08-28 22:00:00,403,2022082822,3,15,70,eor
2022-08-28 23:00:00,403,2022082823,3,14.4,73,eor
2022-08-29 00:00:00,403,2022082900,3,13.7,77,eor
2022-08-29 01:00:00,403,2022082901,3,13.3,81,eor
2022-08-29 02:00:00,403,2022082902,3,12.7,86,eor
2022-08-29 03:00:00,403,2022082903,3,12.8,89,eor
2022-08-29 04:00:00,403,2022082904,3,12.7,86,eor
2022-08-29 05:00:00,403,2022082905,3,12.5,91,eor
2022-08-29 06:00:00,403,2022082906,3,14,88,eor
2022-08-29 07:00:00,403,2022082907,3,14.9,86,eor
2022-08-29 08:00:00,403,2022082908,3,15.4,84,eor
2022-08-29 09:00:00,403,2022082909,3,16.1,83,eor
2022-08-29 10:00:00,403,2022082910,3,17.2,80,eor
2022-08-29 11:00:00,403,2022082911,3,18.4,77,eor
2022-08-29 12:00:00,403,2022082912,3,19.1,73,eor
2022-08-29 13:00:00,403,2022082913,3,20.8,65,eor
2022-08-29 14:00:00,403,2022082914,3,21.4,62,eor
2022-08-29 15:00:00,403,2022082915,3,22,59,eor
2022-08-29 16:00:00,403,2022082916,3,21.7,55,eor
2022-08-29 17:00:00,403,2022082917,3,21.5,57,eor
2022-08-29 18:00:00,403,2022082918,3,19.8,62,eor
2022-08-29 19:00:00,403,2022082919,3,17,80,eor
2022-08-29 20:00:00,403,2022082920,3,15.6,90,eor
2022-08-29 21:00:00,403,2022082921,3,16.5,87,eor
2022-08-29 22:00:00,403,2022082922,3,15.2,94,eor
2022-08-29 23:00:00,403,2022082923,3,14.6,96,eor
2022-08-30 00:00:00,403,2022083000,3,14.5,98,eor
2022-08-30 01:00:00,403,2022083001,3,14.1,99,eor
2022-08-30 02:00:00,403,2022083002,3,13.9,99,eor
2022-08-30 03:00:00,403,2022083003,3,13.4,99,eor
2022-08-30 04:00:00,403,2022083004,3,14.3,100,eor
2022-08-30 05:00:00,403,2022083005,3,13.7,100,eor
2022-08-30 06:00:00,403,2022083006,3,14.7,100,eor
2022-08-30 07:00:00,403,2022083007,3,16,94,eor
2022-08-30 08:00:00,403,2022083008,3,17.8,84,eor
2022-08-30 09:00:00,403,2022083009,3,17.9,79,eor
2022-08-30 10:00:00,403,2022083010,3,18,75,eor
2022-08-30 11:00:00,403,2022083011,3,19.5,69,eor
2022-08-30 12:00:00,403,2022083012,3,20.6,55,eor
2022-08-30 13:00:00,403,2022083013,3,21.6,54,eor
2022-08-30 14:00:00,403,2022083014,3,21.4,54,eor
2022-08-30 15:00:00,403,2022083015,3,20.9,57,eor
2022-08-30 16:00:00,403,2022083016,3,20.4,62,eor
2022-08-30 17:00:00,403,2022083017,3,19.8,62,eor
2022-08-30 18:00:00,403,2022083018,3,19.2,63,eor
2022-08-30 19:00:00,403,2022083019,3,18.1,65,eor
2022-08-30 20:00:00,403,2022083020,3,16.9,71,eor
2022-08-30 21:00:00,403,2022083021,3,16.1,78,eor
2022-08-30 22:00:00,403,2022083022,3,15.5,73,eor
2022-08-30 23:00:00,403,2022083023,3,15.3,73,eor
2022-08-31 00:00:00,403,2022083100,3,14.6,76,eor
2022-08-31 01:00:00,403,2022083101,3,14,82,eor
2022-08-31 02:00:00,403,2022083102,3,13.1,89,eor
2022-08-31 03:00:00,403,2022083103,3,14.3,86,eor
2022-08-31 04:00:00,403,2022083104,3,14.1,86,eor
2022-08-31 05:00:00,403,2022083105,3,13.3,90,eor
2022-08-31 06:00:00,403,2022083106,3,14.2,85,eor
2022-08-31 07:00:00,403,2022083107,3,15.6,77,eor
2022-08-31 08:00:00,403,2022083108,3,17.3,64,eor
2022-08-31 09:00:00,403,2022083109,3,18.8,53,eor
2022-08-31 10:00:00,403,2022083110,3,19,51,eor
2022-08-31 11:00:00,403,2022083111,3,19.3,51,eor
2022-08-31 12:00:00,403,2022083112,3,20.1,47,eor
2022-08-31 13:00:00,403,2022083113,3,20.4,46,eor
2022-08-31 14:00:00,403,2022083114,3,21.4,42,eor
2022-08-31 15:00:00,403,2022083115,3,20.3,45,eor
2022-08-31 16:00:00,403,2022083116,3,21.5,40,eor
2022-08-31 17:00:00,403,2022083117,3,20.4,43,eor
2022-08-31 18:00:00,403,2022083118,3,18.8,49,eor
2022-08-31 19:00:00,403,2022083119,3,17.9,52,eor
2022-08-31 20:00:00,403,2022083120,3,16.8,56,eor
2022-08-31 21:00:00,403,2022083121,3,16.4,62,eor
2022-08-31 22:00:00,403,2022083122,3,15.9,66,eor
2022-08-31 23:00:00,403,2022083123,3,16.2,67,eor
2022-09-01 00:00:00,403,2022090100,3,15.9,67,eor
2022-09-01 01:00:00,403,2022090101,3,15.5,64,eor
2022-09-01 02:00:00,403,2022090102,3,15.1,66,eor
2022-09-01 03:00:00,403,2022090103,3,14.5,71,eor
2022-09-01 04:00:00,403,2022090104,3,13,82,eor
2022-09-01 05:00:00,403,2022090105,3,12.3,88,eor
2022-09-01 06:00:00,403,2022090106,3,13.3,85,eor
2022-09-01 07:00:00,403,2022090107,3,14.8,75,eor
2022-09-01 08:00:00,403,2022090108,3,16.9,63,eor
2022-09-01 09:00:00,403,2022090109,3,18.1,55,eor
2022-09-01 10:00:00,403,2022090110,3,18.5,50,eor
2022-09-01 11:00:00,403,2022090111,3,20.1,48,eor
2022-09-01 12:00:00,403,2022090112,3,19.9,45,eor
2022-09-01 13:00:00,403,2022090113,3,20,46,eor
2022-09-01 14:00:00,403,2022090114,3,20.4,45,eor
2022-09-01 15:00:00,403,2022090115,3,20.4,45,eor
2022-09-01 16:00:00,403,2022090116,3,20.5,45,eor
2022-09-01 17:00:00,403,2022090117,3,19.5,46,eor
2022-09-01 18:00:00,403,2022090118,3,17.4,51,eor
2022-09-01 19:00:00,403,2022090119,3,15.4,60,eor
2022-09-01 20:00:00,403,2022090120,3,15,66,eor
2022-09-01 21:00:00,403,2022090121,3,14.4,70,eor
2022-09-01 22:00:00,403,2022090122,3,13.7,75,eor
2022-09-01 23:00:00,403,2022090123,3,13.7,76,eor
2022-09-02 00:00:00,403,2022090200,3,12.8,79,eor
2022-09-02 01:00:00,403,2022090201,3,13.7,77,eor
2022-09-02 02:00:00,403,2022090202,3,13.2,78,eor
2022-09-02 03:00:00,403,2022090203,3,12.1,82,eor
2022-09-02 04:00:00,403,2022090204,3,10.7,91,eor
2022-09-02 05:00:00,403,2022090205,3,10.5,95,eor
2022-09-02 06:00:00,403,2022090206,3,12.7,85,eor
2022-09-02 07:00:00,403,2022090207,3,14.3,78,eor
2022-09-02 08:00:00,403,2022090208,3,15.7,71,eor
2022-09-02 09:00:00,403,2022090209,3,18.5,60,eor
2022-09-02 10:00:00,403,2022090210,3,19.5,51,eor
2022-09-02 11:00:00,403,2022090211,3,20.2,49,eor
2022-09-02 12:00:00,403,2022090212,3,19.5,50,eor
2022-09-02 13:00:00,403,2022090213,3,20.9,45,eor
2022-09-02 14:00:00,403,2022090214,3,20.3,46,eor
2022-09-02 15:00:00,403,2022090215,3,20.8,42,eor
2022-09-02 16:00:00,403,2022090216,3,20.3,43,eor
2022-09-02 17:00:00,403,2022090217,3,19.4,43,eor
2022-09-02 18:00:00,403,2022090218,3,18.2,45,eor
2022-09-02 19:00:00,403,2022090219,3,17,48,eor
2022-09-02 20:00:00,403,2022090220,3,15.6,53,eor
2022-09-02 21:00:00,403,2022090221,3,13.8,63,eor
2022-09-02 22:00:00,403,2022090222,3,13.5,67,eor
2022-09-02 23:00:00,403,2022090223,3,12.8,70,eor
2022-09-03 00:00:00,403,2022090300,3,12.5,69,eor
2022-09-03 01:00:00,403,2022090301,3,12.2,70,eor
2022-09-03 02:00:00,403,2022090302,3,11.8,70,eor
2022-09-03 03:00:00,403,2022090303,3,11.4,73,eor
2022-09-03 04:00:00,403,2022090304,3,11,74,eor
2022-09-03 05:00:00,403,2022090305,3,11.4,73,eor
2022-09-03 06:00:00,403,2022090306,3,12.3,72,eor
2022-09-03 07:00:00,403,2022090307,3,13.3,73,eor
2022-09-03 08:00:00,403,2022090308,3,14.7,70,eor
2022-09-03 09:00:00,403,2022090309,3,17.5,61,eor
2022-09-03 10:00:00,403,2022090310,3,19.6,50,eor
2022-09-03 11:00:00,403,2022090311,3,19.6,47,eor
2022-09-03 12:00:00,403,2022090312,3,20.8,43,eor
2022-09-03 13:00:00,403,2022090313,3,20.7,42,eor
2022-09-03 14:00:00,403,2022090314,3,20.8,42,eor
2022-09-03 15:00:00,403,2022090315,3,22.1,40,eor
2022-09-03 16:00:00,403,2022090316,3,22,40,eor
2022-09-03 17:00:00,403,2022090317,3,20.2,43,eor
2022-09-03 18:00:00,403,2022090318,3,18,47,eor
2022-09-03 19:00:00,403,2022090319,3,17.7,51,eor
2022-09-03 20:00:00,403,2022090320,3,16.9,53,eor
2022-09-03 21:00:00,403,2022090321,3,17.2,51,eor
2022-09-03 22:00:00,403,2022090322,3,16.7,51,eor
2022-09-03 23:00:00,403,2022090323,3,15.9,53,eor
2022-09-04 00:00:00,403,2022090400,3,15.4,54,eor
2022-09-04 01:00:00,403,2022090401,3,14.9,57,eor
2022-09-04 02:00:00,403,2022090402,3,14.4,59,eor
2022-09-04 03:00:00,403,2022090403,3,13.9,63,eor
2022-09-04 04:00:00,403,2022090404,3,13.5,63,eor
2022-09-04 05:00:00,403,2022090405,3,12.9,65,eor
2022-09-04 06:00:00,403,2022090406,3,13.3,66,eor
2022-09-04 07:00:00,403,2022090407,3,14.1,64,eor
2022-09-04 08:00:00,403,2022090408,3,16.5,62,eor
2022-09-04 09:00:00,403,2022090409,3,19,59,eor
2022-09-04 10:00:00,403,2022090410,3,21.4,51,eor
2022-09-04 11:00:00,403,2022090411,3,22.4,48,eor
2022-09-04 12:00:00,403,2022090412,3,23.1,46,eor
2022-09-04 13:00:00,403,2022090413,3,24.3,43,eor
2022-09-04 14:00:00,403,2022090414,3,24.1,40,eor
2022-09-04 15:00:00,403,2022090415,3,24.1,41,eor
2022-09-04 16:00:00,403,2022090416,3,23,43,eor
2022-09-04 17:00:00,403,2022090417,3,21.6,44,eor
2022-09-04 18:00:00,403,2022090418,3,19.2,50,eor
2022-09-04 19:00:00,403,2022090419,3,17,58,eor
2022-09-04 20:00:00,403,2022090420,3,17.8,56,eor
2022-09-04 21:00:00,403,2022090421,3,16.9,58,eor
2022-09-04 22:00:00,403,2022090422,3,15.9,63,eor
2022-09-04 23:00:00,403,2022090423,3,15.4,64,eor
2022-09-05 00:00:00,403,2022090500,3,15.5,63,eor
2022-09-05 01:00:00,403,2022090501,3,15.1,65,eor
2022-09-05 02:00:00,403,2022090502,3,14.3,67,eor
2022-09-05 03:00:00,403,2022090503,3,13.8,69,eor
2022-09-05 04:00:00,403,2022090504,3,13.1,73,eor
2022-09-05 05:00:00,403,2022090505,3,13.4,74,eor
2022-09-05 06:00:00,403,2022090506,3,14.1,73,eor
2022-09-05 07:00:00,403,2022090507,3,15.8,71,eor
2022-09-05 08:00:00,403,2022090508,3,17.4,67,eor
2022-09-05 09:00:00,403,2022090509,3,19.7,62,eor
2022-09-05 10:00:00,403,2022090510,3,21.8,56,eor
2022-09-05 11:00:00,403,2022090511,3,22.9,53,eor
2022-09-05 12:00:00,403,2022090512,3,23.8,50,eor
2022-09-05 13:00:00,403,2022090513,3,23.5,50,eor
2022-09-05 14:00:00,403,2022090514,3,24,48,eor
2022-09-05 15:00:00,403,2022090515,3,23.5,49,eor
2022-09-05 16:00:00,403,2022090516,3,22.8,50,eor
2022-09-05 17:00:00,403,2022090517,3,21.8,51,eor
2022-09-05 18:00:00,403,2022090518,3,20.1,54,eor
2022-09-05 19:00:00,403,2022090519,3,18.8,57,eor
2022-09-05 20:00:00,403,2022090520,3,17.8,59,eor
2022-09-05 21:00:00,403,2022090521,3,17,60,eor
2022-09-05 22:00:00,403,2022090522,3,16.7,58,eor
2022-09-05 23:00:00,403,2022090523,3,16,57,eor
2022-09-06 00:00:00,403,2022090600,3,15.3,55,eor
2022-09-06 01:00:00,403,2022090601,3,14.9,55,eor
2022-09-06 02:00:00,403,2022090602,3,14.3,55,eor
2022-09-06 03:00:00,403,2022090603,3,14.1,56,eor
2022-09-06 04:00:00,403,2022090604,3,13.7,59,eor
2022-09-06 05:00:00,403,2022090605,3,13.3,62,eor
2022-09-06 06:00:00,403,2022090606,3,13.8,63,eor
2022-09-06 07:00:00,403,2022090607,3,15,62,eor
2022-09-06 08:00:00,403,2022090608,3,16.8,60,eor
2022-09-06 09:00:00,403,2022090609,3,18.1,58,eor
2022-09-06 10:00:00,403,2022090610,3,18.8,57,eor
2022-09-06 11:00:00,403,2022090611,3,20.1,57,eor
2022-09-06 12:00:00,403,2022090612,3,20.4,54,eor
2022-09-06 13:00:00,403,2022090613,3,22.2,51,eor
2022-09-06 14:00:00,403,2022090614,3,22.2,51,eor
2022-09-06 15:00:00,403,2022090615,3,22.6,51,eor
2022-09-06 16:00:00,403,2022090616,3,21.6,53,eor
2022-09-06 17:00:00,403,2022090617,3,21.1,54,eor
2022-09-06 18:00:00,403,2022090618,3,20.3,54,eor
2022-09-06 19:00:00,403,2022090619,3,18.9,59,eor
2022-09-06 20:00:00,403,2022090620,3,18.5,57,eor
2022-09-06 21:00:00,403,2022090621,3,18.2,58,eor
2022-09-06 22:00:00,403,2022090622,3,17.5,59,eor
2022-09-06 23:00:00,403,2022090623,3,17.4,57,eor
2022-09-07 00:00:00,403,2022090700,3,16.4,59,eor
2022-09-07 01:00:00,403,2022090701,3,15.1,61,eor
2022-09-07 02:00:00,403,2022090702,3,14.6,62,eor
2022-09-07 03:00:00,403,2022090703,3,14.2,64,eor
2022-09-07 04:00:00,403,2022090704,3,13.4,68,eor
2022-09-07 05:00:00,403,2022090705,3,13.3,70,eor
2022-09-07 06:00:00,403,2022090706,3,14.1,69,eor
2022-09-07 07:00:00,403,2022090707,3,15.7,67,eor
2022-09-07 08:00:00,403,2022090708,3,17.4,66,eor
2022-09-07 09:00:00,403,2022090709,3,20.7,61,eor
2022-09-07 10:00:00,403,2022090710,3,22.2,57,eor
2022-09-07 11:00:00,403,2022090711,3,22.6,59,eor
2022-09-07 12:00:00,403,2022090712,3,23.6,59,eor
2022-09-07 13:00:00,403,2022090713,3,23.5,60,eor
2022-09-07 14:00:00,403,2022090714,3,24.2,61,eor
2022-09-07 15:00:00,403,2022090715,3,24.3,58,eor
2022-09-07 16:00:00,403,2022090716,3,24.4,58,eor
2022-09-07 17:00:00,403,2022090717,3,23.1,62,eor
2022-09-07 18:00:00,403,2022090718,3,21.2,61,eor
2022-09-07 19:00:00,403,2022090719,3,19.4,71,eor
2022-09-07 20:00:00,403,2022090720,3,19.4,76,eor
2022-09-07 21:00:00,403,2022090721,3,19.1,73,eor
2022-09-07 22:00:00,403,2022090722,3,18.7,71,eor
2022-09-07 23:00:00,403,2022090723,3,17.7,71,eor
2022-09-08 00:00:00,403,2022090800,3,17.3,71,eor
2022-09-08 01:00:00,403,2022090801,3,16.8,70,eor
2022-09-08 02:00:00,403,2022090802,3,16.4,69,eor
2022-09-08 03:00:00,403,2022090803,3,16,68,eor
2022-09-08 04:00:00,403,2022090804,3,15.6,67,eor
2022-09-08 05:00:00,403,2022090805,3,15.3,66,eor
2022-09-08 06:00:00,403,2022090806,3,15.5,67,eor
2022-09-08 07:00:00,403,2022090807,3,15.7,67,eor
2022-09-08 08:00:00,403,2022090808,3,16.4,68,eor
2022-09-08 09:00:00,403,2022090809,3,16,74,eor
2022-09-08 10:00:00,403,2022090810,3,15.4,91,eor
2022-09-08 11:00:00,403,2022090811,3,14.7,97,eor
2022-09-08 12:00:00,403,2022090812,3,15.4,99,eor
2022-09-08 13:00:00,403,2022090813,3,16.7,97,eor
2022-09-08 14:00:00,403,2022090814,3,17.3,96,eor
2022-09-08 15:00:00,403,2022090815,3,17,99,eor
2022-09-08 16:00:00,403,2022090816,3,17,99,eor
2022-09-08 17:00:00,403,2022090817,3,17.5,99,eor
2022-09-08 18:00:00,403,2022090818,3,16.8,96,eor
2022-09-08 19:00:00,403,2022090819,3,16.1,98,eor
2022-09-08 20:00:00,403,2022090820,3,16,98,eor
2022-09-08 21:00:00,403,2022090821,3,16,98,eor
2022-09-08 22:00:00,403,2022090822,3,15.5,98,eor
2022-09-08 23:00:00,403,2022090823,3,14.7,99,eor
2022-09-09 00:00:00,403,2022090900,3,13.7,100,eor
2022-09-09 01:00:00,403,2022090901,3,13,100,eor
2022-09-09 02:00:00,403,2022090902,3,12.5,100,eor
2022-09-09 03:00:00,403,2022090903,3,12.7,100,eor
2022-09-09 04:00:00,403,2022090904,3,12.6,100,eor
2022-09-09 05:00:00,403,2022090905,3,12.3,100,eor
2022-09-09 06:00:00,403,2022090906,3,13.1,100,eor
2022-09-09 07:00:00,403,2022090907,3,14.2,96,eor
2022-09-09 08:00:00,403,2022090908,3,17.4,80,eor
2022-09-09 09:00:00,403,2022090909,3,17.7,75,eor
2022-09-09 10:00:00,403,2022090910,3,20.1,67,eor
2022-09-09 11:00:00,403,2022090911,3,21.3,59,eor
2022-09-09 12:00:00,403,2022090912,3,22.6,54,eor
2022-09-09 13:00:00,403,2022090913,3,22.1,50,eor
2022-09-09 14:00:00,403,2022090914,3,22.4,50,eor
2022-09-09 15:00:00,403,2022090915,3,21.7,54,eor
2022-09-09 16:00:00,403,2022090916,3,21.8,54,eor
2022-09-09 17:00:00,403,2022090917,3,20.3,59,eor
2022-09-09 18:00:00,403,2022090918,3,18.2,68,eor
2022-09-09 19:00:00,403,2022090919,3,16.8,75,eor
2022-09-09 20:00:00,403,2022090920,3,16,80,eor
2022-09-09 21:00:00,403,2022090921,3,15.2,82,eor
2022-09-09 22:00:00,403,2022090922,3,14.4,88,eor
2022-09-09 23:00:00,403,2022090923,3,13.6,94,eor
2022-09-10 00:00:00,403,2022091000,3,13.2,96,eor
2022-09-10 01:00:00,403,2022091001,3,13.2,96,eor
2022-09-10 02:00:00,403,2022091002,3,12.9,97,eor
2022-09-10 03:00:00,403,2022091003,3,12.1,98,eor
2022-09-10 04:00:00,403,2022091004,3,11.5,99,eor
2022-09-10 05:00:00,403,2022091005,3,11.5,99,eor
2022-09-10 06:00:00,403,2022091006,3,12.2,98,eor
2022-09-10 07:00:00,403,2022091007,3,14.6,84,eor
2022-09-10 08:00:00,403,2022091008,3,17.1,71,eor
2022-09-10 09:00:00,403,2022091009,3,19.3,61,eor
2022-09-10 10:00:00,403,2022091010,3,19.9,58,eor
2022-09-10 11:00:00,403,2022091011,3,20.5,56,eor
2022-09-10 12:00:00,403,2022091012,3,20.9,55,eor
2022-09-10 13:00:00,403,2022091013,3,21.7,50,eor
2022-09-10 14:00:00,403,2022091014,3,21.9,50,eor
2022-09-10 15:00:00,403,2022091015,3,21.1,55,eor
2022-09-10 16:00:00,403,2022091016,3,21,55,eor
2022-09-10 17:00:00,403,2022091017,3,19.1,66,eor
2022-09-10 18:00:00,403,2022091018,3,17.5,78,eor
2022-09-10 19:00:00,403,2022091019,3,16,89,eor
2022-09-10 20:00:00,403,2022091020,3,15.4,93,eor
2022-09-10 21:00:00,403,2022091021,3,14.3,96,eor
2022-09-10 22:00:00,403,2022091022,3,13.6,98,eor
2022-09-10 23:00:00,403,2022091023,3,13.2,98,eor
2022-09-11 00:00:00,403,2022091100,3,13.9,98,eor
2022-09-11 01:00:00,403,2022091101,3,13.6,98,eor
2022-09-11 02:00:00,403,2022091102,3,13.3,98,eor
2022-09-11 03:00:00,403,2022091103,3,12.9,98,eor
2022-09-11 04:00:00,403,2022091104,3,13.1,98,eor
2022-09-11 05:00:00,403,2022091105,3,13,100,eor
2022-09-11 06:00:00,403,2022091106,3,13.4,99,eor
2022-09-11 07:00:00,403,2022091107,3,14.5,96,eor
2022-09-11 08:00:00,403,2022091108,3,15.3,89,eor
2022-09-11 09:00:00,403,2022091109,3,16.9,80,eor
2022-09-11 10:00:00,403,2022091110,3,17.4,76,eor
2022-09-11 11:00:00,403,2022091111,3,18.4,71,eor
2022-09-11 12:00:00,403,2022091112,3,18.1,70,eor
2022-09-11 13:00:00,403,2022091113,3,18.7,65,eor
2022-09-11 14:00:00,403,2022091114,3,18.2,71,eor
2022-09-11 15:00:00,403,2022091115,3,19.2,66,eor
2022-09-11 16:00:00,403,2022091116,3,18.5,66,eor
2022-09-11 17:00:00,403,2022091117,3,17.1,74,eor
2022-09-11 18:00:00,403,2022091118,3,16.7,79,eor
2022-09-11 19:00:00,403,2022091119,3,14.7,91,eor
2022-09-11 20:00:00,403,2022091120,3,13.5,96,eor
2022-09-11 21:00:00,403,2022091121,3,12.6,98,eor
2022-09-11 22:00:00,403,2022091122,3,12.5,99,eor
2022-09-11 23:00:00,403,2022091123,3,13.4,98,eor
2022-09-12 00:00:00,403,2022091200,3,13,95,eor
2022-09-12 01:00:00,403,2022091201,3,12.2,98,eor
2022-09-12 02:00:00,403,2022091202,3,11.3,99,eor
2022-09-12 03:00:00,403,2022091203,3,10.7,99,eor
2022-09-12 04:00:00,403,2022091204,3,10.1,100,eor
2022-09-12 05:00:00,403,2022091205,3,10,100,eor
2022-09-12 06:00:00,403,2022091206,3,11,100,eor
2022-09-12 07:00:00,403,2022091207,3,13.1,95,eor
2022-09-12 08:00:00,403,2022091208,3,15.5,83,eor
2022-09-12 09:00:00,403,2022091209,3,17.4,70,eor
2022-09-12 10:00:00,403,2022091210,3,18.4,60,eor
2022-09-12 11:00:00,403,2022091211,3,18.9,53,eor
2022-09-12 12:00:00,403,2022091212,3,19,52,eor
2022-09-12 13:00:00,403,2022091213,3,19.2,51,eor
2022-09-12 14:00:00,403,2022091214,3,19.8,49,eor
2022-09-12 15:00:00,403,2022091215,3,19.6,49,eor
2022-09-12 16:00:00,403,2022091216,3,18.8,59,eor
2022-09-12 17:00:00,403,2022091217,3,17.7,67,eor
2022-09-12 18:00:00,403,2022091218,3,15.9,72,eor
2022-09-12 19:00:00,403,2022091219,3,14.3,83,eor
2022-09-12 20:00:00,403,2022091220,3,12.9,91,eor
2022-09-12 21:00:00,403,2022091221,3,12.2,95,eor
2022-09-12 22:00:00,403,2022091222,3,11.6,98,eor
2022-09-12 23:00:00,403,2022091223,3,11.4,98,eor
2022-09-13 00:00:00,403,2022091300,3,11.3,99,eor
2022-09-13 01:00:00,403,2022091301,3,11,99,eor
2022-09-13 02:00:00,403,2022091302,3,11,99,eor
2022-09-13 03:00:00,403,2022091303,3,10.8,98,eor
2022-09-13 04:00:00,403,2022091304,3,10.9,98,eor
2022-09-13 05:00:00,403,2022091305,3,12.2,90,eor
2022-09-13 06:00:00,403,2022091306,3,12.8,88,eor
2022-09-13 07:00:00,403,2022091307,3,12.8,95,eor
2022-09-13 08:00:00,403,2022091308,3,14,94,eor
2022-09-13 09:00:00,403,2022091309,3,15.4,89,eor
2022-09-13 10:00:00,403,2022091310,3,17.6,78,eor
2022-09-13 11:00:00,403,2022091311,3,19.2,70,eor
2022-09-13 12:00:00,403,2022091312,3,17.3,90,eor
2022-09-13 13:00:00,403,2022091313,3,17.9,88,eor
2022-09-13 14:00:00,403,2022091314,3,18.7,84,eor
2022-09-13 15:00:00,403,2022091315,3,19.1,81,eor
2022-09-13 16:00:00,403,2022091316,3,19.6,77,eor
2022-09-13 17:00:00,403,2022091317,3,18.4,83,eor
2022-09-13 18:00:00,403,2022091318,3,17.3,89,eor
2022-09-13 19:00:00,403,2022091319,3,16.5,92,eor
2022-09-13 20:00:00,403,2022091320,3,15.4,96,eor
2022-09-13 21:00:00,403,2022091321,3,14.9,96,eor
2022-09-13 22:00:00,403,2022091322,3,14.6,90,eor
2022-09-13 23:00:00,403,2022091323,3,13,96,eor
2022-09-14 00:00:00,403,2022091400,3,12.2,98,eor
2022-09-14 01:00:00,403,2022091401,3,11.6,99,eor
2022-09-14 02:00:00,403,2022091402,3,11.3,99,eor
2022-09-14 03:00:00,403,2022091403,3,11.3,99,eor
2022-09-14 04:00:00,403,2022091404,3,11.1,99,eor
2022-09-14 05:00:00,403,2022091405,3,11.2,99,eor
2022-09-14 06:00:00,403,2022091406,3,11.5,99,eor
2022-09-14 07:00:00,403,2022091407,3,12.8,94,eor
2022-09-14 08:00:00,403,2022091408,3,14.4,87,eor
2022-09-14 09:00:00,403,2022091409,3,16.3,67,eor
2022-09-14 10:00:00,403,2022091410,3,16.6,62,eor
2022-09-14 11:00:00,403,2022091411,3,17.7,56,eor
2022-09-14 12:00:00,403,2022091412,3,18.6,53,eor
2022-09-14 13:00:00,403,2022091413,3,18.2,55,eor
2022-09-14 14:00:00,403,2022091414,3,17.7,57,eor
2022-09-14 15:00:00,403,2022091415,3,17.5,59,eor
2022-09-14 16:00:00,403,2022091416,3,17.2,61,eor
2022-09-14 17:00:00,403,2022091417,3,16.3,70,eor
2022-09-14 18:00:00,403,2022091418,3,15.2,81,eor
2022-09-14 19:00:00,403,2022091419,3,14.5,84,eor
2022-09-14 20:00:00,403,2022091420,3,14.2,87,eor
2022-09-14 21:00:00,403,2022091421,3,13.6,90,eor
2022-09-14 22:00:00,403,2022091422,3,13.1,93,eor
2022-09-14 23:00:00,403,2022091423,3,13.4,93,eor
2022-09-15 00:00:00,403,2022091500,3,13,94,eor
2022-09-15 01:00:00,403,2022091501,3,12.6,97,eor
2022-09-15 02:00:00,403,2022091502,3,12.4,98,eor
2022-09-15 03:00:00,403,2022091503,3,12.5,97,eor
2022-09-15 04:00:00,403,2022091504,3,11.9,97,eor
2022-09-15 05:00:00,403,2022091505,3,11.5,98,eor
2022-09-15 06:00:00,403,2022091506,3,11.7,98,eor
2022-09-15 07:00:00,403,2022091507,3,13.7,86,eor
2022-09-15 08:00:00,403,2022091508,3,14,82,eor
2022-09-15 09:00:00,403,2022091509,3,14.9,76,eor
2022-09-15 10:00:00,403,2022091510,3,15.6,68,eor
2022-09-15 11:00:00,403,2022091511,3,17.6,54,eor
2022-09-15 12:00:00,403,2022091512,3,17.7,51,eor
2022-09-15 13:00:00,403,2022091513,3,17.5,53,eor
2022-09-15 14:00:00,403,2022091514,3,17.9,53,eor
2022-09-15 15:00:00,403,2022091515,3,17.6,52,eor
2022-09-15 16:00:00,403,2022091516,3,16.4,53,eor
2022-09-15 17:00:00,403,2022091517,3,14.8,66,eor
2022-09-15 18:00:00,403,2022091518,3,13.7,76,eor
2022-09-15 19:00:00,403,2022091519,3,13.4,79,eor
2022-09-15 20:00:00,403,2022091520,3,13.5,81,eor
2022-09-15 21:00:00,403,2022091521,3,13.2,80,eor
2022-09-15 22:00:00,403,2022091522,3,13.1,80,eor
2022-09-15 23:00:00,403,2022091523,3,12.6,81,eor
2022-09-16 00:00:00,403,2022091600,3,12.3,81,eor
2022-09-16 01:00:00,403,2022091601,3,11.7,83,eor
2022-09-16 02:00:00,403,2022091602,3,11.2,90,eor
2022-09-16 03:00:00,403,2022091603,3,10.9,93,eor
2022-09-16 04:00:00,403,2022091604,3,10.8,94,eor
2022-09-16 05:00:00,403,2022091605,3,10.6,94,eor
2022-09-16 06:00:00,403,2022091606,3,10.7,92,eor
2022-09-16 07:00:00,403,2022091607,3,11.4,87,eor
2022-09-16 08:00:00,403,2022091608,3,13.1,78,eor
2022-09-16 09:00:00,403,2022091609,3,13.8,70,eor
2022-09-16 10:00:00,403,2022091610,3,15.7,57,eor
2022-09-16 11:00:00,403,2022091611,3,15.1,55,eor
2022-09-16 12:00:00,403,2022091612,3,17.2,47,eor
2022-09-16 13:00:00,403,2022091613,3,16,46,eor
2022-09-16 14:00:00,403,2022091614,3,17.2,43,eor
2022-09-16 15:00:00,403,2022091615,3,17.6,40,eor
2022-09-16 16:00:00,403,2022091616,3,17,40,eor
2022-09-16 17:00:00,403,2022091617,3,16,43,eor
2022-09-16 18:00:00,403,2022091618,3,14.1,49,eor
2022-09-16 19:00:00,403,2022091619,3,13.6,53,eor
2022-09-16 20:00:00,403,2022091620,3,12,70,eor
2022-09-16 21:00:00,403,2022091621,3,10.2,96,eor
2022-09-16 22:00:00,403,2022091622,3,10.5,96,eor
2022-09-16 23:00:00,403,2022091623,3,10.9,97,eor
2022-09-17 00:00:00,403,2022091700,3,11,97,eor
2022-09-17 01:00:00,403,2022091701,3,11.2,96,eor
2022-09-17 02:00:00,403,2022091702,3,11.3,96,eor
2022-09-17 03:00:00,403,2022091703,3,11.4,97,eor
2022-09-17 04:00:00,403,2022091704,3,11.6,95,eor
2022-09-17 05:00:00,403,2022091705,3,11.7,95,eor
2022-09-17 06:00:00,403,2022091706,3,12,95,eor
2022-09-17 07:00:00,403,2022091707,3,12,91,eor
2022-09-17 08:00:00,403,2022091708,3,12.5,84,eor
2022-09-17 09:00:00,403,2022091709,3,13.7,74,eor
2022-09-17 10:00:00,403,2022091710,3,13.7,68,eor
2022-09-17 11:00:00,403,2022091711,3,14,67,eor
2022-09-17 12:00:00,403,2022091712,3,15,62,eor
2022-09-17 13:00:00,403,2022091713,3,14.6,70,eor
2022-09-17 14:00:00,403,2022091714,3,15.4,52,eor
2022-09-17 15:00:00,403,2022091715,3,14.6,57,eor
2022-09-17 16:00:00,403,2022091716,3,12.9,55,eor
2022-09-17 17:00:00,403,2022091717,3,12,60,eor
2022-09-17 18:00:00,403,2022091718,3,10.9,71,eor
2022-09-17 19:00:00,403,2022091719,3,9.8,89,eor
2022-09-17 20:00:00,403,2022091720,3,9.7,97,eor
2022-09-17 21:00:00,403,2022091721,3,10.1,97,eor
2022-09-17 22:00:00,403,2022091722,3,10.3,95,eor
2022-09-17 23:00:00,403,2022091723,3,10.5,95,eor
2022-09-18 00:00:00,403,2022091800,3,10.7,94,eor
2022-09-18 01:00:00,403,2022091801,3,10.3,97,eor
2022-09-18 02:00:00,403,2022091802,3,10,97,eor
2022-09-18 03:00:00,403,2022091803,3,10,97,eor
2022-09-18 04:00:00,403,2022091804,3,9.9,95,eor
2022-09-18 05:00:00,403,2022091805,3,9.6,94,eor
2022-09-18 06:00:00,403,2022091806,3,9.2,92,eor
2022-09-18 07:00:00,403,2022091807,3,9.6,89,eor
2022-09-18 08:00:00,403,2022091808,3,11,78,eor
2022-09-18 09:00:00,403,2022091809,3,12,70,eor
2022-09-18 10:00:00,403,2022091810,3,12.2,67,eor
2022-09-18 11:00:00,403,2022091811,3,13.2,62,eor
2022-09-18 12:00:00,403,2022091812,3,11.9,79,eor
2022-09-18 13:00:00,403,2022091813,3,12.8,71,eor
2022-09-18 14:00:00,403,2022091814,3,11.6,67,eor
2022-09-18 15:00:00,403,2022091815,3,11.2,73,eor
2022-09-18 16:00:00,403,2022091816,3,11.6,69,eor
2022-09-18 17:00:00,403,2022091817,3,11.3,72,eor
2022-09-18 18:00:00,403,2022091818,3,9.8,86,eor
2022-09-18 19:00:00,403,2022091819,3,9.2,94,eor
2022-09-18 20:00:00,403,2022091820,3,9.2,92,eor
2022-09-18 21:00:00,403,2022091821,3,8.8,94,eor
2022-09-18 22:00:00,403,2022091822,3,8.8,96,eor
2022-09-18 23:00:00,403,2022091823,3,8.8,97,eor
2022-09-19 00:00:00,403,2022091900,3,8.7,97,eor
2022-09-19 01:00:00,403,2022091901,3,8.5,98,eor
2022-09-19 02:00:00,403,2022091902,3,8.6,98,eor
2022-09-19 03:00:00,403,2022091903,3,8.8,98,eor
2022-09-19 04:00:00,403,2022091904,3,9.1,98,eor
2022-09-19 05:00:00,403,2022091905,3,9.4,98,eor
2022-09-19 06:00:00,403,2022091906,3,9.8,97,eor
2022-09-19 07:00:00,403,2022091907,3,10.7,96,eor
2022-09-19 08:00:00,403,2022091908,3,11.7,93,eor
2022-09-19 09:00:00,403,2022091909,3,13,86,eor
2022-09-19 10:00:00,403,2022091910,3,14.4,75,eor
2022-09-19 11:00:00,403,2022091911,3,11.8,70,eor
2022-09-19 12:00:00,403,2022091912,3,14.7,68,eor
2022-09-19 13:00:00,403,2022091913,3,10.9,88,eor
2022-09-19 14:00:00,403,2022091914,3,11,92,eor
2022-09-19 15:00:00,403,2022091915,3,11,95,eor
2022-09-19 16:00:00,403,2022091916,3,11.2,93,eor
2022-09-19 17:00:00,403,2022091917,3,11.2,92,eor
2022-09-19 18:00:00,403,2022091918,3,10.7,94,eor
2022-09-19 19:00:00,403,2022091919,3,10.4,94,eor
2022-09-19 20:00:00,403,2022091920,3,10,95,eor
2022-09-19 21:00:00,403,2022091921,3,9.5,96,eor
2022-09-19 22:00:00,403,2022091922,3,9.4,96,eor
2022-09-19 23:00:00,403,2022091923,3,8.9,96,eor
2022-09-20 00:00:00,403,2022092000,3,8.4,97,eor
2022-09-20 01:00:00,403,2022092001,3,8.1,98,eor
2022-09-20 02:00:00,403,2022092002,3,8,98,eor
2022-09-20 03:00:00,403,2022092003,3,8.5,98,eor
2022-09-20 04:00:00,403,2022092004,3,8.9,98,eor
2022-09-20 05:00:00,403,2022092005,3,8.7,98,eor
2022-09-20 06:00:00,403,2022092006,3,8.9,98,eor
2022-09-20 07:00:00,403,2022092007,3,9.7,94,eor
2022-09-20 08:00:00,403,2022092008,3,10.7,89,eor
2022-09-20 09:00:00,403,2022092009,3,12.4,81,eor
2022-09-20 10:00:00,403,2022092010,3,13.5,78,eor
2022-09-20 11:00:00,403,2022092011,3,13.3,76,eor
2022-09-20 12:00:00,403,2022092012,3,12.1,85,eor
2022-09-20 13:00:00,403,2022092013,3,13,84,eor
2022-09-20 14:00:00,403,2022092014,3,10.6,90,eor
2022-09-20 15:00:00,403,2022092015,3,12.6,77,eor
2022-09-20 16:00:00,403,2022092016,3,12,82,eor
2022-09-20 17:00:00,403,2022092017,3,11.3,93,eor
2022-09-20 18:00:00,403,2022092018,3,10.7,95,eor
2022-09-20 19:00:00,403,2022092019,3,9.5,96,eor
2022-09-20 20:00:00,403,2022092020,3,8.4,98,eor
2022-09-20 21:00:00,403,2022092021,3,8,98,eor
2022-09-20 22:00:00,403,2022092022,3,7.4,100,eor
2022-09-20 23:00:00,403,2022092023,3,6.9,100,eor
2022-09-21 00:00:00,403,2022092100,3,6.5,100,eor
2022-09-21 01:00:00,403,2022092101,3,6.3,100,eor
2022-09-21 02:00:00,403,2022092102,3,6.3,100,eor
2022-09-21 03:00:00,403,2022092103,3,6.2,100,eor
2022-09-21 04:00:00,403,2022092104,3,6.1,100,eor
2022-09-21 05:00:00,403,2022092105,3,5.7,100,eor
2022-09-21 06:00:00,403,2022092106,3,6.4,100,eor
2022-09-21 07:00:00,403,2022092107,3,8.2,100,eor
2022-09-21 08:00:00,403,2022092108,3,9.5,98,eor
2022-09-21 09:00:00,403,2022092109,3,11.4,92,eor
2022-09-21 10:00:00,403,2022092110,3,13.5,81,eor
2022-09-21 11:00:00,403,2022092111,3,14.7,64,eor
2022-09-21 12:00:00,403,2022092112,3,15.9,59,eor
2022-09-21 13:00:00,403,2022092113,3,15.3,58,eor
2022-09-21 14:00:00,403,2022092114,3,15.8,54,eor
2022-09-21 15:00:00,403,2022092115,3,16.1,54,eor
2022-09-21 16:00:00,403,2022092115,3,16.1,54,eor
2022-09-21 17:00:00,403,2022092117,3,13.9,61,eor
2022-09-21 18:00:00,403,2022092118,3,11,79,eor
2022-09-21 19:00:00,403,2022092119,3,9,90,eor
2022-09-21 20:00:00,403,2022092120,3,7.8,96,eor
2022-09-21 21:00:00,403,2022092121,3,7.4,98,eor
2022-09-21 22:00:00,403,2022092122,3,7.9,98,eor
2022-09-21 23:00:00,403,2022092123,3,8.5,98,eor
2022-09-22 00:00:00,403,2022092200,3,8.8,95,eor
2022-09-22 01:00:00,403,2022092201,3,7.6,97,eor
2022-09-22 02:00:00,403,2022092202,3,6.7,99,eor
2022-09-22 03:00:00,403,2022092203,3,6.2,100,eor
2022-09-22 04:00:00,403,2022092204,3,5.7,100,eor
2022-09-22 05:00:00,403,2022092205,3,5.3,100,eor
2022-09-22 06:00:00,403,2022092206,3,5.2,100,eor
2022-09-22 07:00:00,403,2022092207,3,7.8,100,eor
2022-09-22 08:00:00,403,2022092208,3,11,83,eor
2022-09-22 09:00:00,403,2022092209,3,13.1,66,eor
2022-09-22 10:00:00,403,2022092210,3,14,55,eor
2022-09-22 11:00:00,403,2022092211,3,14.2,53,eor
2022-09-22 12:00:00,403,2022092212,3,14.2,52,eor
2022-09-22 13:00:00,403,2022092213,3,16.8,45,eor
2022-09-22 14:00:00,403,2022092214,3,14.4,54,eor
2022-09-22 15:00:00,403,2022092215,3,13.3,66,eor
2022-09-22 16:00:00,403,2022092216,3,12.4,72,eor
2022-09-22 17:00:00,403,2022092217,3,11.2,80,eor
2022-09-22 18:00:00,403,2022092218,3,9.4,90,eor
2022-09-22 19:00:00,403,2022092219,3,7.6,92,eor
2022-09-22 20:00:00,403,2022092220,3,6.7,97,eor
2022-09-22 21:00:00,403,2022092221,3,6.2,99,eor
2022-09-22 22:00:00,403,2022092222,3,5.6,100,eor
2022-09-22 23:00:00,403,2022092223,3,5.1,100,eor
2022-09-23 00:00:00,403,2022092300,3,5,100,eor
2022-09-23 01:00:00,403,2022092301,3,4.9,100,eor
2022-09-23 02:00:00,403,2022092302,3,4,100,eor
2022-09-23 03:00:00,403,2022092303,3,4,100,eor
2022-09-23 04:00:00,403,2022092304,3,3.5,100,eor
2022-09-23 05:00:00,403,2022092305,3,3.7,100,eor
2022-09-23 06:00:00,403,2022092306,3,4.3,100,eor
2022-09-23 07:00:00,403,2022092307,3,6.6,100,eor
2022-09-23 08:00:00,403,2022092308,3,10.3,84,eor
2022-09-23 09:00:00,403,2022092309,3,12.9,65,eor
2022-09-23 10:00:00,403,2022092310,3,15.2,54,eor
2022-09-23 11:00:00,403,2022092311,3,15.6,43,eor
2022-09-23 12:00:00,403,2022092312,3,15.9,44,eor
2022-09-23 13:00:00,403,2022092313,3,17.1,42,eor
2022-09-23 14:00:00,403,2022092314,3,16.6,40,eor
2022-09-23 15:00:00,403,2022092315,3,16.6,44,eor
2022-09-23 16:00:00,403,2022092316,3,14.9,53,eor
2022-09-23 17:00:00,403,2022092317,3,13.6,66,eor
2022-09-23 18:00:00,403,2022092318,3,10.8,74,eor
2022-09-23 19:00:00,403,2022092319,3,10.1,84,eor
2022-09-23 20:00:00,403,2022092320,3,9.2,91,eor
2022-09-23 21:00:00,403,2022092321,3,8.6,94,eor
2022-09-23 22:00:00,403,2022092322,3,8.9,96,eor
2022-09-23 23:00:00,403,2022092323,3,9.2,93,eor
2022-09-24 00:00:00,403,2022092400,3,8.9,91,eor
2022-09-24 01:00:00,403,2022092401,3,8.5,92,eor
2022-09-24 02:00:00,403,2022092402,3,8.9,93,eor
2022-09-24 03:00:00,403,2022092403,3,9.3,90,eor
2022-09-24 04:00:00,403,2022092404,3,9.2,92,eor
2022-09-24 05:00:00,403,2022092405,3,9.1,91,eor
2022-09-24 06:00:00,403,2022092406,3,9.3,93,eor
2022-09-24 07:00:00,403,2022092407,3,10.1,90,eor
2022-09-24 08:00:00,403,2022092408,3,11.3,82,eor
2022-09-24 09:00:00,403,2022092409,3,12.7,72,eor
2022-09-24 10:00:00,403,2022092410,3,13.9,70,eor
2022-09-24 11:00:00,403,2022092411,3,14.8,65,eor
2022-09-24 12:00:00,403,2022092412,3,15.5,64,eor
2022-09-24 13:00:00,403,2022092413,3,16,64,eor
2022-09-24 14:00:00,403,2022092414,3,16.5,60,eor
2022-09-24 15:00:00,403,2022092415,3,16.2,60,eor
2022-09-24 16:00:00,403,2022092416,3,15.3,68,eor
2022-09-24 17:00:00,403,2022092417,3,14.2,71,eor
2022-09-24 18:00:00,403,2022092418,3,13.6,74,eor
2022-09-24 19:00:00,403,2022092419,3,13.8,70,eor
2022-09-24 20:00:00,403,2022092420,3,13.4,73,eor
2022-09-24 21:00:00,403,2022092421,3,12.8,75,eor
2022-09-24 22:00:00,403,2022092422,3,12.3,84,eor
2022-09-24 23:00:00,403,2022092423,3,12.3,84,eor
2022-09-25 00:00:00,403,2022092500,3,12.5,80,eor
2022-09-25 01:00:00,403,2022092501,3,12.2,80,eor
2022-09-25 02:00:00,403,2022092502,3,12.1,78,eor
2022-09-25 03:00:00,403,2022092503,3,11.7,80,eor
2022-09-25 04:00:00,403,2022092504,3,11.4,83,eor
2022-09-25 05:00:00,403,2022092505,3,11,87,eor
2022-09-25 06:00:00,403,2022092506,3,10.9,90,eor
2022-09-25 07:00:00,403,2022092507,3,12.5,80,eor
2022-09-25 08:00:00,403,2022092508,3,13.2,77,eor
2022-09-25 09:00:00,403,2022092509,3,13.9,73,eor
2022-09-25 10:00:00,403,2022092510,3,15.4,70,eor
2022-09-25 11:00:00,403,2022092511,3,16.4,64,eor
2022-09-25 12:00:00,403,2022092512,3,17.4,61,eor
2022-09-25 13:00:00,403,2022092513,3,17.9,56,eor
2022-09-25 14:00:00,403,2022092514,3,17.9,56,eor
2022-09-25 15:00:00,403,2022092515,3,17.4,61,eor
2022-09-25 16:00:00,403,2022092516,3,17,63,eor
2022-09-25 17:00:00,403,2022092517,3,16,67,eor
2022-09-25 18:00:00,403,2022092518,3,15.1,72,eor
2022-09-25 19:00:00,403,2022092519,3,14.3,75,eor
2022-09-25 20:00:00,403,2022092520,3,13.6,82,eor
2022-09-25 21:00:00,403,2022092521,3,13.2,86,eor
2022-09-25 22:00:00,403,2022092522,3,12.5,90,eor
2022-09-25 23:00:00,403,2022092523,3,11.9,91,eor
2022-09-26 00:00:00,403,2022092600,3,11.8,90,eor
2022-09-26 01:00:00,403,2022092601,3,11.3,91,eor
2022-09-26 02:00:00,403,2022092602,3,11.2,91,eor
2022-09-26 03:00:00,403,2022092603,3,11.1,91,eor
2022-09-26 04:00:00,403,2022092604,3,11,92,eor
2022-09-26 05:00:00,403,2022092605,3,10.1,95,eor
2022-09-26 06:00:00,403,2022092606,3,9.9,98,eor
2022-09-26 07:00:00,403,2022092607,3,11.3,91,eor
2022-09-26 08:00:00,403,2022092608,3,13.5,77,eor
2022-09-26 09:00:00,403,2022092609,3,15,65,eor
2022-09-26 10:00:00,403,2022092610,3,15.5,55,eor
2022-09-26 11:00:00,403,2022092611,3,15.4,53,eor
2022-09-26 12:00:00,403,2022092612,3,16.1,52,eor
2022-09-26 13:00:00,403,2022092613,3,16.3,51,eor
2022-09-26 14:00:00,403,2022092614,3,16.3,53,eor
2022-09-26 15:00:00,403,2022092615,3,15.9,51,eor
2022-09-26 16:00:00,403,2022092616,3,15.7,52,eor
2022-09-26 17:00:00,403,2022092617,3,14.4,55,eor
2022-09-26 18:00:00,403,2022092618,3,12.7,65,eor
2022-09-26 19:00:00,403,2022092619,3,12.6,64,eor
2022-09-26 20:00:00,403,2022092620,3,12.5,65,eor
2022-09-26 21:00:00,403,2022092621,3,12.4,66,eor
2022-09-26 22:00:00,403,2022092622,3,12,72,eor
2022-09-26 23:00:00,403,2022092623,3,12,74,eor
2022-09-27 00:00:00,403,2022092700,3,11.9,74,eor
2022-09-27 01:00:00,403,2022092701,3,11.8,75,eor
2022-09-27 02:00:00,403,2022092702,3,11.8,75,eor
2022-09-27 03:00:00,403,2022092703,3,12,74,eor
2022-09-27 04:00:00,403,2022092704,3,11.7,77,eor
2022-09-27 05:00:00,403,2022092705,3,10.9,89,eor
2022-09-27 06:00:00,403,2022092706,3,10.6,95,eor
2022-09-27 07:00:00,403,2022092707,3,10.7,97,eor
2022-09-27 08:00:00,403,2022092708,3,10.8,98,eor
2022-09-27 09:00:00,403,2022092709,3,11.3,98,eor
2022-09-27 10:00:00,403,2022092710,3,12,94,eor
2022-09-27 11:00:00,403,2022092711,3,12.8,86,eor
2022-09-27 12:00:00,403,2022092712,3,10.6,94,eor
2022-09-27 13:00:00,403,2022092713,3,11.6,94,eor
2022-09-27 14:00:00,403,2022092714,3,12.2,90,eor
2022-09-27 15:00:00,403,2022092715,3,11.5,90,eor
2022-09-27 16:00:00,403,2022092716,3,11.1,94,eor
2022-09-27 17:00:00,403,2022092717,3,10,94,eor
2022-09-27 18:00:00,403,2022092718,3,8.9,98,eor
2022-09-27 19:00:00,403,2022092719,3,8.9,99,eor
2022-09-27 20:00:00,403,2022092720,3,8.3,96,eor
2022-09-27 21:00:00,403,2022092721,3,7.8,98,eor
2022-09-27 22:00:00,403,2022092722,3,7.8,96,eor
2022-09-27 23:00:00,403,2022092723,3,7.3,98,eor
2022-09-28 00:00:00,403,2022092800,3,7.5,98,eor
2022-09-28 01:00:00,403,2022092801,3,7.7,98,eor
2022-09-28 02:00:00,403,2022092802,3,7.7,98,eor
2022-09-28 03:00:00,403,2022092803,3,7.5,98,eor
2022-09-28 04:00:00,403,2022092804,3,6.4,99,eor
2022-09-28 05:00:00,403,2022092805,3,6.4,100,eor
2022-09-28 06:00:00,403,2022092806,3,7.3,100,eor
2022-09-28 07:00:00,403,2022092807,3,7.8,97,eor
2022-09-28 08:00:00,403,2022092808,3,9.3,89,eor
2022-09-28 09:00:00,403,2022092809,3,10.1,83,eor
2022-09-28 10:00:00,403,2022092810,3,11.5,70,eor
2022-09-28 11:00:00,403,2022092811,3,10.9,74,eor
2022-09-28 12:00:00,403,2022092812,3,10.3,79,eor
2022-09-28 13:00:00,403,2022092813,3,10.1,73,eor
2022-09-28 14:00:00,403,2022092814,3,11.1,71,eor
2022-09-28 15:00:00,403,2022092815,3,11.8,68,eor
2022-09-28 16:00:00,403,2022092816,3,10.8,70,eor
2022-09-28 17:00:00,403,2022092817,3,9.7,80,eor
2022-09-28 18:00:00,403,2022092818,3,9.3,88,eor
2022-09-28 19:00:00,403,2022092819,3,8.8,92,eor
2022-09-28 20:00:00,403,2022092820,3,7.8,96,eor
2022-09-28 21:00:00,403,2022092821,3,7.7,99,eor
2022-09-28 22:00:00,403,2022092822,3,7.9,99,eor
2022-09-28 23:00:00,403,2022092823,3,7.8,99,eor
2022-09-29 00:00:00,403,2022092900,3,7,100,eor
2022-09-29 01:00:00,403,2022092901,3,6.4,100,eor
2022-09-29 02:00:00,403,2022092902,3,6.5,100,eor
2022-09-29 03:00:00,403,2022092903,3,6.9,100,eor
2022-09-29 04:00:00,403,2022092904,3,7.1,100,eor
2022-09-29 05:00:00,403,2022092905,3,7,100,eor
2022-09-29 06:00:00,403,2022092906,3,7.1,100,eor
2022-09-29 07:00:00,403,2022092907,3,7.4,99,eor
2022-09-29 08:00:00,403,2022092908,3,8,97,eor
2022-09-29 09:00:00,403,2022092909,3,9.2,91,eor
2022-09-29 10:00:00,403,2022092910,3,11.4,78,eor
2022-09-29 11:00:00,403,2022092911,3,12.6,65,eor
2022-09-29 12:00:00,403,2022092912,3,12.8,57,eor
2022-09-29 13:00:00,403,2022092913,3,14.3,57,eor
2022-09-29 14:00:00,403,2022092914,3,13.3,53,eor
2022-09-29 15:00:00,403,2022092915,3,13.3,56,eor
2022-09-29 16:00:00,403,2022092916,3,13,62,eor
2022-09-29 17:00:00,403,2022092917,3,10.3,77,eor
2022-09-29 18:00:00,403,2022092918,3,8.3,88,eor
2022-09-29 19:00:00,403,2022092919,3,7.1,95,eor
2022-09-29 20:00:00,403,2022092920,3,6.7,99,eor
2022-09-29 21:00:00,403,2022092921,3,6.1,100,eor
2022-09-29 22:00:00,403,2022092922,3,5.4,100,eor
2022-09-29 23:00:00,403,2022092923,3,5.4,100,eor
2022-09-30 00:00:00,403,2022093000,3,5.1,100,eor
2022-09-30 01:00:00,403,2022093001,3,4.7,100,eor
2022-09-30 02:00:00,403,2022093002,3,4.5,100,eor
2022-09-30 03:00:00,403,2022093003,3,4,100,eor
2022-09-30 04:00:00,403,2022093004,3,3.9,100,eor
2022-09-30 05:00:00,403,2022093005,3,3.5,100,eor
2022-09-30 06:00:00,403,2022093006,3,4.1,100,eor
2022-09-30 07:00:00,403,2022093007,3,5.8,100,eor
2022-09-30 08:00:00,403,2022093008,3,8.9,91,eor
2022-09-30 09:00:00,403,2022093009,3,12.5,72,eor
2022-09-30 10:00:00,403,2022093010,3,14.7,60,eor
2022-09-30 11:00:00,403,2022093011,3,15.6,52,eor
2022-09-30 12:00:00,403,2022093012,3,16.7,46,eor
2022-09-30 13:00:00,403,2022093013,3,16.4,45,eor
2022-09-30 14:00:00,403,2022093014,3,17.1,43,eor
2022-09-30 15:00:00,403,2022093015,3,16.1,44,eor
2022-09-30 16:00:00,403,2022093016,3,15.1,48,eor
2022-09-30 17:00:00,403,2022093017,3,12.2,68,eor
2022-09-30 18:00:00,403,2022093018,3,9.7,83,eor
2022-09-30 19:00:00,403,2022093019,3,8.3,92,eor
2022-09-30 20:00:00,403,2022093020,3,7.5,95,eor
2022-09-30 21:00:00,403,2022093021,3,6.9,97,eor
2022-09-30 22:00:00,403,2022093022,3,6.3,98,eor
2022-09-30 23:00:00,403,2022093023,3,6,99,eor
2022-10-01 00:00:00,403,2022100100,3,5.7,100,eor
2022-10-01 01:00:00,403,2022100101,3,5.2,100,eor
2022-10-01 02:00:00,403,2022100102,3,6.1,100,eor
2022-10-01 03:00:00,403,2022100103,3,6.8,98,eor
2022-10-01 04:00:00,403,2022100104,3,7.2,95,eor
2022-10-01 05:00:00,403,2022100105,3,7.2,93,eor
2022-10-01 06:00:00,403,2022100106,3,7.7,90,eor
2022-10-01 07:00:00,403,2022100107,3,8.8,85,eor
2022-10-01 08:00:00,403,2022100108,3,10.1,80,eor
2022-10-01 09:00:00,403,2022100109,3,11.4,76,eor
2022-10-01 10:00:00,403,2022100110,3,12.3,70,eor
2022-10-01 11:00:00,403,2022100111,3,10.6,93,eor
2022-10-01 12:00:00,403,2022100112,3,10.8,93,eor
2022-10-01 13:00:00,403,2022100113,3,10.5,97,eor
2022-10-01 14:00:00,403,2022100114,3,11.3,95,eor
2022-10-01 15:00:00,403,2022100115,3,11.9,93,eor
2022-10-01 16:00:00,403,2022100116,3,12.4,91,eor
2022-10-01 17:00:00,403,2022100117,3,11.6,93,eor
2022-10-01 18:00:00,403,2022100118,3,11.4,95,eor
2022-10-01 19:00:00,403,2022100119,3,12.4,92,eor
2022-10-01 20:00:00,403,2022100120,3,11.9,90,eor
2022-10-01 21:00:00,403,2022100121,3,11.1,92,eor
2022-10-01 22:00:00,403,2022100122,3,10.8,94,eor
2022-10-01 23:00:00,403,2022100123,3,10.6,94,eor
2022-10-02 00:00:00,403,2022100200,3,10.7,94,eor
2022-10-02 01:00:00,403,2022100201,3,10.9,92,eor
2022-10-02 02:00:00,403,2022100202,3,10.4,93,eor
2022-10-02 03:00:00,403,2022100203,3,10,94,eor
2022-10-02 04:00:00,403,2022100204,3,9.8,95,eor
2022-10-02 05:00:00,403,2022100205,3,10.8,90,eor
2022-10-02 06:00:00,403,2022100206,3,10.9,90,eor
2022-10-02 07:00:00,403,2022100207,3,11.2,93,eor
2022-10-02 08:00:00,403,2022100208,3,13,83,eor
2022-10-02 09:00:00,403,2022100209,3,14.6,74,eor
2022-10-02 10:00:00,403,2022100210,3,15.5,71,eor
2022-10-02 11:00:00,403,2022100211,3,13.8,91,eor
2022-10-02 12:00:00,403,2022100212,3,12.8,89,eor
2022-10-02 13:00:00,403,2022100213,3,15.3,76,eor
2022-10-02 14:00:00,403,2022100214,3,15.6,71,eor
2022-10-02 15:00:00,403,2022100215,3,15,65,eor
2022-10-02 16:00:00,403,2022100216,3,14.1,69,eor
2022-10-02 17:00:00,403,2022100217,3,13,81,eor
2022-10-02 18:00:00,403,2022100218,3,12.1,90,eor
2022-10-02 19:00:00,403,2022100219,3,11.7,93,eor
2022-10-02 20:00:00,403,2022100220,3,11.4,93,eor
2022-10-02 21:00:00,403,2022100221,3,11,90,eor
2022-10-02 22:00:00,403,2022100222,3,10.8,90,eor
2022-10-02 23:00:00,403,2022100223,3,10.5,92,eor
2022-10-03 00:00:00,403,2022100300,3,10.4,93,eor
2022-10-03 01:00:00,403,2022100301,3,10.7,94,eor
2022-10-03 02:00:00,403,2022100302,3,11.1,90,eor
2022-10-03 03:00:00,403,2022100303,3,11.4,88,eor
2022-10-03 04:00:00,403,2022100304,3,11.2,88,eor
2022-10-03 05:00:00,403,2022100305,3,11.3,87,eor
2022-10-03 06:00:00,403,2022100306,3,11.2,87,eor
2022-10-03 07:00:00,403,2022100307,3,11.4,87,eor
2022-10-03 08:00:00,403,2022100308,3,12.2,82,eor
2022-10-03 09:00:00,403,2022100309,3,12.8,78,eor
2022-10-03 10:00:00,403,2022100310,3,13.8,73,eor
2022-10-03 11:00:00,403,2022100311,3,14.8,68,eor
2022-10-03 12:00:00,403,2022100312,3,13.7,79,eor
2022-10-03 13:00:00,403,2022100313,3,15.5,70,eor
2022-10-03 14:00:00,403,2022100314,3,15.6,66,eor
2022-10-03 15:00:00,403,2022100315,3,15.2,66,eor
2022-10-03 16:00:00,403,2022100316,3,14.9,66,eor
2022-10-03 17:00:00,403,2022100317,3,13.8,78,eor
2022-10-03 18:00:00,403,2022100318,3,12.6,91,eor
2022-10-03 19:00:00,403,2022100319,3,12.4,96,eor
2022-10-03 20:00:00,403,2022100320,3,12.4,97,eor
2022-10-03 21:00:00,403,2022100321,3,12.7,95,eor
2022-10-03 22:00:00,403,2022100322,3,12.5,95,eor
2022-10-03 23:00:00,403,2022100323,3,12.6,94,eor
2022-10-04 00:00:00,403,2022100400,3,12.7,93,eor
2022-10-04 01:00:00,403,2022100401,3,12.5,91,eor
2022-10-04 02:00:00,403,2022100402,3,12.2,91,eor
2022-10-04 03:00:00,403,2022100403,3,11.7,93,eor
2022-10-04 04:00:00,403,2022100404,3,11.1,94,eor
2022-10-04 05:00:00,403,2022100405,3,11.4,91,eor
2022-10-04 06:00:00,403,2022100406,3,11.8,91,eor
2022-10-04 07:00:00,403,2022100407,3,12,90,eor
2022-10-04 08:00:00,403,2022100408,3,12.5,89,eor
2022-10-04 09:00:00,403,2022100409,3,13.5,81,eor
2022-10-04 10:00:00,403,2022100410,3,13.9,80,eor
2022-10-04 11:00:00,403,2022100411,3,14.9,73,eor
2022-10-04 12:00:00,403,2022100412,3,16.2,67,eor
2022-10-04 13:00:00,403,2022100413,3,17.1,63,eor
2022-10-04 14:00:00,403,2022100414,3,17.4,61,eor
2022-10-04 15:00:00,403,2022100415,3,16.7,60,eor
2022-10-04 16:00:00,403,2022100416,3,16.3,62,eor
2022-10-04 17:00:00,403,2022100417,3,13.4,80,eor
2022-10-04 18:00:00,403,2022100418,3,11.4,91,eor
2022-10-04 19:00:00,403,2022100419,3,10.7,94,eor
2022-10-04 20:00:00,403,2022100420,3,10.3,94,eor
2022-10-04 21:00:00,403,2022100421,3,10.2,94,eor
2022-10-04 22:00:00,403,2022100422,3,10.5,91,eor
2022-10-04 23:00:00,403,2022100423,3,9.5,95,eor
2022-10-05 00:00:00,403,2022100500,3,9.5,94,eor
2022-10-05 01:00:00,403,2022100501,3,9.3,94,eor
2022-10-05 02:00:00,403,2022100502,3,9.2,93,eor
2022-10-05 03:00:00,403,2022100503,3,8.6,95,eor
2022-10-05 04:00:00,403,2022100504,3,8.9,94,eor
2022-10-05 05:00:00,403,2022100505,3,9,93,eor
2022-10-05 06:00:00,403,2022100506,3,9.4,93,eor
2022-10-05 07:00:00,403,2022100507,3,10.5,87,eor
2022-10-05 08:00:00,403,2022100508,3,12.2,80,eor
2022-10-05 09:00:00,403,2022100509,3,13.8,73,eor
2022-10-05 10:00:00,403,2022100510,3,15,70,eor
2022-10-05 11:00:00,403,2022100511,3,16.4,67,eor
2022-10-05 12:00:00,403,2022100512,3,18,59,eor
2022-10-05 13:00:00,403,2022100513,3,19.6,52,eor
2022-10-05 14:00:00,403,2022100514,3,19.4,51,eor
2022-10-05 15:00:00,403,2022100515,3,19.1,54,eor
2022-10-05 16:00:00,403,2022100516,3,18.1,58,eor
2022-10-05 17:00:00,403,2022100517,3,16.5,62,eor
2022-10-05 18:00:00,403,2022100518,3,13.2,81,eor
2022-10-05 19:00:00,403,2022100519,3,13.4,87,eor
2022-10-05 20:00:00,403,2022100520,3,14.5,79,eor
2022-10-05 21:00:00,403,2022100521,3,13.8,82,eor
2022-10-05 22:00:00,403,2022100522,3,14.7,78,eor
2022-10-05 23:00:00,403,2022100523,3,14.7,80,eor
2022-10-06 00:00:00,403,2022100600,3,14.2,84,eor
2022-10-06 01:00:00,403,2022100601,3,14.7,84,eor
2022-10-06 02:00:00,403,2022100602,3,15.3,82,eor
2022-10-06 03:00:00,403,2022100603,3,14.2,87,eor
2022-10-06 04:00:00,403,2022100604,3,15.3,86,eor
2022-10-06 05:00:00,403,2022100605,3,15.5,76,eor
2022-10-06 06:00:00,403,2022100606,3,14.8,71,eor
2022-10-06 07:00:00,403,2022100607,3,14.7,71,eor
2022-10-06 08:00:00,403,2022100608,3,14.9,71,eor
2022-10-06 09:00:00,403,2022100609,3,15.7,61,eor
2022-10-06 10:00:00,403,2022100610,3,16.5,58,eor
2022-10-06 11:00:00,403,2022100611,3,17.1,51,eor
2022-10-06 12:00:00,403,2022100612,3,17.5,49,eor
2022-10-06 13:00:00,403,2022100613,3,17.1,47,eor
2022-10-06 14:00:00,403,2022100614,3,17.5,45,eor
2022-10-06 15:00:00,403,2022100615,3,17.3,45,eor
2022-10-06 16:00:00,403,2022100616,3,16.2,48,eor
2022-10-06 17:00:00,403,2022100617,3,13.5,59,eor
2022-10-06 18:00:00,403,2022100618,3,11,76,eor
2022-10-06 19:00:00,403,2022100619,3,9.3,87,eor
2022-10-06 20:00:00,403,2022100620,3,8.2,92,eor
2022-10-06 21:00:00,403,2022100621,3,7.5,95,eor
2022-10-06 22:00:00,403,2022100622,3,7,97,eor
2022-10-06 23:00:00,403,2022100623,3,6.3,98,eor
2022-10-07 00:00:00,403,2022100700,3,5.7,100,eor
2022-10-07 01:00:00,403,2022100701,3,5.3,100,eor
2022-10-07 02:00:00,403,2022100702,3,5.1,100,eor
2022-10-07 03:00:00,403,2022100703,3,4.9,100,eor
2022-10-07 04:00:00,403,2022100704,3,4.6,100,eor
2022-10-07 05:00:00,403,2022100705,3,4.2,100,eor
2022-10-07 06:00:00,403,2022100706,3,4.8,100,eor
2022-10-07 07:00:00,403,2022100707,3,6.7,96,eor
2022-10-07 08:00:00,403,2022100708,3,9.9,85,eor
2022-10-07 09:00:00,403,2022100709,3,13.6,63,eor
2022-10-07 10:00:00,403,2022100710,3,15.8,54,eor
2022-10-07 11:00:00,403,2022100711,3,17.3,48,eor
2022-10-07 12:00:00,403,2022100712,3,17.5,47,eor
2022-10-07 13:00:00,403,2022100713,3,18.1,45,eor
2022-10-07 14:00:00,403,2022100714,3,17.9,42,eor
2022-10-07 15:00:00,403,2022100715,3,17.1,43,eor
2022-10-07 16:00:00,403,2022100716,3,15.9,46,eor
2022-10-07 17:00:00,403,2022100717,3,12,66,eor
2022-10-07 18:00:00,403,2022100718,3,9.7,79,eor
2022-10-07 19:00:00,403,2022100719,3,8.6,89,eor
2022-10-07 20:00:00,403,2022100720,3,8.2,94,eor
2022-10-07 21:00:00,403,2022100721,3,8,95,eor
2022-10-07 22:00:00,403,2022100722,3,8,96,eor
2022-10-07 23:00:00,403,2022100723,3,7.6,98,eor
2022-10-08 00:00:00,403,2022100800,3,7.6,99,eor
2022-10-08 01:00:00,403,2022100801,3,7.4,100,eor
2022-10-08 02:00:00,403,2022100802,3,8.4,98,eor
2022-10-08 03:00:00,403,2022100803,3,8.7,98,eor
2022-10-08 04:00:00,403,2022100804,3,9.3,98,eor
2022-10-08 05:00:00,403,2022100805,3,9.1,98,eor
2022-10-08 06:00:00,403,2022100806,3,8.7,98,eor
2022-10-08 07:00:00,403,2022100807,3,8.9,98,eor
2022-10-08 08:00:00,403,2022100808,3,11.6,87,eor
2022-10-08 09:00:00,403,2022100809,3,14.8,65,eor
2022-10-08 10:00:00,403,2022100810,3,15.3,65,eor
2022-10-08 11:00:00,403,2022100811,3,14.8,66,eor
2022-10-08 12:00:00,403,2022100812,3,13.1,82,eor
2022-10-08 13:00:00,403,2022100813,3,14.6,75,eor
2022-10-08 14:00:00,403,2022100814,3,15.2,65,eor
2022-10-08 15:00:00,403,2022100815,3,13,71,eor
2022-10-08 16:00:00,403,2022100816,3,12.2,71,eor
2022-10-08 17:00:00,403,2022100817,3,11.1,81,eor
2022-10-08 18:00:00,403,2022100818,3,10.5,83,eor
2022-10-08 19:00:00,403,2022100819,3,10,88,eor
2022-10-08 20:00:00,403,2022100820,3,9.7,90,eor
2022-10-08 21:00:00,403,2022100821,3,9.5,89,eor
2022-10-08 22:00:00,403,2022100822,3,9.2,90,eor
2022-10-08 23:00:00,403,2022100823,3,8.9,90,eor
2022-10-09 00:00:00,403,2022100900,3,8.4,94,eor
2022-10-09 01:00:00,403,2022100901,3,8.1,95,eor
2022-10-09 02:00:00,403,2022100902,3,7.7,95,eor
2022-10-09 03:00:00,403,2022100903,3,7,98,eor
2022-10-09 04:00:00,403,2022100904,3,6.8,98,eor
2022-10-09 05:00:00,403,2022100905,3,5.2,99,eor
2022-10-09 06:00:00,403,2022100906,3,4.7,100,eor
2022-10-09 07:00:00,403,2022100907,3,6.3,100,eor
2022-10-09 08:00:00,403,2022100908,3,9.3,94,eor
2022-10-09 09:00:00,403,2022100909,3,11.5,76,eor
2022-10-09 10:00:00,403,2022100910,3,13.7,68,eor
2022-10-09 11:00:00,403,2022100911,3,14.6,62,eor
2022-10-09 12:00:00,403,2022100912,3,15.8,56,eor
2022-10-09 13:00:00,403,2022100913,3,15.9,52,eor
2022-10-09 14:00:00,403,2022100914,3,15.8,51,eor
2022-10-09 15:00:00,403,2022100915,3,15.1,53,eor
2022-10-09 16:00:00,403,2022100916,3,13.4,61,eor
2022-10-09 17:00:00,403,2022100917,3,10.5,76,eor
2022-10-09 18:00:00,403,2022100918,3,8.4,88,eor
2022-10-09 19:00:00,403,2022100919,3,7.4,94,eor
2022-10-09 20:00:00,403,2022100920,3,7,97,eor
2022-10-09 21:00:00,403,2022100921,3,7.6,94,eor
2022-10-09 22:00:00,403,2022100922,3,7.3,93,eor
2022-10-09 23:00:00,403,2022100923,3,6.7,95,eor
2022-10-10 00:00:00,403,2022101000,3,6.5,96,eor
2022-10-10 01:00:00,403,2022101001,3,6.6,94,eor
2022-10-10 02:00:00,403,2022101002,3,6.3,94,eor
2022-10-10 03:00:00,403,2022101003,3,6.4,93,eor
2022-10-10 04:00:00,403,2022101004,3,5.6,94,eor
2022-10-10 05:00:00,403,2022101005,3,4.9,96,eor
2022-10-10 06:00:00,403,2022101006,3,5.6,96,eor
2022-10-10 07:00:00,403,2022101007,3,6.2,93,eor
2022-10-10 08:00:00,403,2022101008,3,7.7,85,eor
2022-10-10 09:00:00,403,2022101009,3,10.8,71,eor
2022-10-10 10:00:00,403,2022101010,3,13.6,60,eor
2022-10-10 11:00:00,403,2022101011,3,14.8,57,eor
2022-10-10 12:00:00,403,2022101012,3,16.7,52,eor
2022-10-10 13:00:00,403,2022101013,3,17.2,52,eor
2022-10-10 14:00:00,403,2022101014,3,16.8,55,eor
2022-10-10 15:00:00,403,2022101015,3,17,54,eor
2022-10-10 16:00:00,403,2022101016,3,15.7,59,eor
2022-10-10 17:00:00,403,2022101017,3,12.4,80,eor
2022-10-10 18:00:00,403,2022101018,3,11.1,87,eor
2022-10-10 19:00:00,403,2022101019,3,10.2,94,eor
2022-10-10 20:00:00,403,2022101020,3,11.4,90,eor
2022-10-10 21:00:00,403,2022101021,3,12.4,86,eor
2022-10-10 22:00:00,403,2022101022,3,13.8,78,eor
2022-10-10 23:00:00,403,2022101023,3,13.1,83,eor
2022-10-11 00:00:00,403,2022101100,3,11.7,79,eor
2022-10-11 01:00:00,403,2022101101,3,10.1,83,eor
2022-10-11 02:00:00,403,2022101102,3,8.7,90,eor
2022-10-11 03:00:00,403,2022101103,3,8.3,94,eor
2022-10-11 04:00:00,403,2022101104,3,8.4,98,eor
2022-10-11 05:00:00,403,2022101105,3,8.1,99,eor
2022-10-11 06:00:00,403,2022101106,3,7.9,99,eor
2022-10-11 07:00:00,403,2022101107,3,8.6,98,eor
2022-10-11 08:00:00,403,2022101108,3,10.1,89,eor
2022-10-11 09:00:00,403,2022101109,3,11.9,79,eor
2022-10-11 10:00:00,403,2022101110,3,13.6,68,eor
2022-10-11 11:00:00,403,2022101111,3,14.3,61,eor
2022-10-11 12:00:00,403,2022101112,3,13.9,56,eor
2022-10-11 13:00:00,403,2022101113,3,14.5,56,eor
2022-10-11 14:00:00,403,2022101114,3,14.7,46,eor
2022-10-11 15:00:00,403,2022101115,3,14.2,50,eor
2022-10-11 16:00:00,403,2022101116,3,13.3,53,eor
2022-10-11 17:00:00,403,2022101117,3,9.7,71,eor
2022-10-11 18:00:00,403,2022101118,3,8,82,eor
2022-10-11 19:00:00,403,2022101119,3,6.8,92,eor
2022-10-11 20:00:00,403,2022101120,3,6.3,97,eor
2022-10-11 21:00:00,403,2022101121,3,5.5,99,eor
2022-10-11 22:00:00,403,2022101122,3,4.9,100,eor
2022-10-11 23:00:00,403,2022101123,3,4.5,100,eor
2022-10-12 00:00:00,403,2022101200,3,4.4,100,eor
2022-10-12 01:00:00,403,2022101201,3,3.8,100,eor
2022-10-12 02:00:00,403,2022101202,3,3.6,100,eor
2022-10-12 03:00:00,403,2022101203,3,3.1,100,eor
2022-10-12 04:00:00,403,2022101204,3,2.8,100,eor
2022-10-12 05:00:00,403,2022101205,3,2.7,100,eor
2022-10-12 06:00:00,403,2022101206,3,2.8,100,eor
2022-10-12 07:00:00,403,2022101207,3,3.9,100,eor
2022-10-12 08:00:00,403,2022101208,3,7.4,98,eor
2022-10-12 09:00:00,403,2022101209,3,11.6,70,eor
2022-10-12 10:00:00,403,2022101210,3,13.9,56,eor
2022-10-12 11:00:00,403,2022101211,3,15.3,50,eor
2022-10-12 12:00:00,403,2022101212,3,15.5,48,eor
2022-10-12 13:00:00,403,2022101213,3,15.5,46,eor
2022-10-12 14:00:00,403,2022101214,3,15.9,45,eor
2022-10-12 15:00:00,403,2022101215,3,14.9,47,eor
2022-10-12 16:00:00,403,2022101216,3,12.8,57,eor
2022-10-12 17:00:00,403,2022101217,3,9.9,70,eor
2022-10-12 18:00:00,403,2022101218,3,7.8,84,eor
2022-10-12 19:00:00,403,2022101219,3,6.6,93,eor
2022-10-12 20:00:00,403,2022101220,3,6,96,eor
2022-10-12 21:00:00,403,2022101221,3,5.8,98,eor
2022-10-12 22:00:00,403,2022101222,3,5.5,99,eor
2022-10-12 23:00:00,403,2022101223,3,4.9,100,eor
2022-10-13 00:00:00,403,2022101300,3,4.7,100,eor
2022-10-13 01:00:00,403,2022101301,3,4.4,100,eor
2022-10-13 02:00:00,403,2022101302,3,4.7,100,eor
2022-10-13 03:00:00,403,2022101303,3,4.9,100,eor
2022-10-13 04:00:00,403,2022101304,3,4.5,100,eor
2022-10-13 05:00:00,403,2022101305,3,5.5,100,eor
2022-10-13 06:00:00,403,2022101306,3,5.8,100,eor
2022-10-13 07:00:00,403,2022101307,3,6.4,100,eor
2022-10-13 08:00:00,403,2022101308,3,8.5,93,eor
2022-10-13 09:00:00,403,2022101309,3,11.6,79,eor
2022-10-13 10:00:00,403,2022101310,3,13.3,75,eor
2022-10-13 11:00:00,403,2022101311,3,15,70,eor
2022-10-13 12:00:00,403,2022101312,3,16.2,64,eor
2022-10-13 13:00:00,403,2022101313,3,16.3,58,eor
2022-10-13 14:00:00,403,2022101314,3,16.3,60,eor
2022-10-13 15:00:00,403,2022101315,3,16.5,56,eor
2022-10-13 16:00:00,403,2022101316,3,14,68,eor
2022-10-13 17:00:00,403,2022101317,3,11.9,82,eor
2022-10-13 18:00:00,403,2022101318,3,10.5,89,eor
2022-10-13 19:00:00,403,2022101319,3,9.6,94,eor
2022-10-13 20:00:00,403,2022101320,3,8.7,96,eor
2022-10-13 21:00:00,403,2022101321,3,8.2,98,eor
2022-10-13 22:00:00,403,2022101322,3,7.7,99,eor
2022-10-13 23:00:00,403,2022101323,3,7,100,eor
2022-10-14 00:00:00,403,2022101400,3,6.9,100,eor
2022-10-14 01:00:00,403,2022101401,3,6.3,100,eor
2022-10-14 02:00:00,403,2022101402,3,6.3,100,eor
2022-10-14 03:00:00,403,2022101403,3,5.9,100,eor
2022-10-14 04:00:00,403,2022101404,3,6.5,100,eor
2022-10-14 05:00:00,403,2022101405,3,6.7,100,eor
2022-10-14 06:00:00,403,2022101406,3,7.5,100,eor
2022-10-14 07:00:00,403,2022101407,3,8.6,100,eor
2022-10-14 08:00:00,403,2022101408,3,9.9,99,eor
2022-10-14 09:00:00,403,2022101409,3,13,83,eor
2022-10-14 10:00:00,403,2022101410,3,15.2,73,eor
2022-10-14 11:00:00,403,2022101411,3,15.6,72,eor
2022-10-14 12:00:00,403,2022101412,3,16.7,66,eor
2022-10-14 13:00:00,403,2022101413,3,17.1,65,eor
2022-10-14 14:00:00,403,2022101414,3,17,63,eor
2022-10-14 15:00:00,403,2022101415,3,16.8,63,eor
2022-10-14 16:00:00,403,2022101416,3,14.4,77,eor
2022-10-14 17:00:00,403,2022101417,3,12.9,87,eor
2022-10-14 18:00:00,403,2022101418,3,12.9,87,eor
2022-10-14 19:00:00,403,2022101419,3,12,89,eor
2022-10-14 20:00:00,403,2022101420,3,11.6,93,eor
2022-10-14 21:00:00,403,2022101421,3,12.4,90,eor
2022-10-14 22:00:00,403,2022101422,3,12.8,89,eor
2022-10-14 23:00:00,403,2022101423,3,12.7,88,eor
2022-10-15 00:00:00,403,2022101500,3,12.7,88,eor
2022-10-15 01:00:00,403,2022101501,3,12.3,96,eor
2022-10-15 02:00:00,403,2022101502,3,12.6,98,eor
2022-10-15 03:00:00,403,2022101503,3,12.5,98,eor
2022-10-15 04:00:00,403,2022101504,3,12.3,99,eor
2022-10-15 05:00:00,403,2022101505,3,12.1,99,eor
2022-10-15 06:00:00,403,2022101506,3,11.9,99,eor
2022-10-15 07:00:00,403,2022101507,3,12.4,99,eor
2022-10-15 08:00:00,403,2022101508,3,14.2,93,eor
2022-10-15 09:00:00,403,2022101509,3,16.2,80,eor
2022-10-15 10:00:00,403,2022101510,3,16.9,75,eor
2022-10-15 11:00:00,403,2022101511,3,17.3,75,eor
2022-10-15 12:00:00,403,2022101512,3,17.9,68,eor
2022-10-15 13:00:00,403,2022101513,3,17.9,70,eor
2022-10-15 14:00:00,403,2022101514,3,17.9,71,eor
2022-10-15 15:00:00,403,2022101515,3,17.7,72,eor
2022-10-15 16:00:00,403,2022101516,3,16.3,79,eor
2022-10-15 17:00:00,403,2022101517,3,13.9,92,eor
2022-10-15 18:00:00,403,2022101518,3,13.2,97,eor
2022-10-15 19:00:00,403,2022101519,3,13.4,97,eor
2022-10-15 20:00:00,403,2022101520,3,13.3,96,eor
2022-10-15 21:00:00,403,2022101521,3,13.8,92,eor
2022-10-15 22:00:00,403,2022101522,3,14.8,89,eor
2022-10-15 23:00:00,403,2022101523,3,14.7,89,eor
2022-10-16 00:00:00,403,2022101600,3,15,90,eor
2022-10-16 01:00:00,403,2022101601,3,15.2,89,eor
2022-10-16 02:00:00,403,2022101602,3,14.8,90,eor
2022-10-16 03:00:00,403,2022101603,3,14.9,91,eor
2022-10-16 04:00:00,403,2022101604,3,13.9,94,eor
2022-10-16 05:00:00,403,2022101605,3,13.3,97,eor
2022-10-16 06:00:00,403,2022101606,3,13.2,98,eor
2022-10-16 07:00:00,403,2022101607,3,13.7,98,eor
2022-10-16 08:00:00,403,2022101608,3,15.4,90,eor
2022-10-16 09:00:00,403,2022101609,3,16.5,84,eor
2022-10-16 10:00:00,403,2022101610,3,17.8,74,eor
2022-10-16 11:00:00,403,2022101611,3,18.4,67,eor
2022-10-16 12:00:00,403,2022101612,3,19,59,eor
2022-10-16 13:00:00,403,2022101613,3,20.4,51,eor
2022-10-16 14:00:00,403,2022101614,3,19.3,54,eor
2022-10-16 15:00:00,403,2022101615,3,19.4,52,eor
2022-10-16 16:00:00,403,2022101616,3,18,54,eor
2022-10-16 17:00:00,403,2022101617,3,13.8,75,eor
2022-10-16 18:00:00,403,2022101618,3,11.9,87,eor
2022-10-16 19:00:00,403,2022101619,3,11,93,eor
2022-10-16 20:00:00,403,2022101620,3,10.5,96,eor
2022-10-16 21:00:00,403,2022101621,3,10.6,97,eor
2022-10-16 22:00:00,403,2022101622,3,10.6,97,eor
2022-10-16 23:00:00,403,2022101623,3,10.4,98,eor
2022-10-17 00:00:00,403,2022101700,3,10.9,98,eor
2022-10-17 01:00:00,403,2022101701,3,11.6,97,eor
2022-10-17 02:00:00,403,2022101702,3,11.4,98,eor
2022-10-17 03:00:00,403,2022101703,3,11.6,99,eor
2022-10-17 04:00:00,403,2022101704,3,12.5,100,eor
2022-10-17 05:00:00,403,2022101705,3,12.4,100,eor
2022-10-17 06:00:00,403,2022101706,3,12.2,100,eor
2022-10-17 07:00:00,403,2022101707,3,13.1,100,eor
2022-10-17 08:00:00,403,2022101708,3,15.7,86,eor
2022-10-17 09:00:00,403,2022101709,3,18.6,71,eor
2022-10-17 10:00:00,403,2022101710,3,20.8,61,eor
2022-10-17 11:00:00,403,2022101711,3,23.3,51,eor
2022-10-17 12:00:00,403,2022101712,3,24.1,48,eor
2022-10-17 13:00:00,403,2022101713,3,24.7,47,eor
2022-10-17 14:00:00,403,2022101714,3,24.5,47,eor
2022-10-17 15:00:00,403,2022101715,3,23.9,49,eor
2022-10-17 16:00:00,403,2022101716,3,22.6,54,eor
2022-10-17 17:00:00,403,2022101717,3,19,69,eor
2022-10-17 18:00:00,403,2022101718,3,16.8,83,eor
2022-10-17 19:00:00,403,2022101719,3,15.8,89,eor
2022-10-17 20:00:00,403,2022101720,3,14.9,93,eor
2022-10-17 21:00:00,403,2022101721,3,14.4,95,eor
2022-10-17 22:00:00,403,2022101722,3,13.8,97,eor
2022-10-17 23:00:00,403,2022101723,3,13.9,98,eor
2022-10-18 00:00:00,403,2022101800,3,13.9,98,eor
2022-10-18 01:00:00,403,2022101801,3,14.2,98,eor
2022-10-18 02:00:00,403,2022101802,3,15,98,eor
2022-10-18 03:00:00,403,2022101803,3,16.2,92,eor
2022-10-18 04:00:00,403,2022101804,3,15.8,94,eor
2022-10-18 05:00:00,403,2022101805,3,15.2,97,eor
2022-10-18 06:00:00,403,2022101806,3,14.7,99,eor
2022-10-18 07:00:00,403,2022101807,3,14.6,100,eor
2022-10-18 08:00:00,403,2022101808,3,14.9,100,eor
2022-10-18 09:00:00,403,2022101809,3,15,100,eor
2022-10-18 10:00:00,403,2022101810,3,15,99,eor
2022-10-18 11:00:00,403,2022101811,3,14.9,99,eor
2022-10-18 12:00:00,403,2022101812,3,15.2,99,eor
2022-10-18 13:00:00,403,2022101813,3,15.4,98,eor
2022-10-18 14:00:00,403,2022101814,3,15.9,95,eor
2022-10-18 15:00:00,403,2022101815,3,15.6,91,eor
2022-10-18 16:00:00,403,2022101816,3,14.3,91,eor
2022-10-18 17:00:00,403,2022101817,3,12.7,97,eor
2022-10-18 18:00:00,403,2022101818,3,11.6,99,eor
2022-10-18 19:00:00,403,2022101819,3,11.5,100,eor
2022-10-18 20:00:00,403,2022101820,3,10.7,95,eor
2022-10-18 21:00:00,403,2022101821,3,10.1,95,eor
2022-10-18 22:00:00,403,2022101822,3,9.2,98,eor
2022-10-18 23:00:00,403,2022101823,3,9.4,98,eor
2022-10-19 00:00:00,403,2022101900,3,10,95,eor
2022-10-19 01:00:00,403,2022101901,3,10.4,92,eor
2022-10-19 02:00:00,403,2022101902,3,10.3,91,eor
2022-10-19 03:00:00,403,2022101903,3,10.6,88,eor
2022-10-19 04:00:00,403,2022101904,3,10.5,87,eor
2022-10-19 05:00:00,403,2022101905,3,10.6,83,eor
2022-10-19 06:00:00,403,2022101906,3,10.5,83,eor
2022-10-19 07:00:00,403,2022101907,3,10.6,87,eor
2022-10-19 08:00:00,403,2022101908,3,11.1,85,eor
2022-10-19 09:00:00,403,2022101909,3,11.4,82,eor
2022-10-19 10:00:00,403,2022101910,3,12.3,71,eor
2022-10-19 11:00:00,403,2022101911,3,12.7,62,eor
2022-10-19 12:00:00,403,2022101912,3,13.1,54,eor
2022-10-19 13:00:00,403,2022101913,3,13.6,50,eor
2022-10-19 14:00:00,403,2022101914,3,14.1,47,eor
2022-10-19 15:00:00,403,2022101915,3,13.5,51,eor
2022-10-19 16:00:00,403,2022101916,3,11.7,60,eor
2022-10-19 17:00:00,403,2022101917,3,8.7,81,eor
2022-10-19 18:00:00,403,2022101918,3,7.3,91,eor
2022-10-19 19:00:00,403,2022101919,3,6.4,96,eor
2022-10-19 20:00:00,403,2022101920,3,6,98,eor
2022-10-19 21:00:00,403,2022101921,3,6,96,eor
2022-10-19 22:00:00,403,2022101922,3,5.2,98,eor
2022-10-19 23:00:00,403,2022101923,3,5.3,98,eor
2022-10-20 00:00:00,403,2022102000,3,4.4,98,eor
2022-10-20 01:00:00,403,2022102001,3,4.1,100,eor
2022-10-20 02:00:00,403,2022102002,3,3.9,100,eor
2022-10-20 03:00:00,403,2022102003,3,3.9,100,eor
2022-10-20 04:00:00,403,2022102004,3,3.9,100,eor
2022-10-20 05:00:00,403,2022102005,3,3.7,99,eor
2022-10-20 06:00:00,403,2022102006,3,3.6,100,eor
2022-10-20 07:00:00,403,2022102007,3,4.1,99,eor
2022-10-20 08:00:00,403,2022102008,3,7.6,86,eor
2022-10-20 09:00:00,403,2022102009,3,9.6,73,eor
2022-10-20 10:00:00,403,2022102010,3,10.9,66,eor
2022-10-20 11:00:00,403,2022102011,3,12.9,59,eor
2022-10-20 12:00:00,403,2022102012,3,14.1,53,eor
2022-10-20 13:00:00,403,2022102013,3,14.6,51,eor
2022-10-20 14:00:00,403,2022102014,3,14.3,51,eor
2022-10-20 15:00:00,403,2022102015,3,13.3,54,eor
2022-10-20 16:00:00,403,2022102016,3,11.7,60,eor
2022-10-20 17:00:00,403,2022102017,3,10.3,70,eor
2022-10-20 18:00:00,403,2022102018,3,9.9,74,eor
2022-10-20 19:00:00,403,2022102019,3,9.5,77,eor
2022-10-20 20:00:00,403,2022102020,3,8.8,80,eor
2022-10-20 21:00:00,403,2022102021,3,8.3,82,eor
2022-10-20 22:00:00,403,2022102022,3,8.5,82,eor
2022-10-20 23:00:00,403,2022102023,3,7.9,92,eor
2022-10-21 00:00:00,403,2022102100,3,7.9,96,eor
2022-10-21 01:00:00,403,2022102101,3,7.9,97,eor
2022-10-21 02:00:00,403,2022102102,3,8,98,eor
2022-10-21 03:00:00,403,2022102103,3,8.3,99,eor
2022-10-21 04:00:00,403,2022102104,3,8.4,98,eor
2022-10-21 05:00:00,403,2022102105,3,8.4,98,eor
2022-10-21 06:00:00,403,2022102106,3,8.7,96,eor
2022-10-21 07:00:00,403,2022102107,3,9.1,97,eor
2022-10-21 08:00:00,403,2022102108,3,9.8,96,eor
2022-10-21 09:00:00,403,2022102109,3,11.4,90,eor
2022-10-21 10:00:00,403,2022102110,3,12.9,80,eor
2022-10-21 11:00:00,403,2022102111,3,14.3,71,eor
2022-10-21 12:00:00,403,2022102112,3,14.8,71,eor
2022-10-21 13:00:00,403,2022102113,3,15.2,67,eor
2022-10-21 14:00:00,403,2022102114,3,14.7,70,eor
2022-10-21 15:00:00,403,2022102115,3,14.2,75,eor
2022-10-21 16:00:00,403,2022102116,3,13.6,82,eor
2022-10-21 17:00:00,403,2022102117,3,13.8,84,eor
2022-10-21 18:00:00,403,2022102118,3,13.9,96,eor
2022-10-21 19:00:00,403,2022102119,3,13.9,99,eor
2022-10-21 20:00:00,403,2022102120,3,13.9,99,eor
2022-10-21 21:00:00,403,2022102121,3,13.6,100,eor
2022-10-21 22:00:00,403,2022102122,3,13.8,100,eor
2022-10-21 23:00:00,403,2022102123,3,13.8,100,eor
2022-10-22 00:00:00,403,2022102200,3,13.3,100,eor
2022-10-22 01:00:00,403,2022102201,3,12.9,100,eor
2022-10-22 02:00:00,403,2022102202,3,13.1,100,eor
2022-10-22 03:00:00,403,2022102203,3,12.8,100,eor
2022-10-22 04:00:00,403,2022102204,3,12.6,100,eor
2022-10-22 05:00:00,403,2022102205,3,12.6,100,eor
2022-10-22 06:00:00,403,2022102206,3,12.1,100,eor
2022-10-22 07:00:00,403,2022102207,3,12.2,100,eor
2022-10-22 08:00:00,403,2022102208,3,12.8,100,eor
2022-10-22 09:00:00,403,2022102209,3,13.4,99,eor
2022-10-22 10:00:00,403,2022102210,3,14.5,97,eor
2022-10-22 11:00:00,403,2022102211,3,15.1,93,eor
2022-10-22 12:00:00,403,2022102212,3,17.2,80,eor
2022-10-22 13:00:00,403,2022102213,3,18.4,69,eor
2022-10-22 14:00:00,403,2022102214,3,18.8,66,eor
2022-10-22 15:00:00,403,2022102215,3,18.5,65,eor
2022-10-22 16:00:00,403,2022102216,3,16.9,73,eor
2022-10-22 17:00:00,403,2022102217,3,14.1,89,eor
2022-10-22 18:00:00,403,2022102218,3,14.1,94,eor
2022-10-22 19:00:00,403,2022102219,3,14.2,90,eor
2022-10-22 20:00:00,403,2022102220,3,13.7,89,eor
2022-10-22 21:00:00,403,2022102221,3,14,91,eor
2022-10-22 22:00:00,403,2022102222,3,14.5,88,eor
2022-10-22 23:00:00,403,2022102223,3,13.7,89,eor
2022-10-23 00:00:00,403,2022102300,3,12.8,94,eor
2022-10-23 01:00:00,403,2022102301,3,12.3,96,eor
2022-10-23 02:00:00,403,2022102302,3,11.9,96,eor
2022-10-23 03:00:00,403,2022102303,3,11.4,97,eor
2022-10-23 04:00:00,403,2022102304,3,10.4,98,eor
2022-10-23 05:00:00,403,2022102305,3,9.3,98,eor
2022-10-23 06:00:00,403,2022102306,3,9,100,eor
2022-10-23 07:00:00,403,2022102307,3,9.3,100,eor
2022-10-23 08:00:00,403,2022102308,3,11.5,99,eor
2022-10-23 09:00:00,403,2022102309,3,13.7,87,eor
2022-10-23 10:00:00,403,2022102310,3,16.5,72,eor
2022-10-23 11:00:00,403,2022102311,3,18.3,65,eor
2022-10-23 12:00:00,403,2022102312,3,18.4,65,eor
2022-10-23 13:00:00,403,2022102313,3,18.3,65,eor
2022-10-23 14:00:00,403,2022102314,3,18.2,67,eor
2022-10-23 15:00:00,403,2022102315,3,17.4,71,eor
2022-10-23 16:00:00,403,2022102316,3,15.7,80,eor
2022-10-23 17:00:00,403,2022102317,3,15.2,84,eor
2022-10-23 18:00:00,403,2022102318,3,15.2,84,eor
2022-10-23 19:00:00,403,2022102319,3,14.8,83,eor
2022-10-23 20:00:00,403,2022102320,3,13.9,86,eor
2022-10-23 21:00:00,403,2022102321,3,13.1,87,eor
2022-10-23 22:00:00,403,2022102322,3,13.4,86,eor
2022-10-23 23:00:00,403,2022102323,3,13.3,90,eor
2022-10-24 00:00:00,403,2022102400,3,13,98,eor
2022-10-24 01:00:00,403,2022102401,3,12.8,99,eor
2022-10-24 02:00:00,403,2022102402,3,12.8,99,eor
2022-10-24 03:00:00,403,2022102403,3,11.8,100,eor
2022-10-24 04:00:00,403,2022102404,3,11.6,100,eor
2022-10-24 05:00:00,403,2022102405,3,11.3,100,eor
2022-10-24 06:00:00,403,2022102406,3,11.7,100,eor
2022-10-24 07:00:00,403,2022102407,3,12.2,100,eor
2022-10-24 08:00:00,403,2022102408,3,13.3,97,eor
2022-10-24 09:00:00,403,2022102409,3,15.4,89,eor
2022-10-24 10:00:00,403,2022102410,3,16.8,80,eor
2022-10-24 11:00:00,403,2022102411,3,17.5,74,eor
2022-10-24 12:00:00,403,2022102412,3,17.9,72,eor
2022-10-24 13:00:00,403,2022102413,3,18.2,71,eor
2022-10-24 14:00:00,403,2022102414,3,18.8,66,eor
2022-10-24 15:00:00,403,2022102415,3,18.4,67,eor
2022-10-24 16:00:00,403,2022102416,3,17.5,71,eor
2022-10-24 17:00:00,403,2022102417,3,16.8,71,eor
2022-10-24 18:00:00,403,2022102418,3,16.1,74,eor
2022-10-24 19:00:00,403,2022102419,3,15.6,76,eor
2022-10-24 20:00:00,403,2022102420,3,15.2,78,eor
2022-10-24 21:00:00,403,2022102421,3,14.5,82,eor
2022-10-24 22:00:00,403,2022102422,3,14,85,eor
2022-10-24 23:00:00,403,2022102423,3,12.3,93,eor
2022-10-25 00:00:00,403,2022102500,3,12.4,95,eor
2022-10-25 01:00:00,403,2022102501,3,11.9,97,eor
2022-10-25 02:00:00,403,2022102502,3,13,94,eor
2022-10-25 03:00:00,403,2022102503,3,13.3,91,eor
2022-10-25 04:00:00,403,2022102504,3,13.4,88,eor
2022-10-25 05:00:00,403,2022102505,3,13.1,89,eor
2022-10-25 06:00:00,403,2022102506,3,13,88,eor
2022-10-25 07:00:00,403,2022102507,3,13.3,88,eor
2022-10-25 08:00:00,403,2022102508,3,13.8,86,eor
2022-10-25 09:00:00,403,2022102509,3,13.7,89,eor
2022-10-25 10:00:00,403,2022102510,3,15.2,79,eor
2022-10-25 11:00:00,403,2022102511,3,15.3,76,eor
2022-10-25 12:00:00,403,2022102512,3,16.8,65,eor
2022-10-25 13:00:00,403,2022102513,3,15.7,72,eor
2022-10-25 14:00:00,403,2022102514,3,14.6,82,eor
2022-10-25 15:00:00,403,2022102515,3,14,86,eor
2022-10-25 16:00:00,403,2022102516,3,13.4,90,eor
2022-10-25 17:00:00,403,2022102517,3,11.5,96,eor
2022-10-25 18:00:00,403,2022102518,3,10.5,98,eor
2022-10-25 19:00:00,403,2022102519,3,10,99,eor
2022-10-25 20:00:00,403,2022102520,3,9.2,99,eor
2022-10-25 21:00:00,403,2022102521,3,8.9,100,eor
2022-10-25 22:00:00,403,2022102522,3,8.4,100,eor
2022-10-25 23:00:00,403,2022102523,3,8,100,eor
2022-10-26 00:00:00,403,2022102600,3,7.4,100,eor
2022-10-26 01:00:00,403,2022102601,3,7,100,eor
2022-10-26 02:00:00,403,2022102602,3,6.5,100,eor
2022-10-26 03:00:00,403,2022102603,3,6.3,100,eor
2022-10-26 04:00:00,403,2022102604,3,6.1,100,eor
2022-10-26 05:00:00,403,2022102605,3,7,100,eor
2022-10-26 06:00:00,403,2022102606,3,6.1,100,eor
2022-10-26 07:00:00,403,2022102607,3,6.5,100,eor
2022-10-26 08:00:00,403,2022102608,3,9.7,100,eor
2022-10-26 09:00:00,403,2022102609,3,11.3,92,eor
2022-10-26 10:00:00,403,2022102610,3,14,77,eor
2022-10-26 11:00:00,403,2022102611,3,15.9,67,eor
2022-10-26 12:00:00,403,2022102612,3,17.6,59,eor
2022-10-26 13:00:00,403,2022102613,3,18.2,58,eor
2022-10-26 14:00:00,403,2022102614,3,18.2,56,eor
2022-10-26 15:00:00,403,2022102615,3,17.1,61,eor
2022-10-26 16:00:00,403,2022102616,3,15.2,74,eor
2022-10-26 17:00:00,403,2022102617,3,13,88,eor
2022-10-26 18:00:00,403,2022102618,3,12.8,92,eor
2022-10-26 19:00:00,403,2022102619,3,13.3,91,eor
2022-10-26 20:00:00,403,2022102620,3,12.2,94,eor
2022-10-26 21:00:00,403,2022102621,3,11,97,eor
2022-10-26 22:00:00,403,2022102622,3,10.2,98,eor
2022-10-26 23:00:00,403,2022102623,3,9.7,99,eor
2022-10-27 00:00:00,403,2022102700,3,9.5,100,eor
2022-10-27 01:00:00,403,2022102701,3,8.8,100,eor
2022-10-27 02:00:00,403,2022102702,3,9.6,100,eor
2022-10-27 03:00:00,403,2022102703,3,8.6,100,eor
2022-10-27 04:00:00,403,2022102704,3,8.1,100,eor
2022-10-27 05:00:00,403,2022102705,3,8,100,eor
2022-10-27 06:00:00,403,2022102706,3,8,100,eor
2022-10-27 07:00:00,403,2022102707,3,9.6,100,eor
2022-10-27 08:00:00,403,2022102708,3,11.6,99,eor
2022-10-27 09:00:00,403,2022102709,3,13.5,93,eor
2022-10-27 10:00:00,403,2022102710,3,16.9,75,eor
2022-10-27 11:00:00,403,2022102711,3,18.7,65,eor
2022-10-27 12:00:00,403,2022102712,3,19.4,63,eor
2022-10-27 13:00:00,403,2022102713,3,20.4,57,eor
2022-10-27 14:00:00,403,2022102714,3,20.3,56,eor
2022-10-27 15:00:00,403,2022102715,3,19.1,63,eor
2022-10-27 16:00:00,403,2022102716,3,16.6,75,eor
2022-10-27 17:00:00,403,2022102717,3,14.4,89,eor
2022-10-27 18:00:00,403,2022102718,3,13.8,93,eor
2022-10-27 19:00:00,403,2022102719,3,13.2,95,eor
2022-10-27 20:00:00,403,2022102720,3,12.5,98,eor
2022-10-27 21:00:00,403,2022102721,3,11.7,99,eor
2022-10-27 22:00:00,403,2022102722,3,12.2,99,eor
2022-10-27 23:00:00,403,2022102723,3,11.7,99,eor
2022-10-28 00:00:00,403,2022102800,3,12,98,eor
2022-10-28 01:00:00,403,2022102801,3,13.1,92,eor
2022-10-28 02:00:00,403,2022102802,3,13.1,91,eor
2022-10-28 03:00:00,403,2022102803,3,12.1,94,eor
2022-10-28 04:00:00,403,2022102804,3,11,98,eor
2022-10-28 05:00:00,403,2022102805,3,10.4,98,eor
2022-10-28 06:00:00,403,2022102806,3,10.2,100,eor
2022-10-28 07:00:00,403,2022102807,3,12,100,eor
2022-10-28 08:00:00,403,2022102808,3,14.7,86,eor
2022-10-28 09:00:00,403,2022102809,3,16.2,78,eor
2022-10-28 10:00:00,403,2022102810,3,19.6,62,eor
2022-10-28 11:00:00,403,2022102811,3,21.6,55,eor
2022-10-28 12:00:00,403,2022102812,3,22.7,51,eor
2022-10-28 13:00:00,403,2022102813,3,22.8,52,eor
2022-10-28 14:00:00,403,2022102814,3,22.5,52,eor
2022-10-28 15:00:00,403,2022102815,3,21.6,57,eor
2022-10-28 16:00:00,403,2022102816,3,19.6,64,eor
2022-10-28 17:00:00,403,2022102817,3,16.9,79,eor
2022-10-28 18:00:00,403,2022102818,3,15.2,88,eor
2022-10-28 19:00:00,403,2022102819,3,15.3,90,eor
2022-10-28 20:00:00,403,2022102820,3,14.8,91,eor
2022-10-28 21:00:00,403,2022102821,3,15.7,86,eor
2022-10-28 22:00:00,403,2022102822,3,15.2,89,eor
2022-10-28 23:00:00,403,2022102823,3,15.3,84,eor
2022-10-29 00:00:00,403,2022102900,3,14.4,85,eor
2022-10-29 01:00:00,403,2022102901,3,12.8,93,eor
2022-10-29 02:00:00,403,2022102902,3,15.1,87,eor
2022-10-29 03:00:00,403,2022102903,3,13.3,94,eor
2022-10-29 04:00:00,403,2022102904,3,12.3,97,eor
2022-10-29 05:00:00,403,2022102905,3,11.8,98,eor
2022-10-29 06:00:00,403,2022102906,3,12.4,99,eor
2022-10-29 07:00:00,403,2022102907,3,12,99,eor
2022-10-29 08:00:00,403,2022102908,3,13.9,97,eor
2022-10-29 09:00:00,403,2022102909,3,16.4,83,eor
2022-10-29 10:00:00,403,2022102910,3,17.9,73,eor
2022-10-29 11:00:00,403,2022102911,3,18.6,71,eor
2022-10-29 12:00:00,403,2022102912,3,19.7,67,eor
2022-10-29 13:00:00,403,2022102913,3,20.7,63,eor
2022-10-29 14:00:00,403,2022102914,3,20.4,62,eor
2022-10-29 15:00:00,403,2022102915,3,19.5,69,eor
2022-10-29 16:00:00,403,2022102916,3,17.9,77,eor
2022-10-29 17:00:00,403,2022102917,3,17,84,eor
2022-10-29 18:00:00,403,2022102918,3,16,90,eor
2022-10-29 19:00:00,403,2022102919,3,14.7,95,eor
2022-10-29 20:00:00,403,2022102920,3,14.1,97,eor
2022-10-29 21:00:00,403,2022102921,3,13.7,99,eor
2022-10-29 22:00:00,403,2022102922,3,13.9,99,eor
2022-10-29 23:00:00,403,2022102923,3,13.3,99,eor
2022-10-30 00:00:00,403,2022103000,3,13.4,100,eor
2022-10-30 01:00:00,403,2022103001,3,12.3,100,eor
2022-10-30 02:00:00,403,2022103002,3,12.2,100,eor
2022-10-30 03:00:00,403,2022103003,3,11.5,100,eor
2022-10-30 04:00:00,403,2022103004,3,11.7,100,eor
2022-10-30 05:00:00,403,2022103005,3,12,100,eor
2022-10-30 06:00:00,403,2022103006,3,12.4,100,eor
2022-10-30 07:00:00,403,2022103007,3,12.9,97,eor
2022-10-30 08:00:00,403,2022103008,3,13.8,93,eor
2022-10-30 09:00:00,403,2022103009,3,15.8,79,eor
2022-10-30 10:00:00,403,2022103010,3,18.7,63,eor
2022-10-30 11:00:00,403,2022103011,3,20.2,53,eor
2022-10-30 12:00:00,403,2022103012,3,21.1,49,eor
2022-10-30 13:00:00,403,2022103013,3,21.6,48,eor
2022-10-30 14:00:00,403,2022103014,3,21.3,49,eor
2022-10-30 15:00:00,403,2022103015,3,20.4,52,eor
2022-10-30 16:00:00,403,2022103016,3,17.1,72,eor
2022-10-30 17:00:00,403,2022103017,3,14.5,86,eor
2022-10-30 18:00:00,403,2022103018,3,13.2,91,eor
2022-10-30 19:00:00,403,2022103019,3,12.2,95,eor
2022-10-30 20:00:00,403,2022103020,3,11.6,98,eor
2022-10-30 21:00:00,403,2022103021,3,11.2,99,eor
2022-10-30 22:00:00,403,2022103022,3,10.6,99,eor
2022-10-30 23:00:00,403,2022103023,3,10.4,99,eor
2022-10-31 00:00:00,403,2022103100,3,10.3,100,eor
2022-10-31 01:00:00,403,2022103101,3,10.4,100,eor
2022-10-31 02:00:00,403,2022103102,3,10.4,100,eor
2022-10-31 03:00:00,403,2022103103,3,9.6,100,eor
2022-10-31 04:00:00,403,2022103104,3,8.9,100,eor
2022-10-31 05:00:00,403,2022103105,3,9.3,100,eor
2022-10-31 06:00:00,403,2022103106,3,8.7,100,eor
2022-10-31 07:00:00,403,2022103107,3,9.6,100,eor
2022-10-31 08:00:00,403,2022103108,3,12.6,97,eor
2022-10-31 09:00:00,403,2022103109,3,13.3,93,eor
2022-10-31 10:00:00,403,2022103110,3,13.9,91,eor
2022-10-31 11:00:00,403,2022103111,3,16,80,eor
2022-10-31 12:00:00,403,2022103112,3,18,71,eor
2022-10-31 13:00:00,403,2022103113,3,17.7,70,eor
2022-10-31 14:00:00,403,2022103114,3,17.5,73,eor
2022-10-31 15:00:00,403,2022103115,3,14.8,88,eor
2022-10-31 16:00:00,403,2022103116,3,13.5,96,eor
2022-10-31 17:00:00,403,2022103117,3,13.2,99,eor
2022-10-31 18:00:00,403,2022103118,3,12.9,99,eor
2022-10-31 19:00:00,403,2022103119,3,13.1,100,eor
2022-10-31 20:00:00,403,2022103120,3,12.8,100,eor
2022-10-31 21:00:00,403,2022103121,3,12.3,100,eor
2022-10-31 22:00:00,403,2022103122,3,12,100,eor
2022-10-31 23:00:00,403,2022103123,3,11.2,100,eor
2022-11-01 00:00:00,403,2022110100,3,12.5,100,eor
2022-11-01 01:00:00,403,2022110101,3,12.2,100,eor
2022-11-01 02:00:00,403,2022110102,3,12,99,eor
2022-11-01 03:00:00,403,2022110103,3,11.7,100,eor
2022-11-01 04:00:00,403,2022110104,3,10.9,100,eor
2022-11-01 05:00:00,403,2022110105,3,10.7,100,eor
2022-11-01 06:00:00,403,2022110106,3,11.3,100,eor
2022-11-01 07:00:00,403,2022110107,3,11.4,100,eor
2022-11-01 08:00:00,403,2022110108,3,11.7,99,eor
2022-11-01 09:00:00,403,2022110109,3,12.8,93,eor
2022-11-01 10:00:00,403,2022110110,3,14.4,83,eor
2022-11-01 11:00:00,403,2022110111,3,15.1,82,eor
2022-11-01 12:00:00,403,2022110112,3,16.6,76,eor
2022-11-01 13:00:00,403,2022110113,3,16.2,83,eor
2022-11-01 14:00:00,403,2022110114,3,16.9,79,eor
2022-11-01 15:00:00,403,2022110115,3,16.6,79,eor
2022-11-01 16:00:00,403,2022110116,3,15.4,83,eor
2022-11-01 17:00:00,403,2022110117,3,13.5,91,eor
2022-11-01 18:00:00,403,2022110118,3,12.7,96,eor
2022-11-01 19:00:00,403,2022110119,3,11.4,97,eor
2022-11-01 20:00:00,403,2022110120,3,10,98,eor
2022-11-01 21:00:00,403,2022110121,3,9.2,98,eor
2022-11-01 22:00:00,403,2022110122,3,8.3,99,eor
2022-11-01 23:00:00,403,2022110123,3,8.8,100,eor
2022-11-02 00:00:00,403,2022110200,3,8,100,eor
2022-11-02 01:00:00,403,2022110201,3,8.7,100,eor
2022-11-02 02:00:00,403,2022110202,3,8.1,99,eor
2022-11-02 03:00:00,403,2022110203,3,7.4,99,eor
2022-11-02 04:00:00,403,2022110204,3,6.8,98,eor
2022-11-02 05:00:00,403,2022110205,3,7,97,eor
2022-11-02 06:00:00,403,2022110206,3,6.9,95,eor
2022-11-02 07:00:00,403,2022110207,3,7.4,94,eor
2022-11-02 08:00:00,403,2022110208,3,9.8,84,eor
2022-11-02 09:00:00,403,2022110209,3,10.6,79,eor
2022-11-02 10:00:00,403,2022110210,3,13.3,66,eor
2022-11-02 11:00:00,403,2022110211,3,14.7,56,eor
2022-11-02 12:00:00,403,2022110212,3,14.5,55,eor
2022-11-02 13:00:00,403,2022110213,3,14.6,48,eor
2022-11-02 14:00:00,403,2022110214,3,14.6,47,eor
2022-11-02 15:00:00,403,2022110215,3,14.3,47,eor
2022-11-02 16:00:00,403,2022110216,3,13.1,49,eor
2022-11-02 17:00:00,403,2022110217,3,12,51,eor
2022-11-02 18:00:00,403,2022110218,3,10.5,58,eor
2022-11-02 19:00:00,403,2022110219,3,8.2,70,eor
2022-11-02 20:00:00,403,2022110220,3,6.4,84,eor
2022-11-02 21:00:00,403,2022110221,3,5.2,90,eor
2022-11-02 22:00:00,403,2022110222,3,4.8,93,eor
2022-11-02 23:00:00,403,2022110223,3,4,94,eor
2022-11-03 00:00:00,403,2022110300,3,3.5,98,eor
2022-11-03 01:00:00,403,2022110301,3,3.2,98,eor
2022-11-03 02:00:00,403,2022110302,3,3.1,99,eor
2022-11-03 03:00:00,403,2022110303,3,4.6,99,eor
2022-11-03 04:00:00,403,2022110304,3,4.9,95,eor
2022-11-03 05:00:00,403,2022110305,3,4.3,96,eor
2022-11-03 06:00:00,403,2022110306,3,4.1,97,eor
2022-11-03 07:00:00,403,2022110307,3,3.6,98,eor
2022-11-03 08:00:00,403,2022110308,3,6.2,92,eor
2022-11-03 09:00:00,403,2022110309,3,7.7,80,eor
2022-11-03 10:00:00,403,2022110310,3,10.5,66,eor
2022-11-03 11:00:00,403,2022110311,3,11.6,60,eor
2022-11-03 12:00:00,403,2022110312,3,11.7,63,eor
2022-11-03 13:00:00,403,2022110313,3,11.9,61,eor
2022-11-03 14:00:00,403,2022110314,3,12.3,61,eor
2022-11-03 15:00:00,403,2022110315,3,11.6,64,eor
2022-11-03 16:00:00,403,2022110316,3,10,73,eor
2022-11-03 17:00:00,403,2022110317,3,10.2,73,eor
2022-11-03 18:00:00,403,2022110318,3,10.2,72,eor
2022-11-03 19:00:00,403,2022110319,3,10,71,eor
2022-11-03 20:00:00,403,2022110320,3,9.6,71,eor
2022-11-03 21:00:00,403,2022110321,3,8.9,75,eor
2022-11-03 22:00:00,403,2022110322,3,8.1,82,eor
2022-11-03 23:00:00,403,2022110323,3,8,85,eor
2022-11-04 00:00:00,403,2022110400,3,7.4,90,eor
2022-11-04 01:00:00,403,2022110401,3,7,94,eor
2022-11-04 02:00:00,403,2022110402,3,7.3,96,eor
2022-11-04 03:00:00,403,2022110403,3,6.9,96,eor
2022-11-04 04:00:00,403,2022110404,3,7.8,96,eor
2022-11-04 05:00:00,403,2022110405,3,7.9,95,eor
2022-11-04 06:00:00,403,2022110406,3,8,96,eor
2022-11-04 07:00:00,403,2022110407,3,8.5,98,eor
2022-11-04 08:00:00,403,2022110408,3,9.5,98,eor
2022-11-04 09:00:00,403,2022110409,3,10.5,98,eor
2022-11-04 10:00:00,403,2022110410,3,10.6,94,eor
2022-11-04 11:00:00,403,2022110411,3,10.5,92,eor
2022-11-04 12:00:00,403,2022110412,3,10.4,93,eor
2022-11-04 13:00:00,403,2022110413,3,10.3,93,eor
2022-11-04 14:00:00,403,2022110414,3,10.1,93,eor
2022-11-04 15:00:00,403,2022110415,3,10.1,93,eor
2022-11-04 16:00:00,403,2022110416,3,9.8,94,eor
2022-11-04 17:00:00,403,2022110417,3,9.6,94,eor
2022-11-04 18:00:00,403,2022110418,3,9.4,94,eor
2022-11-04 19:00:00,403,2022110419,3,9.3,94,eor
2022-11-04 20:00:00,403,2022110420,3,9.2,94,eor
2022-11-04 21:00:00,403,2022110421,3,9.2,94,eor
2022-11-04 22:00:00,403,2022110422,3,9,96,eor
2022-11-04 23:00:00,403,2022110423,3,8.9,97,eor
2022-11-05 00:00:00,403,2022110500,3,9.1,95,eor
2022-11-05 01:00:00,403,2022110501,3,9,96,eor
2022-11-05 02:00:00,403,2022110502,3,8.7,96,eor
2022-11-05 03:00:00,403,2022110503,3,8.2,96,eor
2022-11-05 04:00:00,403,2022110504,3,8,96,eor
2022-11-05 05:00:00,403,2022110505,3,7.4,98,eor
2022-11-05 06:00:00,403,2022110506,3,7,98,eor
2022-11-05 07:00:00,403,2022110507,3,6.6,98,eor
2022-11-05 08:00:00,403,2022110508,3,6.8,98,eor
2022-11-05 09:00:00,403,2022110509,3,7.8,95,eor
2022-11-05 10:00:00,403,2022110510,3,9.4,83,eor
2022-11-05 11:00:00,403,2022110511,3,11.2,71,eor
2022-11-05 12:00:00,403,2022110512,3,11.9,63,eor
2022-11-05 13:00:00,403,2022110513,3,12,60,eor
2022-11-05 14:00:00,403,2022110514,3,12,59,eor
2022-11-05 15:00:00,403,2022110515,3,10.7,62,eor
2022-11-05 16:00:00,403,2022110516,3,7.9,78,eor
2022-11-05 17:00:00,403,2022110517,3,6.4,91,eor
2022-11-05 18:00:00,403,2022110518,3,5.7,94,eor
2022-11-05 19:00:00,403,2022110519,3,4.8,97,eor
2022-11-05 20:00:00,403,2022110520,3,4.2,98,eor
2022-11-05 21:00:00,403,2022110521,3,3.6,99,eor
2022-11-05 22:00:00,403,2022110522,3,3.5,100,eor
2022-11-05 23:00:00,403,2022110523,3,2.8,100,eor
2022-11-06 00:00:00,403,2022110600,1,3.5,100,eor
2022-11-06 01:00:00,403,2022110601,1,3.6,100,eor
2022-11-06 02:00:00,403,2022110602,1,3.1,100,eor
2022-11-06 03:00:00,403,2022110603,1,4,100,eor
2022-11-06 04:00:00,403,2022110604,1,4.2,98,eor
2022-11-06 05:00:00,403,2022110605,1,3.8,98,eor
2022-11-06 06:00:00,403,2022110606,1,3.5,98,eor
2022-11-06 07:00:00,403,2022110607,1,4.1,97,eor
2022-11-06 08:00:00,403,2022110608,1,6,89,eor
2022-11-06 09:00:00,403,2022110609,1,7.3,82,eor
2022-11-06 10:00:00,403,2022110610,1,9.2,71,eor
2022-11-06 11:00:00,403,2022110611,1,10,67,eor
2022-11-06 12:00:00,403,2022110612,1,10.9,63,eor
2022-11-06 13:00:00,403,2022110613,1,11.3,60,eor
2022-11-06 14:00:00,403,2022110614,1,11.3,60,eor
2022-11-06 15:00:00,403,2022110615,1,10.5,64,eor
2022-11-06 16:00:00,403,2022110616,1,8.6,71,eor
2022-11-06 17:00:00,403,2022110617,1,6.6,85,eor
2022-11-06 18:00:00,403,2022110618,1,7,83,eor
2022-11-06 19:00:00,403,2022110619,1,6.6,83,eor
2022-11-06 20:00:00,403,2022110620,1,6.3,86,eor
2022-11-06 21:00:00,403,2022110621,1,6,88,eor
2022-11-06 22:00:00,403,2022110622,1,6.3,88,eor
2022-11-06 23:00:00,403,2022110623,1,6.6,87,eor
2022-11-07 00:00:00,403,2022110700,1,6.5,87,eor
2022-11-07 01:00:00,403,2022110701,1,6.5,90,eor
2022-11-07 02:00:00,403,2022110702,1,6.8,89,eor
2022-11-07 03:00:00,403,2022110703,1,7.4,86,eor
2022-11-07 04:00:00,403,2022110704,1,7.9,84,eor
2022-11-07 05:00:00,403,2022110705,1,8.1,82,eor
2022-11-07 06:00:00,403,2022110706,1,8.2,81,eor
2022-11-07 07:00:00,403,2022110707,1,8.3,80,eor
2022-11-07 08:00:00,403,2022110708,1,9,79,eor
2022-11-07 09:00:00,403,2022110709,1,10.6,74,eor
2022-11-07 10:00:00,403,2022110710,1,12.5,66,eor
2022-11-07 11:00:00,403,2022110711,1,13.6,63,eor
2022-11-07 12:00:00,403,2022110712,1,14.7,59,eor
2022-11-07 13:00:00,403,2022110713,1,14.1,59,eor
2022-11-07 14:00:00,403,2022110714,1,13.5,63,eor
2022-11-07 15:00:00,403,2022110715,1,13.3,66,eor
2022-11-07 16:00:00,403,2022110716,1,13.1,68,eor
2022-11-07 17:00:00,403,2022110717,1,12.3,71,eor
2022-11-07 18:00:00,403,2022110718,1,12,73,eor
2022-11-07 19:00:00,403,2022110719,1,11.9,75,eor
2022-11-07 20:00:00,403,2022110720,1,11.8,75,eor
2022-11-07 21:00:00,403,2022110721,1,11.9,75,eor
2022-11-07 22:00:00,403,2022110722,1,11.5,77,eor
2022-11-07 23:00:00,403,2022110723,1,10.9,79,eor
2022-11-08 00:00:00,403,2022110800,1,10.8,81,eor
2022-11-08 01:00:00,403,2022110801,1,10.3,83,eor
2022-11-08 02:00:00,403,2022110802,1,10.1,86,eor
2022-11-08 03:00:00,403,2022110803,1,9.9,87,eor
2022-11-08 04:00:00,403,2022110804,1,9.6,89,eor
2022-11-08 05:00:00,403,2022110805,1,8.5,94,eor
2022-11-08 06:00:00,403,2022110806,1,8.1,96,eor
2022-11-08 07:00:00,403,2022110807,1,8,97,eor
2022-11-08 08:00:00,403,2022110808,1,9.6,91,eor
2022-11-08 09:00:00,403,2022110809,1,11.7,80,eor
2022-11-08 10:00:00,403,2022110810,1,13.5,71,eor
2022-11-08 11:00:00,403,2022110811,1,14.9,65,eor
2022-11-08 12:00:00,403,2022110812,1,15.8,61,eor
2022-11-08 13:00:00,403,2022110813,1,16.6,56,eor
2022-11-08 14:00:00,403,2022110814,1,15.9,57,eor
2022-11-08 15:00:00,403,2022110815,1,15.1,61,eor
2022-11-08 16:00:00,403,2022110816,1,13.3,71,eor
2022-11-08 17:00:00,403,2022110817,1,12.9,75,eor
2022-11-08 18:00:00,403,2022110818,1,12.7,73,eor
2022-11-08 19:00:00,403,2022110819,1,12.2,70,eor
2022-11-08 20:00:00,403,2022110820,1,12.6,66,eor
2022-11-08 21:00:00,403,2022110821,1,12.6,65,eor
2022-11-08 22:00:00,403,2022110822,1,12.7,62,eor
2022-11-08 23:00:00,403,2022110823,1,12.4,65,eor
2022-11-09 00:00:00,403,2022110900,1,11.9,67,eor
2022-11-09 01:00:00,403,2022110901,1,11.6,68,eor
2022-11-09 02:00:00,403,2022110902,1,10.8,71,eor
2022-11-09 03:00:00,403,2022110903,1,9.5,78,eor
2022-11-09 04:00:00,403,2022110904,1,11.3,71,eor
2022-11-09 05:00:00,403,2022110905,1,11.1,77,eor
2022-11-09 06:00:00,403,2022110906,1,11.2,82,eor
2022-11-09 07:00:00,403,2022110907,1,11.6,79,eor
2022-11-09 08:00:00,403,2022110908,1,10.8,93,eor
2022-11-09 09:00:00,403,2022110909,1,11.1,92,eor
2022-11-09 10:00:00,403,2022110910,1,11.9,87,eor
2022-11-09 11:00:00,403,2022110911,1,13.4,81,eor
2022-11-09 12:00:00,403,2022110912,1,14.9,73,eor
2022-11-09 13:00:00,403,2022110913,1,14.6,74,eor
2022-11-09 14:00:00,403,2022110914,1,14.4,75,eor
2022-11-09 15:00:00,403,2022110915,1,13.7,78,eor
2022-11-09 16:00:00,403,2022110916,1,12.4,85,eor
2022-11-09 17:00:00,403,2022110917,1,12.1,89,eor
2022-11-09 18:00:00,403,2022110918,1,10.8,93,eor
2022-11-09 19:00:00,403,2022110919,1,11.6,93,eor
2022-11-09 20:00:00,403,2022110920,1,10.5,96,eor
2022-11-09 21:00:00,403,2022110921,1,9.9,97,eor
2022-11-09 22:00:00,403,2022110922,1,10.5,95,eor
2022-11-09 23:00:00,403,2022110923,1,11.2,89,eor
2022-11-10 00:00:00,403,2022111000,1,12,74,eor
2022-11-10 01:00:00,403,2022111001,1,11.9,74,eor
2022-11-10 02:00:00,403,2022111002,1,11.2,77,eor
2022-11-10 03:00:00,403,2022111003,1,12,72,eor
2022-11-10 04:00:00,403,2022111004,1,11.6,72,eor
2022-11-10 05:00:00,403,2022111005,1,10.9,76,eor
2022-11-10 06:00:00,403,2022111006,1,10.2,79,eor
2022-11-10 07:00:00,403,2022111007,1,9.6,84,eor
2022-11-10 08:00:00,403,2022111008,1,10.7,81,eor
2022-11-10 09:00:00,403,2022111009,1,11.8,74,eor
2022-11-10 10:00:00,403,2022111010,1,12.5,73,eor
2022-11-10 11:00:00,403,2022111011,1,12.8,71,eor
2022-11-10 12:00:00,403,2022111012,1,14,67,eor
2022-11-10 13:00:00,403,2022111013,1,14,67,eor
2022-11-10 14:00:00,403,2022111014,1,14.1,64,eor
2022-11-10 15:00:00,403,2022111015,1,13.6,66,eor
2022-11-10 16:00:00,403,2022111016,1,12.2,70,eor
2022-11-10 17:00:00,403,2022111017,1,10.5,78,eor
2022-11-10 18:00:00,403,2022111018,1,11.2,76,eor
2022-11-10 19:00:00,403,2022111019,1,11.3,75,eor
2022-11-10 20:00:00,403,2022111020,1,11.6,74,eor
2022-11-10 21:00:00,403,2022111021,1,11.6,74,eor
2022-11-10 22:00:00,403,2022111022,1,10.6,78,eor
2022-11-10 23:00:00,403,2022111023,1,9.4,84,eor
2022-11-11 00:00:00,403,2022111100,1,8.6,88,eor
2022-11-11 01:00:00,403,2022111101,1,8.2,90,eor
2022-11-11 02:00:00,403,2022111102,1,7.9,91,eor
2022-11-11 03:00:00,403,2022111103,1,7.9,93,eor
2022-11-11 04:00:00,403,2022111104,1,7.9,91,eor
2022-11-11 05:00:00,403,2022111105,1,7.6,93,eor
2022-11-11 06:00:00,403,2022111106,1,7.8,92,eor
2022-11-11 07:00:00,403,2022111107,1,7.6,92,eor
2022-11-11 08:00:00,403,2022111108,1,8.1,90,eor
2022-11-11 09:00:00,403,2022111109,1,8.9,87,eor
2022-11-11 10:00:00,403,2022111110,1,10.2,80,eor
2022-11-11 11:00:00,403,2022111111,1,11.5,73,eor
2022-11-11 12:00:00,403,2022111112,1,12.2,69,eor
2022-11-11 13:00:00,403,2022111113,1,12.4,67,eor
2022-11-11 14:00:00,403,2022111114,1,12.6,66,eor
2022-11-11 15:00:00,403,2022111115,1,12.1,69,eor
2022-11-11 16:00:00,403,2022111116,1,10.8,75,eor
2022-11-11 17:00:00,403,2022111117,1,8.9,83,eor
2022-11-11 18:00:00,403,2022111118,1,7.2,93,eor
2022-11-11 19:00:00,403,2022111119,1,6.4,97,eor
2022-11-11 20:00:00,403,2022111120,1,5.8,99,eor
2022-11-11 21:00:00,403,2022111121,1,5.3,100,eor
2022-11-11 22:00:00,403,2022111122,1,5.1,100,eor
2022-11-11 23:00:00,403,2022111123,1,4.6,100,eor
2022-11-12 00:00:00,403,2022111200,1,4,100,eor
2022-11-12 01:00:00,403,2022111201,1,4.1,100,eor
2022-11-12 02:00:00,403,2022111202,1,4.1,100,eor
2022-11-12 03:00:00,403,2022111203,1,4.1,100,eor
2022-11-12 04:00:00,403,2022111204,1,3.8,100,eor
2022-11-12 05:00:00,403,2022111205,1,2.8,100,eor
2022-11-12 06:00:00,403,2022111206,1,2,100,eor
2022-11-12 07:00:00,403,2022111207,1,1.9,100,eor
2022-11-12 08:00:00,403,2022111208,1,3.6,100,eor
2022-11-12 09:00:00,403,2022111209,1,6.4,94,eor
2022-11-12 10:00:00,403,2022111210,1,9.9,84,eor
2022-11-12 11:00:00,403,2022111211,1,12.2,73,eor
2022-11-12 12:00:00,403,2022111212,1,12.9,70,eor
2022-11-12 13:00:00,403,2022111213,1,13.5,65,eor
2022-11-12 14:00:00,403,2022111214,1,13.1,66,eor
2022-11-12 15:00:00,403,2022111215,1,10.9,77,eor
2022-11-12 16:00:00,403,2022111216,1,8.2,90,eor
2022-11-12 17:00:00,403,2022111217,1,6.9,96,eor
2022-11-12 18:00:00,403,2022111218,1,5.6,98,eor
2022-11-12 19:00:00,403,2022111219,1,5,100,eor
2022-11-12 20:00:00,403,2022111220,1,4.6,100,eor
2022-11-12 21:00:00,403,2022111221,1,4.8,100,eor
2022-11-12 22:00:00,403,2022111222,1,4.4,100,eor
2022-11-12 23:00:00,403,2022111223,1,4.4,100,eor
2022-11-13 00:00:00,403,2022111300,1,5.7,100,eor
2022-11-13 01:00:00,403,2022111301,1,6.6,100,eor
2022-11-13 02:00:00,403,2022111302,1,7.3,100,eor
2022-11-13 03:00:00,403,2022111303,1,7.9,100,eor
2022-11-13 04:00:00,403,2022111304,1,8.2,100,eor
2022-11-13 05:00:00,403,2022111305,1,8.4,98,eor
2022-11-13 06:00:00,403,2022111306,1,8.6,92,eor
2022-11-13 07:00:00,403,2022111307,1,8.9,92,eor
2022-11-13 08:00:00,403,2022111308,1,9.3,91,eor
2022-11-13 09:00:00,403,2022111309,1,9.6,90,eor
2022-11-13 10:00:00,403,2022111310,1,9.9,83,eor
2022-11-13 11:00:00,403,2022111311,1,10.2,78,eor
2022-11-13 12:00:00,403,2022111312,1,11.7,69,eor
2022-11-13 13:00:00,403,2022111313,1,11.9,66,eor
2022-11-13 14:00:00,403,2022111314,1,11.6,66,eor
2022-11-13 15:00:00,403,2022111315,1,10.2,72,eor
2022-11-13 16:00:00,403,2022111316,1,8.2,82,eor
2022-11-13 17:00:00,403,2022111317,1,8.3,86,eor
2022-11-13 18:00:00,403,2022111318,1,7.2,90,eor
2022-11-13 19:00:00,403,2022111319,1,6.5,91,eor
2022-11-13 20:00:00,403,2022111320,1,6.6,92,eor
2022-11-13 21:00:00,403,2022111321,1,5.8,93,eor
2022-11-13 22:00:00,403,2022111322,1,5.8,94,eor
2022-11-13 23:00:00,403,2022111323,1,5.8,95,eor
2022-11-14 00:00:00,403,2022111400,1,5.6,95,eor
2022-11-14 01:00:00,403,2022111401,1,5.3,97,eor
2022-11-14 02:00:00,403,2022111402,1,5.2,98,eor
2022-11-14 03:00:00,403,2022111403,1,5.7,98,eor
2022-11-14 04:00:00,403,2022111404,1,5.6,98,eor
2022-11-14 05:00:00,403,2022111405,1,5.2,98,eor
2022-11-14 06:00:00,403,2022111406,1,5.3,98,eor
2022-11-14 07:00:00,403,2022111407,1,4.9,98,eor
2022-11-14 08:00:00,403,2022111408,1,5.4,98,eor
2022-11-14 09:00:00,403,2022111409,1,6.7,91,eor
2022-11-14 10:00:00,403,2022111410,1,7.9,82,eor
2022-11-14 11:00:00,403,2022111411,1,9.5,71,eor
2022-11-14 12:00:00,403,2022111412,1,10.2,69,eor
2022-11-14 13:00:00,403,2022111413,1,11,66,eor
2022-11-14 14:00:00,403,2022111414,1,10.5,70,eor
2022-11-14 15:00:00,403,2022111415,1,9.6,73,eor
2022-11-14 16:00:00,403,2022111416,1,7.5,85,eor
2022-11-14 17:00:00,403,2022111417,1,6.2,92,eor
2022-11-14 18:00:00,403,2022111418,1,5.8,95,eor
2022-11-14 19:00:00,403,2022111419,1,5.9,97,eor
2022-11-14 20:00:00,403,2022111420,1,5.7,98,eor
2022-11-14 21:00:00,403,2022111421,1,5.2,98,eor
2022-11-14 22:00:00,403,2022111422,1,4.8,99,eor
2022-11-14 23:00:00,403,2022111423,1,4.3,100,eor
2022-11-15 00:00:00,403,2022111500,1,3.8,100,eor
2022-11-15 01:00:00,403,2022111501,1,3.4,100,eor
2022-11-15 02:00:00,403,2022111502,1,3.2,100,eor
2022-11-15 03:00:00,403,2022111503,1,3,100,eor
2022-11-15 04:00:00,403,2022111504,1,3,100,eor
2022-11-15 05:00:00,403,2022111505,1,2.9,100,eor
2022-11-15 06:00:00,403,2022111506,1,2.7,100,eor
2022-11-15 07:00:00,403,2022111507,1,2.9,100,eor
2022-11-15 08:00:00,403,2022111508,1,4,100,eor
2022-11-15 09:00:00,403,2022111509,1,6.4,98,eor
2022-11-15 10:00:00,403,2022111510,1,9.5,81,eor
2022-11-15 11:00:00,403,2022111511,1,11.4,69,eor
2022-11-15 12:00:00,403,2022111512,1,12.8,65,eor
2022-11-15 13:00:00,403,2022111513,1,14,61,eor
2022-11-15 14:00:00,403,2022111514,1,13.2,65,eor
2022-11-15 15:00:00,403,2022111515,1,11.4,74,eor
2022-11-15 16:00:00,403,2022111516,1,9,84,eor
2022-11-15 17:00:00,403,2022111517,1,8.2,92,eor
2022-11-15 18:00:00,403,2022111518,1,8,94,eor
2022-11-15 19:00:00,403,2022111519,1,6.9,97,eor
2022-11-15 20:00:00,403,2022111520,1,6.1,98,eor
2022-11-15 21:00:00,403,2022111521,1,6.2,100,eor
2022-11-15 22:00:00,403,2022111522,1,6,100,eor
2022-11-15 23:00:00,403,2022111523,1,5.6,100,eor
2022-11-16 00:00:00,403,2022111600,1,5.3,100,eor
2022-11-16 01:00:00,403,2022111601,1,5,100,eor
2022-11-16 02:00:00,403,2022111602,1,4.9,100,eor
2022-11-16 03:00:00,403,2022111603,1,4.7,100,eor
2022-11-16 04:00:00,403,2022111604,1,4.6,100,eor
2022-11-16 05:00:00,403,2022111605,1,5,100,eor
2022-11-16 06:00:00,403,2022111606,1,5.5,100,eor
2022-11-16 07:00:00,403,2022111607,1,5.7,100,eor
2022-11-16 08:00:00,403,2022111608,1,6.1,100,eor
2022-11-16 09:00:00,403,2022111609,1,6,100,eor
2022-11-16 10:00:00,403,2022111610,1,6,100,eor
2022-11-16 11:00:00,403,2022111611,1,5.9,97,eor
2022-11-16 12:00:00,403,2022111612,1,6.1,92,eor
2022-11-16 13:00:00,403,2022111613,1,6.2,90,eor
2022-11-16 14:00:00,403,2022111614,1,6.4,87,eor
2022-11-16 15:00:00,403,2022111615,1,6.4,86,eor
2022-11-16 16:00:00,403,2022111616,1,5.9,94,eor
2022-11-16 17:00:00,403,2022111617,1,5.8,94,eor
2022-11-16 18:00:00,403,2022111618,1,6,90,eor
2022-11-16 19:00:00,403,2022111619,1,5.9,87,eor
2022-11-16 20:00:00,403,2022111620,1,5.9,82,eor
2022-11-16 21:00:00,403,2022111621,1,5.9,79,eor
2022-11-16 22:00:00,403,2022111622,1,5.3,81,eor
2022-11-16 23:00:00,403,2022111623,1,4.9,80,eor
2022-11-17 00:00:00,403,2022111700,1,4.4,81,eor
2022-11-17 01:00:00,403,2022111701,1,3.8,82,eor
2022-11-17 02:00:00,403,2022111702,1,3.6,81,eor
2022-11-17 03:00:00,403,2022111703,1,3.6,79,eor
2022-11-17 04:00:00,403,2022111704,1,3.6,79,eor
2022-11-17 05:00:00,403,2022111705,1,3.7,81,eor
2022-11-17 06:00:00,403,2022111706,1,3.8,82,eor
2022-11-17 07:00:00,403,2022111707,1,4.1,80,eor
2022-11-17 08:00:00,403,2022111708,1,4.3,78,eor
2022-11-17 09:00:00,403,2022111709,1,4.6,77,eor
2022-11-17 10:00:00,403,2022111710,1,4.7,77,eor
2022-11-17 11:00:00,403,2022111711,1,4.8,77,eor
2022-11-17 12:00:00,403,2022111712,1,5,76,eor
2022-11-17 13:00:00,403,2022111713,1,5,75,eor
2022-11-17 14:00:00,403,2022111714,1,5,75,eor
2022-11-17 15:00:00,403,2022111715,1,4.6,75,eor
2022-11-17 16:00:00,403,2022111716,1,3.8,82,eor
2022-11-17 17:00:00,403,2022111717,1,3.4,89,eor
2022-11-17 18:00:00,403,2022111718,1,3.2,90,eor
2022-11-17 19:00:00,403,2022111719,1,3,92,eor
2022-11-17 20:00:00,403,2022111720,1,2.9,90,eor
2022-11-17 21:00:00,403,2022111721,1,2.5,90,eor
2022-11-17 22:00:00,403,2022111722,1,2.2,90,eor
2022-11-17 23:00:00,403,2022111723,1,2.1,89,eor
2022-11-18 00:00:00,403,2022111800,1,1.8,90,eor
2022-11-18 01:00:00,403,2022111801,1,1.5,91,eor
2022-11-18 02:00:00,403,2022111802,1,1.3,89,eor
2022-11-18 03:00:00,403,2022111803,1,0.8,88,eor
2022-11-18 04:00:00,403,2022111804,1,0.4,89,eor
2022-11-18 05:00:00,403,2022111805,1,0,90,eor
2022-11-18 06:00:00,403,2022111806,1,-0.1,90,eor
2022-11-18 07:00:00,403,2022111807,1,-0.2,86,eor
2022-11-18 08:00:00,403,2022111808,1,-0.6,85,eor
2022-11-18 09:00:00,403,2022111809,1,-0.3,78,eor
2022-11-18 10:00:00,403,2022111810,1,-0.7,78,eor
2022-11-18 11:00:00,403,2022111811,1,-0.7,79,eor
2022-11-18 12:00:00,403,2022111812,1,-0.4,77,eor
2022-11-18 13:00:00,403,2022111813,1,0,73,eor
2022-11-18 14:00:00,403,2022111814,1,-0.5,72,eor
2022-11-18 15:00:00,403,2022111815,1,-0.9,73,eor
2022-11-18 16:00:00,403,2022111816,1,-1.4,72,eor
2022-11-18 17:00:00,403,2022111817,1,-2.3,76,eor
2022-11-18 18:00:00,403,2022111818,1,-2.8,79,eor
2022-11-18 19:00:00,403,2022111819,1,-3.4,82,eor
2022-11-18 20:00:00,403,2022111820,1,-3.8,87,eor
2022-11-18 21:00:00,403,2022111821,1,-4.2,91,eor
2022-11-18 22:00:00,403,2022111822,1,-4.5,93,eor
2022-11-18 23:00:00,403,2022111823,1,-4.9,94,eor
2022-11-19 00:00:00,403,2022111900,1,-5.3,94,eor
2022-11-19 01:00:00,403,2022111901,1,-5.7,96,eor
2022-11-19 02:00:00,403,2022111902,1,-5.8,96,eor
2022-11-19 03:00:00,403,2022111903,1,-6,96,eor
2022-11-19 04:00:00,403,2022111904,1,-6.1,96,eor
2022-11-19 05:00:00,403,2022111905,1,-6.2,96,eor
2022-11-19 06:00:00,403,2022111906,1,-5.8,96,eor
2022-11-19 07:00:00,403,2022111907,1,-5.9,96,eor
2022-11-19 08:00:00,403,2022111908,1,-4.8,95,eor
2022-11-19 09:00:00,403,2022111909,1,-2.3,91,eor
2022-11-19 10:00:00,403,2022111910,1,-0.6,78,eor
2022-11-19 11:00:00,403,2022111911,1,0.5,62,eor
2022-11-19 12:00:00,403,2022111912,1,1.1,59,eor
2022-11-19 13:00:00,403,2022111913,1,1.7,62,eor
2022-11-19 14:00:00,403,2022111914,1,1,73,eor
2022-11-19 15:00:00,403,2022111915,1,0.5,81,eor
2022-11-19 16:00:00,403,2022111916,1,0.2,86,eor
2022-11-19 17:00:00,403,2022111917,1,-0.1,90,eor
2022-11-19 18:00:00,403,2022111918,1,0,94,eor
2022-11-19 19:00:00,403,2022111919,1,0.4,96,eor
2022-11-19 20:00:00,403,2022111920,1,0.4,97,eor
2022-11-19 21:00:00,403,2022111921,1,0.2,98,eor
2022-11-19 22:00:00,403,2022111922,1,-0.1,98,eor
2022-11-19 23:00:00,403,2022111923,1,-0.2,98,eor
2022-11-20 00:00:00,403,2022112000,1,-0.5,98,eor
2022-11-20 01:00:00,403,2022112001,1,-0.6,97,eor
2022-11-20 02:00:00,403,2022112002,1,-0.8,97,eor
2022-11-20 03:00:00,403,2022112003,1,-1,95,eor
2022-11-20 04:00:00,403,2022112004,1,-1.4,95,eor
2022-11-20 05:00:00,403,2022112005,1,-1.2,95,eor
2022-11-20 06:00:00,403,2022112006,1,-1,95,eor
2022-11-20 07:00:00,403,2022112007,1,-0.9,94,eor
2022-11-20 08:00:00,403,2022112008,1,-1.1,94,eor
2022-11-20 09:00:00,403,2022112009,1,-0.7,92,eor
2022-11-20 10:00:00,403,2022112010,1,-0.4,90,eor
2022-11-20 11:00:00,403,2022112011,1,-0.1,90,eor
2022-11-20 12:00:00,403,2022112012,1,0.6,84,eor
2022-11-20 13:00:00,403,2022112013,1,1,82,eor
2022-11-20 14:00:00,403,2022112014,1,0.5,88,eor
2022-11-20 15:00:00,403,2022112015,1,0.7,88,eor
2022-11-20 16:00:00,403,2022112016,1,0.5,85,eor
2022-11-20 17:00:00,403,2022112017,1,-0.2,87,eor
2022-11-20 18:00:00,403,2022112018,1,-0.8,92,eor
2022-11-20 19:00:00,403,2022112019,1,-1.4,94,eor
2022-11-20 20:00:00,403,2022112020,1,-1.6,94,eor
2022-11-20 21:00:00,403,2022112021,1,-2.5,96,eor
2022-11-20 22:00:00,403,2022112022,1,-3.3,97,eor
2022-11-20 23:00:00,403,2022112023,1,-4,98,eor
2022-11-21 00:00:00,403,2022112100,1,-2.5,97,eor
2022-11-21 01:00:00,403,2022112101,1,-2.3,97,eor
2022-11-21 02:00:00,403,2022112102,1,-2.1,97,eor
2022-11-21 03:00:00,403,2022112103,1,-2,97,eor
2022-11-21 04:00:00,403,2022112104,1,-1.8,97,eor
2022-11-21 05:00:00,403,2022112105,1,-2,97,eor
2022-11-21 06:00:00,403,2022112106,1,-1.6,97,eor
2022-11-21 07:00:00,403,2022112107,1,-1.4,96,eor
2022-11-21 08:00:00,403,2022112108,1,-1.4,97,eor
2022-11-21 09:00:00,403,2022112109,1,-1.8,98,eor
2022-11-21 10:00:00,403,2022112110,1,-2.8,100,eor
2022-11-21 11:00:00,403,2022112111,1,-2.3,98,eor
2022-11-21 12:00:00,403,2022112112,1,-2,97,eor
2022-11-21 13:00:00,403,2022112113,1,-1.7,97,eor
2022-11-21 14:00:00,403,2022112114,1,-1.3,94,eor
2022-11-21 15:00:00,403,2022112115,1,-1.3,94,eor
2022-11-21 16:00:00,403,2022112116,1,-1.5,94,eor
2022-11-21 17:00:00,403,2022112117,1,-2.2,94,eor
2022-11-21 18:00:00,403,2022112118,1,-2.5,97,eor
2022-11-21 19:00:00,403,2022112119,1,-2.3,97,eor
2022-11-21 20:00:00,403,2022112120,1,-2.2,97,eor
2022-11-21 21:00:00,403,2022112121,1,-1.6,92,eor
2022-11-21 22:00:00,403,2022112122,1,-1.2,91,eor
2022-11-21 23:00:00,403,2022112123,1,-1.8,94,eor
2022-11-22 00:00:00,403,2022112200,1,-1.9,94,eor
2022-11-22 01:00:00,403,2022112201,1,-2.2,94,eor
2022-11-22 02:00:00,403,2022112202,1,-2.6,94,eor
2022-11-22 03:00:00,403,2022112203,1,-2.6,94,eor
2022-11-22 04:00:00,403,2022112204,1,-2.6,96,eor
2022-11-22 05:00:00,403,2022112205,1,-2.2,96,eor
2022-11-22 06:00:00,403,2022112206,1,-1.9,97,eor
2022-11-22 07:00:00,403,2022112207,1,-1.6,97,eor
2022-11-22 08:00:00,403,2022112208,1,-1.2,96,eor
2022-11-22 09:00:00,403,2022112209,1,-0.8,95,eor
2022-11-22 10:00:00,403,2022112210,1,-0.2,95,eor
2022-11-22 11:00:00,403,2022112211,1,0.3,95,eor
2022-11-22 12:00:00,403,2022112212,1,1,94,eor
2022-11-22 13:00:00,403,2022112213,1,1.3,94,eor
2022-11-22 14:00:00,403,2022112214,1,1.5,94,eor
2022-11-22 15:00:00,403,2022112215,1,1.6,94,eor
2022-11-22 16:00:00,403,2022112216,1,1.6,94,eor
2022-11-22 17:00:00,403,2022112217,1,1.6,94,eor
2022-11-22 18:00:00,403,2022112218,1,1.5,94,eor
2022-11-22 19:00:00,403,2022112219,1,1.5,95,eor
2022-11-22 20:00:00,403,2022112220,1,1.6,95,eor
2022-11-22 21:00:00,403,2022112221,1,1.6,95,eor
2022-11-22 22:00:00,403,2022112222,1,0.9,96,eor
2022-11-22 23:00:00,403,2022112223,1,0.5,98,eor
2022-11-23 00:00:00,403,2022112300,1,0.4,99,eor
2022-11-23 01:00:00,403,2022112301,1,0.3,99,eor
2022-11-23 02:00:00,403,2022112302,1,0.7,100,eor
2022-11-23 03:00:00,403,2022112303,1,0.8,100,eor
2022-11-23 04:00:00,403,2022112304,1,0.5,100,eor
2022-11-23 05:00:00,403,2022112305,1,0.4,100,eor
2022-11-23 06:00:00,403,2022112306,1,0.6,100,eor
2022-11-23 07:00:00,403,2022112307,1,-0.2,100,eor
2022-11-23 08:00:00,403,2022112308,1,0,100,eor
2022-11-23 09:00:00,403,2022112309,1,0.6,100,eor
2022-11-23 10:00:00,403,2022112310,1,4,87,eor
2022-11-23 11:00:00,403,2022112311,1,5.8,79,eor
2022-11-23 12:00:00,403,2022112312,1,6.9,75,eor
2022-11-23 13:00:00,403,2022112313,1,7.2,76,eor
2022-11-23 14:00:00,403,2022112314,1,6.9,77,eor
2022-11-23 15:00:00,403,2022112315,1,5.6,80,eor
2022-11-23 16:00:00,403,2022112316,1,4.4,88,eor
2022-11-23 17:00:00,403,2022112317,1,3.9,91,eor
2022-11-23 18:00:00,403,2022112318,1,3,94,eor
2022-11-23 19:00:00,403,2022112319,1,2.3,97,eor
2022-11-23 20:00:00,403,2022112320,1,1.6,98,eor
2022-11-23 21:00:00,403,2022112321,1,1.2,100,eor
2022-11-23 22:00:00,403,2022112322,1,1,100,eor
2022-11-23 23:00:00,403,2022112323,1,0.7,100,eor
2022-11-24 00:00:00,403,2022112400,1,1.3,100,eor
2022-11-24 01:00:00,403,2022112401,1,1.3,100,eor
2022-11-24 02:00:00,403,2022112402,1,1.2,100,eor
2022-11-24 03:00:00,403,2022112403,1,0.8,100,eor
2022-11-24 04:00:00,403,2022112404,1,0.4,100,eor
2022-11-24 05:00:00,403,2022112405,1,0.3,100,eor
2022-11-24 06:00:00,403,2022112406,1,0,100,eor
2022-11-24 07:00:00,403,2022112407,1,0,100,eor
2022-11-24 08:00:00,403,2022112408,1,0.3,100,eor
2022-11-24 09:00:00,403,2022112409,1,1,100,eor
2022-11-24 10:00:00,403,2022112410,1,1.7,100,eor
2022-11-24 11:00:00,403,2022112411,1,2.7,98,eor
2022-11-24 12:00:00,403,2022112412,1,3.6,95,eor
2022-11-24 13:00:00,403,2022112413,1,4.1,93,eor
2022-11-24 14:00:00,403,2022112414,1,4.6,92,eor
2022-11-24 15:00:00,403,2022112415,1,4.6,93,eor
2022-11-24 16:00:00,403,2022112416,1,4.4,95,eor
2022-11-24 17:00:00,403,2022112417,1,4.5,95,eor
2022-11-24 18:00:00,403,2022112418,1,4.1,96,eor
2022-11-24 19:00:00,403,2022112419,1,3.5,97,eor
2022-11-24 20:00:00,403,2022112420,1,2.3,98,eor
2022-11-24 21:00:00,403,2022112421,1,1.3,100,eor
2022-11-24 22:00:00,403,2022112422,1,2.3,100,eor
2022-11-24 23:00:00,403,2022112423,1,2.5,100,eor
2022-11-25 00:00:00,403,2022112500,1,3,100,eor
2022-11-25 01:00:00,403,2022112501,1,3.3,100,eor
2022-11-25 02:00:00,403,2022112502,1,3.4,100,eor
2022-11-25 03:00:00,403,2022112503,1,3.4,100,eor
2022-11-25 04:00:00,403,2022112504,1,3.2,100,eor
2022-11-25 05:00:00,403,2022112505,1,3.3,100,eor
2022-11-25 06:00:00,403,2022112506,1,3.3,100,eor
2022-11-25 07:00:00,403,2022112507,1,2.8,100,eor
2022-11-25 08:00:00,403,2022112508,1,3,100,eor
2022-11-25 09:00:00,403,2022112509,1,4.6,100,eor
2022-11-25 10:00:00,403,2022112510,1,5.9,92,eor
2022-11-25 11:00:00,403,2022112511,1,7.2,83,eor
2022-11-25 12:00:00,403,2022112512,1,8.3,79,eor
2022-11-25 13:00:00,403,2022112513,1,7.2,83,eor
2022-11-25 14:00:00,403,2022112514,1,6.7,90,eor
2022-11-25 15:00:00,403,2022112515,1,6.1,92,eor
2022-11-25 16:00:00,403,2022112516,1,5.8,95,eor
2022-11-25 17:00:00,403,2022112517,1,5.7,96,eor
2022-11-25 18:00:00,403,2022112518,1,5.8,98,eor
2022-11-25 19:00:00,403,2022112519,1,6.1,98,eor
2022-11-25 20:00:00,403,2022112520,1,6.2,98,eor
2022-11-25 21:00:00,403,2022112521,1,6.7,98,eor
2022-11-25 22:00:00,403,2022112522,1,6.9,98,eor
2022-11-25 23:00:00,403,2022112523,1,7.1,98,eor
2022-11-26 00:00:00,403,2022112600,1,7.1,98,eor
2022-11-26 01:00:00,403,2022112601,1,7.1,98,eor
2022-11-26 02:00:00,403,2022112602,1,7.1,99,eor
2022-11-26 03:00:00,403,2022112603,1,7.3,99,eor
2022-11-26 04:00:00,403,2022112604,1,7.4,99,eor
2022-11-26 05:00:00,403,2022112605,1,7.5,99,eor
2022-11-26 06:00:00,403,2022112606,1,7.7,97,eor
2022-11-26 07:00:00,403,2022112607,1,7.6,97,eor
2022-11-26 08:00:00,403,2022112608,1,7.6,96,eor
2022-11-26 09:00:00,403,2022112609,1,7.7,94,eor
2022-11-26 10:00:00,403,2022112610,1,7.8,93,eor
2022-11-26 11:00:00,403,2022112611,1,7.6,92,eor
2022-11-26 12:00:00,403,2022112612,1,7.7,94,eor
2022-11-26 13:00:00,403,2022112613,1,7.8,89,eor
2022-11-26 14:00:00,403,2022112614,1,7.4,94,eor
2022-11-26 15:00:00,403,2022112615,1,7.3,94,eor
2022-11-26 16:00:00,403,2022112616,1,7.3,93,eor
2022-11-26 17:00:00,403,2022112617,1,7.2,93,eor
2022-11-26 18:00:00,403,2022112618,1,7.1,95,eor
2022-11-26 19:00:00,403,2022112619,1,7.1,97,eor
2022-11-26 20:00:00,403,2022112620,1,7.2,96,eor
2022-11-26 21:00:00,403,2022112621,1,7.2,96,eor
2022-11-26 22:00:00,403,2022112622,1,7.3,96,eor
2022-11-26 23:00:00,403,2022112623,1,7.2,96,eor
2022-11-27 00:00:00,403,2022112700,1,6.7,97,eor
2022-11-27 01:00:00,403,2022112701,1,6.5,98,eor
2022-11-27 02:00:00,403,2022112702,1,6.5,98,eor
2022-11-27 03:00:00,403,2022112703,1,5.7,98,eor
2022-11-27 04:00:00,403,2022112704,1,5.1,98,eor
2022-11-27 05:00:00,403,2022112705,1,4,98,eor
2022-11-27 06:00:00,403,2022112706,1,2.7,98,eor
2022-11-27 07:00:00,403,2022112707,1,2.4,99,eor
2022-11-27 08:00:00,403,2022112708,1,2.4,99,eor
2022-11-27 09:00:00,403,2022112709,1,3.4,96,eor
2022-11-27 10:00:00,403,2022112710,1,5.2,86,eor
2022-11-27 11:00:00,403,2022112711,1,6.8,77,eor
2022-11-27 12:00:00,403,2022112712,1,7.3,75,eor
2022-11-27 13:00:00,403,2022112713,1,7.5,75,eor
2022-11-27 14:00:00,403,2022112714,1,6.6,79,eor
2022-11-27 15:00:00,403,2022112715,1,5.7,86,eor
2022-11-27 16:00:00,403,2022112716,1,4.8,89,eor
2022-11-27 17:00:00,403,2022112717,1,4.4,93,eor
2022-11-27 18:00:00,403,2022112718,1,4.7,93,eor
2022-11-27 19:00:00,403,2022112719,1,4.6,92,eor
2022-11-27 20:00:00,403,2022112720,1,4.1,92,eor
2022-11-27 21:00:00,403,2022112721,1,3.7,91,eor
2022-11-27 22:00:00,403,2022112722,1,3.8,91,eor
2022-11-27 23:00:00,403,2022112723,1,3.5,91,eor
2022-11-28 00:00:00,403,2022112800,1,3.6,90,eor
2022-11-28 01:00:00,403,2022112801,1,3.6,88,eor
2022-11-28 02:00:00,403,2022112802,1,3.2,90,eor
2022-11-28 03:00:00,403,2022112803,1,2.8,90,eor
2022-11-28 04:00:00,403,2022112804,1,2.8,90,eor
2022-11-28 05:00:00,403,2022112805,1,2.9,90,eor
2022-11-28 06:00:00,403,2022112806,1,3.3,88,eor
2022-11-28 07:00:00,403,2022112807,1,3.1,87,eor
2022-11-28 08:00:00,403,2022112808,1,3.1,89,eor
2022-11-28 09:00:00,403,2022112809,1,3.7,87,eor
2022-11-28 10:00:00,403,2022112810,1,4.1,84,eor
2022-11-28 11:00:00,403,2022112811,1,4.5,81,eor
2022-11-28 12:00:00,403,2022112812,1,5.2,79,eor
2022-11-28 13:00:00,403,2022112813,1,5.5,75,eor
2022-11-28 14:00:00,403,2022112814,1,5.3,77,eor
2022-11-28 15:00:00,403,2022112815,1,4.8,80,eor
2022-11-28 16:00:00,403,2022112816,1,4.2,83,eor
2022-11-28 17:00:00,403,2022112817,1,3.8,85,eor
2022-11-28 18:00:00,403,2022112818,1,3.5,87,eor
2022-11-28 19:00:00,403,2022112819,1,3.3,89,eor
2022-11-28 20:00:00,403,2022112820,1,3.3,89,eor
2022-11-28 21:00:00,403,2022112821,1,3.4,89,eor
2022-11-28 22:00:00,403,2022112822,1,3.4,89,eor
2022-11-28 23:00:00,403,2022112823,1,3.2,90,eor
2022-11-29 00:00:00,403,2022112900,1,2.8,90,eor
2022-11-29 01:00:00,403,2022112901,1,2.6,92,eor
2022-11-29 02:00:00,403,2022112902,1,2.9,92,eor
2022-11-29 03:00:00,403,2022112903,1,2.9,92,eor
2022-11-29 04:00:00,403,2022112904,1,2.8,94,eor
2022-11-29 05:00:00,403,2022112905,1,2.7,94,eor
2022-11-29 06:00:00,403,2022112906,1,2.7,94,eor
2022-11-29 07:00:00,403,2022112907,1,2.9,94,eor
2022-11-29 08:00:00,403,2022112908,1,3.2,92,eor
2022-11-29 09:00:00,403,2022112909,1,3.5,92,eor
2022-11-29 10:00:00,403,2022112910,1,4.1,91,eor
2022-11-29 11:00:00,403,2022112911,1,4.5,89,eor
2022-11-29 12:00:00,403,2022112912,1,4.7,87,eor
2022-11-29 13:00:00,403,2022112913,1,4.8,86,eor
2022-11-29 14:00:00,403,2022112914,1,4.7,87,eor
2022-11-29 15:00:00,403,2022112915,1,4.2,94,eor
2022-11-29 16:00:00,403,2022112916,1,4,96,eor
2022-11-29 17:00:00,403,2022112917,1,4,98,eor
2022-11-29 18:00:00,403,2022112918,1,4,98,eor
2022-11-29 19:00:00,403,2022112919,1,4.1,97,eor
2022-11-29 20:00:00,403,2022112920,1,4.2,94,eor
2022-11-29 21:00:00,403,2022112921,1,4.3,93,eor
2022-11-29 22:00:00,403,2022112922,1,4.3,93,eor
2022-11-29 23:00:00,403,2022112923,1,4.2,93,eor
2022-11-30 00:00:00,403,2022113000,1,4.1,92,eor
2022-11-30 01:00:00,403,2022113001,1,4.1,91,eor
2022-11-30 02:00:00,403,2022113002,1,4,90,eor
2022-11-30 03:00:00,403,2022113003,1,3.8,90,eor
2022-11-30 04:00:00,403,2022113004,1,3.7,90,eor
2022-11-30 05:00:00,403,2022113005,1,3.7,89,eor
2022-11-30 06:00:00,403,2022113006,1,3.5,88,eor
2022-11-30 07:00:00,403,2022113007,1,3.5,88,eor
2022-11-30 08:00:00,403,2022113008,1,3.6,87,eor
2022-11-30 09:00:00,403,2022113009,1,3.9,85,eor
2022-11-30 10:00:00,403,2022113010,1,4.4,81,eor
2022-11-30 11:00:00,403,2022113011,1,5.1,76,eor
2022-11-30 12:00:00,403,2022113012,1,5.5,75,eor
2022-11-30 13:00:00,403,2022113013,1,5.4,76,eor
2022-11-30 14:00:00,403,2022113014,1,4.8,76,eor
2022-11-30 15:00:00,403,2022113015,1,2.3,86,eor
2022-11-30 16:00:00,403,2022113016,1,1.1,91,eor
2022-11-30 17:00:00,403,2022113017,1,1.2,91,eor
2022-11-30 18:00:00,403,2022113018,1,1.4,92,eor
2022-11-30 19:00:00,403,2022113019,1,1.4,92,eor
2022-11-30 20:00:00,403,2022113020,1,1.1,92,eor
2022-11-30 21:00:00,403,2022113021,1,0.9,93,eor
2022-11-30 22:00:00,403,2022113022,1,0.8,93,eor
2022-11-30 23:00:00,403,2022113023,1,0.5,94,eor
2022-12-01 00:00:00,403,2022120100,1,0.4,94,eor
2022-12-01 01:00:00,403,2022120101,1,0.5,94,eor
2022-12-01 02:00:00,403,2022120102,1,0.5,94,eor
2022-12-01 03:00:00,403,2022120103,1,0.4,94,eor
2022-12-01 04:00:00,403,2022120104,1,0.1,94,eor
2022-12-01 05:00:00,403,2022120105,1,0,94,eor
2022-12-01 06:00:00,403,2022120106,1,0.1,94,eor
2022-12-01 07:00:00,403,2022120107,1,0,94,eor
2022-12-01 08:00:00,403,2022120108,1,0.1,93,eor
2022-12-01 09:00:00,403,2022120109,1,0.3,91,eor
2022-12-01 10:00:00,403,2022120110,1,0.4,90,eor
2022-12-01 11:00:00,403,2022120111,1,0.7,89,eor
2022-12-01 12:00:00,403,2022120112,1,0.8,88,eor
2022-12-01 13:00:00,403,2022120113,1,1,86,eor
2022-12-01 14:00:00,403,2022120114,1,0.9,85,eor
2022-12-01 15:00:00,403,2022120115,1,1,84,eor
2022-12-01 16:00:00,403,2022120116,1,1,85,eor
2022-12-01 17:00:00,403,2022120117,1,0.6,91,eor
2022-12-01 18:00:00,403,2022120118,1,0.3,95,eor
2022-12-01 19:00:00,403,2022120119,1,0.3,96,eor
2022-12-01 20:00:00,403,2022120120,1,0.5,96,eor
2022-12-01 21:00:00,403,2022120121,1,0.5,97,eor
2022-12-01 22:00:00,403,2022120122,1,0.6,97,eor
2022-12-01 23:00:00,403,2022120123,1,0.7,97,eor
2022-12-02 00:00:00,403,2022120200,1,0.9,95,eor
2022-12-02 01:00:00,403,2022120201,1,0.9,95,eor
2022-12-02 02:00:00,403,2022120202,1,0.9,94,eor
2022-12-02 03:00:00,403,2022120203,1,0.8,96,eor
2022-12-02 04:00:00,403,2022120204,1,0.5,97,eor
2022-12-02 05:00:00,403,2022120205,1,0.4,98,eor
2022-12-02 06:00:00,403,2022120206,1,0.5,96,eor
2022-12-02 07:00:00,403,2022120207,1,0.8,94,eor
2022-12-02 08:00:00,403,2022120208,1,1.1,91,eor
2022-12-02 09:00:00,403,2022120209,1,1.1,92,eor
2022-12-02 10:00:00,403,2022120210,1,1.5,86,eor
2022-12-02 11:00:00,403,2022120211,1,1.4,86,eor
2022-12-02 12:00:00,403,2022120212,1,1.3,86,eor
2022-12-02 13:00:00,403,2022120213,1,1.2,86,eor
2022-12-02 14:00:00,403,2022120214,1,1.1,84,eor
2022-12-02 15:00:00,403,2022120215,1,0.6,81,eor
2022-12-02 16:00:00,403,2022120216,1,0.2,83,eor
2022-12-02 17:00:00,403,2022120217,1,-0.1,86,eor
2022-12-02 18:00:00,403,2022120218,1,-0.3,87,eor
2022-12-02 19:00:00,403,2022120219,1,-0.6,89,eor
2022-12-02 20:00:00,403,2022120220,1,-0.8,88,eor
2022-12-02 21:00:00,403,2022120221,1,-0.8,85,eor
2022-12-02 22:00:00,403,2022120222,1,-0.9,84,eor
2022-12-02 23:00:00,403,2022120223,1,-1.1,85,eor
2022-12-03 00:00:00,403,2022120300,1,-1.2,84,eor
2022-12-03 01:00:00,403,2022120301,1,-1.2,83,eor
2022-12-03 02:00:00,403,2022120302,1,-1.3,83,eor
2022-12-03 03:00:00,403,2022120303,1,-1.3,82,eor
2022-12-03 04:00:00,403,2022120304,1,-1.3,82,eor
2022-12-03 05:00:00,403,2022120305,1,-1.4,82,eor
2022-12-03 06:00:00,403,2022120306,1,-1.5,84,eor
2022-12-03 07:00:00,403,2022120307,1,-1.7,87,eor
2022-12-03 08:00:00,403,2022120308,1,-1.9,91,eor
2022-12-03 09:00:00,403,2022120309,1,-1.7,91,eor
2022-12-03 10:00:00,403,2022120310,1,-1.4,92,eor
2022-12-03 11:00:00,403,2022120311,1,-1.3,91,eor
2022-12-03 12:00:00,403,2022120312,1,-1.1,90,eor
2022-12-03 13:00:00,403,2022120313,1,-1,90,eor
2022-12-03 14:00:00,403,2022120314,1,-1,90,eor
2022-12-03 15:00:00,403,2022120315,1,-1.1,90,eor
2022-12-03 16:00:00,403,2022120316,1,-1.1,92,eor
2022-12-03 17:00:00,403,2022120317,1,-0.9,92,eor
2022-12-03 18:00:00,403,2022120318,1,-0.8,92,eor
2022-12-03 19:00:00,403,2022120319,1,-0.7,92,eor
2022-12-03 20:00:00,403,2022120320,1,-0.7,92,eor
2022-12-03 21:00:00,403,2022120321,1,-0.6,92,eor
2022-12-03 22:00:00,403,2022120322,1,-0.5,92,eor
2022-12-03 23:00:00,403,2022120323,1,-0.4,94,eor
2022-12-04 00:00:00,403,2022120400,1,-0.3,94,eor
2022-12-04 01:00:00,403,2022120401,1,-0.2,94,eor
2022-12-04 02:00:00,403,2022120402,1,-0.2,95,eor
2022-12-04 03:00:00,403,2022120403,1,-0.2,97,eor
2022-12-04 04:00:00,403,2022120404,1,-0.1,97,eor
2022-12-04 05:00:00,403,2022120405,1,0,96,eor
2022-12-04 06:00:00,403,2022120406,1,0.2,96,eor
2022-12-04 07:00:00,403,2022120407,1,0.3,96,eor
2022-12-04 08:00:00,403,2022120408,1,0.4,96,eor
2022-12-04 09:00:00,403,2022120409,1,0.7,96,eor
2022-12-04 10:00:00,403,2022120410,1,1,95,eor
2022-12-04 11:00:00,403,2022120411,1,1.3,94,eor
2022-12-04 12:00:00,403,2022120412,1,1.5,94,eor
2022-12-04 13:00:00,403,2022120413,1,1.7,94,eor
2022-12-04 14:00:00,403,2022120414,1,1.9,94,eor
2022-12-04 15:00:00,403,2022120415,1,2,94,eor
2022-12-04 16:00:00,403,2022120416,1,1.9,95,eor
2022-12-04 17:00:00,403,2022120417,1,2,98,eor
2022-12-04 18:00:00,403,2022120418,1,2.1,99,eor
2022-12-04 19:00:00,403,2022120419,1,2.2,100,eor
2022-12-04 20:00:00,403,2022120420,1,2.4,100,eor
2022-12-04 21:00:00,403,2022120421,1,2.6,100,eor
2022-12-04 22:00:00,403,2022120422,1,2.6,100,eor
2022-12-04 23:00:00,403,2022120423,1,2.5,100,eor
2022-12-05 00:00:00,403,2022120500,1,2.5,100,eor
2022-12-05 01:00:00,403,2022120501,1,2.6,100,eor
2022-12-05 02:00:00,403,2022120502,1,2.7,100,eor
2022-12-05 03:00:00,403,2022120503,1,2.7,100,eor
2022-12-05 04:00:00,403,2022120504,1,2.7,100,eor
2022-12-05 05:00:00,403,2022120505,1,2.7,100,eor
2022-12-05 06:00:00,403,2022120506,1,2.8,100,eor
2022-12-05 07:00:00,403,2022120507,1,2.9,100,eor
2022-12-05 08:00:00,403,2022120508,1,2.9,100,eor
2022-12-05 09:00:00,403,2022120509,1,3,100,eor
2022-12-05 10:00:00,403,2022120510,1,2.9,100,eor
2022-12-05 11:00:00,403,2022120511,1,3.1,100,eor
2022-12-05 12:00:00,403,2022120512,1,3.2,100,eor
2022-12-05 13:00:00,403,2022120513,1,3.3,100,eor
2022-12-05 14:00:00,403,2022120514,1,3.5,100,eor
2022-12-05 15:00:00,403,2022120515,1,3.5,100,eor
2022-12-05 16:00:00,403,2022120516,1,3.7,100,eor
2022-12-05 17:00:00,403,2022120517,1,3.8,100,eor
2022-12-05 18:00:00,403,2022120518,1,3.9,100,eor
2022-12-05 19:00:00,403,2022120519,1,3.9,100,eor
2022-12-05 20:00:00,403,2022120520,1,3.4,100,eor
2022-12-05 21:00:00,403,2022120521,1,3,100,eor
2022-12-05 22:00:00,403,2022120522,1,2.8,100,eor
2022-12-05 23:00:00,403,2022120523,1,2.8,100,eor
2022-12-06 00:00:00,403,2022120600,1,2.6,100,eor
2022-12-06 01:00:00,403,2022120601,1,2.4,98,eor
2022-12-06 02:00:00,403,2022120602,1,2.2,97,eor
2022-12-06 03:00:00,403,2022120603,1,2,97,eor
2022-12-06 04:00:00,403,2022120604,1,1.9,97,eor
2022-12-06 05:00:00,403,2022120605,1,1.8,97,eor
2022-12-06 06:00:00,403,2022120606,1,1.7,96,eor
2022-12-06 07:00:00,403,2022120607,1,1.7,95,eor
2022-12-06 08:00:00,403,2022120608,1,1.8,95,eor
2022-12-06 09:00:00,403,2022120609,1,1.9,95,eor
2022-12-06 10:00:00,403,2022120610,1,2.1,95,eor
2022-12-06 11:00:00,403,2022120611,1,2,96,eor
2022-12-06 12:00:00,403,2022120612,1,2.2,95,eor
2022-12-06 13:00:00,403,2022120613,1,2.4,94,eor
2022-12-06 14:00:00,403,2022120614,1,2.3,94,eor
2022-12-06 15:00:00,403,2022120615,1,2.1,97,eor
2022-12-06 16:00:00,403,2022120616,1,2.1,99,eor
2022-12-06 17:00:00,403,2022120617,1,2.2,100,eor
2022-12-06 18:00:00,403,2022120618,1,2.5,99,eor
2022-12-06 19:00:00,403,2022120619,1,2.9,98,eor
2022-12-06 20:00:00,403,2022120620,1,3,98,eor
2022-12-06 21:00:00,403,2022120621,1,3.1,99,eor
2022-12-06 22:00:00,403,2022120622,1,3,98,eor
2022-12-06 23:00:00,403,2022120623,1,2.8,97,eor
2022-12-07 00:00:00,403,2022120700,1,2.1,94,eor
2022-12-07 01:00:00,403,2022120701,1,1.4,92,eor
2022-12-07 02:00:00,403,2022120702,1,1.2,91,eor
2022-12-07 03:00:00,403,2022120703,1,0.9,93,eor
2022-12-07 04:00:00,403,2022120704,1,0.8,95,eor
2022-12-07 05:00:00,403,2022120705,1,0.9,98,eor
2022-12-07 06:00:00,403,2022120706,1,1.8,98,eor
2022-12-07 07:00:00,403,2022120707,1,2.5,98,eor
2022-12-07 08:00:00,403,2022120708,1,3,94,eor
2022-12-07 09:00:00,403,2022120709,1,3.2,88,eor
2022-12-07 10:00:00,403,2022120710,1,3.1,79,eor
2022-12-07 11:00:00,403,2022120711,1,3.1,79,eor
2022-12-07 12:00:00,403,2022120712,1,3.5,81,eor
2022-12-07 13:00:00,403,2022120713,1,3.9,81,eor
2022-12-07 14:00:00,403,2022120714,1,3.9,78,eor
2022-12-07 15:00:00,403,2022120715,1,3.6,81,eor
2022-12-07 16:00:00,403,2022120716,1,3.3,82,eor
2022-12-07 17:00:00,403,2022120717,1,2.7,84,eor
2022-12-07 18:00:00,403,2022120718,1,2,86,eor
2022-12-07 19:00:00,403,2022120719,1,1.5,90,eor
2022-12-07 20:00:00,403,2022120720,1,1.3,91,eor
2022-12-07 21:00:00,403,2022120721,1,0.6,94,eor
2022-12-07 22:00:00,403,2022120722,1,0.6,96,eor
2022-12-07 23:00:00,403,2022120723,1,0.2,97,eor
2022-12-08 00:00:00,403,2022120800,1,0,97,eor
2022-12-08 01:00:00,403,2022120801,1,0.2,97,eor
2022-12-08 02:00:00,403,2022120802,1,0.3,98,eor
2022-12-08 03:00:00,403,2022120803,1,0.4,100,eor
2022-12-08 04:00:00,403,2022120804,1,0.4,100,eor
2022-12-08 05:00:00,403,2022120805,1,0.6,100,eor
2022-12-08 06:00:00,403,2022120806,1,1.1,100,eor
2022-12-08 07:00:00,403,2022120807,1,1.1,100,eor
2022-12-08 08:00:00,403,2022120808,1,1.6,99,eor
2022-12-08 09:00:00,403,2022120809,1,1.9,98,eor
2022-12-08 10:00:00,403,2022120810,1,2.4,96,eor
2022-12-08 11:00:00,403,2022120811,1,2.9,95,eor
2022-12-08 12:00:00,403,2022120812,1,2.9,95,eor
2022-12-08 13:00:00,403,2022120813,1,2.9,96,eor
2022-12-08 14:00:00,403,2022120814,1,2.9,96,eor
2022-12-08 15:00:00,403,2022120815,1,2.2,97,eor
2022-12-08 16:00:00,403,2022120816,1,1.9,97,eor
2022-12-08 17:00:00,403,2022120817,1,1.6,98,eor
2022-12-08 18:00:00,403,2022120818,1,1.1,98,eor
2022-12-08 19:00:00,403,2022120819,1,0.4,99,eor
2022-12-08 20:00:00,403,2022120820,1,0.5,99,eor
2022-12-08 21:00:00,403,2022120821,1,0,99,eor
2022-12-08 22:00:00,403,2022120822,1,-1.1,100,eor
2022-12-08 23:00:00,403,2022120823,1,-1.4,100,eor
2022-12-09 00:00:00,403,2022120900,1,-1.9,100,eor
2022-12-09 01:00:00,403,2022120901,1,-1.9,100,eor
2022-12-09 02:00:00,403,2022120902,1,-2.2,100,eor
2022-12-09 03:00:00,403,2022120903,1,-1.7,100,eor
2022-12-09 04:00:00,403,2022120904,1,-1.2,100,eor
2022-12-09 05:00:00,403,2022120905,1,-1.2,100,eor
2022-12-09 06:00:00,403,2022120906,1,-1.3,100,eor
2022-12-09 07:00:00,403,2022120907,1,-1.2,100,eor
2022-12-09 08:00:00,403,2022120908,1,-0.9,100,eor
2022-12-09 09:00:00,403,2022120909,1,-1,100,eor
2022-12-09 10:00:00,403,2022120910,1,-1,100,eor
2022-12-09 11:00:00,403,2022120911,1,-0.9,100,eor
2022-12-09 12:00:00,403,2022120912,1,-0.7,100,eor
2022-12-09 13:00:00,403,2022120913,1,-0.9,100,eor
2022-12-09 14:00:00,403,2022120914,1,-0.8,100,eor
2022-12-09 15:00:00,403,2022120915,1,-1.6,100,eor
2022-12-09 16:00:00,403,2022120916,1,-1.8,100,eor
2022-12-09 17:00:00,403,2022120917,1,-1.9,100,eor
2022-12-09 18:00:00,403,2022120918,1,-2,99,eor
2022-12-09 19:00:00,403,2022120919,1,-2.2,98,eor
2022-12-09 20:00:00,403,2022120920,1,-2,98,eor
2022-12-09 21:00:00,403,2022120921,1,-1.9,98,eor
2022-12-09 22:00:00,403,2022120922,1,-1.7,97,eor
2022-12-09 23:00:00,403,2022120923,1,-1.5,97,eor
2022-12-10 00:00:00,403,2022121000,1,-1.5,95,eor
2022-12-10 01:00:00,403,2022121001,1,-1.8,94,eor
2022-12-10 02:00:00,403,2022121002,1,-1.9,94,eor
2022-12-10 03:00:00,403,2022121003,1,-2.2,94,eor
2022-12-10 04:00:00,403,2022121004,1,-2.4,95,eor
2022-12-10 05:00:00,403,2022121005,1,-2.4,96,eor
2022-12-10 06:00:00,403,2022121006,1,-1.9,94,eor
2022-12-10 07:00:00,403,2022121007,1,-1.5,91,eor
2022-12-10 08:00:00,403,2022121008,1,-1.5,87,eor
2022-12-10 09:00:00,403,2022121009,1,-1.5,87,eor
2022-12-10 10:00:00,403,2022121010,1,-1.2,86,eor
2022-12-10 11:00:00,403,2022121011,1,-0.9,85,eor
2022-12-10 12:00:00,403,2022121012,1,-0.6,85,eor
2022-12-10 13:00:00,403,2022121013,1,-0.8,87,eor
2022-12-10 14:00:00,403,2022121014,1,-1,87,eor
2022-12-10 15:00:00,403,2022121015,1,-1.1,87,eor
2022-12-10 16:00:00,403,2022121016,1,-1.1,87,eor
2022-12-10 17:00:00,403,2022121017,1,-1.2,87,eor
2022-12-10 18:00:00,403,2022121018,1,-1.2,87,eor
2022-12-10 19:00:00,403,2022121019,1,-1.6,87,eor
2022-12-10 20:00:00,403,2022121020,1,-1.8,89,eor
2022-12-10 21:00:00,403,2022121021,1,-2,89,eor
2022-12-10 22:00:00,403,2022121022,1,-2.4,87,eor
2022-12-10 23:00:00,403,2022121023,1,-2.6,85,eor
2022-12-11 00:00:00,403,2022121100,1,-2.6,85,eor
2022-12-11 01:00:00,403,2022121101,1,-2.7,86,eor
2022-12-11 02:00:00,403,2022121102,1,-2.8,87,eor
2022-12-11 03:00:00,403,2022121103,1,-2.7,87,eor
2022-12-11 04:00:00,403,2022121104,1,-2.7,89,eor
2022-12-11 05:00:00,403,2022121105,1,-2.6,89,eor
2022-12-11 06:00:00,403,2022121106,1,-2.6,91,eor
2022-12-11 07:00:00,403,2022121107,1,-2.5,87,eor
2022-12-11 08:00:00,403,2022121108,1,-2.7,83,eor
2022-12-11 09:00:00,403,2022121109,1,-2.7,82,eor
2022-12-11 10:00:00,403,2022121110,1,-2.6,81,eor
2022-12-11 11:00:00,403,2022121111,1,-2.5,82,eor
2022-12-11 12:00:00,403,2022121112,1,-2.3,82,eor
2022-12-11 13:00:00,403,2022121113,1,-2.2,81,eor
2022-12-11 14:00:00,403,2022121114,1,-1.9,82,eor
2022-12-11 15:00:00,403,2022121115,1,-1.8,82,eor
2022-12-11 16:00:00,403,2022121116,1,-1.9,84,eor
2022-12-11 17:00:00,403,2022121117,1,-2,86,eor
2022-12-11 18:00:00,403,2022121118,1,-1.9,87,eor
2022-12-11 19:00:00,403,2022121119,1,-2.1,90,eor
2022-12-11 20:00:00,403,2022121120,1,-2.3,91,eor
2022-12-11 21:00:00,403,2022121121,1,-2.3,91,eor
2022-12-11 22:00:00,403,2022121122,1,-2.2,92,eor
2022-12-11 23:00:00,403,2022121123,1,-2.4,94,eor
2022-12-12 00:00:00,403,2022121200,1,-2.2,94,eor
2022-12-12 01:00:00,403,2022121201,1,-2.2,95,eor
2022-12-12 02:00:00,403,2022121202,1,-2.1,97,eor
2022-12-12 03:00:00,403,2022121203,1,-1.8,97,eor
2022-12-12 04:00:00,403,2022121204,1,-1.4,99,eor
2022-12-12 05:00:00,403,2022121205,1,-1,97,eor
2022-12-12 06:00:00,403,2022121206,1,-0.6,94,eor
2022-12-12 07:00:00,403,2022121207,1,-0.7,94,eor
2022-12-12 08:00:00,403,2022121208,1,-0.8,94,eor
2022-12-12 09:00:00,403,2022121209,1,-0.8,92,eor
2022-12-12 10:00:00,403,2022121210,1,-0.8,88,eor
2022-12-12 11:00:00,403,2022121211,1,-0.6,84,eor
2022-12-12 12:00:00,403,2022121212,1,-0.7,78,eor
2022-12-12 13:00:00,403,2022121213,1,-1.3,79,eor
2022-12-12 14:00:00,403,2022121214,1,-1.3,79,eor
2022-12-12 15:00:00,403,2022121215,1,-1.9,83,eor
2022-12-12 16:00:00,403,2022121216,1,-1.8,84,eor
2022-12-12 17:00:00,403,2022121217,1,-1.8,85,eor
2022-12-12 18:00:00,403,2022121218,1,-1.6,80,eor
2022-12-12 19:00:00,403,2022121219,1,-1.9,83,eor
2022-12-12 20:00:00,403,2022121220,1,-1.9,83,eor
2022-12-12 21:00:00,403,2022121221,1,-1.8,89,eor
2022-12-12 22:00:00,403,2022121222,1,-1.7,81,eor
2022-12-12 23:00:00,403,2022121223,1,-1.8,81,eor
2022-12-13 00:00:00,403,2022121300,1,-1.7,78,eor
2022-12-13 01:00:00,403,2022121301,1,-1.8,80,eor
2022-12-13 02:00:00,403,2022121302,1,-1.9,83,eor
2022-12-13 03:00:00,403,2022121303,1,-1.9,83,eor
2022-12-13 04:00:00,403,2022121304,1,-1.9,83,eor
2022-12-13 05:00:00,403,2022121305,1,-1.8,81,eor
2022-12-13 06:00:00,403,2022121306,1,-1.8,79,eor
2022-12-13 07:00:00,403,2022121307,1,-2,81,eor
2022-12-13 08:00:00,403,2022121308,1,-2.1,83,eor
2022-12-13 09:00:00,403,2022121309,1,-2,82,eor
2022-12-13 10:00:00,403,2022121310,1,-1.7,79,eor
2022-12-13 11:00:00,403,2022121311,1,-1.6,78,eor
2022-12-13 12:00:00,403,2022121312,1,-1.3,76,eor
2022-12-13 13:00:00,403,2022121313,1,-1.2,75,eor
2022-12-13 14:00:00,403,2022121314,1,-1.1,74,eor
2022-12-13 15:00:00,403,2022121315,1,-1.2,76,eor
2022-12-13 16:00:00,403,2022121316,1,-2.3,80,eor
2022-12-13 17:00:00,403,2022121317,1,-3.3,86,eor
2022-12-13 18:00:00,403,2022121318,1,-3.3,83,eor
2022-12-13 19:00:00,403,2022121319,1,-4.1,85,eor
2022-12-13 20:00:00,403,2022121320,1,-4.8,87,eor
2022-12-13 21:00:00,403,2022121321,1,-5.3,88,eor
2022-12-13 22:00:00,403,2022121322,1,-6.4,90,eor
2022-12-13 23:00:00,403,2022121323,1,-6.9,93,eor
2022-12-14 00:00:00,403,2022121400,1,-7.1,94,eor
2022-12-14 01:00:00,403,2022121401,1,-7.3,94,eor
2022-12-14 02:00:00,403,2022121402,1,-7.5,95,eor
2022-12-14 03:00:00,403,2022121403,1,-7.6,95,eor
2022-12-14 04:00:00,403,2022121404,1,-8,94,eor
2022-12-14 05:00:00,403,2022121405,1,-8.1,94,eor
2022-12-14 06:00:00,403,2022121406,1,-8.3,95,eor
2022-12-14 07:00:00,403,2022121407,1,-8.5,95,eor
2022-12-14 08:00:00,403,2022121408,1,-8.4,95,eor
2022-12-14 09:00:00,403,2022121409,1,-6.5,91,eor
2022-12-14 10:00:00,403,2022121410,1,-5.5,90,eor
2022-12-14 11:00:00,403,2022121411,1,-4.5,87,eor
2022-12-14 12:00:00,403,2022121412,1,-3.3,82,eor
2022-12-14 13:00:00,403,2022121413,1,-3.4,81,eor
2022-12-14 14:00:00,403,2022121414,1,-4.3,85,eor
2022-12-14 15:00:00,403,2022121415,1,-5.1,87,eor
2022-12-14 16:00:00,403,2022121416,1,-6.1,89,eor
2022-12-14 17:00:00,403,2022121417,1,-6,88,eor
2022-12-14 18:00:00,403,2022121418,1,-6.8,90,eor
2022-12-14 19:00:00,403,2022121419,1,-7.3,93,eor
2022-12-14 20:00:00,403,2022121420,1,-8.2,94,eor
2022-12-14 21:00:00,403,2022121421,1,-8.9,94,eor
2022-12-14 22:00:00,403,2022121422,1,-9.1,95,eor
2022-12-14 23:00:00,403,2022121423,1,-9.5,95,eor
2022-12-15 00:00:00,403,2022121500,1,-9.6,94,eor
2022-12-15 01:00:00,403,2022121501,1,-9.7,94,eor
2022-12-15 02:00:00,403,2022121502,1,-10.1,94,eor
2022-12-15 03:00:00,403,2022121503,1,-10,93,eor
2022-12-15 04:00:00,403,2022121504,1,-10.3,95,eor
2022-12-15 05:00:00,403,2022121505,1,-10.2,95,eor
2022-12-15 06:00:00,403,2022121506,1,-9.6,95,eor
2022-12-15 07:00:00,403,2022121507,1,-10.3,93,eor
2022-12-15 08:00:00,403,2022121508,1,-10.2,93,eor
2022-12-15 09:00:00,403,2022121509,1,-9.1,93,eor
2022-12-15 10:00:00,403,2022121510,1,-6.8,92,eor
2022-12-15 11:00:00,403,2022121511,1,-5.3,88,eor
2022-12-15 12:00:00,403,2022121512,1,-3.9,86,eor
2022-12-15 13:00:00,403,2022121513,1,-2.6,79,eor
2022-12-15 14:00:00,403,2022121514,1,-2.7,82,eor
2022-12-15 15:00:00,403,2022121515,1,-3.7,87,eor
2022-12-15 16:00:00,403,2022121516,1,-4.9,91,eor
2022-12-15 17:00:00,403,2022121517,1,-4.9,94,eor
2022-12-15 18:00:00,403,2022121518,1,-5,94,eor
2022-12-15 19:00:00,403,2022121519,1,-5.5,94,eor
2022-12-15 20:00:00,403,2022121520,1,-6,94,eor
2022-12-15 21:00:00,403,2022121521,1,-7.1,94,eor
2022-12-15 22:00:00,403,2022121522,1,-7.6,95,eor
2022-12-15 23:00:00,403,2022121523,1,-8.2,95,eor
2022-12-16 00:00:00,403,2022121600,1,-8.4,95,eor
2022-12-16 01:00:00,403,2022121601,1,-8.5,95,eor
2022-12-16 02:00:00,403,2022121602,1,-8.9,94,eor
2022-12-16 03:00:00,403,2022121603,1,-8.7,95,eor
2022-12-16 04:00:00,403,2022121604,1,-8.6,95,eor
2022-12-16 05:00:00,403,2022121605,1,-8.7,95,eor
2022-12-16 06:00:00,403,2022121606,1,-9,95,eor
2022-12-16 07:00:00,403,2022121607,1,-8.6,95,eor
2022-12-16 08:00:00,403,2022121608,1,-8.5,95,eor
2022-12-16 09:00:00,403,2022121609,1,-7.1,95,eor
2022-12-16 10:00:00,403,2022121610,1,-4.5,93,eor
2022-12-16 11:00:00,403,2022121611,1,-3.3,87,eor
2022-12-16 12:00:00,403,2022121612,1,-2.8,85,eor
2022-12-16 13:00:00,403,2022121613,1,-2.2,82,eor
2022-12-16 14:00:00,403,2022121614,1,-2.2,80,eor
2022-12-16 15:00:00,403,2022121615,1,-2.3,82,eor
2022-12-16 16:00:00,403,2022121616,1,-2.5,83,eor
2022-12-16 17:00:00,403,2022121617,1,-2.7,84,eor
2022-12-16 18:00:00,403,2022121618,1,-2.8,84,eor
2022-12-16 19:00:00,403,2022121619,1,-2.7,87,eor
2022-12-16 20:00:00,403,2022121620,1,-2.5,88,eor
2022-12-16 21:00:00,403,2022121621,1,-2.5,91,eor
2022-12-16 22:00:00,403,2022121622,1,-2.3,92,eor
2022-12-16 23:00:00,403,2022121623,1,-2.4,94,eor
2022-12-17 00:00:00,403,2022121700,1,-2.3,94,eor
2022-12-17 01:00:00,403,2022121701,1,-2.3,94,eor
2022-12-17 02:00:00,403,2022121702,1,-2.5,97,eor
2022-12-17 03:00:00,403,2022121703,1,-2.8,99,eor
2022-12-17 04:00:00,403,2022121704,1,-3,99,eor
2022-12-17 05:00:00,403,2022121705,1,-3,99,eor
2022-12-17 06:00:00,403,2022121706,1,-3.1,99,eor
2022-12-17 07:00:00,403,2022121707,1,-3.1,98,eor
2022-12-17 08:00:00,403,2022121708,1,-3.4,98,eor
2022-12-17 09:00:00,403,2022121709,1,-3.3,97,eor
2022-12-17 10:00:00,403,2022121710,1,-3.4,97,eor
2022-12-17 11:00:00,403,2022121711,1,-3,97,eor
2022-12-17 12:00:00,403,2022121712,1,-3.1,97,eor
2022-12-17 13:00:00,403,2022121713,1,-3.5,97,eor
2022-12-17 14:00:00,403,2022121714,1,-3.6,98,eor
2022-12-17 15:00:00,403,2022121715,1,-4,99,eor
2022-12-17 16:00:00,403,2022121716,1,-4,99,eor
2022-12-17 17:00:00,403,2022121717,1,-4.1,99,eor
2022-12-17 18:00:00,403,2022121718,1,-4.5,99,eor
2022-12-17 19:00:00,403,2022121719,1,-4.6,99,eor
2022-12-17 20:00:00,403,2022121720,1,-5,99,eor
2022-12-17 21:00:00,403,2022121721,1,-5.4,99,eor
2022-12-17 22:00:00,403,2022121722,1,-5.7,99,eor
2022-12-17 23:00:00,403,2022121723,1,-6.1,99,eor
2022-12-18 00:00:00,403,2022121800,1,-6.5,98,eor
2022-12-18 01:00:00,403,2022121801,1,-6.4,98,eor
2022-12-18 02:00:00,403,2022121802,1,-6.7,98,eor
2022-12-18 03:00:00,403,2022121803,1,-6.7,98,eor
2022-12-18 04:00:00,403,2022121804,1,-6.9,98,eor
2022-12-18 05:00:00,403,2022121805,1,-7,97,eor
2022-12-18 06:00:00,403,2022121806,1,-7.1,97,eor
2022-12-18 07:00:00,403,2022121807,1,-7,97,eor
2022-12-18 08:00:00,403,2022121808,1,-6.5,97,eor
2022-12-18 09:00:00,403,2022121809,1,-6.3,97,eor
2022-12-18 10:00:00,403,2022121810,1,-5.9,97,eor
2022-12-18 11:00:00,403,2022121811,1,-5.2,97,eor
2022-12-18 12:00:00,403,2022121812,1,-4.7,98,eor
2022-12-18 13:00:00,403,2022121813,1,-4.5,98,eor
2022-12-18 14:00:00,403,2022121814,1,-4.7,97,eor
2022-12-18 15:00:00,403,2022121815,1,-4.7,97,eor
2022-12-18 16:00:00,403,2022121816,1,-5.1,97,eor
2022-12-18 17:00:00,403,2022121817,1,-5,97,eor
2022-12-18 18:00:00,403,2022121818,1,-5.5,97,eor
2022-12-18 19:00:00,403,2022121819,1,-5.8,97,eor
2022-12-18 20:00:00,403,2022121820,1,-5.7,97,eor
2022-12-18 21:00:00,403,2022121821,1,-5.7,96,eor
2022-12-18 22:00:00,403,2022121822,1,-5.8,96,eor
2022-12-18 23:00:00,403,2022121823,1,-5.7,94,eor
2022-12-19 00:00:00,403,2022121900,1,-5.5,93,eor
2022-12-19 01:00:00,403,2022121901,1,-4.9,89,eor
2022-12-19 02:00:00,403,2022121902,1,-4.5,87,eor
2022-12-19 03:00:00,403,2022121903,1,-4.6,87,eor
2022-12-19 04:00:00,403,2022121904,1,-4.3,85,eor
2022-12-19 05:00:00,403,2022121905,1,-4.4,85,eor
2022-12-19 06:00:00,403,2022121906,1,-4,85,eor
2022-12-19 07:00:00,403,2022121907,1,-3.4,83,eor
2022-12-19 08:00:00,403,2022121908,1,-2.6,79,eor
2022-12-19 09:00:00,403,2022121909,1,-1.8,75,eor
2022-12-19 10:00:00,403,2022121910,1,-0.7,73,eor
2022-12-19 11:00:00,403,2022121911,1,0.5,64,eor
2022-12-19 12:00:00,403,2022121912,1,0.9,73,eor
2022-12-19 13:00:00,403,2022121913,1,0.8,92,eor
2022-12-19 14:00:00,403,2022121914,1,1.1,97,eor
2022-12-19 15:00:00,403,2022121915,1,1.6,99,eor
2022-12-19 16:00:00,403,2022121916,1,2.4,99,eor
2022-12-19 17:00:00,403,2022121917,1,2.8,98,eor
2022-12-19 18:00:00,403,2022121918,1,3.2,98,eor
2022-12-19 19:00:00,403,2022121919,1,3.7,98,eor
2022-12-19 20:00:00,403,2022121920,1,3.9,97,eor
2022-12-19 21:00:00,403,2022121921,1,3.7,96,eor
2022-12-19 22:00:00,403,2022121922,1,3.5,93,eor
2022-12-19 23:00:00,403,2022121923,1,3.6,93,eor
2022-12-20 00:00:00,403,2022122000,1,3.6,91,eor
2022-12-20 01:00:00,403,2022122001,1,3.7,89,eor
2022-12-20 02:00:00,403,2022122002,1,4.2,86,eor
2022-12-20 03:00:00,403,2022122003,1,4.3,85,eor
2022-12-20 04:00:00,403,2022122004,1,4.7,81,eor
2022-12-20 05:00:00,403,2022122005,1,4.4,82,eor
2022-12-20 06:00:00,403,2022122006,1,4.7,83,eor
2022-12-20 07:00:00,403,2022122007,1,5,87,eor
2022-12-20 08:00:00,403,2022122008,1,5.3,91,eor
2022-12-20 09:00:00,403,2022122009,1,5.4,95,eor
2022-12-20 10:00:00,403,2022122010,1,6.5,93,eor
2022-12-20 11:00:00,403,2022122011,1,7.5,86,eor
2022-12-20 12:00:00,403,2022122012,1,7.8,82,eor
2022-12-20 13:00:00,403,2022122013,1,8.1,81,eor
2022-12-20 14:00:00,403,2022122014,1,7.6,77,eor
2022-12-20 15:00:00,403,2022122015,1,7.2,76,eor
2022-12-20 16:00:00,403,2022122016,1,6.3,79,eor
2022-12-20 17:00:00,403,2022122017,1,6,78,eor
2022-12-20 18:00:00,403,2022122018,1,6.3,77,eor
2022-12-20 19:00:00,403,2022122019,1,6.5,79,eor
2022-12-20 20:00:00,403,2022122020,1,6,83,eor
2022-12-20 21:00:00,403,2022122021,1,5.6,84,eor
2022-12-20 22:00:00,403,2022122022,1,5.6,83,eor
2022-12-20 23:00:00,403,2022122023,1,5.8,82,eor
2022-12-21 00:00:00,403,2022122100,1,5.3,90,eor
2022-12-21 01:00:00,403,2022122101,1,5.2,93,eor
2022-12-21 02:00:00,403,2022122102,1,5,94,eor
2022-12-21 03:00:00,403,2022122103,1,4.9,96,eor
2022-12-21 04:00:00,403,2022122104,1,4.8,96,eor
2022-12-21 05:00:00,403,2022122105,1,4.7,98,eor
2022-12-21 06:00:00,403,2022122106,1,5,99,eor
2022-12-21 07:00:00,403,2022122107,1,5.4,100,eor
2022-12-21 08:00:00,403,2022122108,1,5.7,100,eor
2022-12-21 09:00:00,403,2022122109,1,6.1,100,eor
2022-12-21 10:00:00,403,2022122110,1,6.7,99,eor
2022-12-21 11:00:00,403,2022122111,1,7,98,eor
2022-12-21 12:00:00,403,2022122112,1,7.3,98,eor
2022-12-21 13:00:00,403,2022122113,1,7.4,98,eor
2022-12-21 14:00:00,403,2022122114,1,7.4,98,eor
2022-12-21 15:00:00,403,2022122115,1,7.3,99,eor
2022-12-21 16:00:00,403,2022122116,1,7.3,99,eor
2022-12-21 17:00:00,403,2022122117,1,7.1,99,eor
2022-12-21 18:00:00,403,2022122118,1,7,100,eor
2022-12-21 19:00:00,403,2022122119,1,6.9,100,eor
2022-12-21 20:00:00,403,2022122120,1,6.9,100,eor
2022-12-21 21:00:00,403,2022122121,1,7.1,100,eor
2022-12-21 22:00:00,403,2022122122,1,6.3,100,eor
2022-12-21 23:00:00,403,2022122123,1,5.6,100,eor
2022-12-22 00:00:00,403,2022122200,1,5.5,100,eor
2022-12-22 01:00:00,403,2022122201,1,4.9,100,eor
2022-12-22 02:00:00,403,2022122202,1,5.3,100,eor
2022-12-22 03:00:00,403,2022122203,1,5.6,100,eor
2022-12-22 04:00:00,403,2022122204,1,5.8,100,eor
2022-12-22 05:00:00,403,2022122205,1,5.8,100,eor
2022-12-22 06:00:00,403,2022122206,1,6.3,100,eor
2022-12-22 07:00:00,403,2022122207,1,6.6,100,eor
2022-12-22 08:00:00,403,2022122208,1,6.8,100,eor
2022-12-22 09:00:00,403,2022122209,1,7.2,100,eor
2022-12-22 10:00:00,403,2022122210,1,7.5,100,eor
2022-12-22 11:00:00,403,2022122211,1,7.8,100,eor
2022-12-22 12:00:00,403,2022122212,1,8.2,100,eor
2022-12-22 13:00:00,403,2022122213,1,8.4,100,eor
2022-12-22 14:00:00,403,2022122214,1,8.5,100,eor
2022-12-22 15:00:00,403,2022122215,1,8.6,100,eor
2022-12-22 16:00:00,403,2022122216,1,8.5,99,eor
2022-12-22 17:00:00,403,2022122217,1,8,96,eor
2022-12-22 18:00:00,403,2022122218,1,7.1,98,eor
2022-12-22 19:00:00,403,2022122219,1,6.9,98,eor
2022-12-22 20:00:00,403,2022122220,1,6.2,98,eor
2022-12-22 21:00:00,403,2022122221,1,5.8,98,eor
2022-12-22 22:00:00,403,2022122222,1,5.4,99,eor
2022-12-22 23:00:00,403,2022122223,1,5.6,99,eor
2022-12-23 00:00:00,403,2022122300,1,5.5,99,eor
2022-12-23 01:00:00,403,2022122301,1,5,100,eor
2022-12-23 02:00:00,403,2022122302,1,5.5,100,eor
2022-12-23 03:00:00,403,2022122303,1,5.4,100,eor
2022-12-23 04:00:00,403,2022122304,1,5.6,100,eor
2022-12-23 05:00:00,403,2022122305,1,5.7,100,eor
2022-12-23 06:00:00,403,2022122306,1,6.1,100,eor
2022-12-23 07:00:00,403,2022122307,1,6.4,100,eor
2022-12-23 08:00:00,403,2022122308,1,6.5,100,eor
2022-12-23 09:00:00,403,2022122309,1,6.7,100,eor
2022-12-23 10:00:00,403,2022122310,1,6.7,100,eor
2022-12-23 11:00:00,403,2022122311,1,6.7,100,eor
2022-12-23 12:00:00,403,2022122312,1,6.9,99,eor
2022-12-23 13:00:00,403,2022122313,1,6.9,98,eor
2022-12-23 14:00:00,403,2022122314,1,6.7,96,eor
2022-12-23 15:00:00,403,2022122315,1,6.5,96,eor
2022-12-23 16:00:00,403,2022122316,1,5.8,98,eor
2022-12-23 17:00:00,403,2022122317,1,4.9,99,eor
2022-12-23 18:00:00,403,2022122318,1,5.4,100,eor
2022-12-23 19:00:00,403,2022122319,1,5.6,100,eor
2022-12-23 20:00:00,403,2022122320,1,5.5,100,eor
2022-12-23 21:00:00,403,2022122321,1,5.7,100,eor
2022-12-23 22:00:00,403,2022122322,1,5.7,100,eor
2022-12-23 23:00:00,403,2022122323,1,5.6,100,eor
2022-12-24 00:00:00,403,2022122400,1,5.6,100,eor
2022-12-24 01:00:00,403,2022122401,1,5.3,100,eor
2022-12-24 02:00:00,403,2022122402,1,5.4,99,eor
2022-12-24 03:00:00,403,2022122403,1,5.4,99,eor
2022-12-24 04:00:00,403,2022122404,1,5.3,99,eor
2022-12-24 05:00:00,403,2022122405,1,5.2,99,eor
2022-12-24 06:00:00,403,2022122406,1,5,99,eor
2022-12-24 07:00:00,403,2022122407,1,5,99,eor
2022-12-24 08:00:00,403,2022122408,1,5.1,100,eor
2022-12-24 09:00:00,403,2022122409,1,5.2,100,eor
2022-12-24 10:00:00,403,2022122410,1,5.9,100,eor
2022-12-24 11:00:00,403,2022122411,1,6.7,100,eor
2022-12-24 12:00:00,403,2022122412,1,7.3,98,eor
2022-12-24 13:00:00,403,2022122413,1,8,97,eor
2022-12-24 14:00:00,403,2022122414,1,8.5,95,eor
2022-12-24 15:00:00,403,2022122415,1,7.2,97,eor
2022-12-24 16:00:00,403,2022122416,1,6,98,eor
2022-12-24 17:00:00,403,2022122417,1,5.7,99,eor
2022-12-24 18:00:00,403,2022122418,1,6.2,100,eor
2022-12-24 19:00:00,403,2022122419,1,6.8,100,eor
2022-12-24 20:00:00,403,2022122420,1,6.8,100,eor
2022-12-24 21:00:00,403,2022122421,1,6.4,100,eor
2022-12-24 22:00:00,403,2022122422,1,6.6,100,eor
2022-12-24 23:00:00,403,2022122423,1,6.5,99,eor
2022-12-25 00:00:00,403,2022122500,1,5.4,99,eor
2022-12-25 01:00:00,403,2022122501,1,4.4,99,eor
2022-12-25 02:00:00,403,2022122502,1,2.9,100,eor
2022-12-25 03:00:00,403,2022122503,1,2.4,100,eor
2022-12-25 04:00:00,403,2022122504,1,1.8,100,eor
2022-12-25 05:00:00,403,2022122505,1,0.8,100,eor
2022-12-25 06:00:00,403,2022122506,1,0.3,100,eor
2022-12-25 07:00:00,403,2022122507,1,1.1,100,eor
2022-12-25 08:00:00,403,2022122508,1,1.4,100,eor
2022-12-25 09:00:00,403,2022122509,1,2.1,100,eor
2022-12-25 10:00:00,403,2022122510,1,3.1,100,eor
2022-12-25 11:00:00,403,2022122511,1,3.9,100,eor
2022-12-25 12:00:00,403,2022122512,1,4.4,100,eor
2022-12-25 13:00:00,403,2022122513,1,5,100,eor
2022-12-25 14:00:00,403,2022122514,1,5.1,100,eor
2022-12-25 15:00:00,403,2022122515,1,5.4,100,eor
2022-12-25 16:00:00,403,2022122516,1,5.7,100,eor
2022-12-25 17:00:00,403,2022122517,1,6.1,100,eor
2022-12-25 18:00:00,403,2022122518,1,6.5,100,eor
2022-12-25 19:00:00,403,2022122519,1,6.9,100,eor
2022-12-25 20:00:00,403,2022122520,1,7.2,100,eor
2022-12-25 21:00:00,403,2022122521,1,7.5,100,eor
2022-12-25 22:00:00,403,2022122522,1,7.9,100,eor
2022-12-25 23:00:00,403,2022122523,1,8.6,99,eor
2022-12-26 00:00:00,403,2022122600,1,8.8,98,eor
2022-12-26 01:00:00,403,2022122601,1,9,98,eor
2022-12-26 02:00:00,403,2022122602,1,9.2,96,eor
2022-12-26 03:00:00,403,2022122603,1,9.5,94,eor
2022-12-26 04:00:00,403,2022122604,1,10,92,eor
2022-12-26 05:00:00,403,2022122605,1,10.1,90,eor
2022-12-26 06:00:00,403,2022122606,1,10.1,90,eor
2022-12-26 07:00:00,403,2022122607,1,10.1,89,eor
2022-12-26 08:00:00,403,2022122608,1,9.9,90,eor
2022-12-26 09:00:00,403,2022122609,1,10.1,90,eor
2022-12-26 10:00:00,403,2022122610,1,10.5,87,eor
2022-12-26 11:00:00,403,2022122611,1,10.4,86,eor
2022-12-26 12:00:00,403,2022122612,1,10.1,84,eor
2022-12-26 13:00:00,403,2022122613,1,10.2,86,eor
2022-12-26 14:00:00,403,2022122614,1,9.9,86,eor
2022-12-26 15:00:00,403,2022122615,1,9.8,82,eor
2022-12-26 16:00:00,403,2022122616,1,9.3,87,eor
2022-12-26 17:00:00,403,2022122617,1,9.5,85,eor
2022-12-26 18:00:00,403,2022122618,1,9.1,79,eor
2022-12-26 19:00:00,403,2022122619,1,8.4,80,eor
2022-12-26 20:00:00,403,2022122620,1,7.2,75,eor
2022-12-26 21:00:00,403,2022122621,1,6.2,70,eor
2022-12-26 22:00:00,403,2022122622,1,5.6,71,eor
2022-12-26 23:00:00,403,2022122623,1,5.5,67,eor
2022-12-27 00:00:00,403,2022122700,1,5.3,65,eor
2022-12-27 01:00:00,403,2022122701,1,4.4,68,eor
2022-12-27 02:00:00,403,2022122702,1,3.6,76,eor
2022-12-27 03:00:00,403,2022122703,1,2.9,79,eor
2022-12-27 04:00:00,403,2022122704,1,3.2,79,eor
2022-12-27 05:00:00,403,2022122705,1,3.3,78,eor
2022-12-27 06:00:00,403,2022122706,1,3.5,74,eor
2022-12-27 07:00:00,403,2022122707,1,3.1,78,eor
2022-12-27 08:00:00,403,2022122708,1,3.6,74,eor
2022-12-27 09:00:00,403,2022122709,1,4.2,73,eor
2022-12-27 10:00:00,403,2022122710,1,4.9,70,eor
2022-12-27 11:00:00,403,2022122711,1,5.4,72,eor
2022-12-27 12:00:00,403,2022122712,1,5.6,73,eor
2022-12-27 13:00:00,403,2022122713,1,5.7,70,eor
2022-12-27 14:00:00,403,2022122714,1,5.8,69,eor
2022-12-27 15:00:00,403,2022122715,1,5.2,70,eor
2022-12-27 16:00:00,403,2022122716,1,4.4,75,eor
2022-12-27 17:00:00,403,2022122717,1,3.7,80,eor
2022-12-27 18:00:00,403,2022122718,1,3.1,82,eor
2022-12-27 19:00:00,403,2022122719,1,2.4,83,eor
2022-12-27 20:00:00,403,2022122720,1,1.4,90,eor
2022-12-27 21:00:00,403,2022122721,1,2,90,eor
2022-12-27 22:00:00,403,2022122722,1,2.7,90,eor
2022-12-27 23:00:00,403,2022122723,1,3.4,89,eor
2022-12-28 00:00:00,403,2022122800,1,4,85,eor
2022-12-28 01:00:00,403,2022122801,1,4.4,81,eor
2022-12-28 02:00:00,403,2022122802,1,4.3,80,eor
2022-12-28 03:00:00,403,2022122803,1,3.9,81,eor
2022-12-28 04:00:00,403,2022122804,1,3.7,80,eor
2022-12-28 05:00:00,403,2022122805,1,3.5,81,eor
2022-12-28 06:00:00,403,2022122806,1,3.6,81,eor
2022-12-28 07:00:00,403,2022122807,1,4,82,eor
2022-12-28 08:00:00,403,2022122808,1,4.3,86,eor
2022-12-28 09:00:00,403,2022122809,1,4.9,86,eor
2022-12-28 10:00:00,403,2022122810,1,5.6,83,eor
2022-12-28 11:00:00,403,2022122811,1,6.5,82,eor
2022-12-28 12:00:00,403,2022122812,1,7.5,78,eor
2022-12-28 13:00:00,403,2022122813,1,8.4,75,eor
2022-12-28 14:00:00,403,2022122814,1,8.5,75,eor
2022-12-28 15:00:00,403,2022122815,1,7.9,77,eor
2022-12-28 16:00:00,403,2022122816,1,7.8,78,eor
2022-12-28 17:00:00,403,2022122817,1,8.1,76,eor
2022-12-28 18:00:00,403,2022122818,1,7.8,78,eor
2022-12-28 19:00:00,403,2022122819,1,7.8,78,eor
2022-12-28 20:00:00,403,2022122820,1,7.1,86,eor
2022-12-28 21:00:00,403,2022122821,1,6.9,89,eor
2022-12-28 22:00:00,403,2022122822,1,7.5,81,eor
2022-12-28 23:00:00,403,2022122823,1,8.2,75,eor
2022-12-29 00:00:00,403,2022122900,1,7.8,81,eor
2022-12-29 01:00:00,403,2022122901,1,8,78,eor
2022-12-29 02:00:00,403,2022122902,1,7.9,81,eor
2022-12-29 03:00:00,403,2022122903,1,8.7,74,eor
2022-12-29 04:00:00,403,2022122904,1,9.2,70,eor
2022-12-29 05:00:00,403,2022122905,1,9.5,69,eor
2022-12-29 06:00:00,403,2022122906,1,10.2,70,eor
2022-12-29 07:00:00,403,2022122907,1,10.5,69,eor
2022-12-29 08:00:00,403,2022122908,1,10.1,71,eor
2022-12-29 09:00:00,403,2022122909,1,10.4,71,eor
2022-12-29 10:00:00,403,2022122910,1,11.3,67,eor
2022-12-29 11:00:00,403,2022122911,1,12.1,64,eor
2022-12-29 12:00:00,403,2022122912,1,11.3,72,eor
2022-12-29 13:00:00,403,2022122913,1,9.7,86,eor
2022-12-29 14:00:00,403,2022122914,1,10.1,87,eor
2022-12-29 15:00:00,403,2022122915,1,9.4,88,eor
2022-12-29 16:00:00,403,2022122916,1,9,90,eor
2022-12-29 17:00:00,403,2022122917,1,9.3,79,eor
2022-12-29 18:00:00,403,2022122918,1,10.1,69,eor
2022-12-29 19:00:00,403,2022122919,1,9.2,70,eor
2022-12-29 20:00:00,403,2022122920,1,8.3,77,eor
2022-12-29 21:00:00,403,2022122921,1,9.3,75,eor
2022-12-29 22:00:00,403,2022122922,1,8.7,73,eor
2022-12-29 23:00:00,403,2022122923,1,8.3,73,eor
2022-12-30 00:00:00,403,2022123000,1,8.2,71,eor
2022-12-30 01:00:00,403,2022123001,1,8.1,72,eor
2022-12-30 02:00:00,403,2022123002,1,8,66,eor
2022-12-30 03:00:00,403,2022123003,1,8,66,eor
2022-12-30 04:00:00,403,2022123004,1,7.4,68,eor
2022-12-30 05:00:00,403,2022123005,1,6.3,71,eor
2022-12-30 06:00:00,403,2022123006,1,5.3,77,eor
2022-12-30 07:00:00,403,2022123007,1,4.8,80,eor
2022-12-30 08:00:00,403,2022123008,1,4.6,81,eor
2022-12-30 09:00:00,403,2022123009,1,5.1,80,eor
2022-12-30 10:00:00,403,2022123010,1,7,70,eor
2022-12-30 11:00:00,403,2022123011,1,8.7,64,eor
2022-12-30 12:00:00,403,2022123012,1,8.9,61,eor
2022-12-30 13:00:00,403,2022123013,1,9,62,eor
2022-12-30 14:00:00,403,2022123014,1,8.7,62,eor
2022-12-30 15:00:00,403,2022123015,1,7.6,67,eor
2022-12-30 16:00:00,403,2022123016,1,7.1,70,eor
2022-12-30 17:00:00,403,2022123017,1,7,70,eor
2022-12-30 18:00:00,403,2022123018,1,7.4,70,eor
2022-12-30 19:00:00,403,2022123019,1,7.9,66,eor
2022-12-30 20:00:00,403,2022123020,1,8,65,eor
2022-12-30 21:00:00,403,2022123021,1,8.2,74,eor
2022-12-30 22:00:00,403,2022123022,1,7.4,93,eor
2022-12-30 23:00:00,403,2022123023,1,8.5,91,eor
2022-12-31 00:00:00,403,2022123100,1,8.9,87,eor
2022-12-31 01:00:00,403,2022123101,1,8.8,87,eor
2022-12-31 02:00:00,403,2022123102,1,10.4,84,eor
2022-12-31 03:00:00,403,2022123103,1,10.6,84,eor
2022-12-31 04:00:00,403,2022123104,1,10.6,86,eor
2022-12-31 05:00:00,403,2022123105,1,11.2,84,eor
2022-12-31 06:00:00,403,2022123106,1,11,95,eor
2022-12-31 07:00:00,403,2022123107,1,12.2,90,eor
2022-12-31 08:00:00,403,2022123108,1,13.6,80,eor
2022-12-31 09:00:00,403,2022123109,1,14.5,74,eor
2022-12-31 10:00:00,403,2022123110,1,16.1,68,eor
2022-12-31 11:00:00,403,2022123111,1,16.9,65,eor
2022-12-31 12:00:00,403,2022123112,1,17.1,63,eor
2022-12-31 13:00:00,403,2022123113,1,17.5,61,eor
2022-12-31 14:00:00,403,2022123114,1,17.5,61,eor
2022-12-31 15:00:00,403,2022123115,1,17.5,61,eor
2022-12-31 16:00:00,403,2022123116,1,16.9,62,eor
2022-12-31 17:00:00,403,2022123117,1,16.9,62,eor
2022-12-31 18:00:00,403,2022123118,1,17.2,59,eor
2022-12-31 19:00:00,403,2022123119,1,16.8,60,eor
2022-12-31 20:00:00,403,2022123120,1,16.1,62,eor
2022-12-31 21:00:00,403,2022123121,1,16.5,59,eor
2022-12-31 22:00:00,403,2022123122,1,16.5,58,eor
2022-12-31 23:00:00,403,2022123123,1,16.2,56,eor
