timestamp,dhw_heat_kWh,dhw_heat_kW,water_L,water_LperH
2019-01-01 00:00:00,0.0,0.0,0.0,0.0
2019-01-01 01:00:00,16.744035,16.744035,327.0,327.0
2019-01-01 02:00:00,19.406694999999996,19.406694999999996,379.0,379.0
2019-01-01 03:00:00,16.129575,16.129575,315.0,315.0
2019-01-01 04:00:00,20.68682,20.686819999999997,404.0,404.0
2019-01-01 05:00:00,21.454895,21.454895,419.0,419.0
2019-01-01 06:00:00,21.762124999999994,21.762124999999994,425.0,425.0
2019-01-01 07:00:00,429.04669499999994,429.04669499999994,8379.0,8379.0
2019-01-01 08:00:00,460.64017999999993,460.64017999999993,8996.0,8996.0
2019-01-01 09:00:00,114.545585,114.545585,2237.0,2237.0
2019-01-01 10:00:00,117.97632,117.97631999999999,2304.0,2304.0
2019-01-01 11:00:00,80.18703,80.18703,1566.0,1566.0
2019-01-01 12:00:00,66.61770499999999,66.61770499999999,1301.0,1301.0
2019-01-01 13:00:00,75.27135,75.27135,1470.0,1470.0
2019-01-01 14:00:00,65.64480999999999,65.64480999999999,1282.0,1282.0
2019-01-01 15:00:00,261.401525,261.401525,5105.0,5105.0
2019-01-01 16:00:00,236.10625499999998,236.10625499999998,4611.0,4611.0
2019-01-01 17:00:00,41.01520499999999,41.01520499999999,801.0,801.0
2019-01-01 18:00:00,49.617645,49.617644999999996,969.0,969.0
2019-01-01 19:00:00,36.201935,36.201935,707.0,707.0
2019-01-01 20:00:00,135.23240499999997,135.23240499999997,2641.0,2641.0
2019-01-01 21:00:00,158.172245,158.172245,3089.0,3089.0
2019-01-01 22:00:00,147.67522,147.67522,2884.0,2884.0
2019-01-01 23:00:00,13.3133,13.3133,260.0,260.0
2019-01-02 00:00:00,10.599435,10.599435,207.0,207.0
2019-01-02 01:00:00,14.849450000000003,14.849450000000003,290.0,290.0
2019-01-02 02:00:00,9.31931,9.31931,182.0,182.0
2019-01-02 03:00:00,10.650640000000001,10.650640000000001,208.0,208.0
2019-01-02 04:00:00,15.207885000000001,15.207885000000001,297.0,297.0
2019-01-02 05:00:00,8.90967,8.90967,174.0,174.0
2019-01-02 06:00:00,9.83136,9.83136,192.0,192.0
2019-01-02 07:00:00,461.6130750000001,461.6130750000001,9015.0,9015.0
2019-01-02 08:00:00,120.33174999999999,120.33174999999999,2350.0,2350.0
2019-01-02 09:00:00,84.744275,84.744275,1655.0,1655.0
2019-01-02 10:00:00,114.135945,114.135945,2229.0,2229.0
2019-01-02 11:00:00,106.50640000000001,106.50640000000001,2080.0,2080.0
2019-01-02 12:00:00,210.70857499999994,210.70857499999994,4115.0,4115.0
2019-01-02 13:00:00,113.31666500000001,113.31666500000001,2213.0,2213.0
2019-01-02 14:00:00,105.533505,105.533505,2061.0,2061.0
2019-01-02 15:00:00,92.834665,92.834665,1813.0,1813.0
2019-01-02 16:00:00,71.68700000000001,71.68700000000001,1400.0,1400.0
2019-01-02 17:00:00,68.665905,68.665905,1341.0,1341.0
2019-01-02 18:00:00,211.37424000000001,211.37424000000001,4128.0,4128.0
2019-01-02 19:00:00,234.00685000000001,234.00685000000001,4570.0,4570.0
2019-01-02 20:00:00,196.883225,196.883225,3845.0,3845.0
2019-01-02 21:00:00,211.78388,211.78388,4136.0,4136.0
2019-01-02 22:00:00,5.01809,5.01809,98.0,98.0
2019-01-02 23:00:00,14.54222,14.54222,284.0,284.0
2019-01-03 00:00:00,9.933769999999999,9.93377,194.0,194.0
2019-01-03 01:00:00,10.189795,10.189795,199.0,199.0
2019-01-03 02:00:00,10.906665,10.906665,213.0,213.0
2019-01-03 03:00:00,12.340405,12.340405,241.0,241.0
2019-01-03 04:00:00,14.081375,14.081375,275.0,275.0
2019-01-03 05:00:00,9.677745,9.677745,189.0,189.0
2019-01-03 06:00:00,12.90366,12.90366,252.0,252.0
2019-01-03 07:00:00,478.51072500000004,478.51072500000004,9345.0,9345.0
2019-01-03 08:00:00,109.47629,109.47629,2138.0,2138.0
2019-01-03 09:00:00,99.3377,99.3377,1940.0,1940.0
2019-01-03 10:00:00,100.31059499999996,100.31059499999996,1959.0,1959.0
2019-01-03 11:00:00,102.25638500000001,102.25638500000001,1997.0,1997.0
2019-01-03 12:00:00,212.654365,212.654365,4153.0,4153.0
2019-01-03 13:00:00,103.53650999999999,103.53650999999999,2022.0,2022.0
2019-01-03 14:00:00,114.28955999999998,114.28955999999998,2232.0,2232.0
2019-01-03 15:00:00,112.19015499999999,112.19015499999999,2191.0,2191.0
2019-01-03 16:00:00,70.304465,70.304465,1373.0,1373.0
2019-01-03 17:00:00,60.11467,60.11467,1174.0,1174.0
2019-01-03 18:00:00,193.196465,193.196465,3773.0,3773.0
2019-01-03 19:00:00,205.99771499999997,205.99771499999997,4023.0,4023.0
2019-01-03 20:00:00,220.48872999999998,220.48872999999998,4306.0,4306.0
2019-01-03 21:00:00,206.91940499999995,206.91940499999998,4041.0,4041.0
2019-01-03 22:00:00,12.801249999999998,12.801249999999998,250.0,250.0
2019-01-03 23:00:00,13.006070000000001,13.006070000000001,254.0,254.0
2019-01-04 00:00:00,8.960875000000001,8.960875000000001,175.0,175.0
2019-01-04 01:00:00,11.111485000000002,11.111485000000002,217.0,217.0
2019-01-04 02:00:00,9.626539999999999,9.626539999999999,188.0,188.0
2019-01-04 03:00:00,11.930765,11.930764999999997,233.0,233.0
2019-01-04 04:00:00,12.852454999999999,12.852454999999999,251.0,251.0
2019-01-04 05:00:00,13.876555000000002,13.876555000000002,271.0,271.0
2019-01-04 06:00:00,10.087385,10.087385,197.0,197.0
2019-01-04 07:00:00,454.8540150000001,454.8540150000001,8883.0,8883.0
2019-01-04 08:00:00,112.44617999999998,112.44617999999998,2196.0,2196.0
2019-01-04 09:00:00,92.32261499999997,92.32261499999997,1803.0,1803.0
2019-01-04 10:00:00,111.42208,111.42208,2176.0,2176.0
2019-01-04 11:00:00,119.71729,119.71729,2338.0,2338.0
2019-01-04 12:00:00,212.50075,212.50075,4150.0,4150.0
2019-01-04 13:00:00,118.33475500000003,118.33475500000004,2311.0,2311.0
2019-01-04 14:00:00,89.81357,89.81357,1754.0,1754.0
2019-01-04 15:00:00,110.80762,110.80761999999999,2164.0,2164.0
2019-01-04 16:00:00,72.09664,72.09664,1408.0,1408.0
2019-01-04 17:00:00,68.56349499999999,68.56349499999999,1339.0,1339.0
2019-01-04 18:00:00,216.18750999999995,216.18750999999995,4222.0,4222.0
2019-01-04 19:00:00,223.50982500000003,223.50982500000003,4365.0,4365.0
2019-01-04 20:00:00,191.96754499999997,191.96754499999997,3749.0,3749.0
2019-01-04 21:00:00,204.359155,204.359155,3991.0,3991.0
2019-01-04 22:00:00,9.72895,9.728950000000001,190.0,190.0
2019-01-04 23:00:00,11.418715,11.418715,223.0,223.0
2019-01-05 00:00:00,23.24707,23.24707,454.0,454.0
2019-01-05 01:00:00,22.171764999999997,22.171764999999997,433.0,433.0
2019-01-05 02:00:00,20.430795,20.430795,399.0,399.0
2019-01-05 03:00:00,19.765130000000003,19.765130000000003,386.0,386.0
2019-01-05 04:00:00,24.117555,24.117555,471.0,471.0
2019-01-05 05:00:00,21.454895,21.454895,419.0,419.0
2019-01-05 06:00:00,20.686819999999997,20.686819999999997,404.0,404.0
2019-01-05 07:00:00,448.45339,448.45339,8758.0,8758.0
2019-01-05 08:00:00,442.9744549999999,442.9744549999999,8651.0,8651.0
2019-01-05 09:00:00,115.67209499999997,115.67209499999997,2259.0,2259.0
2019-01-05 10:00:00,118.48836999999999,118.48836999999999,2314.0,2314.0
2019-01-05 11:00:00,93.961175,93.961175,1835.0,1835.0
2019-01-05 12:00:00,94.31960999999997,94.31960999999997,1842.0,1842.0
2019-01-05 13:00:00,78.24124,78.24124,1528.0,1528.0
2019-01-05 14:00:00,71.68700000000001,71.68700000000001,1400.0,1400.0
2019-01-05 15:00:00,246.50086999999996,246.50086999999996,4814.0,4814.0
2019-01-05 16:00:00,258.89248000000003,258.89248000000003,5056.0,5056.0
2019-01-05 17:00:00,45.316425,45.316425,885.0,885.0
2019-01-05 18:00:00,38.710980000000006,38.710980000000006,756.0,756.0
2019-01-05 19:00:00,29.340465,29.340465,573.0,573.0
2019-01-05 20:00:00,142.75953999999996,142.75953999999996,2788.0,2788.0
2019-01-05 21:00:00,147.36799000000002,147.36799000000002,2878.0,2878.0
2019-01-05 22:00:00,149.51859999999996,149.51859999999996,2920.0,2920.0
2019-01-05 23:00:00,15.87355,15.87355,310.0,310.0
2019-01-06 00:00:00,24.219965000000006,24.219965000000006,473.0,473.0
2019-01-06 01:00:00,20.994049999999998,20.994049999999998,410.0,410.0
2019-01-06 02:00:00,17.10247,17.10247,334.0,334.0
2019-01-06 03:00:00,21.147665000000003,21.147665000000003,413.0,413.0
2019-01-06 04:00:00,17.665725,17.665725,345.0,345.0
2019-01-06 05:00:00,25.346475,25.346475,495.0,495.0
2019-01-06 06:00:00,19.611514999999997,19.611514999999997,383.0,383.0
2019-01-06 07:00:00,428.43223500000005,428.43223500000005,8367.0,8367.0
2019-01-06 08:00:00,436.9322649999999,436.9322649999999,8533.0,8533.0
2019-01-06 09:00:00,118.07873000000002,118.07873000000002,2306.0,2306.0
2019-01-06 10:00:00,118.28354999999999,118.28354999999999,2310.0,2310.0
2019-01-06 11:00:00,91.65694999999998,91.65694999999997,1790.0,1790.0
2019-01-06 12:00:00,70.611695,70.611695,1379.0,1379.0
2019-01-06 13:00:00,80.03341499999998,80.03341499999998,1563.0,1563.0
2019-01-06 14:00:00,79.93100499999998,79.93100499999998,1561.0,1561.0
2019-01-06 15:00:00,249.67558000000002,249.67558000000002,4876.0,4876.0
2019-01-06 16:00:00,249.36835000000002,249.36835000000002,4870.0,4870.0
2019-01-06 17:00:00,34.973015000000004,34.973015000000004,683.0,683.0
2019-01-06 18:00:00,38.50616,38.50616,752.0,752.0
2019-01-06 19:00:00,39.069415,39.069415,763.0,763.0
2019-01-06 20:00:00,148.28967999999998,148.28967999999998,2896.0,2896.0
2019-01-06 21:00:00,156.38007000000002,156.38007000000002,3054.0,3054.0
2019-01-06 22:00:00,150.03064999999998,150.03064999999998,2930.0,2930.0
2019-01-06 23:00:00,16.89765,16.89765,330.0,330.0
2019-01-07 00:00:00,9.472925,9.472925,185.0,185.0
2019-01-07 01:00:00,8.448825,8.448825,165.0,165.0
2019-01-07 02:00:00,7.219905000000001,7.219905000000001,141.0,141.0
2019-01-07 03:00:00,10.292205,10.292205,201.0,201.0
2019-01-07 04:00:00,11.87956,11.87956,232.0,232.0
2019-01-07 05:00:00,9.370515,9.370515,183.0,183.0
2019-01-07 06:00:00,9.370515,9.370515,183.0,183.0
2019-01-07 07:00:00,459.052825,459.052825,8965.0,8965.0
2019-01-07 08:00:00,115.21124999999999,115.21125,2250.0,2250.0
2019-01-07 09:00:00,94.72925,94.72925,1850.0,1850.0
2019-01-07 10:00:00,118.02752500000003,118.02752500000003,2305.0,2305.0
2019-01-07 11:00:00,102.30759,102.30759,1998.0,1998.0
2019-01-07 12:00:00,215.57304999999997,215.57304999999997,4210.0,4210.0
2019-01-07 13:00:00,111.52448999999996,111.52448999999997,2178.0,2178.0
2019-01-07 14:00:00,111.166055,111.166055,2171.0,2171.0
2019-01-07 15:00:00,101.38589999999999,101.38589999999999,1980.0,1980.0
2019-01-07 16:00:00,63.033354999999986,63.033354999999986,1231.0,1231.0
2019-01-07 17:00:00,68.20505999999999,68.20505999999999,1332.0,1332.0
2019-01-07 18:00:00,197.60009500000004,197.60009500000004,3859.0,3859.0
2019-01-07 19:00:00,211.27183000000002,211.27183000000002,4126.0,4126.0
2019-01-07 20:00:00,217.05799500000006,217.05799500000006,4239.0,4239.0
2019-01-07 21:00:00,203.027825,203.027825,3965.0,3965.0
2019-01-07 22:00:00,10.957870000000002,10.95787,214.0,214.0
2019-01-07 23:00:00,11.418714999999999,11.418714999999999,223.0,223.0
2019-01-08 00:00:00,12.852454999999999,12.852454999999999,251.0,251.0
2019-01-08 01:00:00,7.936774999999999,7.936774999999999,155.0,155.0
2019-01-08 02:00:00,6.707855,6.707855,131.0,131.0
2019-01-08 03:00:00,8.90967,8.90967,174.0,174.0
2019-01-08 04:00:00,17.153675000000003,17.153675000000003,335.0,335.0
2019-01-08 05:00:00,8.704849999999999,8.704849999999999,170.0,170.0
2019-01-08 06:00:00,12.186789999999998,12.186789999999998,238.0,238.0
2019-01-08 07:00:00,452.3449700000001,452.3449700000001,8834.0,8834.0
2019-01-08 08:00:00,116.03052999999998,116.03052999999998,2266.0,2266.0
2019-01-08 09:00:00,75.7834,75.7834,1480.0,1480.0
2019-01-08 10:00:00,101.43710499999999,101.43710499999999,1981.0,1981.0
2019-01-08 11:00:00,108.24736999999998,108.24736999999998,2114.0,2114.0
2019-01-08 12:00:00,212.347135,212.347135,4147.0,4147.0
2019-01-08 13:00:00,119.35885499999999,119.35885499999999,2331.0,2331.0
2019-01-08 14:00:00,111.780515,111.780515,2183.0,2183.0
2019-01-08 15:00:00,99.388905,99.388905,1941.0,1941.0
2019-01-08 16:00:00,67.744215,67.744215,1323.0,1323.0
2019-01-08 17:00:00,58.936955,58.936955,1151.0,1151.0
2019-01-08 18:00:00,209.63326999999998,209.63326999999995,4094.0,4094.0
2019-01-08 19:00:00,238.00083999999998,238.00083999999998,4648.0,4648.0
2019-01-08 20:00:00,209.9405,209.9405,4100.0,4100.0
2019-01-08 21:00:00,193.50369500000002,193.503695,3779.0,3779.0
2019-01-08 22:00:00,12.2892,12.2892,240.0,240.0
2019-01-08 23:00:00,11.77715,11.77715,230.0,230.0
2019-01-09 00:00:00,9.42172,9.42172,184.0,184.0
2019-01-09 01:00:00,9.268105,9.268105,181.0,181.0
2019-01-09 02:00:00,7.987979999999999,7.987979999999999,156.0,156.0
2019-01-09 03:00:00,9.72895,9.728950000000001,190.0,190.0
2019-01-09 04:00:00,10.957870000000002,10.95787,214.0,214.0
2019-01-09 05:00:00,10.13859,10.138589999999999,198.0,198.0
2019-01-09 06:00:00,8.448825,8.448825,165.0,165.0
2019-01-09 07:00:00,478.715545,478.715545,9349.0,9349.0
2019-01-09 08:00:00,111.57569499999998,111.57569499999998,2179.0,2179.0
2019-01-09 09:00:00,75.83460500000001,75.83460500000001,1481.0,1481.0
2019-01-09 10:00:00,103.53651,103.53651,2022.0,2022.0
2019-01-09 11:00:00,101.38590000000002,101.3859,1980.0,1980.0
2019-01-09 12:00:00,207.38024999999993,207.38024999999993,4050.0,4050.0
2019-01-09 13:00:00,119.87090500000002,119.87090500000002,2341.0,2341.0
2019-01-09 14:00:00,99.90095500000002,99.90095500000002,1951.0,1951.0
2019-01-09 15:00:00,112.49738500000002,112.49738500000002,2197.0,2197.0
2019-01-09 16:00:00,77.26834499999997,77.26834499999997,1509.0,1509.0
2019-01-09 17:00:00,72.045435,72.045435,1407.0,1407.0
2019-01-09 18:00:00,218.95257999999998,218.95257999999998,4276.0,4276.0
2019-01-09 19:00:00,214.13931,214.13931,4182.0,4182.0
2019-01-09 20:00:00,195.80792000000002,195.80792000000002,3824.0,3824.0
2019-01-09 21:00:00,224.22669499999998,224.22669499999998,4379.0,4379.0
2019-01-09 22:00:00,12.954865000000002,12.954865000000002,253.0,253.0
2019-01-09 23:00:00,16.59042,16.59042,324.0,324.0
2019-01-10 00:00:00,10.03618,10.03618,196.0,196.0
2019-01-10 01:00:00,12.135585,12.135585,237.0,237.0
2019-01-10 02:00:00,9.370515,9.370515,183.0,183.0
2019-01-10 03:00:00,9.2169,9.2169,180.0,180.0
2019-01-10 04:00:00,9.42172,9.42172,184.0,184.0
2019-01-10 05:00:00,8.244005000000001,8.244005000000001,161.0,161.0
2019-01-10 06:00:00,11.009075000000001,11.009075000000001,215.0,215.0
2019-01-10 07:00:00,469.6522600000001,469.6522600000001,9172.0,9172.0
2019-01-10 08:00:00,114.28956000000001,114.28956000000001,2232.0,2232.0
2019-01-10 09:00:00,79.57257000000001,79.57257000000001,1554.0,1554.0
2019-01-10 10:00:00,99.79854500000003,99.79854500000003,1949.0,1949.0
2019-01-10 11:00:00,121.25343999999998,121.25343999999998,2368.0,2368.0
2019-01-10 12:00:00,209.01880999999997,209.01880999999997,4082.0,4082.0
2019-01-10 13:00:00,103.075665,103.07566500000001,2013.0,2013.0
2019-01-10 14:00:00,103.48530500000001,103.48530500000001,2021.0,2021.0
2019-01-10 15:00:00,96.93106500000002,96.93106500000002,1893.0,1893.0
2019-01-10 16:00:00,73.06953500000002,73.06953500000002,1427.0,1427.0
2019-01-10 17:00:00,68.870725,68.870725,1345.0,1345.0
2019-01-10 18:00:00,222.997775,222.997775,4355.0,4355.0
2019-01-10 19:00:00,195.96153500000003,195.96153500000003,3827.0,3827.0
2019-01-10 20:00:00,208.55796499999997,208.55796499999997,4073.0,4073.0
2019-01-10 21:00:00,217.36522499999998,217.36522499999998,4245.0,4245.0
2019-01-10 22:00:00,8.29521,8.29521,162.0,162.0
2019-01-10 23:00:00,11.46992,11.46992,224.0,224.0
2019-01-11 00:00:00,6.86147,6.86147,134.0,134.0
2019-01-11 01:00:00,8.70485,8.70485,170.0,170.0
2019-01-11 02:00:00,9.012080000000001,9.012080000000001,176.0,176.0
2019-01-11 03:00:00,9.42172,9.42172,184.0,184.0
2019-01-11 04:00:00,8.346415,8.346415,163.0,163.0
2019-01-11 05:00:00,10.804255,10.804255,211.0,211.0
2019-01-11 06:00:00,12.391609999999996,12.391609999999996,242.0,242.0
2019-01-11 07:00:00,470.42033499999997,470.4203349999999,9187.0,9187.0
2019-01-11 08:00:00,115.364865,115.364865,2253.0,2253.0
2019-01-11 09:00:00,89.60875,89.60875,1750.0,1750.0
2019-01-11 10:00:00,103.63892,103.63892000000001,2024.0,2024.0
2019-01-11 11:00:00,102.41,102.41,2000.0,2000.0
2019-01-11 12:00:00,223.100185,223.100185,4357.0,4357.0
2019-01-11 13:00:00,105.78953,105.78953,2066.0,2066.0
2019-01-11 14:00:00,104.56060999999998,104.56060999999998,2042.0,2042.0
2019-01-11 15:00:00,97.08468000000003,97.08468000000003,1896.0,1896.0
2019-01-11 16:00:00,70.25325999999998,70.25325999999998,1372.0,1372.0
2019-01-11 17:00:00,69.17795499999998,69.17795499999998,1351.0,1351.0
2019-01-11 18:00:00,217.00679000000002,217.00679000000002,4238.0,4238.0
2019-01-11 19:00:00,215.67546000000004,215.67546000000004,4212.0,4212.0
2019-01-11 20:00:00,208.71157999999997,208.71157999999997,4076.0,4076.0
2019-01-11 21:00:00,207.27783999999997,207.27783999999997,4048.0,4048.0
2019-01-11 22:00:00,11.87956,11.87956,232.0,232.0
2019-01-11 23:00:00,11.213894999999997,11.213894999999997,219.0,219.0
2019-01-12 00:00:00,18.536209999999993,18.536209999999993,362.0,362.0
2019-01-12 01:00:00,23.50309499999999,23.50309499999999,459.0,459.0
2019-01-12 02:00:00,20.738024999999997,20.738024999999997,405.0,405.0
2019-01-12 03:00:00,16.027165,16.027165,313.0,313.0
2019-01-12 04:00:00,24.322375,24.322375,475.0,475.0
2019-01-12 05:00:00,22.325380000000003,22.325380000000006,436.0,436.0
2019-01-12 06:00:00,22.12056,22.12056,432.0,432.0
2019-01-12 07:00:00,443.33288999999996,443.33288999999996,8658.0,8658.0
2019-01-12 08:00:00,450.3479749999999,450.3479749999999,8795.0,8795.0
2019-01-12 09:00:00,122.840795,122.840795,2399.0,2399.0
2019-01-12 10:00:00,113.93112500000001,113.93112500000001,2225.0,2225.0
2019-01-12 11:00:00,110.551595,110.551595,2159.0,2159.0
2019-01-12 12:00:00,77.62678,77.62678,1516.0,1516.0
2019-01-12 13:00:00,80.13582499999998,80.13582499999998,1565.0,1565.0
2019-01-12 14:00:00,74.810505,74.810505,1461.0,1461.0
2019-01-12 15:00:00,264.01298,264.01298,5156.0,5156.0
2019-01-12 16:00:00,238.20565999999997,238.20566,4652.0,4652.0
2019-01-12 17:00:00,49.72005499999999,49.72005499999999,971.0,971.0
2019-01-12 18:00:00,34.051325,34.051325,665.0,665.0
2019-01-12 19:00:00,34.665785,34.665785,677.0,677.0
2019-01-12 20:00:00,163.03672,163.03672,3184.0,3184.0
2019-01-12 21:00:00,158.27465499999997,158.27465499999997,3091.0,3091.0
2019-01-12 22:00:00,145.780635,145.780635,2847.0,2847.0
2019-01-12 23:00:00,18.53621,18.53621,362.0,362.0
2019-01-13 00:00:00,19.713924999999996,19.713924999999996,385.0,385.0
2019-01-13 01:00:00,23.400685000000003,23.400685000000003,457.0,457.0
2019-01-13 02:00:00,26.370574999999995,26.370574999999995,515.0,515.0
2019-01-13 03:00:00,14.798245,14.798245,289.0,289.0
2019-01-13 04:00:00,22.274175000000003,22.274175000000003,435.0,435.0
2019-01-13 05:00:00,22.837429999999994,22.837429999999994,446.0,446.0
2019-01-13 06:00:00,25.756114999999998,25.756114999999998,503.0,503.0
2019-01-13 07:00:00,457.82390499999985,457.82390499999985,8941.0,8941.0
2019-01-13 08:00:00,437.64913500000006,437.64913500000006,8547.0,8547.0
2019-01-13 09:00:00,117.25944999999999,117.25944999999999,2290.0,2290.0
2019-01-13 10:00:00,117.46427000000001,117.46427000000001,2294.0,2294.0
2019-01-13 11:00:00,88.73826500000003,88.73826500000003,1733.0,1733.0
2019-01-13 12:00:00,80.13582500000001,80.13582500000001,1565.0,1565.0
2019-01-13 13:00:00,78.75328999999999,78.75328999999999,1538.0,1538.0
2019-01-13 14:00:00,74.7593,74.7593,1460.0,1460.0
2019-01-13 15:00:00,271.3865,271.3865,5300.0,5300.0
2019-01-13 16:00:00,249.98280999999994,249.98280999999994,4882.0,4882.0
2019-01-13 17:00:00,37.123625000000004,37.123625000000004,725.0,725.0
2019-01-13 18:00:00,32.87361,32.87361,642.0,642.0
2019-01-13 19:00:00,38.864595,38.864595,759.0,759.0
2019-01-13 20:00:00,156.38007,156.38007,3054.0,3054.0
2019-01-13 21:00:00,142.24749,142.24749,2778.0,2778.0
2019-01-13 22:00:00,147.16316999999998,147.16316999999998,2874.0,2874.0
2019-01-13 23:00:00,17.4097,17.4097,340.0,340.0
2019-01-14 00:00:00,13.057274999999999,13.057274999999999,255.0,255.0
2019-01-14 01:00:00,8.141595,8.141595,159.0,159.0
2019-01-14 02:00:00,9.11449,9.11449,178.0,178.0
2019-01-14 03:00:00,9.165695,9.165695,179.0,179.0
2019-01-14 04:00:00,12.289199999999997,12.289199999999997,240.0,240.0
2019-01-14 05:00:00,12.442815000000001,12.442815000000001,243.0,243.0
2019-01-14 06:00:00,10.599435,10.599435,207.0,207.0
2019-01-14 07:00:00,483.98965999999996,483.98965999999996,9452.0,9452.0
2019-01-14 08:00:00,109.68110999999999,109.68110999999999,2142.0,2142.0
2019-01-14 09:00:00,80.64787500000003,80.64787500000003,1575.0,1575.0
2019-01-14 10:00:00,109.16906,109.16905999999999,2132.0,2132.0
2019-01-14 11:00:00,105.84073500000002,105.84073500000002,2067.0,2067.0
2019-01-14 12:00:00,240.15145,240.15145,4690.0,4690.0
2019-01-14 13:00:00,103.48530499999998,103.48530499999998,2021.0,2021.0
2019-01-14 14:00:00,114.033535,114.033535,2227.0,2227.0
2019-01-14 15:00:00,107.786525,107.786525,2105.0,2105.0
2019-01-14 16:00:00,77.93401,77.93401,1522.0,1522.0
2019-01-14 17:00:00,63.340585,63.340585,1237.0,1237.0
2019-01-14 18:00:00,212.859185,212.859185,4157.0,4157.0
2019-01-14 19:00:00,223.30500499999997,223.30500499999997,4361.0,4361.0
2019-01-14 20:00:00,214.190515,214.190515,4183.0,4183.0
2019-01-14 21:00:00,185.97655999999998,185.97655999999998,3632.0,3632.0
2019-01-14 22:00:00,16.385600000000004,16.385600000000004,320.0,320.0
2019-01-14 23:00:00,12.80125,12.80125,250.0,250.0
2019-01-15 00:00:00,12.2892,12.2892,240.0,240.0
2019-01-15 01:00:00,11.930765000000001,11.930765000000001,233.0,233.0
2019-01-15 02:00:00,10.34341,10.343409999999999,202.0,202.0
2019-01-15 03:00:00,11.521125,11.521125,225.0,225.0
2019-01-15 04:00:00,11.469919999999998,11.469919999999998,224.0,224.0
2019-01-15 05:00:00,7.68075,7.680750000000001,150.0,150.0
2019-01-15 06:00:00,8.60244,8.60244,168.0,168.0
2019-01-15 07:00:00,453.88112,453.88112,8864.0,8864.0
2019-01-15 08:00:00,114.34076500000002,114.34076500000002,2233.0,2233.0
2019-01-15 09:00:00,79.26534000000001,79.26534000000001,1548.0,1548.0
2019-01-15 10:00:00,106.81362999999999,106.81362999999999,2086.0,2086.0
2019-01-15 11:00:00,114.90402,114.90402,2244.0,2244.0
2019-01-15 12:00:00,218.03089,218.03089,4258.0,4258.0
2019-01-15 13:00:00,116.491375,116.491375,2275.0,2275.0
2019-01-15 14:00:00,102.25638500000001,102.25638500000001,1997.0,1997.0
2019-01-15 15:00:00,99.74734,99.74734,1948.0,1948.0
2019-01-15 16:00:00,61.70202499999999,61.70202499999999,1205.0,1205.0
2019-01-15 17:00:00,69.89482500000001,69.89482500000001,1365.0,1365.0
2019-01-15 18:00:00,211.27183,211.27183,4126.0,4126.0
2019-01-15 19:00:00,209.63326999999998,209.63326999999995,4094.0,4094.0
2019-01-15 20:00:00,221.2056,221.2056,4320.0,4320.0
2019-01-15 21:00:00,213.32003000000003,213.32003000000003,4166.0,4166.0
2019-01-15 22:00:00,6.45183,6.45183,126.0,126.0
2019-01-15 23:00:00,12.084379999999996,12.084379999999994,236.0,236.0
2019-01-16 00:00:00,10.394615,10.394615,203.0,203.0
2019-01-16 01:00:00,13.10848,13.10848,256.0,256.0
2019-01-16 02:00:00,8.141595,8.141595,159.0,159.0
2019-01-16 03:00:00,11.316304999999998,11.316304999999996,221.0,221.0
2019-01-16 04:00:00,8.397619999999998,8.397619999999998,164.0,164.0
2019-01-16 05:00:00,12.340405000000002,12.340405000000002,241.0,241.0
2019-01-16 06:00:00,8.448825,8.448825,165.0,165.0
2019-01-16 07:00:00,465.76068000000004,465.76068000000004,9096.0,9096.0
2019-01-16 08:00:00,109.16905999999999,109.16905999999999,2132.0,2132.0
2019-01-16 09:00:00,102.30759000000002,102.30759000000002,1998.0,1998.0
2019-01-16 10:00:00,99.84975000000001,99.84975000000001,1950.0,1950.0
2019-01-16 11:00:00,110.39798,110.39798,2156.0,2156.0
2019-01-16 12:00:00,196.47358499999999,196.47358499999999,3837.0,3837.0
2019-01-16 13:00:00,104.816635,104.816635,2047.0,2047.0
2019-01-16 14:00:00,115.92812000000002,115.92812000000002,2264.0,2264.0
2019-01-16 15:00:00,109.06664999999998,109.06664999999998,2130.0,2130.0
2019-01-16 16:00:00,77.62678000000001,77.62678000000001,1516.0,1516.0
2019-01-16 17:00:00,79.72618500000003,79.72618500000003,1557.0,1557.0
2019-01-16 18:00:00,205.38325499999996,205.38325499999996,4011.0,4011.0
2019-01-16 19:00:00,216.80197000000004,216.80197000000004,4234.0,4234.0
2019-01-16 20:00:00,221.92246999999998,221.92246999999998,4334.0,4334.0
2019-01-16 21:00:00,213.01280000000003,213.01280000000003,4160.0,4160.0
2019-01-16 22:00:00,10.03618,10.03618,196.0,196.0
2019-01-16 23:00:00,10.95787,10.95787,214.0,214.0
2019-01-17 00:00:00,8.1928,8.1928,160.0,160.0
2019-01-17 01:00:00,15.3615,15.361500000000001,300.0,300.0
2019-01-17 02:00:00,8.858465,8.858465,173.0,173.0
2019-01-17 03:00:00,11.725945,11.725944999999998,229.0,229.0
2019-01-17 04:00:00,7.578339999999999,7.578339999999999,148.0,148.0
2019-01-17 05:00:00,12.340405000000002,12.340405000000002,241.0,241.0
2019-01-17 06:00:00,16.59042,16.59042,324.0,324.0
2019-01-17 07:00:00,472.3149200000001,472.3149200000001,9224.0,9224.0
2019-01-17 08:00:00,115.979325,115.979325,2265.0,2265.0
2019-01-17 09:00:00,99.491315,99.491315,1943.0,1943.0
2019-01-17 10:00:00,116.95222000000003,116.95222000000003,2284.0,2284.0
2019-01-17 11:00:00,101.48831000000003,101.48831000000003,1982.0,1982.0
2019-01-17 12:00:00,227.14538,227.14538000000002,4436.0,4436.0
2019-01-17 13:00:00,107.479295,107.479295,2099.0,2099.0
2019-01-17 14:00:00,108.19616500000002,108.19616500000002,2113.0,2113.0
2019-01-17 15:00:00,112.34377000000003,112.34377000000003,2194.0,2194.0
2019-01-17 16:00:00,72.45507500000001,72.45507500000001,1415.0,1415.0
2019-01-17 17:00:00,73.94001999999999,73.94001999999999,1444.0,1444.0
2019-01-17 18:00:00,216.64835499999995,216.64835499999995,4231.0,4231.0
2019-01-17 19:00:00,208.148325,208.148325,4065.0,4065.0
2019-01-17 20:00:00,213.883285,213.883285,4177.0,4177.0
2019-01-17 21:00:00,205.38325499999996,205.38325499999996,4011.0,4011.0
2019-01-17 22:00:00,13.466915,13.466915,263.0,263.0
2019-01-17 23:00:00,13.313300000000002,13.313300000000002,260.0,260.0
2019-01-18 00:00:00,11.16269,11.16269,218.0,218.0
2019-01-18 01:00:00,11.418714999999999,11.418714999999999,223.0,223.0
2019-01-18 02:00:00,12.545225000000002,12.545225000000002,245.0,245.0
2019-01-18 03:00:00,6.298214999999999,6.298214999999999,123.0,123.0
2019-01-18 04:00:00,12.698839999999999,12.698839999999999,248.0,248.0
2019-01-18 05:00:00,9.72895,9.728950000000001,190.0,190.0
2019-01-18 06:00:00,9.933769999999999,9.93377,194.0,194.0
2019-01-18 07:00:00,456.39016499999997,456.39016499999997,8913.0,8913.0
2019-01-18 08:00:00,109.62990500000001,109.62990500000001,2141.0,2141.0
2019-01-18 09:00:00,67.07855,67.07855,1310.0,1310.0
2019-01-18 10:00:00,113.111845,113.111845,2209.0,2209.0
2019-01-18 11:00:00,116.23535,116.23535,2270.0,2270.0
2019-01-18 12:00:00,225.40440999999993,225.40440999999993,4402.0,4402.0
2019-01-18 13:00:00,110.65400500000003,110.65400500000004,2161.0,2161.0
2019-01-18 14:00:00,104.919045,104.919045,2049.0,2049.0
2019-01-18 15:00:00,107.22326999999999,107.22326999999999,2094.0,2094.0
2019-01-18 16:00:00,70.50928500000002,70.50928500000002,1377.0,1377.0
2019-01-18 17:00:00,73.63279000000003,73.63279000000003,1438.0,1438.0
2019-01-18 18:00:00,210.86219,210.86219,4118.0,4118.0
2019-01-18 19:00:00,218.28691500000005,218.28691500000005,4263.0,4263.0
2019-01-18 20:00:00,214.49774499999998,214.497745,4189.0,4189.0
2019-01-18 21:00:00,213.166415,213.166415,4163.0,4163.0
2019-01-18 22:00:00,7.015085,7.015085,137.0,137.0
2019-01-18 23:00:00,9.984974999999999,9.984974999999999,195.0,195.0
2019-01-19 00:00:00,20.789229999999996,20.789229999999996,406.0,406.0
2019-01-19 01:00:00,18.433799999999998,18.433799999999998,360.0,360.0
2019-01-19 02:00:00,16.692829999999997,16.692829999999997,326.0,326.0
2019-01-19 03:00:00,20.482,20.482,400.0,400.0
2019-01-19 04:00:00,18.84344,18.84344,368.0,368.0
2019-01-19 05:00:00,18.843439999999998,18.843439999999998,368.0,368.0
2019-01-19 06:00:00,18.84344,18.84344,368.0,368.0
2019-01-19 07:00:00,438.51962000000003,438.51962000000003,8564.0,8564.0
2019-01-19 08:00:00,453.77871,453.77871,8862.0,8862.0
2019-01-19 09:00:00,116.44017,116.44017,2274.0,2274.0
2019-01-19 10:00:00,113.62389499999999,113.62389499999998,2219.0,2219.0
2019-01-19 11:00:00,95.65093999999999,95.65093999999999,1868.0,1868.0
2019-01-19 12:00:00,84.28343000000002,84.28343000000004,1646.0,1646.0
2019-01-19 13:00:00,67.28337,67.28337,1314.0,1314.0
2019-01-19 14:00:00,71.48218,71.48218,1396.0,1396.0
2019-01-19 15:00:00,255.76897499999998,255.76897499999998,4995.0,4995.0
2019-01-19 16:00:00,257.66356,257.66356,5032.0,5032.0
2019-01-19 17:00:00,39.73508000000001,39.73508000000001,776.0,776.0
2019-01-19 18:00:00,42.448944999999995,42.448944999999995,829.0,829.0
2019-01-19 19:00:00,47.21101,47.21101,922.0,922.0
2019-01-19 20:00:00,147.11196500000003,147.11196500000003,2873.0,2873.0
2019-01-19 21:00:00,164.82889500000002,164.82889500000005,3219.0,3219.0
2019-01-19 22:00:00,153.76861499999995,153.76861499999995,3003.0,3003.0
2019-01-19 23:00:00,17.4097,17.4097,340.0,340.0
2019-01-20 00:00:00,19.816335000000002,19.816335000000002,387.0,387.0
2019-01-20 01:00:00,23.707915,23.707915000000003,463.0,463.0
2019-01-20 02:00:00,28.930825000000002,28.930825,565.0,565.0
2019-01-20 03:00:00,19.918745,19.918745,389.0,389.0
2019-01-20 04:00:00,24.424785,24.424785,477.0,477.0
2019-01-20 05:00:00,18.997055000000003,18.997055000000003,371.0,371.0
2019-01-20 06:00:00,19.611514999999997,19.611514999999997,383.0,383.0
2019-01-20 07:00:00,440.926255,440.926255,8611.0,8611.0
2019-01-20 08:00:00,452.19135500000004,452.19135500000004,8831.0,8831.0
2019-01-20 09:00:00,112.59979500000001,112.59979500000001,2199.0,2199.0
2019-01-20 10:00:00,129.0366,129.0366,2520.0,2520.0
2019-01-20 11:00:00,119.870905,119.870905,2341.0,2341.0
2019-01-20 12:00:00,73.53038000000001,73.53038000000001,1436.0,1436.0
2019-01-20 13:00:00,75.117735,75.117735,1467.0,1467.0
2019-01-20 14:00:00,84.84668500000001,84.84668500000001,1657.0,1657.0
2019-01-20 15:00:00,246.756895,246.756895,4819.0,4819.0
2019-01-20 16:00:00,253.925595,253.925595,4959.0,4959.0
2019-01-20 17:00:00,46.39173000000001,46.39173000000001,906.0,906.0
2019-01-20 18:00:00,36.09952499999999,36.09952499999999,705.0,705.0
2019-01-20 19:00:00,36.45796,36.45796,712.0,712.0
2019-01-20 20:00:00,157.30175999999997,157.30175999999997,3072.0,3072.0
2019-01-20 21:00:00,154.792715,154.792715,3023.0,3023.0
2019-01-20 22:00:00,169.642165,169.642165,3313.0,3313.0
2019-01-20 23:00:00,17.921750000000003,17.921750000000003,350.0,350.0
2019-01-21 00:00:00,12.391609999999998,12.391609999999998,242.0,242.0
2019-01-21 01:00:00,6.349419999999999,6.349419999999999,124.0,124.0
2019-01-21 02:00:00,12.391610000000002,12.391610000000002,242.0,242.0
2019-01-21 03:00:00,10.548229999999998,10.548229999999998,206.0,206.0
2019-01-21 04:00:00,9.83136,9.83136,192.0,192.0
2019-01-21 05:00:00,5.1205,5.1205,100.0,100.0
2019-01-21 06:00:00,12.59643,12.59643,246.0,246.0
2019-01-21 07:00:00,449.22146499999997,449.22146499999997,8773.0,8773.0
2019-01-21 08:00:00,118.94921500000001,118.94921500000001,2323.0,2323.0
2019-01-21 09:00:00,97.08468,97.08468,1896.0,1896.0
2019-01-21 10:00:00,118.334755,118.334755,2311.0,2311.0
2019-01-21 11:00:00,123.19922999999999,123.19922999999999,2406.0,2406.0
2019-01-21 12:00:00,224.6363350000001,224.6363350000001,4387.0,4387.0
2019-01-21 13:00:00,107.01845,107.01845,2090.0,2090.0
2019-01-21 14:00:00,108.34978,108.34978,2116.0,2116.0
2019-01-21 15:00:00,112.44618,112.44618000000001,2196.0,2196.0
2019-01-21 16:00:00,74.605685,74.605685,1457.0,1457.0
2019-01-21 17:00:00,69.12675000000003,69.12675000000003,1350.0,1350.0
2019-01-21 18:00:00,214.13930999999994,214.13930999999997,4182.0,4182.0
2019-01-21 19:00:00,212.80797999999996,212.80797999999996,4156.0,4156.0
2019-01-21 20:00:00,220.38631999999996,220.38631999999996,4304.0,4304.0
2019-01-21 21:00:00,213.98569499999996,213.98569499999996,4179.0,4179.0
2019-01-21 22:00:00,6.656649999999999,6.656649999999999,130.0,130.0
2019-01-21 23:00:00,10.087385000000001,10.087385000000001,197.0,197.0
2019-01-22 00:00:00,12.954865,12.954865000000002,253.0,253.0
2019-01-22 01:00:00,12.39161,12.39161,242.0,242.0
2019-01-22 02:00:00,9.165694999999998,9.165694999999998,179.0,179.0
2019-01-22 03:00:00,11.36751,11.36751,222.0,222.0
2019-01-22 04:00:00,7.629544999999999,7.629544999999999,149.0,149.0
2019-01-22 05:00:00,9.831360000000002,9.831360000000002,192.0,192.0
2019-01-22 06:00:00,8.960875000000001,8.960875000000001,175.0,175.0
2019-01-22 07:00:00,476.71854999999994,476.71854999999994,9310.0,9310.0
2019-01-22 08:00:00,125.34984,125.34984,2448.0,2448.0
2019-01-22 09:00:00,88.48224,88.48224,1728.0,1728.0
2019-01-22 10:00:00,107.06965500000001,107.06965500000001,2091.0,2091.0
2019-01-22 11:00:00,96.16299000000002,96.16299000000002,1878.0,1878.0
2019-01-22 12:00:00,209.88929499999998,209.88929499999998,4099.0,4099.0
2019-01-22 13:00:00,117.31065499999998,117.31065499999998,2291.0,2291.0
2019-01-22 14:00:00,112.59979500000001,112.59979500000001,2199.0,2199.0
2019-01-22 15:00:00,111.063645,111.063645,2169.0,2169.0
2019-01-22 16:00:00,67.18096000000001,67.18096000000001,1312.0,1312.0
2019-01-22 17:00:00,60.729129999999984,60.729129999999984,1186.0,1186.0
2019-01-22 18:00:00,214.65135999999998,214.65135999999998,4192.0,4192.0
2019-01-22 19:00:00,209.78688499999998,209.78688499999998,4097.0,4097.0
2019-01-22 20:00:00,214.39533500000005,214.39533500000005,4187.0,4187.0
2019-01-22 21:00:00,219.25981000000002,219.25981000000002,4282.0,4282.0
2019-01-22 22:00:00,10.65064,10.65064,208.0,208.0
2019-01-22 23:00:00,7.322315000000001,7.322315000000001,143.0,143.0
2019-01-23 00:00:00,7.680749999999999,7.680749999999999,150.0,150.0
2019-01-23 01:00:00,9.216899999999999,9.216899999999999,180.0,180.0
2019-01-23 02:00:00,11.265100000000002,11.265100000000002,220.0,220.0
2019-01-23 03:00:00,8.756054999999998,8.756054999999998,171.0,171.0
2019-01-23 04:00:00,9.780154999999999,9.780154999999999,191.0,191.0
2019-01-23 05:00:00,7.88557,7.8855699999999995,154.0,154.0
2019-01-23 06:00:00,7.98798,7.987980000000001,156.0,156.0
2019-01-23 07:00:00,476.82095999999996,476.82095999999996,9312.0,9312.0
2019-01-23 08:00:00,117.25944999999999,117.25944999999999,2290.0,2290.0
2019-01-23 09:00:00,90.47923500000003,90.47923500000003,1767.0,1767.0
2019-01-23 10:00:00,118.07873,118.07873,2306.0,2306.0
2019-01-23 11:00:00,98.876855,98.876855,1931.0,1931.0
2019-01-23 12:00:00,198.00973499999995,198.00973499999995,3867.0,3867.0
2019-01-23 13:00:00,113.98233,113.98233,2226.0,2226.0
2019-01-23 14:00:00,114.59679000000001,114.59679,2238.0,2238.0
2019-01-23 15:00:00,112.65100000000002,112.65100000000002,2200.0,2200.0
2019-01-23 16:00:00,74.40086500000001,74.40086500000001,1453.0,1453.0
2019-01-23 17:00:00,67.64180499999999,67.64180499999999,1321.0,1321.0
2019-01-23 18:00:00,193.65730999999997,193.65730999999997,3782.0,3782.0
2019-01-23 19:00:00,215.521845,215.52184499999998,4209.0,4209.0
2019-01-23 20:00:00,216.238715,216.238715,4223.0,4223.0
2019-01-23 21:00:00,199.443475,199.443475,3895.0,3895.0
2019-01-23 22:00:00,10.138589999999997,10.138589999999997,198.0,198.0
2019-01-23 23:00:00,11.879560000000001,11.879560000000001,232.0,232.0
2019-01-24 00:00:00,10.138589999999999,10.138589999999999,198.0,198.0
2019-01-24 01:00:00,6.707855,6.707855,131.0,131.0
2019-01-24 02:00:00,7.731955000000001,7.731955000000001,151.0,151.0
2019-01-24 03:00:00,8.50003,8.50003,166.0,166.0
2019-01-24 04:00:00,8.858464999999999,8.858464999999999,173.0,173.0
2019-01-24 05:00:00,12.750045000000002,12.750045000000002,249.0,249.0
2019-01-24 06:00:00,11.87956,11.87956,232.0,232.0
2019-01-24 07:00:00,466.01670500000006,466.01670500000006,9101.0,9101.0
2019-01-24 08:00:00,111.93412999999998,111.93412999999998,2186.0,2186.0
2019-01-24 09:00:00,71.840615,71.840615,1403.0,1403.0
2019-01-24 10:00:00,102.81964,102.81964,2008.0,2008.0
2019-01-24 11:00:00,99.69613499999998,99.69613499999998,1947.0,1947.0
2019-01-24 12:00:00,224.22669500000003,224.226695,4379.0,4379.0
2019-01-24 13:00:00,101.07867,101.07867,1974.0,1974.0
2019-01-24 14:00:00,107.68411500000002,107.68411500000002,2103.0,2103.0
2019-01-24 15:00:00,110.60280000000002,110.60280000000002,2160.0,2160.0
2019-01-24 16:00:00,61.13876999999999,61.13876999999999,1194.0,1194.0
2019-01-24 17:00:00,64.62070999999997,64.62070999999997,1262.0,1262.0
2019-01-24 18:00:00,217.41642999999996,217.41642999999993,4246.0,4246.0
2019-01-24 19:00:00,227.24778999999995,227.24778999999995,4438.0,4438.0
2019-01-24 20:00:00,229.03996499999997,229.03996499999997,4473.0,4473.0
2019-01-24 21:00:00,208.04591499999998,208.04591499999998,4063.0,4063.0
2019-01-24 22:00:00,11.98197,11.98197,234.0,234.0
2019-01-24 23:00:00,8.60244,8.60244,168.0,168.0
2019-01-25 00:00:00,8.653645,8.653645,169.0,169.0
2019-01-25 01:00:00,12.494019999999999,12.494019999999999,244.0,244.0
2019-01-25 02:00:00,8.858464999999999,8.858464999999999,173.0,173.0
2019-01-25 03:00:00,12.59643,12.59643,246.0,246.0
2019-01-25 04:00:00,7.3223150000000015,7.3223150000000015,143.0,143.0
2019-01-25 05:00:00,6.810265000000001,6.810265000000001,133.0,133.0
2019-01-25 06:00:00,14.951860000000002,14.951860000000002,292.0,292.0
2019-01-25 07:00:00,484.45050499999996,484.45050499999996,9461.0,9461.0
2019-01-25 08:00:00,113.98233,113.98233,2226.0,2226.0
2019-01-25 09:00:00,66.66891,66.66891,1302.0,1302.0
2019-01-25 10:00:00,118.89801,118.89801,2322.0,2322.0
2019-01-25 11:00:00,115.97932499999997,115.97932499999997,2265.0,2265.0
2019-01-25 12:00:00,220.02788500000003,220.02788500000003,4297.0,4297.0
2019-01-25 13:00:00,115.46727500000001,115.46727500000001,2255.0,2255.0
2019-01-25 14:00:00,95.190095,95.190095,1859.0,1859.0
2019-01-25 15:00:00,108.34978,108.34978,2116.0,2116.0
2019-01-25 16:00:00,70.15085,70.15085,1370.0,1370.0
2019-01-25 17:00:00,71.48218000000003,71.48218000000003,1396.0,1396.0
2019-01-25 18:00:00,194.425385,194.425385,3797.0,3797.0
2019-01-25 19:00:00,190.17537000000002,190.17537000000002,3714.0,3714.0
2019-01-25 20:00:00,212.24472499999996,212.24472499999996,4145.0,4145.0
2019-01-25 21:00:00,215.26581999999996,215.26581999999996,4204.0,4204.0
2019-01-25 22:00:00,7.57834,7.578340000000001,148.0,148.0
2019-01-25 23:00:00,12.494019999999999,12.494019999999999,244.0,244.0
2019-01-26 00:00:00,23.5543,23.5543,460.0,460.0
2019-01-26 01:00:00,25.397679999999998,25.397679999999998,496.0,496.0
2019-01-26 02:00:00,23.298275,23.298275000000004,455.0,455.0
2019-01-26 03:00:00,16.334395,16.334395,319.0,319.0
2019-01-26 04:00:00,26.421780000000002,26.421780000000002,516.0,516.0
2019-01-26 05:00:00,23.810325000000002,23.810325000000002,465.0,465.0
2019-01-26 06:00:00,26.677805000000003,26.677805000000003,521.0,521.0
2019-01-26 07:00:00,448.04375,448.04375,8750.0,8750.0
2019-01-26 08:00:00,451.6281,451.6281,8820.0,8820.0
2019-01-26 09:00:00,116.901015,116.901015,2283.0,2283.0
2019-01-26 10:00:00,123.86489500000002,123.86489500000002,2419.0,2419.0
2019-01-26 11:00:00,93.39792000000001,93.39792000000001,1824.0,1824.0
2019-01-26 12:00:00,70.304465,70.304465,1373.0,1373.0
2019-01-26 13:00:00,74.81050499999999,74.81050499999999,1461.0,1461.0
2019-01-26 14:00:00,84.744275,84.744275,1655.0,1655.0
2019-01-26 15:00:00,243.73579999999998,243.73579999999995,4760.0,4760.0
2019-01-26 16:00:00,281.06424499999997,281.06424499999997,5489.0,5489.0
2019-01-26 17:00:00,44.957989999999995,44.957989999999995,878.0,878.0
2019-01-26 18:00:00,37.99411000000001,37.99411000000001,742.0,742.0
2019-01-26 19:00:00,42.551355,42.551355,831.0,831.0
2019-01-26 20:00:00,151.46439,151.46439,2958.0,2958.0
2019-01-26 21:00:00,140.045675,140.045675,2735.0,2735.0
2019-01-26 22:00:00,153.871025,153.871025,3005.0,3005.0
2019-01-26 23:00:00,24.322375,24.322375,475.0,475.0
2019-01-27 00:00:00,18.94585,18.94585,370.0,370.0
2019-01-27 01:00:00,26.268165000000003,26.268165000000003,513.0,513.0
2019-01-27 02:00:00,20.27718,20.277179999999998,396.0,396.0
2019-01-27 03:00:00,20.63561499999999,20.63561499999999,403.0,403.0
2019-01-27 04:00:00,25.19286,25.19286,492.0,492.0
2019-01-27 05:00:00,20.584410000000002,20.584410000000002,402.0,402.0
2019-01-27 06:00:00,17.409699999999997,17.409699999999997,340.0,340.0
2019-01-27 07:00:00,441.79674,441.79674,8628.0,8628.0
2019-01-27 08:00:00,456.0317299999999,456.0317299999999,8906.0,8906.0
2019-01-27 09:00:00,119.66608499999998,119.666085,2337.0,2337.0
2019-01-27 10:00:00,113.47028,113.47028,2216.0,2216.0
2019-01-27 11:00:00,117.720295,117.720295,2299.0,2299.0
2019-01-27 12:00:00,75.015325,75.01532500000002,1465.0,1465.0
2019-01-27 13:00:00,76.449065,76.449065,1493.0,1493.0
2019-01-27 14:00:00,87.09970499999999,87.09970499999999,1701.0,1701.0
2019-01-27 15:00:00,252.082215,252.082215,4923.0,4923.0
2019-01-27 16:00:00,253.15751999999995,253.15751999999995,4944.0,4944.0
2019-01-27 17:00:00,50.74415499999999,50.74415499999999,991.0,991.0
2019-01-27 18:00:00,40.60556499999999,40.605564999999984,793.0,793.0
2019-01-27 19:00:00,43.42184,43.42184,848.0,848.0
2019-01-27 20:00:00,153.46138499999998,153.46138499999998,2997.0,2997.0
2019-01-27 21:00:00,150.49149500000004,150.49149500000001,2939.0,2939.0
2019-01-27 22:00:00,148.80173,148.80173,2906.0,2906.0
2019-01-27 23:00:00,18.433799999999998,18.433799999999998,360.0,360.0
2019-01-28 00:00:00,13.364505000000001,13.364505,261.0,261.0
2019-01-28 01:00:00,11.828355,11.828355,231.0,231.0
2019-01-28 02:00:00,10.394615,10.394615,203.0,203.0
2019-01-28 03:00:00,11.930765000000001,11.930765000000001,233.0,233.0
2019-01-28 04:00:00,11.316305,11.316305,221.0,221.0
2019-01-28 05:00:00,10.445820000000001,10.445820000000001,204.0,204.0
2019-01-28 06:00:00,11.418714999999999,11.418714999999999,223.0,223.0
2019-01-28 07:00:00,471.6492549999999,471.6492549999999,9211.0,9211.0
2019-01-28 08:00:00,113.47028,113.47028,2216.0,2216.0
2019-01-28 09:00:00,73.53038,73.53038,1436.0,1436.0
2019-01-28 10:00:00,106.91603999999998,106.91603999999998,2088.0,2088.0
2019-01-28 11:00:00,98.97926499999998,98.97926499999998,1933.0,1933.0
2019-01-28 12:00:00,227.60622500000008,227.60622500000008,4445.0,4445.0
2019-01-28 13:00:00,115.46727499999999,115.46727499999999,2255.0,2255.0
2019-01-28 14:00:00,105.07266,105.07266,2052.0,2052.0
2019-01-28 15:00:00,124.01851000000002,124.01851000000002,2422.0,2422.0
2019-01-28 16:00:00,77.62678,77.62678,1516.0,1516.0
2019-01-28 17:00:00,76.55147500000002,76.55147500000002,1495.0,1495.0
2019-01-28 18:00:00,211.32303499999998,211.32303499999995,4127.0,4127.0
2019-01-28 19:00:00,223.66343999999998,223.66343999999998,4368.0,4368.0
2019-01-28 20:00:00,229.29599000000005,229.29599000000005,4478.0,4478.0
2019-01-28 21:00:00,219.46463,219.46462999999997,4286.0,4286.0
2019-01-28 22:00:00,8.858465,8.858465,173.0,173.0
2019-01-28 23:00:00,12.18679,12.18679,238.0,238.0
2019-01-29 00:00:00,7.527134999999998,7.527134999999998,147.0,147.0
2019-01-29 01:00:00,11.36751,11.36751,222.0,222.0
2019-01-29 02:00:00,11.674739999999998,11.674739999999998,228.0,228.0
2019-01-29 03:00:00,11.36751,11.36751,222.0,222.0
2019-01-29 04:00:00,11.162690000000001,11.162690000000003,218.0,218.0
2019-01-29 05:00:00,10.804255000000001,10.804255000000001,211.0,211.0
2019-01-29 06:00:00,8.39762,8.39762,164.0,164.0
2019-01-29 07:00:00,470.21551500000004,470.21551500000004,9183.0,9183.0
2019-01-29 08:00:00,110.44918499999999,110.44918499999999,2157.0,2157.0
2019-01-29 09:00:00,102.71723000000001,102.71723000000001,2006.0,2006.0
2019-01-29 10:00:00,100.41300500000003,100.41300500000003,1961.0,1961.0
2019-01-29 11:00:00,103.02446000000003,103.02446000000003,2012.0,2012.0
2019-01-29 12:00:00,223.76585,223.76585000000003,4370.0,4370.0
2019-01-29 13:00:00,115.364865,115.364865,2253.0,2253.0
2019-01-29 14:00:00,112.70220499999999,112.70220499999999,2201.0,2201.0
2019-01-29 15:00:00,113.726305,113.726305,2221.0,2221.0
2019-01-29 16:00:00,73.83761000000003,73.83761000000001,1442.0,1442.0
2019-01-29 17:00:00,71.021335,71.021335,1387.0,1387.0
2019-01-29 18:00:00,211.01580499999994,211.01580499999994,4121.0,4121.0
2019-01-29 19:00:00,199.80190999999996,199.80190999999994,3902.0,3902.0
2019-01-29 20:00:00,234.31407999999996,234.31407999999996,4576.0,4576.0
2019-01-29 21:00:00,237.18156,237.18156,4632.0,4632.0
2019-01-29 22:00:00,12.698839999999999,12.698839999999999,248.0,248.0
2019-01-29 23:00:00,10.087385,10.087385,197.0,197.0
2019-01-30 00:00:00,12.340405,12.340405,241.0,241.0
2019-01-30 01:00:00,11.06028,11.06028,216.0,216.0
2019-01-30 02:00:00,7.987979999999999,7.987979999999999,156.0,156.0
2019-01-30 03:00:00,9.83136,9.83136,192.0,192.0
2019-01-30 04:00:00,8.90967,8.90967,174.0,174.0
2019-01-30 05:00:00,10.804254999999998,10.804254999999998,211.0,211.0
2019-01-30 06:00:00,14.081374999999998,14.081374999999998,275.0,275.0
2019-01-30 07:00:00,452.191355,452.191355,8831.0,8831.0
2019-01-30 08:00:00,127.142015,127.142015,2483.0,2483.0
2019-01-30 09:00:00,85.153915,85.153915,1663.0,1663.0
2019-01-30 10:00:00,103.53651,103.53651,2022.0,2022.0
2019-01-30 11:00:00,104.61181499999999,104.61181499999999,2043.0,2043.0
2019-01-30 12:00:00,210.65737000000001,210.65737000000001,4114.0,4114.0
2019-01-30 13:00:00,110.858825,110.858825,2165.0,2165.0
2019-01-30 14:00:00,110.60279999999999,110.60279999999999,2160.0,2160.0
2019-01-30 15:00:00,110.09074999999999,110.09074999999999,2150.0,2150.0
2019-01-30 16:00:00,71.687,71.687,1400.0,1400.0
2019-01-30 17:00:00,81.46715500000002,81.46715500000002,1591.0,1591.0
2019-01-30 18:00:00,211.11821500000002,211.118215,4123.0,4123.0
2019-01-30 19:00:00,195.85912499999998,195.859125,3825.0,3825.0
2019-01-30 20:00:00,216.545945,216.545945,4229.0,4229.0
2019-01-30 21:00:00,220.027885,220.02788499999997,4297.0,4297.0
2019-01-30 22:00:00,6.75906,6.75906,132.0,132.0
2019-01-30 23:00:00,9.677745,9.677745,189.0,189.0
2019-01-31 00:00:00,10.599435,10.599435,207.0,207.0
2019-01-31 01:00:00,10.394615,10.394615,203.0,203.0
2019-01-31 02:00:00,11.213894999999999,11.213894999999999,219.0,219.0
2019-01-31 03:00:00,8.346414999999999,8.346414999999999,163.0,163.0
2019-01-31 04:00:00,12.801249999999998,12.801249999999998,250.0,250.0
2019-01-31 05:00:00,8.244005,8.244005,161.0,161.0
2019-01-31 06:00:00,11.67474,11.67474,228.0,228.0
2019-01-31 07:00:00,494.6403,494.6403,9660.0,9660.0
2019-01-31 08:00:00,121.56067000000002,121.56067000000002,2374.0,2374.0
2019-01-31 09:00:00,99.74733999999997,99.74733999999997,1948.0,1948.0
2019-01-31 10:00:00,101.07867000000002,101.07867000000002,1974.0,1974.0
2019-01-31 11:00:00,107.53049999999999,107.5305,2100.0,2100.0
2019-01-31 12:00:00,216.39233,216.39233,4226.0,4226.0
2019-01-31 13:00:00,109.68111,109.68111000000002,2142.0,2142.0
2019-01-31 14:00:00,103.84374000000003,103.84374000000003,2028.0,2028.0
2019-01-31 15:00:00,101.69313,101.69313,1986.0,1986.0
2019-01-31 16:00:00,66.10565499999998,66.10565499999998,1291.0,1291.0
2019-01-31 17:00:00,59.09057000000002,59.09057000000002,1154.0,1154.0
2019-01-31 18:00:00,207.38024999999993,207.38024999999993,4050.0,4050.0
2019-01-31 19:00:00,212.85918499999997,212.85918499999997,4157.0,4157.0
2019-01-31 20:00:00,210.810985,210.810985,4117.0,4117.0
2019-01-31 21:00:00,221.82005999999998,221.82005999999998,4332.0,4332.0
2019-01-31 22:00:00,8.039185,8.039185,157.0,157.0
2019-01-31 23:00:00,9.831359999999998,9.831359999999998,192.0,192.0
2019-02-01 00:00:00,11.981969999999999,11.981969999999999,234.0,234.0
2019-02-01 01:00:00,9.216899999999999,9.216899999999999,180.0,180.0
2019-02-01 02:00:00,10.34341,10.343409999999999,202.0,202.0
2019-02-01 03:00:00,10.292205,10.292205,201.0,201.0
2019-02-01 04:00:00,13.72294,13.72294,268.0,268.0
2019-02-01 05:00:00,10.599435000000001,10.599435000000001,207.0,207.0
2019-02-01 06:00:00,10.599435,10.599435,207.0,207.0
2019-02-01 07:00:00,457.97751999999997,457.97751999999997,8944.0,8944.0
2019-02-01 08:00:00,113.21425499999995,113.21425499999997,2211.0,2211.0
2019-02-01 09:00:00,82.38884500000002,82.38884500000002,1609.0,1609.0
2019-02-01 10:00:00,108.75942,108.75942,2124.0,2124.0
2019-02-01 11:00:00,119.61488000000001,119.61488000000001,2336.0,2336.0
2019-02-01 12:00:00,212.142315,212.142315,4143.0,4143.0
2019-02-01 13:00:00,109.425085,109.425085,2137.0,2137.0
2019-02-01 14:00:00,117.00342500000001,117.00342500000001,2285.0,2285.0
2019-02-01 15:00:00,116.54257999999997,116.54257999999997,2276.0,2276.0
2019-02-01 16:00:00,71.02133499999998,71.02133499999998,1387.0,1387.0
2019-02-01 17:00:00,63.852634999999985,63.852634999999985,1247.0,1247.0
2019-02-01 18:00:00,231.805035,231.805035,4527.0,4527.0
2019-02-01 19:00:00,237.027945,237.027945,4629.0,4629.0
2019-02-01 20:00:00,196.52479,196.52479,3838.0,3838.0
2019-02-01 21:00:00,203.28385,203.28385,3970.0,3970.0
2019-02-01 22:00:00,11.060279999999997,11.060279999999997,216.0,216.0
2019-02-01 23:00:00,8.858465,8.858465,173.0,173.0
2019-02-02 00:00:00,23.912735000000005,23.912735000000005,467.0,467.0
2019-02-02 01:00:00,23.554299999999998,23.554299999999998,460.0,460.0
2019-02-02 02:00:00,26.780215000000002,26.780215000000002,523.0,523.0
2019-02-02 03:00:00,18.638619999999996,18.63862,364.0,364.0
2019-02-02 04:00:00,20.738025,20.738025,405.0,405.0
2019-02-02 05:00:00,22.73502,22.73502,444.0,444.0
2019-02-02 06:00:00,21.403690000000005,21.403690000000005,418.0,418.0
2019-02-02 07:00:00,427.510545,427.510545,8349.0,8349.0
2019-02-02 08:00:00,434.42321999999996,434.42321999999996,8484.0,8484.0
2019-02-02 09:00:00,122.07272,122.07272,2384.0,2384.0
2019-02-02 10:00:00,120.178135,120.17813499999998,2347.0,2347.0
2019-02-02 11:00:00,109.5787,109.5787,2140.0,2140.0
2019-02-02 12:00:00,73.581585,73.581585,1437.0,1437.0
2019-02-02 13:00:00,72.96712500000002,72.96712500000002,1425.0,1425.0
2019-02-02 14:00:00,76.29545000000002,76.29545000000002,1490.0,1490.0
2019-02-02 15:00:00,237.84722500000004,237.84722500000004,4645.0,4645.0
2019-02-02 16:00:00,248.190635,248.190635,4847.0,4847.0
2019-02-02 17:00:00,45.0604,45.0604,880.0,880.0
2019-02-02 18:00:00,35.997114999999994,35.997114999999994,703.0,703.0
2019-02-02 19:00:00,39.83749,39.83749,778.0,778.0
2019-02-02 20:00:00,157.25055499999993,157.25055499999993,3071.0,3071.0
2019-02-02 21:00:00,147.36799,147.36799,2878.0,2878.0
2019-02-02 22:00:00,159.29875500000003,159.29875500000006,3111.0,3111.0
2019-02-02 23:00:00,19.713924999999996,19.713924999999996,385.0,385.0
2019-02-03 00:00:00,18.63862,18.63862,364.0,364.0
2019-02-03 01:00:00,17.563315,17.563315,343.0,343.0
2019-02-03 02:00:00,19.560309999999998,19.560309999999998,382.0,382.0
2019-02-03 03:00:00,22.581405,22.581405,441.0,441.0
2019-02-03 04:00:00,22.01815,22.01815,430.0,430.0
2019-02-03 05:00:00,19.713924999999996,19.713924999999996,385.0,385.0
2019-02-03 06:00:00,17.563315,17.563315,343.0,343.0
2019-02-03 07:00:00,459.41126,459.41126,8972.0,8972.0
2019-02-03 08:00:00,431.76055999999994,431.76055999999994,8432.0,8432.0
2019-02-03 09:00:00,127.70527000000003,127.70527000000004,2494.0,2494.0
2019-02-03 10:00:00,126.57875999999999,126.57875999999999,2472.0,2472.0
2019-02-03 11:00:00,94.62683999999999,94.62683999999999,1848.0,1848.0
2019-02-03 12:00:00,81.159925,81.159925,1585.0,1585.0
2019-02-03 13:00:00,83.41294500000001,83.41294500000001,1629.0,1629.0
2019-02-03 14:00:00,80.135825,80.135825,1565.0,1565.0
2019-02-03 15:00:00,259.76296499999995,259.76296499999995,5073.0,5073.0
2019-02-03 16:00:00,258.79007,258.79007,5054.0,5054.0
2019-02-03 17:00:00,42.50015,42.50014999999999,830.0,830.0
2019-02-03 18:00:00,39.479055,39.479055,771.0,771.0
2019-02-03 19:00:00,55.352605,55.352605,1081.0,1081.0
2019-02-03 20:00:00,173.68736,173.68736,3392.0,3392.0
2019-02-03 21:00:00,148.75052499999998,148.75052499999998,2905.0,2905.0
2019-02-03 22:00:00,148.59690999999998,148.59690999999998,2902.0,2902.0
2019-02-03 23:00:00,19.713925,19.713925,385.0,385.0
2019-02-04 00:00:00,10.497025,10.497025,205.0,205.0
2019-02-04 01:00:00,11.981969999999999,11.981969999999999,234.0,234.0
2019-02-04 02:00:00,12.954865,12.954865000000002,253.0,253.0
2019-02-04 03:00:00,15.003065000000001,15.003065000000001,293.0,293.0
2019-02-04 04:00:00,14.183785,14.183785,277.0,277.0
2019-02-04 05:00:00,11.77715,11.77715,230.0,230.0
2019-02-04 06:00:00,12.340405000000004,12.340405000000004,241.0,241.0
2019-02-04 07:00:00,499.7608,499.7608,9760.0,9760.0
2019-02-04 08:00:00,110.29556999999998,110.29557,2154.0,2154.0
2019-02-04 09:00:00,83.77138,83.77138,1636.0,1636.0
2019-02-04 10:00:00,111.78051500000001,111.78051500000001,2183.0,2183.0
2019-02-04 11:00:00,114.28956000000002,114.28956000000002,2232.0,2232.0
2019-02-04 12:00:00,232.009855,232.009855,4531.0,4531.0
2019-02-04 13:00:00,106.76242500000004,106.76242500000005,2085.0,2085.0
2019-02-04 14:00:00,110.60279999999999,110.60279999999999,2160.0,2160.0
2019-02-04 15:00:00,106.30158000000003,106.30158000000003,2076.0,2076.0
2019-02-04 16:00:00,62.009254999999996,62.009255,1211.0,1211.0
2019-02-04 17:00:00,72.04543500000001,72.04543500000001,1407.0,1407.0
2019-02-04 18:00:00,217.72366,217.72366,4252.0,4252.0
2019-02-04 19:00:00,210.24773000000002,210.24773000000002,4106.0,4106.0
2019-02-04 20:00:00,233.85323499999998,233.85323499999998,4567.0,4567.0
2019-02-04 21:00:00,235.74782000000002,235.74782000000005,4604.0,4604.0
2019-02-04 22:00:00,11.725945000000001,11.725945000000001,229.0,229.0
2019-02-04 23:00:00,11.623535000000002,11.623535000000002,227.0,227.0
2019-02-05 00:00:00,12.954865,12.954865000000002,253.0,253.0
2019-02-05 01:00:00,10.75305,10.753050000000002,210.0,210.0
2019-02-05 02:00:00,11.06028,11.06028,216.0,216.0
2019-02-05 03:00:00,9.01208,9.01208,176.0,176.0
2019-02-05 04:00:00,7.373520000000001,7.373520000000001,144.0,144.0
2019-02-05 05:00:00,11.418714999999999,11.418714999999999,223.0,223.0
2019-02-05 06:00:00,6.963879999999999,6.96388,136.0,136.0
2019-02-05 07:00:00,476.4625249999999,476.4625249999999,9305.0,9305.0
2019-02-05 08:00:00,120.33175000000001,120.33175000000001,2350.0,2350.0
2019-02-05 09:00:00,71.94302499999998,71.94302499999998,1405.0,1405.0
2019-02-05 10:00:00,97.033475,97.033475,1895.0,1895.0
2019-02-05 11:00:00,112.24135999999997,112.24135999999997,2192.0,2192.0
2019-02-05 12:00:00,225.14838499999996,225.14838499999996,4397.0,4397.0
2019-02-05 13:00:00,110.346775,110.346775,2155.0,2155.0
2019-02-05 14:00:00,105.78953000000004,105.78953000000004,2066.0,2066.0
2019-02-05 15:00:00,104.20217500000001,104.20217500000001,2035.0,2035.0
2019-02-05 16:00:00,73.683995,73.683995,1439.0,1439.0
2019-02-05 17:00:00,66.25926999999999,66.25926999999999,1294.0,1294.0
2019-02-05 18:00:00,224.943565,224.943565,4393.0,4393.0
2019-02-05 19:00:00,227.45261000000002,227.45261000000002,4442.0,4442.0
2019-02-05 20:00:00,205.58807499999992,205.58807499999992,4015.0,4015.0
2019-02-05 21:00:00,222.53692999999996,222.53692999999996,4346.0,4346.0
2019-02-05 22:00:00,7.57834,7.578340000000001,148.0,148.0
2019-02-05 23:00:00,10.087385000000001,10.087385000000001,197.0,197.0
2019-02-06 00:00:00,7.936775,7.936775,155.0,155.0
2019-02-06 01:00:00,11.828354999999998,11.828354999999998,231.0,231.0
2019-02-06 02:00:00,10.599435,10.599435,207.0,207.0
2019-02-06 03:00:00,13.10848,13.10848,256.0,256.0
2019-02-06 04:00:00,14.081375,14.081375,275.0,275.0
2019-02-06 05:00:00,12.135584999999999,12.135585,237.0,237.0
2019-02-06 06:00:00,8.192799999999998,8.192799999999998,160.0,160.0
2019-02-06 07:00:00,452.95943000000005,452.95943,8846.0,8846.0
2019-02-06 08:00:00,107.47929500000001,107.479295,2099.0,2099.0
2019-02-06 09:00:00,82.33764000000002,82.33764000000002,1608.0,1608.0
2019-02-06 10:00:00,100.31059500000002,100.31059500000002,1959.0,1959.0
2019-02-06 11:00:00,118.07872999999998,118.07872999999996,2306.0,2306.0
2019-02-06 12:00:00,216.39232999999996,216.39232999999996,4226.0,4226.0
2019-02-06 13:00:00,117.46427000000001,117.46427000000001,2294.0,2294.0
2019-02-06 14:00:00,108.24737,108.24737,2114.0,2114.0
2019-02-06 15:00:00,112.54859000000002,112.54859000000002,2198.0,2198.0
2019-02-06 16:00:00,81.10871999999998,81.10871999999998,1584.0,1584.0
2019-02-06 17:00:00,68.81952,68.81952,1344.0,1344.0
2019-02-06 18:00:00,220.949575,220.94957500000004,4315.0,4315.0
2019-02-06 19:00:00,214.24171999999996,214.24171999999996,4184.0,4184.0
2019-02-06 20:00:00,228.88634999999994,228.88634999999994,4470.0,4470.0
2019-02-06 21:00:00,209.73568,209.73568,4096.0,4096.0
2019-02-06 22:00:00,13.108479999999998,13.108479999999998,256.0,256.0
2019-02-06 23:00:00,13.51812,13.51812,264.0,264.0
2019-02-07 00:00:00,11.828354999999998,11.828354999999998,231.0,231.0
2019-02-07 01:00:00,9.677745,9.677745,189.0,189.0
2019-02-07 02:00:00,10.650640000000001,10.650640000000001,208.0,208.0
2019-02-07 03:00:00,9.063285,9.063285,177.0,177.0
2019-02-07 04:00:00,9.216899999999999,9.216899999999999,180.0,180.0
2019-02-07 05:00:00,16.027164999999997,16.027164999999997,313.0,313.0
2019-02-07 06:00:00,7.629545000000001,7.629545000000001,149.0,149.0
2019-02-07 07:00:00,480.9173600000001,480.9173600000001,9392.0,9392.0
2019-02-07 08:00:00,106.55760500000001,106.55760500000001,2081.0,2081.0
2019-02-07 09:00:00,76.90991000000001,76.90991000000001,1502.0,1502.0
2019-02-07 10:00:00,114.64799500000001,114.64799500000001,2239.0,2239.0
2019-02-07 11:00:00,114.90402,114.90402,2244.0,2244.0
2019-02-07 12:00:00,233.18757,233.18757,4554.0,4554.0
2019-02-07 13:00:00,108.14496,108.14496,2112.0,2112.0
2019-02-07 14:00:00,114.545585,114.545585,2237.0,2237.0
2019-02-07 15:00:00,109.42508499999998,109.42508499999998,2137.0,2137.0
2019-02-07 16:00:00,62.521305,62.521305,1221.0,1221.0
2019-02-07 17:00:00,73.73519999999999,73.73519999999999,1440.0,1440.0
2019-02-07 18:00:00,242.81411,242.81411,4742.0,4742.0
2019-02-07 19:00:00,231.702625,231.702625,4525.0,4525.0
2019-02-07 20:00:00,224.2266949999999,224.2266949999999,4379.0,4379.0
2019-02-07 21:00:00,213.32002999999997,213.32002999999997,4166.0,4166.0
2019-02-07 22:00:00,14.54222,14.54222,284.0,284.0
2019-02-07 23:00:00,12.237995000000002,12.237995000000002,239.0,239.0
2019-02-08 00:00:00,11.16269,11.16269,218.0,218.0
2019-02-08 01:00:00,10.343409999999999,10.343409999999999,202.0,202.0
2019-02-08 02:00:00,8.858465,8.858465,173.0,173.0
2019-02-08 03:00:00,11.674739999999998,11.674739999999998,228.0,228.0
2019-02-08 04:00:00,8.60244,8.60244,168.0,168.0
2019-02-08 05:00:00,11.316305,11.316305,221.0,221.0
2019-02-08 06:00:00,8.602439999999998,8.602439999999998,168.0,168.0
2019-02-08 07:00:00,479.94446500000004,479.944465,9373.0,9373.0
2019-02-08 08:00:00,115.46727499999997,115.46727499999997,2255.0,2255.0
2019-02-08 09:00:00,89.045495,89.045495,1739.0,1739.0
2019-02-08 10:00:00,115.774505,115.774505,2261.0,2261.0
2019-02-08 11:00:00,109.37388000000001,109.37388000000001,2136.0,2136.0
2019-02-08 12:00:00,194.27176999999995,194.27176999999995,3794.0,3794.0
2019-02-08 13:00:00,117.66908999999998,117.66908999999998,2298.0,2298.0
2019-02-08 14:00:00,103.69012500000001,103.69012500000001,2025.0,2025.0
2019-02-08 15:00:00,109.98834000000002,109.98834000000002,2148.0,2148.0
2019-02-08 16:00:00,76.50027,76.50027,1494.0,1494.0
2019-02-08 17:00:00,73.22315000000003,73.22315000000003,1430.0,1430.0
2019-02-08 18:00:00,209.17242499999992,209.17242499999992,4085.0,4085.0
2019-02-08 19:00:00,207.12422500000008,207.12422500000008,4045.0,4045.0
2019-02-08 20:00:00,204.563975,204.56397499999997,3995.0,3995.0
2019-02-08 21:00:00,200.77480500000001,200.77480500000001,3921.0,3921.0
2019-02-08 22:00:00,11.521125,11.521125,225.0,225.0
2019-02-08 23:00:00,11.265100000000002,11.265100000000002,220.0,220.0
2019-02-09 00:00:00,21.710919999999998,21.710919999999998,424.0,424.0
2019-02-09 01:00:00,19.816335000000002,19.816335000000002,387.0,387.0
2019-02-09 02:00:00,22.478994999999998,22.478994999999998,439.0,439.0
2019-02-09 03:00:00,18.177775000000004,18.177775000000004,355.0,355.0
2019-02-09 04:00:00,18.280185,18.280185,357.0,357.0
2019-02-09 05:00:00,21.147664999999996,21.147664999999996,413.0,413.0
2019-02-09 06:00:00,15.77114,15.771139999999999,308.0,308.0
2019-02-09 07:00:00,445.17627,445.17627,8694.0,8694.0
2019-02-09 08:00:00,452.24256,452.24256,8832.0,8832.0
2019-02-09 09:00:00,121.25344000000001,121.25344000000001,2368.0,2368.0
2019-02-09 10:00:00,115.36486499999995,115.36486499999995,2253.0,2253.0
2019-02-09 11:00:00,98.82565000000001,98.82565000000001,1930.0,1930.0
2019-02-09 12:00:00,81.15992499999999,81.159925,1585.0,1585.0
2019-02-09 13:00:00,75.88580999999998,75.88580999999998,1482.0,1482.0
2019-02-09 14:00:00,79.87979999999999,79.87979999999999,1560.0,1560.0
2019-02-09 15:00:00,261.24791,261.24791,5102.0,5102.0
2019-02-09 16:00:00,268.82625,268.82625,5250.0,5250.0
2019-02-09 17:00:00,35.8435,35.8435,700.0,700.0
2019-02-09 18:00:00,38.30134,38.30134,748.0,748.0
2019-02-09 19:00:00,42.96099500000001,42.96099500000002,839.0,839.0
2019-02-09 20:00:00,147.52160499999997,147.521605,2881.0,2881.0
2019-02-09 21:00:00,144.03966499999999,144.03966499999999,2813.0,2813.0
2019-02-09 22:00:00,155.97043,155.97043,3046.0,3046.0
2019-02-09 23:00:00,20.738024999999997,20.738024999999997,405.0,405.0
2019-02-10 00:00:00,22.120560000000005,22.120560000000005,432.0,432.0
2019-02-10 01:00:00,24.117555,24.117555,471.0,471.0
2019-02-10 02:00:00,19.969949999999997,19.969949999999997,390.0,390.0
2019-02-10 03:00:00,23.298275,23.298275000000004,455.0,455.0
2019-02-10 04:00:00,22.73502,22.73502,444.0,444.0
2019-02-10 05:00:00,22.171765,22.171765,433.0,433.0
2019-02-10 06:00:00,22.171765000000004,22.171765000000004,433.0,433.0
2019-02-10 07:00:00,474.20950500000004,474.20950500000004,9261.0,9261.0
2019-02-10 08:00:00,467.14321499999994,467.14321499999994,9123.0,9123.0
2019-02-10 09:00:00,125.29863500000002,125.29863500000002,2447.0,2447.0
2019-02-10 10:00:00,127.91009000000003,127.91009000000003,2498.0,2498.0
2019-02-10 11:00:00,108.50339500000001,108.50339500000001,2119.0,2119.0
2019-02-10 12:00:00,79.828595,79.828595,1559.0,1559.0
2019-02-10 13:00:00,91.55454000000002,91.55454000000002,1788.0,1788.0
2019-02-10 14:00:00,68.87072500000001,68.87072500000001,1345.0,1345.0
2019-02-10 15:00:00,242.60929000000002,242.60929000000002,4738.0,4738.0
2019-02-10 16:00:00,268.46781500000003,268.46781500000003,5243.0,5243.0
2019-02-10 17:00:00,35.485065,35.485065,693.0,693.0
2019-02-10 18:00:00,35.331450000000004,35.331450000000004,690.0,690.0
2019-02-10 19:00:00,43.626659999999994,43.626659999999994,852.0,852.0
2019-02-10 20:00:00,153.154155,153.154155,2991.0,2991.0
2019-02-10 21:00:00,155.45837999999998,155.45837999999998,3036.0,3036.0
2019-02-10 22:00:00,142.913155,142.913155,2791.0,2791.0
2019-02-10 23:00:00,19.509105,19.509105,381.0,381.0
2019-02-11 00:00:00,7.322315,7.322315,143.0,143.0
2019-02-11 01:00:00,9.933769999999999,9.93377,194.0,194.0
2019-02-11 02:00:00,10.03618,10.03618,196.0,196.0
2019-02-11 03:00:00,11.46992,11.46992,224.0,224.0
2019-02-11 04:00:00,7.424725,7.424725,145.0,145.0
2019-02-11 05:00:00,12.442815,12.442815,243.0,243.0
2019-02-11 06:00:00,11.67474,11.67474,228.0,228.0
2019-02-11 07:00:00,475.848065,475.848065,9293.0,9293.0
2019-02-11 08:00:00,118.539575,118.539575,2315.0,2315.0
2019-02-11 09:00:00,87.45813999999999,87.45813999999999,1708.0,1708.0
2019-02-11 10:00:00,107.88893499999996,107.88893499999996,2107.0,2107.0
2019-02-11 11:00:00,98.51841999999999,98.51841999999999,1924.0,1924.0
2019-02-11 12:00:00,220.02788500000003,220.02788500000003,4297.0,4297.0
2019-02-11 13:00:00,111.78051499999998,111.78051499999998,2183.0,2183.0
2019-02-11 14:00:00,107.83773,107.83773,2106.0,2106.0
2019-02-11 15:00:00,118.79560000000002,118.79560000000002,2320.0,2320.0
2019-02-11 16:00:00,74.45207000000002,74.45207000000002,1454.0,1454.0
2019-02-11 17:00:00,72.50627999999999,72.50627999999999,1416.0,1416.0
2019-02-11 18:00:00,205.79289500000002,205.79289500000002,4019.0,4019.0
2019-02-11 19:00:00,216.750765,216.750765,4233.0,4233.0
2019-02-11 20:00:00,230.47370500000002,230.47370500000002,4501.0,4501.0
2019-02-11 21:00:00,215.88028,215.88028,4216.0,4216.0
2019-02-11 22:00:00,10.34341,10.343409999999999,202.0,202.0
2019-02-11 23:00:00,11.930765000000001,11.930765000000001,233.0,233.0
2019-02-12 00:00:00,11.009075,11.009075,215.0,215.0
2019-02-12 01:00:00,12.903659999999999,12.903659999999999,252.0,252.0
2019-02-12 02:00:00,14.644630000000003,14.644630000000003,286.0,286.0
2019-02-12 03:00:00,9.984974999999999,9.984974999999999,195.0,195.0
2019-02-12 04:00:00,9.933769999999999,9.93377,194.0,194.0
2019-02-12 05:00:00,11.879559999999998,11.879559999999998,232.0,232.0
2019-02-12 06:00:00,10.906664999999998,10.906664999999998,213.0,213.0
2019-02-12 07:00:00,480.20049,480.20049,9378.0,9378.0
2019-02-12 08:00:00,115.41606999999999,115.41606999999999,2254.0,2254.0
2019-02-12 09:00:00,88.89188000000001,88.89188000000001,1736.0,1736.0
2019-02-12 10:00:00,104.97025000000002,104.97025000000002,2050.0,2050.0
2019-02-12 11:00:00,99.84975,99.84975,1950.0,1950.0
2019-02-12 12:00:00,207.99470999999997,207.99470999999997,4062.0,4062.0
2019-02-12 13:00:00,112.65100000000001,112.65100000000001,2200.0,2200.0
2019-02-12 14:00:00,104.97025000000002,104.97025000000002,2050.0,2050.0
2019-02-12 15:00:00,109.88592999999999,109.88592999999999,2146.0,2146.0
2019-02-12 16:00:00,71.58459,71.58459,1398.0,1398.0
2019-02-12 17:00:00,67.232165,67.232165,1313.0,1313.0
2019-02-12 18:00:00,210.401345,210.401345,4109.0,4109.0
2019-02-12 19:00:00,194.42538499999998,194.42538499999998,3797.0,3797.0
2019-02-12 20:00:00,228.88635,228.88635,4470.0,4470.0
2019-02-12 21:00:00,190.99464999999998,190.99464999999998,3730.0,3730.0
2019-02-12 22:00:00,12.39161,12.39161,242.0,242.0
2019-02-12 23:00:00,12.033174999999998,12.033174999999998,235.0,235.0
2019-02-13 00:00:00,7.834364999999997,7.834364999999997,153.0,153.0
2019-02-13 01:00:00,8.448825,8.448825,165.0,165.0
2019-02-13 02:00:00,10.087384999999998,10.087384999999998,197.0,197.0
2019-02-13 03:00:00,7.5271349999999995,7.5271349999999995,147.0,147.0
2019-02-13 04:00:00,10.036179999999998,10.036179999999998,196.0,196.0
2019-02-13 05:00:00,9.165695000000001,9.165695000000001,179.0,179.0
2019-02-13 06:00:00,10.54823,10.548230000000002,206.0,206.0
2019-02-13 07:00:00,472.21250999999995,472.21250999999995,9222.0,9222.0
2019-02-13 08:00:00,112.08774500000001,112.08774500000001,2189.0,2189.0
2019-02-13 09:00:00,88.328625,88.328625,1725.0,1725.0
2019-02-13 10:00:00,89.864775,89.864775,1755.0,1755.0
2019-02-13 11:00:00,100.310595,100.31059500000002,1959.0,1959.0
2019-02-13 12:00:00,211.37424,211.37424,4128.0,4128.0
2019-02-13 13:00:00,112.651,112.651,2200.0,2200.0
2019-02-13 14:00:00,109.52749500000002,109.52749500000002,2139.0,2139.0
2019-02-13 15:00:00,114.647995,114.64799500000001,2239.0,2239.0
2019-02-13 16:00:00,73.01833000000002,73.01833000000002,1426.0,1426.0
2019-02-13 17:00:00,75.22014499999999,75.22014499999999,1469.0,1469.0
2019-02-13 18:00:00,206.304945,206.304945,4029.0,4029.0
2019-02-13 19:00:00,214.44653999999997,214.44653999999997,4188.0,4188.0
2019-02-13 20:00:00,239.74181,239.74181,4682.0,4682.0
2019-02-13 21:00:00,215.52184499999998,215.52184499999998,4209.0,4209.0
2019-02-13 22:00:00,10.701844999999999,10.701844999999999,209.0,209.0
2019-02-13 23:00:00,8.807259999999998,8.807259999999998,172.0,172.0
2019-02-14 00:00:00,9.524130000000001,9.524130000000001,186.0,186.0
2019-02-14 01:00:00,12.49402,12.49402,244.0,244.0
2019-02-14 02:00:00,7.8855699999999995,7.8855699999999995,154.0,154.0
2019-02-14 03:00:00,11.213895,11.213895,219.0,219.0
2019-02-14 04:00:00,9.216899999999997,9.216899999999997,180.0,180.0
2019-02-14 05:00:00,6.605445,6.605445,129.0,129.0
2019-02-14 06:00:00,10.394615,10.394615,203.0,203.0
2019-02-14 07:00:00,474.311915,474.311915,9263.0,9263.0
2019-02-14 08:00:00,121.04861999999999,121.04861999999999,2364.0,2364.0
2019-02-14 09:00:00,84.79548000000003,84.79548000000003,1656.0,1656.0
2019-02-14 10:00:00,111.42208,111.42208,2176.0,2176.0
2019-02-14 11:00:00,98.467215,98.467215,1923.0,1923.0
2019-02-14 12:00:00,213.52485000000001,213.52485000000001,4170.0,4170.0
2019-02-14 13:00:00,113.82871499999999,113.82871499999999,2223.0,2223.0
2019-02-14 14:00:00,106.81363000000002,106.81363000000002,2086.0,2086.0
2019-02-14 15:00:00,100.720235,100.720235,1967.0,1967.0
2019-02-14 16:00:00,77.57557499999999,77.57557499999999,1515.0,1515.0
2019-02-14 17:00:00,72.864715,72.86471499999999,1423.0,1423.0
2019-02-14 18:00:00,211.732675,211.732675,4135.0,4135.0
2019-02-14 19:00:00,227.45260999999996,227.45260999999996,4442.0,4442.0
2019-02-14 20:00:00,202.61818499999998,202.61818499999998,3957.0,3957.0
2019-02-14 21:00:00,206.86819999999997,206.86819999999997,4040.0,4040.0
2019-02-14 22:00:00,14.03017,14.03017,274.0,274.0
2019-02-14 23:00:00,12.80125,12.80125,250.0,250.0
2019-02-15 00:00:00,9.882565000000001,9.882565000000001,193.0,193.0
2019-02-15 01:00:00,10.497024999999999,10.497024999999999,205.0,205.0
2019-02-15 02:00:00,11.162690000000001,11.162690000000003,218.0,218.0
2019-02-15 03:00:00,11.77715,11.77715,230.0,230.0
2019-02-15 04:00:00,9.831359999999998,9.831359999999998,192.0,192.0
2019-02-15 05:00:00,12.596429999999998,12.596429999999998,246.0,246.0
2019-02-15 06:00:00,8.756054999999998,8.756054999999998,171.0,171.0
2019-02-15 07:00:00,471.59804999999994,471.59804999999994,9210.0,9210.0
2019-02-15 08:00:00,120.690185,120.69018500000001,2357.0,2357.0
2019-02-15 09:00:00,73.88881500000001,73.88881500000002,1443.0,1443.0
2019-02-15 10:00:00,110.80762000000001,110.80762000000001,2164.0,2164.0
2019-02-15 11:00:00,101.129875,101.129875,1975.0,1975.0
2019-02-15 12:00:00,218.79896499999992,218.79896499999992,4273.0,4273.0
2019-02-15 13:00:00,101.69313,101.69313,1986.0,1986.0
2019-02-15 14:00:00,105.37989,105.37989,2058.0,2058.0
2019-02-15 15:00:00,101.18108000000001,101.18108000000001,1976.0,1976.0
2019-02-15 16:00:00,68.51229000000002,68.51229000000002,1338.0,1338.0
2019-02-15 17:00:00,70.25326000000001,70.25326000000001,1372.0,1372.0
2019-02-15 18:00:00,221.30800999999997,221.30800999999997,4322.0,4322.0
2019-02-15 19:00:00,230.32009000000002,230.32009,4498.0,4498.0
2019-02-15 20:00:00,205.02482,205.02482000000003,4004.0,4004.0
2019-02-15 21:00:00,217.36522499999998,217.36522499999998,4245.0,4245.0
2019-02-15 22:00:00,7.8855699999999995,7.8855699999999995,154.0,154.0
2019-02-15 23:00:00,10.906665,10.906665,213.0,213.0
2019-02-16 00:00:00,21.864535,21.864535,427.0,427.0
2019-02-16 01:00:00,22.018149999999995,22.018149999999995,430.0,430.0
2019-02-16 02:00:00,20.021155,20.021155,391.0,391.0
2019-02-16 03:00:00,23.503095,23.503095,459.0,459.0
2019-02-16 04:00:00,18.536209999999997,18.536209999999997,362.0,362.0
2019-02-16 05:00:00,26.626599999999996,26.626599999999996,520.0,520.0
2019-02-16 06:00:00,20.17477,20.17477,394.0,394.0
2019-02-16 07:00:00,434.11599,434.11599,8478.0,8478.0
2019-02-16 08:00:00,449.17026000000004,449.17026000000004,8772.0,8772.0
2019-02-16 09:00:00,115.72329999999997,115.72329999999997,2260.0,2260.0
2019-02-16 10:00:00,127.70527,127.70527,2494.0,2494.0
2019-02-16 11:00:00,105.943145,105.943145,2069.0,2069.0
2019-02-16 12:00:00,82.900895,82.900895,1619.0,1619.0
2019-02-16 13:00:00,76.65388500000002,76.653885,1497.0,1497.0
2019-02-16 14:00:00,80.135825,80.135825,1565.0,1565.0
2019-02-16 15:00:00,235.79902499999994,235.79902499999994,4605.0,4605.0
2019-02-16 16:00:00,229.34719499999997,229.34719499999997,4479.0,4479.0
2019-02-16 17:00:00,41.527255,41.527255,811.0,811.0
2019-02-16 18:00:00,33.69289,33.69289,658.0,658.0
2019-02-16 19:00:00,44.855579999999996,44.855579999999996,876.0,876.0
2019-02-16 20:00:00,163.702385,163.702385,3197.0,3197.0
2019-02-16 21:00:00,147.931245,147.931245,2889.0,2889.0
2019-02-16 22:00:00,157.045735,157.045735,3067.0,3067.0
2019-02-16 23:00:00,17.10247,17.10247,334.0,334.0
2019-02-17 00:00:00,22.5302,22.5302,440.0,440.0
2019-02-17 01:00:00,21.557305,21.557305,421.0,421.0
2019-02-17 02:00:00,23.86153,23.861529999999995,466.0,466.0
2019-02-17 03:00:00,23.349479999999996,23.349479999999996,456.0,456.0
2019-02-17 04:00:00,20.635614999999998,20.635614999999998,403.0,403.0
2019-02-17 05:00:00,18.843439999999998,18.843439999999998,368.0,368.0
2019-02-17 06:00:00,21.710919999999998,21.710919999999998,424.0,424.0
2019-02-17 07:00:00,473.23661,473.23661,9242.0,9242.0
2019-02-17 08:00:00,467.55285499999997,467.55285499999997,9131.0,9131.0
2019-02-17 09:00:00,121.40705499999999,121.40705499999999,2371.0,2371.0
2019-02-17 10:00:00,121.76548999999997,121.76548999999997,2378.0,2378.0
2019-02-17 11:00:00,98.51842,98.51842,1924.0,1924.0
2019-02-17 12:00:00,73.12073999999998,73.12073999999998,1428.0,1428.0
2019-02-17 13:00:00,92.37381999999998,92.37381999999998,1804.0,1804.0
2019-02-17 14:00:00,84.027405,84.027405,1641.0,1641.0
2019-02-17 15:00:00,244.401465,244.401465,4773.0,4773.0
2019-02-17 16:00:00,268.72384,268.72384,5248.0,5248.0
2019-02-17 17:00:00,31.747099999999996,31.747099999999996,620.0,620.0
2019-02-17 18:00:00,38.198930000000004,38.198930000000004,746.0,746.0
2019-02-17 19:00:00,45.111605,45.111605,881.0,881.0
2019-02-17 20:00:00,149.92824000000002,149.92824000000002,2928.0,2928.0
2019-02-17 21:00:00,163.08792499999998,163.08792499999998,3185.0,3185.0
2019-02-17 22:00:00,157.71139999999997,157.71139999999997,3080.0,3080.0
2019-02-17 23:00:00,19.713925,19.713925,385.0,385.0
2019-02-18 00:00:00,14.644630000000001,14.644630000000001,286.0,286.0
2019-02-18 01:00:00,11.67474,11.67474,228.0,228.0
2019-02-18 02:00:00,11.777149999999999,11.777149999999999,230.0,230.0
2019-02-18 03:00:00,6.042189999999999,6.042189999999999,118.0,118.0
2019-02-18 04:00:00,9.882565,9.882565,193.0,193.0
2019-02-18 05:00:00,10.241,10.241,200.0,200.0
2019-02-18 06:00:00,9.31931,9.31931,182.0,182.0
2019-02-18 07:00:00,471.64925500000004,471.64925500000004,9211.0,9211.0
2019-02-18 08:00:00,113.06064,113.06064,2208.0,2208.0
2019-02-18 09:00:00,90.32562,90.32562,1764.0,1764.0
2019-02-18 10:00:00,107.88893500000002,107.88893500000002,2107.0,2107.0
2019-02-18 11:00:00,121.86789999999999,121.86789999999998,2380.0,2380.0
2019-02-18 12:00:00,210.45254999999997,210.45254999999997,4110.0,4110.0
2019-02-18 13:00:00,114.75040499999997,114.75040499999999,2241.0,2241.0
2019-02-18 14:00:00,108.40098500000003,108.40098500000003,2117.0,2117.0
2019-02-18 15:00:00,119.05162500000002,119.05162500000002,2325.0,2325.0
2019-02-18 16:00:00,71.78941000000002,71.78941000000002,1402.0,1402.0
2019-02-18 17:00:00,64.56950499999999,64.56950499999999,1261.0,1261.0
2019-02-18 18:00:00,219.51583499999998,219.51583499999998,4287.0,4287.0
2019-02-18 19:00:00,225.762845,225.762845,4409.0,4409.0
2019-02-18 20:00:00,207.27783999999997,207.27783999999997,4048.0,4048.0
2019-02-18 21:00:00,213.26882500000002,213.268825,4165.0,4165.0
2019-02-18 22:00:00,13.057274999999999,13.057274999999999,255.0,255.0
2019-02-18 23:00:00,11.981969999999999,11.981969999999999,234.0,234.0
2019-02-19 00:00:00,7.219905000000001,7.219905000000001,141.0,141.0
2019-02-19 01:00:00,11.828355,11.828355,231.0,231.0
2019-02-19 02:00:00,9.063285,9.063285,177.0,177.0
2019-02-19 03:00:00,10.497025,10.497025,205.0,205.0
2019-02-19 04:00:00,11.367510000000001,11.367510000000003,222.0,222.0
2019-02-19 05:00:00,10.497024999999999,10.497024999999999,205.0,205.0
2019-02-19 06:00:00,12.647635000000001,12.647635000000001,247.0,247.0
2019-02-19 07:00:00,478.86916,478.86916,9352.0,9352.0
2019-02-19 08:00:00,110.70521000000001,110.70521000000001,2162.0,2162.0
2019-02-19 09:00:00,84.79547999999998,84.79547999999998,1656.0,1656.0
2019-02-19 10:00:00,104.61181499999999,104.61181499999999,2043.0,2043.0
2019-02-19 11:00:00,115.876915,115.876915,2263.0,2263.0
2019-02-19 12:00:00,211.11821499999996,211.11821499999996,4123.0,4123.0
2019-02-19 13:00:00,111.37087499999998,111.37087499999998,2175.0,2175.0
2019-02-19 14:00:00,108.75942,108.75942,2124.0,2124.0
2019-02-19 15:00:00,106.60881,106.60881,2082.0,2082.0
2019-02-19 16:00:00,66.25926999999999,66.25926999999999,1294.0,1294.0
2019-02-19 17:00:00,68.40987999999997,68.40987999999997,1336.0,1336.0
2019-02-19 18:00:00,211.118215,211.118215,4123.0,4123.0
2019-02-19 19:00:00,214.95859000000004,214.95859000000004,4198.0,4198.0
2019-02-19 20:00:00,210.45255000000003,210.45255000000006,4110.0,4110.0
2019-02-19 21:00:00,209.83809000000002,209.83809000000002,4098.0,4098.0
2019-02-19 22:00:00,6.75906,6.75906,132.0,132.0
2019-02-19 23:00:00,12.852455,12.852455,251.0,251.0
2019-02-20 00:00:00,12.442815000000001,12.442815000000001,243.0,243.0
2019-02-20 01:00:00,12.084379999999998,12.084379999999998,236.0,236.0
2019-02-20 02:00:00,10.189795000000002,10.189795000000002,199.0,199.0
2019-02-20 03:00:00,12.340404999999997,12.340404999999997,241.0,241.0
2019-02-20 04:00:00,8.807260000000001,8.807260000000001,172.0,172.0
2019-02-20 05:00:00,12.750045000000002,12.750045000000002,249.0,249.0
2019-02-20 06:00:00,13.108480000000002,13.108480000000002,256.0,256.0
2019-02-20 07:00:00,472.11009999999993,472.1101,9220.0,9220.0
2019-02-20 08:00:00,113.11184499999999,113.11184499999999,2209.0,2209.0
2019-02-20 09:00:00,88.48224,88.48224,1728.0,1728.0
2019-02-20 10:00:00,107.17206500000002,107.17206500000002,2093.0,2093.0
2019-02-20 11:00:00,102.92204999999997,102.92204999999997,2010.0,2010.0
2019-02-20 12:00:00,215.88027999999994,215.88027999999994,4216.0,4216.0
2019-02-20 13:00:00,113.87992000000003,113.87992000000003,2224.0,2224.0
2019-02-20 14:00:00,114.03353500000003,114.03353500000003,2227.0,2227.0
2019-02-20 15:00:00,117.97631999999999,117.97631999999999,2304.0,2304.0
2019-02-20 16:00:00,72.864715,72.86471499999999,1423.0,1423.0
2019-02-20 17:00:00,68.51229,68.51229,1338.0,1338.0
2019-02-20 18:00:00,219.77186000000003,219.77186000000003,4292.0,4292.0
2019-02-20 19:00:00,214.95858999999996,214.95858999999996,4198.0,4198.0
2019-02-20 20:00:00,202.87421000000003,202.87421000000003,3962.0,3962.0
2019-02-20 21:00:00,212.09111000000001,212.09111000000001,4142.0,4142.0
2019-02-20 22:00:00,11.316305,11.316305,221.0,221.0
2019-02-20 23:00:00,10.138589999999999,10.138589999999999,198.0,198.0
2019-02-21 00:00:00,10.497025,10.497025,205.0,205.0
2019-02-21 01:00:00,13.262094999999999,13.262094999999999,259.0,259.0
2019-02-21 02:00:00,11.725945,11.725944999999998,229.0,229.0
2019-02-21 03:00:00,11.623534999999999,11.623534999999999,227.0,227.0
2019-02-21 04:00:00,6.912674999999999,6.912674999999999,135.0,135.0
2019-02-21 05:00:00,12.237994999999998,12.237994999999998,239.0,239.0
2019-02-21 06:00:00,13.72294,13.72294,268.0,268.0
2019-02-21 07:00:00,478.20349500000003,478.20349500000003,9339.0,9339.0
2019-02-21 08:00:00,104.25338,104.25338,2036.0,2036.0
2019-02-21 09:00:00,92.16900000000003,92.16900000000003,1800.0,1800.0
2019-02-21 10:00:00,121.25343999999998,121.25343999999998,2368.0,2368.0
2019-02-21 11:00:00,103.280485,103.280485,2017.0,2017.0
2019-02-21 12:00:00,225.25079499999998,225.25079499999998,4399.0,4399.0
2019-02-21 13:00:00,115.774505,115.774505,2261.0,2261.0
2019-02-21 14:00:00,111.26846499999998,111.26846499999998,2173.0,2173.0
2019-02-21 15:00:00,111.01243999999998,111.01243999999998,2168.0,2168.0
2019-02-21 16:00:00,62.726124999999996,62.726124999999996,1225.0,1225.0
2019-02-21 17:00:00,59.09056999999999,59.09056999999999,1154.0,1154.0
2019-02-21 18:00:00,231.39539499999998,231.39539499999998,4519.0,4519.0
2019-02-21 19:00:00,226.582125,226.58212500000002,4425.0,4425.0
2019-02-21 20:00:00,238.10324999999997,238.10324999999997,4650.0,4650.0
2019-02-21 21:00:00,222.12728999999996,222.12728999999996,4338.0,4338.0
2019-02-21 22:00:00,10.03618,10.03618,196.0,196.0
2019-02-21 23:00:00,12.033175000000004,12.033175000000004,235.0,235.0
2019-02-22 00:00:00,13.10848,13.10848,256.0,256.0
2019-02-22 01:00:00,10.241,10.241,200.0,200.0
2019-02-22 02:00:00,12.2892,12.2892,240.0,240.0
2019-02-22 03:00:00,11.36751,11.36751,222.0,222.0
2019-02-22 04:00:00,8.80726,8.80726,172.0,172.0
2019-02-22 05:00:00,11.623535000000002,11.623535000000002,227.0,227.0
2019-02-22 06:00:00,10.95787,10.95787,214.0,214.0
2019-02-22 07:00:00,469.498645,469.498645,9169.0,9169.0
2019-02-22 08:00:00,112.08774499999997,112.08774499999997,2189.0,2189.0
2019-02-22 09:00:00,89.96718500000001,89.96718500000001,1757.0,1757.0
2019-02-22 10:00:00,109.88593,109.88593,2146.0,2146.0
2019-02-22 11:00:00,121.30464499999998,121.30464499999998,2369.0,2369.0
2019-02-22 12:00:00,211.88629000000003,211.88629000000003,4138.0,4138.0
2019-02-22 13:00:00,105.63591500000003,105.63591500000003,2063.0,2063.0
2019-02-22 14:00:00,115.67209499999998,115.67209499999998,2259.0,2259.0
2019-02-22 15:00:00,98.00637000000002,98.00637000000002,1914.0,1914.0
2019-02-22 16:00:00,72.40387000000001,72.40387000000001,1414.0,1414.0
2019-02-22 17:00:00,62.777330000000006,62.777330000000006,1226.0,1226.0
2019-02-22 18:00:00,239.58819499999996,239.58819499999996,4679.0,4679.0
2019-02-22 19:00:00,221.20560000000003,221.20560000000003,4320.0,4320.0
2019-02-22 20:00:00,236.925535,236.925535,4627.0,4627.0
2019-02-22 21:00:00,209.07001499999998,209.07001499999996,4083.0,4083.0
2019-02-22 22:00:00,9.114489999999998,9.11449,178.0,178.0
2019-02-22 23:00:00,10.292205,10.292205,201.0,201.0
2019-02-23 00:00:00,18.894644999999997,18.894644999999997,369.0,369.0
2019-02-23 01:00:00,25.039245,25.039245,489.0,489.0
2019-02-23 02:00:00,25.602499999999996,25.602499999999996,500.0,500.0
2019-02-23 03:00:00,21.608509999999995,21.608509999999995,422.0,422.0
2019-02-23 04:00:00,21.096460000000004,21.096460000000004,412.0,412.0
2019-02-23 05:00:00,17.204880000000003,17.204880000000003,336.0,336.0
2019-02-23 06:00:00,21.762125,21.762125,425.0,425.0
2019-02-23 07:00:00,447.173265,447.173265,8733.0,8733.0
2019-02-23 08:00:00,450.19436,450.19436,8792.0,8792.0
2019-02-23 09:00:00,128.575755,128.575755,2511.0,2511.0
2019-02-23 10:00:00,111.72931,111.72931,2182.0,2182.0
2019-02-23 11:00:00,102.768435,102.768435,2007.0,2007.0
2019-02-23 12:00:00,88.226215,88.226215,1723.0,1723.0
2019-02-23 13:00:00,86.53645,86.53645,1690.0,1690.0
2019-02-23 14:00:00,73.01833000000002,73.01833000000002,1426.0,1426.0
2019-02-23 15:00:00,239.793015,239.79301499999997,4683.0,4683.0
2019-02-23 16:00:00,263.14249499999994,263.14249499999994,5139.0,5139.0
2019-02-23 17:00:00,37.43085500000001,37.43085500000001,731.0,731.0
2019-02-23 18:00:00,33.59048000000001,33.59048000000001,656.0,656.0
2019-02-23 19:00:00,33.38566000000001,33.38566000000001,652.0,652.0
2019-02-23 20:00:00,149.672215,149.672215,2923.0,2923.0
2019-02-23 21:00:00,153.666205,153.666205,3001.0,3001.0
2019-02-23 22:00:00,154.53669,154.53669000000002,3018.0,3018.0
2019-02-23 23:00:00,21.30128,21.30128,416.0,416.0
2019-02-24 00:00:00,24.06635,24.06635,470.0,470.0
2019-02-24 01:00:00,20.07236,20.07236,392.0,392.0
2019-02-24 02:00:00,23.605505,23.605505,461.0,461.0
2019-02-24 03:00:00,17.204880000000003,17.204880000000003,336.0,336.0
2019-02-24 04:00:00,20.123565,20.123565,393.0,393.0
2019-02-24 05:00:00,22.939839999999997,22.939839999999997,448.0,448.0
2019-02-24 06:00:00,17.051265,17.051265,333.0,333.0
2019-02-24 07:00:00,466.52875500000005,466.52875500000005,9111.0,9111.0
2019-02-24 08:00:00,451.98653499999995,451.98653499999995,8827.0,8827.0
2019-02-24 09:00:00,113.57269,113.57269000000001,2218.0,2218.0
2019-02-24 10:00:00,121.45826,121.45826,2372.0,2372.0
2019-02-24 11:00:00,108.34978,108.34978,2116.0,2116.0
2019-02-24 12:00:00,77.11473000000001,77.11473000000001,1506.0,1506.0
2019-02-24 13:00:00,72.250255,72.250255,1411.0,1411.0
2019-02-24 14:00:00,70.76530999999999,70.76530999999999,1382.0,1382.0
2019-02-24 15:00:00,245.27194999999998,245.27194999999998,4790.0,4790.0
2019-02-24 16:00:00,237.642405,237.642405,4641.0,4641.0
2019-02-24 17:00:00,32.617585000000005,32.617585000000005,637.0,637.0
2019-02-24 18:00:00,39.376644999999996,39.376644999999996,769.0,769.0
2019-02-24 19:00:00,42.70497,42.70497,834.0,834.0
2019-02-24 20:00:00,155.09994499999996,155.09994499999996,3029.0,3029.0
2019-02-24 21:00:00,158.63309000000004,158.63309000000004,3098.0,3098.0
2019-02-24 22:00:00,157.09694,157.09694,3068.0,3068.0
2019-02-24 23:00:00,20.584410000000002,20.584410000000002,402.0,402.0
2019-02-25 00:00:00,12.698839999999999,12.698839999999999,248.0,248.0
2019-02-25 01:00:00,10.34341,10.343409999999999,202.0,202.0
2019-02-25 02:00:00,5.837370000000001,5.837370000000001,114.0,114.0
2019-02-25 03:00:00,12.08438,12.08438,236.0,236.0
2019-02-25 04:00:00,9.01208,9.01208,176.0,176.0
2019-02-25 05:00:00,7.936775,7.936775,155.0,155.0
2019-02-25 06:00:00,9.114490000000002,9.114490000000002,178.0,178.0
2019-02-25 07:00:00,465.9655,465.9655,9100.0,9100.0
2019-02-25 08:00:00,113.06064,113.06064,2208.0,2208.0
2019-02-25 09:00:00,92.527435,92.527435,1807.0,1807.0
2019-02-25 10:00:00,129.497445,129.497445,2529.0,2529.0
2019-02-25 11:00:00,112.65099999999998,112.65099999999998,2200.0,2200.0
2019-02-25 12:00:00,215.93148499999995,215.93148499999995,4217.0,4217.0
2019-02-25 13:00:00,116.13294,116.13294,2268.0,2268.0
2019-02-25 14:00:00,114.44317500000001,114.44317500000001,2235.0,2235.0
2019-02-25 15:00:00,112.54859000000003,112.54859000000003,2198.0,2198.0
2019-02-25 16:00:00,67.84662499999997,67.84662499999997,1325.0,1325.0
2019-02-25 17:00:00,70.35567,70.35567,1374.0,1374.0
2019-02-25 18:00:00,226.53091999999995,226.53091999999995,4424.0,4424.0
2019-02-25 19:00:00,225.762845,225.762845,4409.0,4409.0
2019-02-25 20:00:00,220.48873,220.48872999999998,4306.0,4306.0
2019-02-25 21:00:00,218.594145,218.594145,4269.0,4269.0
2019-02-25 22:00:00,10.497024999999999,10.497024999999999,205.0,205.0
2019-02-25 23:00:00,10.189795000000002,10.189795000000002,199.0,199.0
2019-02-26 00:00:00,9.831360000000002,9.831360000000002,192.0,192.0
2019-02-26 01:00:00,13.62053,13.62053,266.0,266.0
2019-02-26 02:00:00,10.394615000000002,10.394615000000002,203.0,203.0
2019-02-26 03:00:00,9.882565000000001,9.882565000000001,193.0,193.0
2019-02-26 04:00:00,10.54823,10.548230000000002,206.0,206.0
2019-02-26 05:00:00,8.39762,8.39762,164.0,164.0
2019-02-26 06:00:00,11.111484999999998,11.111484999999997,217.0,217.0
2019-02-26 07:00:00,503.4987649999999,503.4987649999999,9833.0,9833.0
2019-02-26 08:00:00,115.16004500000004,115.16004500000004,2249.0,2249.0
2019-02-26 09:00:00,97.39191000000001,97.39191000000001,1902.0,1902.0
2019-02-26 10:00:00,106.96724499999999,106.967245,2089.0,2089.0
2019-02-26 11:00:00,104.91904500000001,104.91904500000001,2049.0,2049.0
2019-02-26 12:00:00,225.81405,225.81405,4410.0,4410.0
2019-02-26 13:00:00,89.86477500000001,89.86477500000002,1755.0,1755.0
2019-02-26 14:00:00,107.47929500000001,107.479295,2099.0,2099.0
2019-02-26 15:00:00,100.87384999999996,100.87384999999996,1970.0,1970.0
2019-02-26 16:00:00,68.66590499999997,68.66590499999997,1341.0,1341.0
2019-02-26 17:00:00,71.58459,71.58459,1398.0,1398.0
2019-02-26 18:00:00,213.11521000000002,213.11521000000002,4162.0,4162.0
2019-02-26 19:00:00,215.16341,215.16341,4202.0,4202.0
2019-02-26 20:00:00,227.86225,227.86225,4450.0,4450.0
2019-02-26 21:00:00,225.302,225.302,4400.0,4400.0
2019-02-26 22:00:00,13.92776,13.92776,272.0,272.0
2019-02-26 23:00:00,13.3133,13.3133,260.0,260.0
2019-02-27 00:00:00,14.849450000000001,14.849450000000001,290.0,290.0
2019-02-27 01:00:00,10.44582,10.44582,204.0,204.0
2019-02-27 02:00:00,12.647635000000001,12.647635000000001,247.0,247.0
2019-02-27 03:00:00,9.677744999999998,9.677744999999998,189.0,189.0
2019-02-27 04:00:00,8.602440000000001,8.602440000000001,168.0,168.0
2019-02-27 05:00:00,11.87956,11.87956,232.0,232.0
2019-02-27 06:00:00,8.756054999999998,8.756054999999998,171.0,171.0
2019-02-27 07:00:00,476.25770499999993,476.25770499999993,9301.0,9301.0
2019-02-27 08:00:00,112.34377,112.34377,2194.0,2194.0
2019-02-27 09:00:00,112.75341000000002,112.75341000000002,2202.0,2202.0
2019-02-27 10:00:00,112.54859000000003,112.54859000000003,2198.0,2198.0
2019-02-27 11:00:00,105.99434999999998,105.99434999999998,2070.0,2070.0
2019-02-27 12:00:00,224.431515,224.43151499999996,4383.0,4383.0
2019-02-27 13:00:00,115.31366000000001,115.31366000000001,2252.0,2252.0
2019-02-27 14:00:00,108.40098500000003,108.40098500000003,2117.0,2117.0
2019-02-27 15:00:00,118.744395,118.744395,2319.0,2319.0
2019-02-27 16:00:00,65.84963,65.84963,1286.0,1286.0
2019-02-27 17:00:00,63.442994999999996,63.442994999999996,1239.0,1239.0
2019-02-27 18:00:00,214.088105,214.088105,4181.0,4181.0
2019-02-27 19:00:00,210.55495999999997,210.55495999999997,4112.0,4112.0
2019-02-27 20:00:00,209.58206499999997,209.58206499999997,4093.0,4093.0
2019-02-27 21:00:00,224.38030999999998,224.38030999999998,4382.0,4382.0
2019-02-27 22:00:00,9.575334999999999,9.575334999999999,187.0,187.0
2019-02-27 23:00:00,14.84945,14.84945,290.0,290.0
2019-02-28 00:00:00,12.494020000000003,12.494020000000003,244.0,244.0
2019-02-28 01:00:00,12.698840000000002,12.698840000000002,248.0,248.0
2019-02-28 02:00:00,11.725945,11.725944999999998,229.0,229.0
2019-02-28 03:00:00,10.701845,10.701845,209.0,209.0
2019-02-28 04:00:00,9.72895,9.728950000000001,190.0,190.0
2019-02-28 05:00:00,11.111485000000002,11.111485000000002,217.0,217.0
2019-02-28 06:00:00,8.960875,8.960875,175.0,175.0
2019-02-28 07:00:00,483.9896600000001,483.9896600000001,9452.0,9452.0
2019-02-28 08:00:00,116.388965,116.388965,2273.0,2273.0
2019-02-28 09:00:00,97.18709000000004,97.18709000000004,1898.0,1898.0
2019-02-28 10:00:00,113.31666500000003,113.31666500000003,2213.0,2213.0
2019-02-28 11:00:00,102.97325500000001,102.97325500000001,2011.0,2011.0
2019-02-28 12:00:00,210.91339499999998,210.91339499999998,4119.0,4119.0
2019-02-28 13:00:00,106.30158000000003,106.30158000000003,2076.0,2076.0
2019-02-28 14:00:00,108.19616500000001,108.19616500000001,2113.0,2113.0
2019-02-28 15:00:00,114.6992,114.6992,2240.0,2240.0
2019-02-28 16:00:00,70.45808000000001,70.45808000000001,1376.0,1376.0
2019-02-28 17:00:00,66.822525,66.822525,1305.0,1305.0
2019-02-28 18:00:00,223.20259499999997,223.20259499999997,4359.0,4359.0
2019-02-28 19:00:00,210.503755,210.503755,4111.0,4111.0
2019-02-28 20:00:00,216.39233000000002,216.39233000000002,4226.0,4226.0
2019-02-28 21:00:00,225.76284500000006,225.76284500000006,4409.0,4409.0
2019-02-28 22:00:00,11.879560000000001,11.879560000000001,232.0,232.0
2019-02-28 23:00:00,9.984975,9.984975,195.0,195.0
2019-03-01 00:00:00,10.548229999999998,10.548229999999998,206.0,206.0
2019-03-01 01:00:00,12.852454999999999,12.852454999999999,251.0,251.0
2019-03-01 02:00:00,10.753049999999998,10.753049999999998,210.0,210.0
2019-03-01 03:00:00,10.087385,10.087385,197.0,197.0
2019-03-01 04:00:00,11.777149999999999,11.777149999999999,230.0,230.0
2019-03-01 05:00:00,10.44582,10.44582,204.0,204.0
2019-03-01 06:00:00,6.759059999999999,6.759059999999998,132.0,132.0
2019-03-01 07:00:00,480.149285,480.149285,9377.0,9377.0
2019-03-01 08:00:00,120.94621000000001,120.94621000000001,2362.0,2362.0
2019-03-01 09:00:00,80.49426,80.49426,1572.0,1572.0
2019-03-01 10:00:00,121.407055,121.407055,2371.0,2371.0
2019-03-01 11:00:00,120.43415999999999,120.43415999999999,2352.0,2352.0
2019-03-01 12:00:00,210.35014000000004,210.35014000000004,4108.0,4108.0
2019-03-01 13:00:00,108.29857500000001,108.29857500000001,2115.0,2115.0
2019-03-01 14:00:00,108.24736999999999,108.24736999999999,2114.0,2114.0
2019-03-01 15:00:00,114.443175,114.443175,2235.0,2235.0
2019-03-01 16:00:00,75.27135,75.27135,1470.0,1470.0
2019-03-01 17:00:00,60.985155000000006,60.985155000000006,1191.0,1191.0
2019-03-01 18:00:00,209.63327000000007,209.63327000000007,4094.0,4094.0
2019-03-01 19:00:00,220.13029500000002,220.13029500000002,4299.0,4299.0
2019-03-01 20:00:00,219.41342499999996,219.41342499999996,4285.0,4285.0
2019-03-01 21:00:00,216.80197,216.80197,4234.0,4234.0
2019-03-01 22:00:00,12.18679,12.18679,238.0,238.0
2019-03-01 23:00:00,12.750045,12.750044999999998,249.0,249.0
2019-03-02 00:00:00,21.147665,21.147665,413.0,413.0
2019-03-02 01:00:00,22.991044999999993,22.991044999999993,449.0,449.0
2019-03-02 02:00:00,18.945849999999997,18.945849999999997,370.0,370.0
2019-03-02 03:00:00,26.729010000000002,26.72901,522.0,522.0
2019-03-02 04:00:00,20.840435000000003,20.840435000000003,407.0,407.0
2019-03-02 05:00:00,21.454894999999997,21.454894999999997,419.0,419.0
2019-03-02 06:00:00,20.27718,20.277179999999998,396.0,396.0
2019-03-02 07:00:00,450.29677,450.29677,8794.0,8794.0
2019-03-02 08:00:00,459.51367000000005,459.51367,8974.0,8974.0
2019-03-02 09:00:00,119.51247000000001,119.51247000000001,2334.0,2334.0
2019-03-02 10:00:00,120.94620999999998,120.94620999999998,2362.0,2362.0
2019-03-02 11:00:00,114.39197000000003,114.39197000000003,2234.0,2234.0
2019-03-02 12:00:00,81.56956500000001,81.56956500000001,1593.0,1593.0
2019-03-02 13:00:00,80.13582500000003,80.13582500000003,1565.0,1565.0
2019-03-02 14:00:00,74.55447999999998,74.55448,1456.0,1456.0
2019-03-02 15:00:00,248.44665999999992,248.44665999999992,4852.0,4852.0
2019-03-02 16:00:00,260.479835,260.479835,5087.0,5087.0
2019-03-02 17:00:00,43.21702000000001,43.21702000000001,844.0,844.0
2019-03-02 18:00:00,38.301339999999996,38.301339999999996,748.0,748.0
2019-03-02 19:00:00,37.430854999999994,37.430854999999994,731.0,731.0
2019-03-02 20:00:00,152.79572,152.79572,2984.0,2984.0
2019-03-02 21:00:00,168.87409000000002,168.87409000000002,3298.0,3298.0
2019-03-02 22:00:00,152.69330999999997,152.69330999999997,2982.0,2982.0
2019-03-02 23:00:00,19.662719999999997,19.662719999999997,384.0,384.0
2019-03-03 00:00:00,19.816335,19.816335,387.0,387.0
2019-03-03 01:00:00,22.683815000000006,22.683815000000006,443.0,443.0
2019-03-03 02:00:00,20.738025,20.738025,405.0,405.0
2019-03-03 03:00:00,16.129575000000003,16.129575000000003,315.0,315.0
2019-03-03 04:00:00,22.12056,22.12056,432.0,432.0
2019-03-03 05:00:00,17.819339999999997,17.819339999999997,348.0,348.0
2019-03-03 06:00:00,23.65671,23.65671,462.0,462.0
2019-03-03 07:00:00,446.09796,446.09796,8712.0,8712.0
2019-03-03 08:00:00,464.63417000000004,464.63417000000004,9074.0,9074.0
2019-03-03 09:00:00,122.22633500000003,122.22633500000003,2387.0,2387.0
2019-03-03 10:00:00,119.61487999999999,119.61487999999999,2336.0,2336.0
2019-03-03 11:00:00,99.95215999999999,99.95215999999999,1952.0,1952.0
2019-03-03 12:00:00,79.16293000000002,79.16293000000002,1546.0,1546.0
2019-03-03 13:00:00,81.51836,81.51836,1592.0,1592.0
2019-03-03 14:00:00,83.20812500000001,83.20812500000001,1625.0,1625.0
2019-03-03 15:00:00,244.45266999999998,244.45266999999998,4774.0,4774.0
2019-03-03 16:00:00,272.97385499999996,272.97385499999996,5331.0,5331.0
2019-03-03 17:00:00,41.27122999999999,41.27122999999999,806.0,806.0
2019-03-03 18:00:00,41.271229999999996,41.271229999999996,806.0,806.0
2019-03-03 19:00:00,37.99411,37.99411,742.0,742.0
2019-03-03 20:00:00,138.09988499999997,138.09988499999997,2697.0,2697.0
2019-03-03 21:00:00,149.92824,149.92824,2928.0,2928.0
2019-03-03 22:00:00,143.834845,143.834845,2809.0,2809.0
2019-03-03 23:00:00,16.744035,16.744035,327.0,327.0
2019-03-04 00:00:00,10.85546,10.85546,212.0,212.0
2019-03-04 01:00:00,7.629545,7.629545,149.0,149.0
2019-03-04 02:00:00,10.599435000000001,10.599435000000001,207.0,207.0
2019-03-04 03:00:00,8.60244,8.60244,168.0,168.0
2019-03-04 04:00:00,10.138589999999999,10.138589999999999,198.0,198.0
2019-03-04 05:00:00,8.858465,8.858465,173.0,173.0
2019-03-04 06:00:00,9.575335,9.575335,187.0,187.0
2019-03-04 07:00:00,498.07103500000005,498.07103500000005,9727.0,9727.0
2019-03-04 08:00:00,119.20523999999997,119.20523999999997,2328.0,2328.0
2019-03-04 09:00:00,82.388845,82.388845,1609.0,1609.0
2019-03-04 10:00:00,116.13294000000003,116.13294000000005,2268.0,2268.0
2019-03-04 11:00:00,114.54558499999997,114.54558499999997,2237.0,2237.0
2019-03-04 12:00:00,214.03689999999992,214.03689999999992,4180.0,4180.0
2019-03-04 13:00:00,113.36787,113.36787,2214.0,2214.0
2019-03-04 14:00:00,108.298575,108.298575,2115.0,2115.0
2019-03-04 15:00:00,111.01244000000003,111.01244000000003,2168.0,2168.0
2019-03-04 16:00:00,72.659895,72.659895,1419.0,1419.0
2019-03-04 17:00:00,59.39779999999999,59.39779999999999,1160.0,1160.0
2019-03-04 18:00:00,224.53392499999998,224.53392499999998,4385.0,4385.0
2019-03-04 19:00:00,223.25379999999998,223.25379999999998,4360.0,4360.0
2019-03-04 20:00:00,213.93448999999995,213.93448999999995,4178.0,4178.0
2019-03-04 21:00:00,217.00678999999997,217.00678999999997,4238.0,4238.0
2019-03-04 22:00:00,12.801250000000001,12.801250000000001,250.0,250.0
2019-03-04 23:00:00,12.442815000000001,12.442815000000001,243.0,243.0
2019-03-05 00:00:00,14.74704,14.747039999999998,288.0,288.0
2019-03-05 01:00:00,13.364505000000003,13.364505000000003,261.0,261.0
2019-03-05 02:00:00,8.90967,8.90967,174.0,174.0
2019-03-05 03:00:00,10.701845,10.701845,209.0,209.0
2019-03-05 04:00:00,7.629545,7.629545,149.0,149.0
2019-03-05 05:00:00,9.83136,9.83136,192.0,192.0
2019-03-05 06:00:00,12.852454999999999,12.852454999999999,251.0,251.0
2019-03-05 07:00:00,485.8330399999999,485.8330399999999,9488.0,9488.0
2019-03-05 08:00:00,107.37688499999997,107.37688499999997,2097.0,2097.0
2019-03-05 09:00:00,101.12987500000001,101.12987500000001,1975.0,1975.0
2019-03-05 10:00:00,110.91002999999999,110.91002999999999,2166.0,2166.0
2019-03-05 11:00:00,100.97626000000001,100.97626000000001,1972.0,1972.0
2019-03-05 12:00:00,220.79596,220.79596,4312.0,4312.0
2019-03-05 13:00:00,114.80160999999997,114.80160999999995,2242.0,2242.0
2019-03-05 14:00:00,107.01844999999997,107.01844999999997,2090.0,2090.0
2019-03-05 15:00:00,103.33169000000002,103.33169000000002,2018.0,2018.0
2019-03-05 16:00:00,61.087565,61.087565,1193.0,1193.0
2019-03-05 17:00:00,58.424904999999995,58.424904999999995,1141.0,1141.0
2019-03-05 18:00:00,213.21761999999998,213.21761999999998,4164.0,4164.0
2019-03-05 19:00:00,203.33505499999998,203.33505499999998,3971.0,3971.0
2019-03-05 20:00:00,197.34407,197.34407,3854.0,3854.0
2019-03-05 21:00:00,221.92246999999998,221.92246999999998,4334.0,4334.0
2019-03-05 22:00:00,11.623534999999999,11.623534999999999,227.0,227.0
2019-03-05 23:00:00,9.370515,9.370515,183.0,183.0
2019-03-06 00:00:00,8.704849999999999,8.704849999999999,170.0,170.0
2019-03-06 01:00:00,11.111485000000002,11.111485000000002,217.0,217.0
2019-03-06 02:00:00,8.141595,8.141595,159.0,159.0
2019-03-06 03:00:00,5.83737,5.83737,114.0,114.0
2019-03-06 04:00:00,11.623534999999999,11.623534999999999,227.0,227.0
2019-03-06 05:00:00,6.6054450000000005,6.6054450000000005,129.0,129.0
2019-03-06 06:00:00,10.95787,10.95787,214.0,214.0
2019-03-06 07:00:00,446.55880500000006,446.55880500000006,8721.0,8721.0
2019-03-06 08:00:00,115.31365999999998,115.31365999999998,2252.0,2252.0
2019-03-06 09:00:00,90.37682500000003,90.37682500000003,1765.0,1765.0
2019-03-06 10:00:00,108.81062500000002,108.81062500000002,2125.0,2125.0
2019-03-06 11:00:00,106.09675999999997,106.09675999999997,2072.0,2072.0
2019-03-06 12:00:00,220.79596,220.79596,4312.0,4312.0
2019-03-06 13:00:00,104.816635,104.816635,2047.0,2047.0
2019-03-06 14:00:00,105.53350500000002,105.53350500000002,2061.0,2061.0
2019-03-06 15:00:00,110.39798000000003,110.39798000000003,2156.0,2156.0
2019-03-06 16:00:00,71.021335,71.021335,1387.0,1387.0
2019-03-06 17:00:00,70.81651499999998,70.81651499999998,1383.0,1383.0
2019-03-06 18:00:00,219.46462999999991,219.46462999999991,4286.0,4286.0
2019-03-06 19:00:00,209.63326999999998,209.63326999999995,4094.0,4094.0
2019-03-06 20:00:00,213.166415,213.166415,4163.0,4163.0
2019-03-06 21:00:00,219.05499,219.05499,4278.0,4278.0
2019-03-06 22:00:00,12.545225,12.545224999999999,245.0,245.0
2019-03-06 23:00:00,9.780155,9.780155,191.0,191.0
2019-03-07 00:00:00,13.876555000000002,13.876555000000002,271.0,271.0
2019-03-07 01:00:00,13.364505,13.364505,261.0,261.0
2019-03-07 02:00:00,11.213895000000003,11.213895000000003,219.0,219.0
2019-03-07 03:00:00,10.03618,10.03618,196.0,196.0
2019-03-07 04:00:00,8.858465,8.858465,173.0,173.0
2019-03-07 05:00:00,7.1686999999999985,7.1686999999999985,140.0,140.0
2019-03-07 06:00:00,13.313299999999998,13.313299999999998,260.0,260.0
2019-03-07 07:00:00,500.631285,500.631285,9777.0,9777.0
2019-03-07 08:00:00,113.6751,113.6751,2220.0,2220.0
2019-03-07 09:00:00,88.27741999999999,88.27742,1724.0,1724.0
2019-03-07 10:00:00,112.394975,112.394975,2195.0,2195.0
2019-03-07 11:00:00,101.89795000000001,101.89795000000001,1990.0,1990.0
2019-03-07 12:00:00,207.84109499999997,207.84109499999997,4059.0,4059.0
2019-03-07 13:00:00,103.792535,103.792535,2027.0,2027.0
2019-03-07 14:00:00,118.48836999999999,118.48836999999999,2314.0,2314.0
2019-03-07 15:00:00,119.61488000000003,119.61488000000003,2336.0,2336.0
2019-03-07 16:00:00,73.83760999999998,73.83760999999998,1442.0,1442.0
2019-03-07 17:00:00,77.063525,77.063525,1505.0,1505.0
2019-03-07 18:00:00,213.98569499999996,213.98569499999996,4179.0,4179.0
2019-03-07 19:00:00,211.83508499999994,211.83508499999994,4137.0,4137.0
2019-03-07 20:00:00,223.10018499999998,223.10018499999998,4357.0,4357.0
2019-03-07 21:00:00,209.22363,209.22363,4086.0,4086.0
2019-03-07 22:00:00,7.987979999999999,7.987979999999999,156.0,156.0
2019-03-07 23:00:00,10.548229999999998,10.548229999999998,206.0,206.0
2019-03-08 00:00:00,13.722939999999998,13.72294,268.0,268.0
2019-03-08 01:00:00,8.858464999999999,8.858464999999999,173.0,173.0
2019-03-08 02:00:00,12.135585,12.135585,237.0,237.0
2019-03-08 03:00:00,10.753050000000002,10.753050000000002,210.0,210.0
2019-03-08 04:00:00,13.774145,13.774145000000003,269.0,269.0
2019-03-08 05:00:00,10.497025,10.497025,205.0,205.0
2019-03-08 06:00:00,10.241000000000001,10.241000000000001,200.0,200.0
2019-03-08 07:00:00,473.13419999999996,473.13419999999996,9240.0,9240.0
2019-03-08 08:00:00,113.26546,113.26546,2212.0,2212.0
2019-03-08 09:00:00,87.30452500000001,87.30452500000001,1705.0,1705.0
2019-03-08 10:00:00,111.42208000000001,111.42208000000001,2176.0,2176.0
2019-03-08 11:00:00,104.86784000000003,104.86784000000003,2048.0,2048.0
2019-03-08 12:00:00,216.13630499999994,216.13630499999994,4221.0,4221.0
2019-03-08 13:00:00,100.36179999999999,100.36179999999999,1960.0,1960.0
2019-03-08 14:00:00,107.376885,107.376885,2097.0,2097.0
2019-03-08 15:00:00,107.68411499999999,107.68411499999999,2103.0,2103.0
2019-03-08 16:00:00,60.21708000000001,60.21708000000001,1176.0,1176.0
2019-03-08 17:00:00,75.98822000000001,75.98822000000001,1484.0,1484.0
2019-03-08 18:00:00,229.60322000000002,229.60322000000002,4484.0,4484.0
2019-03-08 19:00:00,186.48860999999997,186.48860999999997,3642.0,3642.0
2019-03-08 20:00:00,207.12422500000002,207.12422500000002,4045.0,4045.0
2019-03-08 21:00:00,212.29592999999997,212.29592999999997,4146.0,4146.0
2019-03-08 22:00:00,14.183785,14.183785,277.0,277.0
2019-03-08 23:00:00,7.885569999999999,7.885569999999999,154.0,154.0
2019-03-09 00:00:00,21.147665,21.147665,413.0,413.0
2019-03-09 01:00:00,17.768135,17.768135,347.0,347.0
2019-03-09 02:00:00,15.310295000000002,15.310295000000002,299.0,299.0
2019-03-09 03:00:00,19.816334999999995,19.816334999999995,387.0,387.0
2019-03-09 04:00:00,22.735020000000006,22.735020000000006,444.0,444.0
2019-03-09 05:00:00,24.527195,24.527195,479.0,479.0
2019-03-09 06:00:00,22.32538,22.32538,436.0,436.0
2019-03-09 07:00:00,434.98647500000004,434.98647500000004,8495.0,8495.0
2019-03-09 08:00:00,473.8510700000001,473.8510700000001,9254.0,9254.0
2019-03-09 09:00:00,117.31065500000001,117.31065500000001,2291.0,2291.0
2019-03-09 10:00:00,126.68117000000002,126.68117000000002,2474.0,2474.0
2019-03-09 11:00:00,104.86783999999999,104.86783999999999,2048.0,2048.0
2019-03-09 12:00:00,85.10271000000002,85.10271000000002,1662.0,1662.0
2019-03-09 13:00:00,74.34965999999999,74.34965999999999,1452.0,1452.0
2019-03-09 14:00:00,77.8316,77.83160000000001,1520.0,1520.0
2019-03-09 15:00:00,260.0189899999999,260.0189899999999,5078.0,5078.0
2019-03-09 16:00:00,257.25392,257.25392,5024.0,5024.0
2019-03-09 17:00:00,42.50015,42.50014999999999,830.0,830.0
2019-03-09 18:00:00,46.85257500000001,46.852575,915.0,915.0
2019-03-09 19:00:00,43.52425,43.52425,850.0,850.0
2019-03-09 20:00:00,163.804795,163.80479500000004,3199.0,3199.0
2019-03-09 21:00:00,163.395155,163.395155,3191.0,3191.0
2019-03-09 22:00:00,137.12698999999995,137.12698999999995,2678.0,2678.0
2019-03-09 23:00:00,24.16876,24.16876,472.0,472.0
2019-03-10 00:00:00,21.762124999999997,21.762124999999997,425.0,425.0
2019-03-10 01:00:00,17.204880000000003,17.204880000000003,336.0,336.0
2019-03-10 02:00:00,20.379589999999997,20.379589999999997,398.0,398.0
2019-03-10 03:00:00,15.361499999999998,15.361499999999998,300.0,300.0
2019-03-10 04:00:00,26.575395000000004,26.575395000000007,519.0,519.0
2019-03-10 05:00:00,20.942845,20.942845,409.0,409.0
2019-03-10 06:00:00,18.4338,18.4338,360.0,360.0
2019-03-10 07:00:00,450.34797499999996,450.34797499999996,8795.0,8795.0
2019-03-10 08:00:00,466.5799599999999,466.5799599999999,9112.0,9112.0
2019-03-10 09:00:00,112.80461500000001,112.80461500000001,2203.0,2203.0
2019-03-10 10:00:00,114.955225,114.955225,2245.0,2245.0
2019-03-10 11:00:00,106.762425,106.762425,2085.0,2085.0
2019-03-10 12:00:00,77.47316500000001,77.47316500000001,1513.0,1513.0
2019-03-10 13:00:00,78.906905,78.90690500000001,1541.0,1541.0
2019-03-10 14:00:00,77.985215,77.985215,1523.0,1523.0
2019-03-10 15:00:00,258.99488999999994,258.99488999999994,5058.0,5058.0
2019-03-10 16:00:00,244.91351500000002,244.91351500000002,4783.0,4783.0
2019-03-10 17:00:00,35.12663,35.12663,686.0,686.0
2019-03-10 18:00:00,50.28331,50.28331,982.0,982.0
2019-03-10 19:00:00,42.09051000000001,42.09051000000001,822.0,822.0
2019-03-10 20:00:00,147.52160499999997,147.521605,2881.0,2881.0
2019-03-10 21:00:00,159.708395,159.708395,3119.0,3119.0
2019-03-10 22:00:00,155.66319999999996,155.66319999999996,3040.0,3040.0
2019-03-10 23:00:00,13.978965,13.978965,273.0,273.0
2019-03-11 00:00:00,9.882565000000001,9.882565000000001,193.0,193.0
2019-03-11 01:00:00,13.978965,13.978965,273.0,273.0
2019-03-11 02:00:00,12.033175,12.033175,235.0,235.0
2019-03-11 03:00:00,10.44582,10.44582,204.0,204.0
2019-03-11 04:00:00,12.647635,12.647635,247.0,247.0
2019-03-11 05:00:00,9.83136,9.83136,192.0,192.0
2019-03-11 06:00:00,10.497025,10.497025,205.0,205.0
2019-03-11 07:00:00,468.57695499999994,468.57695499999994,9151.0,9151.0
2019-03-11 08:00:00,113.47027999999999,113.47027999999999,2216.0,2216.0
2019-03-11 09:00:00,103.53651000000002,103.53651000000004,2022.0,2022.0
2019-03-11 10:00:00,109.68111000000002,109.68111000000002,2142.0,2142.0
2019-03-11 11:00:00,117.003425,117.003425,2285.0,2285.0
2019-03-11 12:00:00,222.2296999999999,222.2296999999999,4340.0,4340.0
2019-03-11 13:00:00,112.394975,112.394975,2195.0,2195.0
2019-03-11 14:00:00,107.22326999999999,107.22326999999999,2094.0,2094.0
2019-03-11 15:00:00,99.23528999999999,99.23528999999999,1938.0,1938.0
2019-03-11 16:00:00,73.17194500000001,73.17194500000001,1429.0,1429.0
2019-03-11 17:00:00,67.07855,67.07855,1310.0,1310.0
2019-03-11 18:00:00,210.503755,210.503755,4111.0,4111.0
2019-03-11 19:00:00,219.97667999999996,219.97667999999996,4296.0,4296.0
2019-03-11 20:00:00,221.71765,221.71765,4330.0,4330.0
2019-03-11 21:00:00,200.00673,200.00673,3906.0,3906.0
2019-03-11 22:00:00,6.400625000000001,6.400625000000001,125.0,125.0
2019-03-11 23:00:00,11.418715,11.418715,223.0,223.0
2019-03-12 00:00:00,8.70485,8.70485,170.0,170.0
2019-03-12 01:00:00,12.289200000000001,12.289200000000001,240.0,240.0
2019-03-12 02:00:00,12.49402,12.49402,244.0,244.0
2019-03-12 03:00:00,7.47593,7.475929999999999,146.0,146.0
2019-03-12 04:00:00,9.984975,9.984975,195.0,195.0
2019-03-12 05:00:00,8.909669999999998,8.909669999999998,174.0,174.0
2019-03-12 06:00:00,10.497024999999999,10.497024999999999,205.0,205.0
2019-03-12 07:00:00,479.84205499999996,479.84205499999996,9371.0,9371.0
2019-03-12 08:00:00,103.74133000000002,103.74133000000002,2026.0,2026.0
2019-03-12 09:00:00,62.623715,62.623715,1223.0,1223.0
2019-03-12 10:00:00,110.34677500000001,110.34677500000001,2155.0,2155.0
2019-03-12 11:00:00,103.17807499999999,103.17807499999999,2015.0,2015.0
2019-03-12 12:00:00,214.80497499999998,214.80497499999998,4195.0,4195.0
2019-03-12 13:00:00,115.62088999999997,115.62088999999997,2258.0,2258.0
2019-03-12 14:00:00,109.22026499999998,109.220265,2133.0,2133.0
2019-03-12 15:00:00,115.7233,115.7233,2260.0,2260.0
2019-03-12 16:00:00,60.165874999999986,60.165874999999986,1175.0,1175.0
2019-03-12 17:00:00,68.051445,68.051445,1329.0,1329.0
2019-03-12 18:00:00,219.66944999999998,219.66944999999998,4290.0,4290.0
2019-03-12 19:00:00,190.68741999999995,190.68741999999995,3724.0,3724.0
2019-03-12 20:00:00,208.762785,208.762785,4077.0,4077.0
2019-03-12 21:00:00,214.54895000000005,214.54895000000005,4190.0,4190.0
2019-03-12 22:00:00,9.831359999999998,9.831359999999998,192.0,192.0
2019-03-12 23:00:00,18.280184999999996,18.280184999999996,357.0,357.0
2019-03-13 00:00:00,12.237995,12.237995,239.0,239.0
2019-03-13 01:00:00,7.936775,7.936775,155.0,155.0
2019-03-13 02:00:00,7.731954999999998,7.731954999999998,151.0,151.0
2019-03-13 03:00:00,9.52413,9.524129999999998,186.0,186.0
2019-03-13 04:00:00,12.801249999999998,12.801249999999998,250.0,250.0
2019-03-13 05:00:00,7.629544999999999,7.629544999999999,149.0,149.0
2019-03-13 06:00:00,10.753049999999998,10.753049999999998,210.0,210.0
2019-03-13 07:00:00,447.42929,447.42929,8738.0,8738.0
2019-03-13 08:00:00,113.828715,113.828715,2223.0,2223.0
2019-03-13 09:00:00,83.51535499999999,83.51535499999999,1631.0,1631.0
2019-03-13 10:00:00,107.06965499999997,107.06965499999998,2091.0,2091.0
2019-03-13 11:00:00,105.17506999999996,105.17506999999996,2054.0,2054.0
2019-03-13 12:00:00,232.26588000000004,232.26588000000004,4536.0,4536.0
2019-03-13 13:00:00,111.37087500000004,111.37087500000004,2175.0,2175.0
2019-03-13 14:00:00,109.98833999999998,109.98833999999998,2148.0,2148.0
2019-03-13 15:00:00,103.53650999999999,103.53650999999999,2022.0,2022.0
2019-03-13 16:00:00,77.01231999999999,77.01231999999999,1504.0,1504.0
2019-03-13 17:00:00,68.92192999999999,68.92192999999999,1346.0,1346.0
2019-03-13 18:00:00,205.74169,205.74169,4018.0,4018.0
2019-03-13 19:00:00,206.407355,206.407355,4031.0,4031.0
2019-03-13 20:00:00,222.07608499999998,222.07608499999998,4337.0,4337.0
2019-03-13 21:00:00,223.76585000000006,223.76585000000006,4370.0,4370.0
2019-03-13 22:00:00,8.448825,8.448825,165.0,165.0
2019-03-13 23:00:00,13.210889999999996,13.210889999999996,258.0,258.0
2019-03-14 00:00:00,8.80726,8.80726,172.0,172.0
2019-03-14 01:00:00,11.725945,11.725944999999998,229.0,229.0
2019-03-14 02:00:00,10.03618,10.03618,196.0,196.0
2019-03-14 03:00:00,12.59643,12.59643,246.0,246.0
2019-03-14 04:00:00,13.722940000000001,13.722940000000001,268.0,268.0
2019-03-14 05:00:00,11.2651,11.2651,220.0,220.0
2019-03-14 06:00:00,12.442815000000001,12.442815000000001,243.0,243.0
2019-03-14 07:00:00,490.54389999999995,490.54389999999995,9580.0,9580.0
2019-03-14 08:00:00,106.71121999999998,106.71121999999998,2084.0,2084.0
2019-03-14 09:00:00,102.41000000000003,102.41000000000004,2000.0,2000.0
2019-03-14 10:00:00,115.36486499999997,115.36486499999995,2253.0,2253.0
2019-03-14 11:00:00,114.28956,114.28956,2232.0,2232.0
2019-03-14 12:00:00,220.69355,220.69355,4310.0,4310.0
2019-03-14 13:00:00,112.70220499999999,112.70220499999999,2201.0,2201.0
2019-03-14 14:00:00,111.83171999999999,111.83171999999999,2184.0,2184.0
2019-03-14 15:00:00,111.16605499999999,111.16605499999999,2171.0,2171.0
2019-03-14 16:00:00,68.665905,68.665905,1341.0,1341.0
2019-03-14 17:00:00,59.70503000000001,59.70503000000001,1166.0,1166.0
2019-03-14 18:00:00,204.81999999999996,204.81999999999996,4000.0,4000.0
2019-03-14 19:00:00,230.57611500000002,230.57611500000002,4503.0,4503.0
2019-03-14 20:00:00,209.88929499999998,209.88929499999998,4099.0,4099.0
2019-03-14 21:00:00,212.80798000000001,212.80798000000001,4156.0,4156.0
2019-03-14 22:00:00,9.780154999999999,9.780154999999999,191.0,191.0
2019-03-14 23:00:00,8.704849999999999,8.704849999999999,170.0,170.0
2019-03-15 00:00:00,9.575334999999999,9.575334999999999,187.0,187.0
2019-03-15 01:00:00,13.313300000000002,13.313300000000002,260.0,260.0
2019-03-15 02:00:00,9.063285,9.063285,177.0,177.0
2019-03-15 03:00:00,9.933769999999997,9.933769999999997,194.0,194.0
2019-03-15 04:00:00,7.015085,7.015085,137.0,137.0
2019-03-15 05:00:00,11.46992,11.46992,224.0,224.0
2019-03-15 06:00:00,10.957870000000002,10.95787,214.0,214.0
2019-03-15 07:00:00,448.70941500000004,448.70941500000004,8763.0,8763.0
2019-03-15 08:00:00,109.83472499999999,109.83472499999999,2145.0,2145.0
2019-03-15 09:00:00,82.84968999999998,82.84968999999997,1618.0,1618.0
2019-03-15 10:00:00,101.02746500000002,101.02746500000002,1973.0,1973.0
2019-03-15 11:00:00,121.45826,121.45826,2372.0,2372.0
2019-03-15 12:00:00,213.67846500000002,213.67846500000002,4173.0,4173.0
2019-03-15 13:00:00,120.69018499999999,120.69018499999999,2357.0,2357.0
2019-03-15 14:00:00,106.25037499999999,106.25037499999999,2075.0,2075.0
2019-03-15 15:00:00,118.07872999999998,118.07872999999996,2306.0,2306.0
2019-03-15 16:00:00,67.69301,67.69301,1322.0,1322.0
2019-03-15 17:00:00,73.01832999999999,73.01832999999999,1426.0,1426.0
2019-03-15 18:00:00,221.41042000000002,221.41042000000002,4324.0,4324.0
2019-03-15 19:00:00,201.594085,201.594085,3937.0,3937.0
2019-03-15 20:00:00,212.65436500000007,212.65436500000007,4153.0,4153.0
2019-03-15 21:00:00,195.03984499999996,195.03984499999996,3809.0,3809.0
2019-03-15 22:00:00,9.62654,9.62654,188.0,188.0
2019-03-15 23:00:00,11.981969999999997,11.981969999999997,234.0,234.0
2019-03-16 00:00:00,19.918744999999998,19.918744999999998,389.0,389.0
2019-03-16 01:00:00,18.945849999999993,18.945849999999993,370.0,370.0
2019-03-16 02:00:00,23.707915,23.707915000000003,463.0,463.0
2019-03-16 03:00:00,24.117555000000003,24.117555,471.0,471.0
2019-03-16 04:00:00,21.813329999999993,21.813329999999997,426.0,426.0
2019-03-16 05:00:00,23.349479999999993,23.349479999999993,456.0,456.0
2019-03-16 06:00:00,17.051265,17.051265,333.0,333.0
2019-03-16 07:00:00,447.53170000000006,447.53170000000006,8740.0,8740.0
2019-03-16 08:00:00,472.9293799999999,472.9293799999999,9236.0,9236.0
2019-03-16 09:00:00,118.7956,118.7956,2320.0,2320.0
2019-03-16 10:00:00,122.431155,122.431155,2391.0,2391.0
2019-03-16 11:00:00,89.86477500000001,89.86477500000002,1755.0,1755.0
2019-03-16 12:00:00,73.37676499999999,73.37676499999999,1433.0,1433.0
2019-03-16 13:00:00,82.33764000000001,82.33764000000001,1608.0,1608.0
2019-03-16 14:00:00,71.89182000000001,71.89182000000001,1404.0,1404.0
2019-03-16 15:00:00,222.22970000000007,222.22970000000007,4340.0,4340.0
2019-03-16 16:00:00,241.68760000000003,241.68760000000003,4720.0,4720.0
2019-03-16 17:00:00,35.587475000000005,35.587475000000005,695.0,695.0
2019-03-16 18:00:00,39.22303,39.22303,766.0,766.0
2019-03-16 19:00:00,37.58446999999999,37.58446999999998,734.0,734.0
2019-03-16 20:00:00,163.44636,163.44636,3192.0,3192.0
2019-03-16 21:00:00,146.65112,146.65112,2864.0,2864.0
2019-03-16 22:00:00,144.75653499999999,144.75653499999999,2827.0,2827.0
2019-03-16 23:00:00,20.482,20.482,400.0,400.0
2019-03-17 00:00:00,22.530199999999997,22.530199999999997,440.0,440.0
2019-03-17 01:00:00,21.250075000000002,21.250075000000002,415.0,415.0
2019-03-17 02:00:00,17.000059999999998,17.000059999999998,332.0,332.0
2019-03-17 03:00:00,20.123565000000003,20.123565000000006,393.0,393.0
2019-03-17 04:00:00,17.563315,17.563315,343.0,343.0
2019-03-17 05:00:00,23.912735,23.912735,467.0,467.0
2019-03-17 06:00:00,20.686819999999997,20.686819999999997,404.0,404.0
2019-03-17 07:00:00,454.854015,454.85401499999995,8883.0,8883.0
2019-03-17 08:00:00,453.67629999999997,453.67629999999997,8860.0,8860.0
2019-03-17 09:00:00,129.34383,129.34383,2526.0,2526.0
2019-03-17 10:00:00,131.95528499999998,131.95528499999998,2577.0,2577.0
2019-03-17 11:00:00,110.09074999999999,110.09074999999999,2150.0,2150.0
2019-03-17 12:00:00,80.340645,80.340645,1569.0,1569.0
2019-03-17 13:00:00,77.93401,77.93401,1522.0,1522.0
2019-03-17 14:00:00,81.72318,81.72318,1596.0,1596.0
2019-03-17 15:00:00,251.21172999999993,251.21172999999993,4906.0,4906.0
2019-03-17 16:00:00,260.58224499999994,260.58224499999994,5089.0,5089.0
2019-03-17 17:00:00,50.436925,50.43692500000001,985.0,985.0
2019-03-17 18:00:00,37.37965,37.37965,730.0,730.0
2019-03-17 19:00:00,36.35555,36.35555,710.0,710.0
2019-03-17 20:00:00,141.83785,141.83785,2770.0,2770.0
2019-03-17 21:00:00,160.37406000000004,160.37406000000004,3132.0,3132.0
2019-03-17 22:00:00,143.27159,143.27159,2798.0,2798.0
2019-03-17 23:00:00,13.72294,13.72294,268.0,268.0
2019-03-18 00:00:00,12.237995,12.237995,239.0,239.0
2019-03-18 01:00:00,12.442815,12.442815,243.0,243.0
2019-03-18 02:00:00,9.575334999999999,9.575334999999999,187.0,187.0
2019-03-18 03:00:00,13.92776,13.92776,272.0,272.0
2019-03-18 04:00:00,9.11449,9.11449,178.0,178.0
2019-03-18 05:00:00,10.343409999999999,10.343409999999999,202.0,202.0
2019-03-18 06:00:00,12.2892,12.2892,240.0,240.0
2019-03-18 07:00:00,458.84800499999994,458.84800499999994,8961.0,8961.0
2019-03-18 08:00:00,106.50640000000001,106.50640000000001,2080.0,2080.0
2019-03-18 09:00:00,89.91597999999999,89.91597999999999,1756.0,1756.0
2019-03-18 10:00:00,112.85582,112.85582,2204.0,2204.0
2019-03-18 11:00:00,111.11485000000003,111.11485000000003,2170.0,2170.0
2019-03-18 12:00:00,222.690545,222.690545,4349.0,4349.0
2019-03-18 13:00:00,104.71422500000001,104.714225,2045.0,2045.0
2019-03-18 14:00:00,102.61482,102.61482,2004.0,2004.0
2019-03-18 15:00:00,126.42514500000004,126.42514500000004,2469.0,2469.0
2019-03-18 16:00:00,66.87373000000001,66.87373000000001,1306.0,1306.0
2019-03-18 17:00:00,68.00023999999999,68.00023999999999,1328.0,1328.0
2019-03-18 18:00:00,227.60622500000005,227.60622500000005,4445.0,4445.0
2019-03-18 19:00:00,211.52785500000002,211.52785500000002,4131.0,4131.0
2019-03-18 20:00:00,216.238715,216.238715,4223.0,4223.0
2019-03-18 21:00:00,218.90137500000003,218.90137500000003,4275.0,4275.0
2019-03-18 22:00:00,11.57233,11.57233,226.0,226.0
2019-03-18 23:00:00,12.18679,12.18679,238.0,238.0
2019-03-19 00:00:00,13.364505,13.364505,261.0,261.0
2019-03-19 01:00:00,8.141594999999999,8.141594999999999,159.0,159.0
2019-03-19 02:00:00,7.117495,7.117495,139.0,139.0
2019-03-19 03:00:00,7.4247250000000005,7.4247250000000005,145.0,145.0
2019-03-19 04:00:00,10.138589999999999,10.138589999999999,198.0,198.0
2019-03-19 05:00:00,11.009075000000001,11.009075000000001,215.0,215.0
2019-03-19 06:00:00,8.244005,8.244005,161.0,161.0
2019-03-19 07:00:00,457.05582999999984,457.05582999999984,8926.0,8926.0
2019-03-19 08:00:00,117.41306500000003,117.41306500000003,2293.0,2293.0
2019-03-19 09:00:00,90.63285000000002,90.63285000000002,1770.0,1770.0
2019-03-19 10:00:00,108.14496,108.14496,2112.0,2112.0
2019-03-19 11:00:00,94.72925,94.72925,1850.0,1850.0
2019-03-19 12:00:00,221.35921500000003,221.35921500000003,4323.0,4323.0
2019-03-19 13:00:00,112.49738500000002,112.49738500000002,2197.0,2197.0
2019-03-19 14:00:00,113.87992000000001,113.87992000000001,2224.0,2224.0
2019-03-19 15:00:00,114.39197000000003,114.39197000000003,2234.0,2234.0
2019-03-19 16:00:00,79.57257000000001,79.57257000000001,1554.0,1554.0
2019-03-19 17:00:00,69.63880000000002,69.63880000000002,1360.0,1360.0
2019-03-19 18:00:00,212.65436499999998,212.65436499999998,4153.0,4153.0
2019-03-19 19:00:00,223.91946499999997,223.91946499999997,4373.0,4373.0
2019-03-19 20:00:00,218.03089,218.03089,4258.0,4258.0
2019-03-19 21:00:00,208.96760499999996,208.96760499999996,4081.0,4081.0
2019-03-19 22:00:00,15.156679999999998,15.156679999999998,296.0,296.0
2019-03-19 23:00:00,11.98197,11.98197,234.0,234.0
2019-03-20 00:00:00,9.677744999999998,9.677744999999998,189.0,189.0
2019-03-20 01:00:00,7.117494999999999,7.117494999999999,139.0,139.0
2019-03-20 02:00:00,8.858465,8.858465,173.0,173.0
2019-03-20 03:00:00,9.01208,9.01208,176.0,176.0
2019-03-20 04:00:00,7.629544999999999,7.629544999999999,149.0,149.0
2019-03-20 05:00:00,9.831359999999998,9.831359999999998,192.0,192.0
2019-03-20 06:00:00,11.06028,11.06028,216.0,216.0
2019-03-20 07:00:00,475.1311949999999,475.1311949999998,9279.0,9279.0
2019-03-20 08:00:00,107.12085999999998,107.12085999999998,2092.0,2092.0
2019-03-20 09:00:00,77.37075499999999,77.37075499999999,1511.0,1511.0
2019-03-20 10:00:00,106.147965,106.147965,2073.0,2073.0
2019-03-20 11:00:00,113.36787,113.36787,2214.0,2214.0
2019-03-20 12:00:00,224.73874499999994,224.73874499999994,4389.0,4389.0
2019-03-20 13:00:00,105.58471,105.58471,2062.0,2062.0
2019-03-20 14:00:00,107.83773,107.83773,2106.0,2106.0
2019-03-20 15:00:00,108.91303499999997,108.91303499999997,2127.0,2127.0
2019-03-20 16:00:00,71.48218000000001,71.48218000000001,1396.0,1396.0
2019-03-20 17:00:00,61.599615,61.599615,1203.0,1203.0
2019-03-20 18:00:00,211.88629,211.88629,4138.0,4138.0
2019-03-20 19:00:00,219.97668,219.97668,4296.0,4296.0
2019-03-20 20:00:00,213.83208000000002,213.83208,4176.0,4176.0
2019-03-20 21:00:00,205.383255,205.383255,4011.0,4011.0
2019-03-20 22:00:00,8.500029999999999,8.500029999999999,166.0,166.0
2019-03-20 23:00:00,11.009075000000003,11.009075000000003,215.0,215.0
2019-03-21 00:00:00,11.777149999999999,11.777149999999999,230.0,230.0
2019-03-21 01:00:00,8.551234999999998,8.551234999999998,167.0,167.0
2019-03-21 02:00:00,11.213894999999999,11.213894999999999,219.0,219.0
2019-03-21 03:00:00,9.216899999999999,9.216899999999999,180.0,180.0
2019-03-21 04:00:00,8.09039,8.09039,158.0,158.0
2019-03-21 05:00:00,11.265099999999999,11.265099999999999,220.0,220.0
2019-03-21 06:00:00,8.39762,8.39762,164.0,164.0
2019-03-21 07:00:00,451.26966500000003,451.2696650000001,8813.0,8813.0
2019-03-21 08:00:00,112.85582,112.85582,2204.0,2204.0
2019-03-21 09:00:00,89.65995500000001,89.65995500000001,1751.0,1751.0
2019-03-21 10:00:00,114.08474000000001,114.08474000000001,2228.0,2228.0
2019-03-21 11:00:00,110.50039,110.50039,2158.0,2158.0
2019-03-21 12:00:00,235.44059000000007,235.44059000000007,4598.0,4598.0
2019-03-21 13:00:00,104.25337999999999,104.25337999999998,2036.0,2036.0
2019-03-21 14:00:00,101.02746499999999,101.02746499999999,1973.0,1973.0
2019-03-21 15:00:00,97.64793500000002,97.64793500000002,1907.0,1907.0
2019-03-21 16:00:00,73.581585,73.581585,1437.0,1437.0
2019-03-21 17:00:00,73.94001999999999,73.94001999999999,1444.0,1444.0
2019-03-21 18:00:00,222.22969999999998,222.22969999999998,4340.0,4340.0
2019-03-21 19:00:00,193.75971999999996,193.75971999999996,3784.0,3784.0
2019-03-21 20:00:00,211.37424000000001,211.37424000000001,4128.0,4128.0
2019-03-21 21:00:00,198.316965,198.316965,3873.0,3873.0
2019-03-21 22:00:00,10.701845,10.701845,209.0,209.0
2019-03-21 23:00:00,10.599434999999998,10.599434999999998,207.0,207.0
2019-03-22 00:00:00,12.08438,12.08438,236.0,236.0
2019-03-22 01:00:00,13.00607,13.00607,254.0,254.0
2019-03-22 02:00:00,10.85546,10.85546,212.0,212.0
2019-03-22 03:00:00,7.373519999999999,7.373519999999999,144.0,144.0
2019-03-22 04:00:00,14.695834999999999,14.695834999999999,287.0,287.0
2019-03-22 05:00:00,9.114490000000002,9.114490000000002,178.0,178.0
2019-03-22 06:00:00,7.936775,7.936775,155.0,155.0
2019-03-22 07:00:00,458.28475,458.28475,8950.0,8950.0
2019-03-22 08:00:00,113.16304999999998,113.16304999999998,2210.0,2210.0
2019-03-22 09:00:00,107.12086000000001,107.12086000000001,2092.0,2092.0
2019-03-22 10:00:00,110.09075,110.09075,2150.0,2150.0
2019-03-22 11:00:00,112.804615,112.804615,2203.0,2203.0
2019-03-22 12:00:00,210.810985,210.810985,4117.0,4117.0
2019-03-22 13:00:00,102.666025,102.666025,2005.0,2005.0
2019-03-22 14:00:00,97.955165,97.955165,1913.0,1913.0
2019-03-22 15:00:00,102.05156500000002,102.05156500000002,1993.0,1993.0
2019-03-22 16:00:00,72.147845,72.147845,1409.0,1409.0
2019-03-22 17:00:00,75.424965,75.424965,1473.0,1473.0
2019-03-22 18:00:00,214.804975,214.804975,4195.0,4195.0
2019-03-22 19:00:00,216.64835499999998,216.64835499999998,4231.0,4231.0
2019-03-22 20:00:00,212.19352,212.19352,4144.0,4144.0
2019-03-22 21:00:00,206.91940499999998,206.91940499999998,4041.0,4041.0
2019-03-22 22:00:00,8.29521,8.29521,162.0,162.0
2019-03-22 23:00:00,12.647635000000001,12.647635000000001,247.0,247.0
2019-03-23 00:00:00,20.533205,20.533205,401.0,401.0
2019-03-23 01:00:00,21.045254999999997,21.045254999999997,411.0,411.0
2019-03-23 02:00:00,28.060340000000004,28.060340000000004,548.0,548.0
2019-03-23 03:00:00,26.063345,26.063345,509.0,509.0
2019-03-23 04:00:00,20.891640000000002,20.891640000000002,408.0,408.0
2019-03-23 05:00:00,20.68682,20.686819999999997,404.0,404.0
2019-03-23 06:00:00,24.117555,24.117555,471.0,471.0
2019-03-23 07:00:00,454.6491950000001,454.6491950000001,8879.0,8879.0
2019-03-23 08:00:00,446.81483,446.81483,8726.0,8726.0
2019-03-23 09:00:00,119.81969999999998,119.81969999999998,2340.0,2340.0
2019-03-23 10:00:00,126.83478500000002,126.83478500000002,2477.0,2477.0
2019-03-23 11:00:00,96.87986000000001,96.87986000000001,1892.0,1892.0
2019-03-23 12:00:00,73.581585,73.581585,1437.0,1437.0
2019-03-23 13:00:00,84.437045,84.43704499999998,1649.0,1649.0
2019-03-23 14:00:00,76.244245,76.244245,1489.0,1489.0
2019-03-23 15:00:00,255.87138499999992,255.87138499999992,4997.0,4997.0
2019-03-23 16:00:00,247.42255999999998,247.42255999999998,4832.0,4832.0
2019-03-23 17:00:00,50.488130000000005,50.488130000000005,986.0,986.0
2019-03-23 18:00:00,32.36156,32.36156,632.0,632.0
2019-03-23 19:00:00,39.683875,39.683875,775.0,775.0
2019-03-23 20:00:00,140.09688,140.09688,2736.0,2736.0
2019-03-23 21:00:00,149.672215,149.672215,2923.0,2923.0
2019-03-23 22:00:00,138.202295,138.202295,2699.0,2699.0
2019-03-23 23:00:00,15.515115,15.515115,303.0,303.0
2019-03-24 00:00:00,22.12056,22.12056,432.0,432.0
2019-03-24 01:00:00,22.222969999999997,22.222969999999993,434.0,434.0
2019-03-24 02:00:00,21.659715,21.659714999999995,423.0,423.0
2019-03-24 03:00:00,24.066349999999996,24.066349999999996,470.0,470.0
2019-03-24 04:00:00,24.06635,24.06635,470.0,470.0
2019-03-24 05:00:00,17.972955,17.972955,351.0,351.0
2019-03-24 06:00:00,17.71693,17.71693,346.0,346.0
2019-03-24 07:00:00,456.13414000000006,456.13414,8908.0,8908.0
2019-03-24 08:00:00,445.4322949999999,445.4322949999999,8699.0,8699.0
2019-03-24 09:00:00,129.395035,129.395035,2527.0,2527.0
2019-03-24 10:00:00,120.43416,120.43416,2352.0,2352.0
2019-03-24 11:00:00,82.84969,82.84969,1618.0,1618.0
2019-03-24 12:00:00,66.5665,66.5665,1300.0,1300.0
2019-03-24 13:00:00,77.473165,77.473165,1513.0,1513.0
2019-03-24 14:00:00,74.86170999999999,74.86170999999999,1462.0,1462.0
2019-03-24 15:00:00,229.39839999999998,229.39839999999995,4480.0,4480.0
2019-03-24 16:00:00,255.05210499999998,255.05210499999998,4981.0,4981.0
2019-03-24 17:00:00,43.165814999999995,43.165814999999995,843.0,843.0
2019-03-24 18:00:00,40.86159,40.86159,798.0,798.0
2019-03-24 19:00:00,37.58447,37.58447,734.0,734.0
2019-03-24 20:00:00,151.46439,151.46439,2958.0,2958.0
2019-03-24 21:00:00,158.32585999999998,158.32585999999998,3092.0,3092.0
2019-03-24 22:00:00,152.539695,152.539695,2979.0,2979.0
2019-03-24 23:00:00,20.225975,20.225975,395.0,395.0
2019-03-25 00:00:00,9.72895,9.728950000000001,190.0,190.0
2019-03-25 01:00:00,12.80125,12.80125,250.0,250.0
2019-03-25 02:00:00,16.48801,16.48801,322.0,322.0
2019-03-25 03:00:00,11.009075000000001,11.009075000000001,215.0,215.0
2019-03-25 04:00:00,9.42172,9.42172,184.0,184.0
2019-03-25 05:00:00,10.701845000000002,10.701845000000002,209.0,209.0
2019-03-25 06:00:00,10.34341,10.343409999999999,202.0,202.0
2019-03-25 07:00:00,461.408255,461.40825499999994,9011.0,9011.0
2019-03-25 08:00:00,116.286555,116.28655499999999,2271.0,2271.0
2019-03-25 09:00:00,93.96117500000001,93.96117500000001,1835.0,1835.0
2019-03-25 10:00:00,115.26245499999997,115.26245499999997,2251.0,2251.0
2019-03-25 11:00:00,111.06364499999997,111.06364499999997,2169.0,2169.0
2019-03-25 12:00:00,212.60316,212.60316,4152.0,4152.0
2019-03-25 13:00:00,108.70821499999998,108.70821499999997,2123.0,2123.0
2019-03-25 14:00:00,106.50639999999999,106.50639999999999,2080.0,2080.0
2019-03-25 15:00:00,109.73231499999997,109.73231499999997,2143.0,2143.0
2019-03-25 16:00:00,71.17495,71.17495,1390.0,1390.0
2019-03-25 17:00:00,73.68399500000001,73.68399500000001,1439.0,1439.0
2019-03-25 18:00:00,234.77492499999997,234.77492499999997,4585.0,4585.0
2019-03-25 19:00:00,223.817055,223.817055,4371.0,4371.0
2019-03-25 20:00:00,225.14838500000002,225.14838500000002,4397.0,4397.0
2019-03-25 21:00:00,224.17549,224.17549,4378.0,4378.0
2019-03-25 22:00:00,11.725944999999998,11.725944999999998,229.0,229.0
2019-03-25 23:00:00,10.701845,10.701845,209.0,209.0
2019-03-26 00:00:00,8.1928,8.1928,160.0,160.0
2019-03-26 01:00:00,10.95787,10.95787,214.0,214.0
2019-03-26 02:00:00,12.084379999999998,12.084379999999998,236.0,236.0
2019-03-26 03:00:00,8.653645,8.653645,169.0,169.0
2019-03-26 04:00:00,10.906664999999998,10.906664999999998,213.0,213.0
2019-03-26 05:00:00,8.858465,8.858465,173.0,173.0
2019-03-26 06:00:00,10.599435,10.599435,207.0,207.0
2019-03-26 07:00:00,488.64931500000006,488.64931500000006,9543.0,9543.0
2019-03-26 08:00:00,108.196165,108.196165,2113.0,2113.0
2019-03-26 09:00:00,109.27147,109.27147,2134.0,2134.0
2019-03-26 10:00:00,98.159985,98.159985,1917.0,1917.0
2019-03-26 11:00:00,116.081735,116.081735,2267.0,2267.0
2019-03-26 12:00:00,230.52491000000003,230.52491000000003,4502.0,4502.0
2019-03-26 13:00:00,120.63897999999999,120.63897999999999,2356.0,2356.0
2019-03-26 14:00:00,109.015445,109.015445,2129.0,2129.0
2019-03-26 15:00:00,107.27447500000002,107.27447500000002,2095.0,2095.0
2019-03-26 16:00:00,63.23817500000001,63.23817500000001,1235.0,1235.0
2019-03-26 17:00:00,57.144780000000004,57.144780000000004,1116.0,1116.0
2019-03-26 18:00:00,207.32904499999998,207.32904499999998,4049.0,4049.0
2019-03-26 19:00:00,210.45255000000003,210.45255000000006,4110.0,4110.0
2019-03-26 20:00:00,208.91640000000004,208.91640000000004,4080.0,4080.0
2019-03-26 21:00:00,212.19351999999998,212.19351999999998,4144.0,4144.0
2019-03-26 22:00:00,5.888575,5.888575,115.0,115.0
2019-03-26 23:00:00,6.861469999999999,6.86147,134.0,134.0
2019-03-27 00:00:00,11.777149999999999,11.777149999999999,230.0,230.0
2019-03-27 01:00:00,12.69884,12.69884,248.0,248.0
2019-03-27 02:00:00,14.3374,14.3374,280.0,280.0
2019-03-27 03:00:00,6.65665,6.65665,130.0,130.0
2019-03-27 04:00:00,11.36751,11.36751,222.0,222.0
2019-03-27 05:00:00,13.364505,13.364505,261.0,261.0
2019-03-27 06:00:00,11.57233,11.57233,226.0,226.0
2019-03-27 07:00:00,484.5529150000001,484.5529150000001,9463.0,9463.0
2019-03-27 08:00:00,118.23234500000001,118.23234500000001,2309.0,2309.0
2019-03-27 09:00:00,84.64186500000001,84.64186500000001,1653.0,1653.0
2019-03-27 10:00:00,107.01844999999997,107.01844999999997,2090.0,2090.0
2019-03-27 11:00:00,96.87986,96.87986,1892.0,1892.0
2019-03-27 12:00:00,211.52785500000002,211.52785500000002,4131.0,4131.0
2019-03-27 13:00:00,116.59378499999998,116.59378499999998,2277.0,2277.0
2019-03-27 14:00:00,112.651,112.651,2200.0,2200.0
2019-03-27 15:00:00,100.31059500000005,100.31059500000005,1959.0,1959.0
2019-03-27 16:00:00,70.91892500000002,70.91892500000002,1385.0,1385.0
2019-03-27 17:00:00,66.25926999999999,66.25926999999999,1294.0,1294.0
2019-03-27 18:00:00,228.16948,228.16948000000002,4456.0,4456.0
2019-03-27 19:00:00,206.61217499999998,206.61217499999998,4035.0,4035.0
2019-03-27 20:00:00,203.07902999999993,203.07902999999993,3966.0,3966.0
2019-03-27 21:00:00,215.11220500000002,215.11220500000002,4201.0,4201.0
2019-03-27 22:00:00,10.906664999999998,10.906664999999998,213.0,213.0
2019-03-27 23:00:00,9.268105,9.268105,181.0,181.0
2019-03-28 00:00:00,8.80726,8.80726,172.0,172.0
2019-03-28 01:00:00,8.909669999999998,8.909669999999998,174.0,174.0
2019-03-28 02:00:00,16.129575,16.129575,315.0,315.0
2019-03-28 03:00:00,9.882565,9.882565,193.0,193.0
2019-03-28 04:00:00,10.343409999999999,10.343409999999999,202.0,202.0
2019-03-28 05:00:00,14.95186,14.951859999999998,292.0,292.0
2019-03-28 06:00:00,14.439809999999998,14.439809999999998,282.0,282.0
2019-03-28 07:00:00,456.28775499999995,456.28775499999995,8911.0,8911.0
2019-03-28 08:00:00,110.961235,110.961235,2167.0,2167.0
2019-03-28 09:00:00,89.65995499999998,89.65995499999998,1751.0,1751.0
2019-03-28 10:00:00,104.66301999999999,104.66301999999999,2044.0,2044.0
2019-03-28 11:00:00,120.79259500000002,120.79259500000002,2359.0,2359.0
2019-03-28 12:00:00,219.15740000000002,219.15740000000002,4280.0,4280.0
2019-03-28 13:00:00,115.364865,115.364865,2253.0,2253.0
2019-03-28 14:00:00,102.66602499999999,102.66602499999999,2005.0,2005.0
2019-03-28 15:00:00,104.35579,104.35579,2038.0,2038.0
2019-03-28 16:00:00,66.66891,66.66891,1302.0,1302.0
2019-03-28 17:00:00,72.40387000000001,72.40387000000001,1414.0,1414.0
2019-03-28 18:00:00,224.84115500000001,224.84115500000001,4391.0,4391.0
2019-03-28 19:00:00,214.60015499999997,214.60015499999994,4191.0,4191.0
2019-03-28 20:00:00,211.118215,211.118215,4123.0,4123.0
2019-03-28 21:00:00,213.57605499999997,213.57605499999997,4171.0,4171.0
2019-03-28 22:00:00,12.49402,12.49402,244.0,244.0
2019-03-28 23:00:00,11.213894999999999,11.213894999999999,219.0,219.0
2019-03-29 00:00:00,11.521125,11.521125,225.0,225.0
2019-03-29 01:00:00,12.18679,12.18679,238.0,238.0
2019-03-29 02:00:00,9.780155,9.780155,191.0,191.0
2019-03-29 03:00:00,10.394615,10.394615,203.0,203.0
2019-03-29 04:00:00,9.370515000000001,9.370515000000001,183.0,183.0
2019-03-29 05:00:00,7.168699999999998,7.168699999999998,140.0,140.0
2019-03-29 06:00:00,10.650640000000005,10.650640000000005,208.0,208.0
2019-03-29 07:00:00,467.75767499999995,467.75767499999995,9135.0,9135.0
2019-03-29 08:00:00,111.83172,111.83172,2184.0,2184.0
2019-03-29 09:00:00,84.23222499999999,84.23222499999999,1645.0,1645.0
2019-03-29 10:00:00,109.629905,109.629905,2141.0,2141.0
2019-03-29 11:00:00,99.95215999999999,99.95215999999999,1952.0,1952.0
2019-03-29 12:00:00,198.36817,198.36817,3874.0,3874.0
2019-03-29 13:00:00,101.64192499999999,101.64192499999999,1985.0,1985.0
2019-03-29 14:00:00,105.48229999999998,105.48229999999998,2060.0,2060.0
2019-03-29 15:00:00,110.50039000000001,110.50039000000001,2158.0,2158.0
2019-03-29 16:00:00,64.67191500000001,64.67191500000001,1263.0,1263.0
2019-03-29 17:00:00,65.18396500000001,65.18396500000001,1273.0,1273.0
2019-03-29 18:00:00,207.84109499999997,207.84109499999997,4059.0,4059.0
2019-03-29 19:00:00,205.63928,205.63928,4016.0,4016.0
2019-03-29 20:00:00,212.19352,212.19352,4144.0,4144.0
2019-03-29 21:00:00,210.91339499999995,210.91339499999995,4119.0,4119.0
2019-03-29 22:00:00,6.451830000000001,6.451830000000001,126.0,126.0
2019-03-29 23:00:00,17.409699999999997,17.409699999999997,340.0,340.0
2019-03-30 00:00:00,24.06635,24.06635,470.0,470.0
2019-03-30 01:00:00,22.274174999999996,22.274174999999996,435.0,435.0
2019-03-30 02:00:00,22.837429999999998,22.837429999999998,446.0,446.0
2019-03-30 03:00:00,22.01815,22.01815,430.0,430.0
2019-03-30 04:00:00,21.40369,21.40369,418.0,418.0
2019-03-30 05:00:00,24.78322,24.78322,484.0,484.0
2019-03-30 06:00:00,19.560309999999994,19.560309999999994,382.0,382.0
2019-03-30 07:00:00,453.26666,453.26666,8852.0,8852.0
2019-03-30 08:00:00,436.522625,436.522625,8525.0,8525.0
2019-03-30 09:00:00,129.75347000000002,129.75347000000002,2534.0,2534.0
2019-03-30 10:00:00,114.750405,114.750405,2241.0,2241.0
2019-03-30 11:00:00,105.99435,105.99435,2070.0,2070.0
2019-03-30 12:00:00,72.35266500000002,72.35266500000002,1413.0,1413.0
2019-03-30 13:00:00,71.32856500000003,71.32856500000003,1393.0,1393.0
2019-03-30 14:00:00,85.153915,85.153915,1663.0,1663.0
2019-03-30 15:00:00,263.50093,263.50093,5146.0,5146.0
2019-03-30 16:00:00,240.20265499999996,240.20265499999996,4691.0,4691.0
2019-03-30 17:00:00,39.786285,39.786285,777.0,777.0
2019-03-30 18:00:00,36.04832,36.04832,704.0,704.0
2019-03-30 19:00:00,34.716989999999996,34.716989999999996,678.0,678.0
2019-03-30 20:00:00,154.12704999999997,154.12704999999997,3010.0,3010.0
2019-03-30 21:00:00,147.41919500000003,147.41919500000003,2879.0,2879.0
2019-03-30 22:00:00,152.949335,152.94933499999996,2987.0,2987.0
2019-03-30 23:00:00,22.018150000000002,22.018150000000002,430.0,430.0
2019-03-31 00:00:00,17.20488,17.20488,336.0,336.0
2019-03-31 01:00:00,24.168760000000002,24.168760000000002,472.0,472.0
2019-03-31 02:00:00,21.557305000000003,21.557305000000003,421.0,421.0
2019-03-31 03:00:00,20.840435,20.840435,407.0,407.0
2019-03-31 04:00:00,23.400685,23.400685,457.0,457.0
2019-03-31 05:00:00,16.948855,16.948855,331.0,331.0
2019-03-31 06:00:00,27.6507,27.6507,540.0,540.0
2019-03-31 07:00:00,432.42622499999993,432.42622499999993,8445.0,8445.0
2019-03-31 08:00:00,443.79373499999997,443.793735,8667.0,8667.0
2019-03-31 09:00:00,116.64499,116.64499,2278.0,2278.0
2019-03-31 10:00:00,125.45224999999999,125.45224999999999,2450.0,2450.0
2019-03-31 11:00:00,119.41006,119.41006,2332.0,2332.0
2019-03-31 12:00:00,63.135765000000006,63.135765000000006,1233.0,1233.0
2019-03-31 13:00:00,67.12975500000002,67.12975500000002,1311.0,1311.0
2019-03-31 14:00:00,76.50027000000001,76.50027000000001,1494.0,1494.0
2019-03-31 15:00:00,244.55508,244.55508,4776.0,4776.0
2019-03-31 16:00:00,249.521965,249.521965,4873.0,4873.0
2019-03-31 17:00:00,40.04231,40.04231,782.0,782.0
2019-03-31 18:00:00,40.503155,40.503155,791.0,791.0
2019-03-31 19:00:00,38.96700499999999,38.96700499999999,761.0,761.0
2019-03-31 20:00:00,148.75052499999998,148.75052499999998,2905.0,2905.0
2019-03-31 21:00:00,154.690305,154.690305,3021.0,3021.0
2019-03-31 22:00:00,146.13907,146.13907,2854.0,2854.0
2019-03-31 23:00:00,21.762124999999997,21.762124999999997,425.0,425.0
2019-04-01 00:00:00,7.936774999999999,7.936774999999999,155.0,155.0
2019-04-01 01:00:00,12.954865000000002,12.954865000000002,253.0,253.0
2019-04-01 02:00:00,11.469920000000002,11.469920000000002,224.0,224.0
2019-04-01 03:00:00,6.963879999999999,6.96388,136.0,136.0
2019-04-01 04:00:00,9.063284999999999,9.063284999999999,177.0,177.0
2019-04-01 05:00:00,11.009075000000001,11.009075000000001,215.0,215.0
2019-04-01 06:00:00,12.391610000000002,12.391610000000002,242.0,242.0
2019-04-01 07:00:00,456.08293499999996,456.08293499999996,8907.0,8907.0
2019-04-01 08:00:00,105.78953,105.78953,2066.0,2066.0
2019-04-01 09:00:00,95.29250499999999,95.29250499999999,1861.0,1861.0
2019-04-01 10:00:00,107.22327,107.22327,2094.0,2094.0
2019-04-01 11:00:00,105.68711999999996,105.68711999999996,2064.0,2064.0
2019-04-01 12:00:00,207.07301999999999,207.07301999999999,4044.0,4044.0
2019-04-01 13:00:00,114.90401999999999,114.90401999999999,2244.0,2244.0
2019-04-01 14:00:00,116.28655499999999,116.28655499999999,2271.0,2271.0
2019-04-01 15:00:00,109.42508500000001,109.42508500000001,2137.0,2137.0
2019-04-01 16:00:00,70.6629,70.6629,1380.0,1380.0
2019-04-01 17:00:00,68.81952000000001,68.81952000000001,1344.0,1344.0
2019-04-01 18:00:00,211.68147000000002,211.68147,4134.0,4134.0
2019-04-01 19:00:00,210.86219,210.86219,4118.0,4118.0
2019-04-01 20:00:00,204.61517999999998,204.61517999999998,3996.0,3996.0
2019-04-01 21:00:00,201.85011000000003,201.85011000000003,3942.0,3942.0
2019-04-01 22:00:00,12.852455,12.852455,251.0,251.0
2019-04-01 23:00:00,11.521125,11.521125,225.0,225.0
2019-04-02 00:00:00,10.138589999999999,10.138589999999999,198.0,198.0
2019-04-02 01:00:00,8.192799999999998,8.192799999999998,160.0,160.0
2019-04-02 02:00:00,12.494020000000003,12.494020000000003,244.0,244.0
2019-04-02 03:00:00,11.725945,11.725944999999998,229.0,229.0
2019-04-02 04:00:00,11.981969999999999,11.981969999999999,234.0,234.0
2019-04-02 05:00:00,7.1687,7.1687,140.0,140.0
2019-04-02 06:00:00,8.653645,8.653645,169.0,169.0
2019-04-02 07:00:00,462.6371749999999,462.6371749999999,9035.0,9035.0
2019-04-02 08:00:00,114.033535,114.033535,2227.0,2227.0
2019-04-02 09:00:00,76.39785999999998,76.39785999999998,1492.0,1492.0
2019-04-02 10:00:00,115.672095,115.672095,2259.0,2259.0
2019-04-02 11:00:00,116.18414500000002,116.18414500000002,2269.0,2269.0
2019-04-02 12:00:00,197.03683999999996,197.03683999999996,3848.0,3848.0
2019-04-02 13:00:00,95.702145,95.702145,1869.0,1869.0
2019-04-02 14:00:00,120.02452000000001,120.02452000000001,2344.0,2344.0
2019-04-02 15:00:00,112.85581999999998,112.85581999999998,2204.0,2204.0
2019-04-02 16:00:00,70.611695,70.611695,1379.0,1379.0
2019-04-02 17:00:00,71.58459000000002,71.58459000000002,1398.0,1398.0
2019-04-02 18:00:00,193.81092500000005,193.81092500000005,3785.0,3785.0
2019-04-02 19:00:00,211.98869999999997,211.98869999999997,4140.0,4140.0
2019-04-02 20:00:00,211.01580500000003,211.01580500000006,4121.0,4121.0
2019-04-02 21:00:00,199.750705,199.750705,3901.0,3901.0
2019-04-02 22:00:00,10.701844999999999,10.701844999999999,209.0,209.0
2019-04-02 23:00:00,9.93377,9.93377,194.0,194.0
2019-04-03 00:00:00,16.07837,16.07837,314.0,314.0
2019-04-03 01:00:00,13.210890000000001,13.210890000000001,258.0,258.0
2019-04-03 02:00:00,9.01208,9.01208,176.0,176.0
2019-04-03 03:00:00,10.189794999999998,10.189794999999998,199.0,199.0
2019-04-03 04:00:00,9.62654,9.62654,188.0,188.0
2019-04-03 05:00:00,10.292205000000001,10.292205000000001,201.0,201.0
2019-04-03 06:00:00,8.60244,8.60244,168.0,168.0
2019-04-03 07:00:00,477.33301000000006,477.33301000000006,9322.0,9322.0
2019-04-03 08:00:00,115.10883999999999,115.10883999999999,2248.0,2248.0
2019-04-03 09:00:00,94.88286500000001,94.88286500000001,1853.0,1853.0
2019-04-03 10:00:00,115.51848000000001,115.51848000000001,2256.0,2256.0
2019-04-03 11:00:00,108.19616500000001,108.19616500000001,2113.0,2113.0
2019-04-03 12:00:00,219.106195,219.106195,4279.0,4279.0
2019-04-03 13:00:00,99.54251999999998,99.54251999999998,1944.0,1944.0
2019-04-03 14:00:00,104.66302,104.66302,2044.0,2044.0
2019-04-03 15:00:00,97.08467999999998,97.08467999999998,1896.0,1896.0
2019-04-03 16:00:00,73.99122499999999,73.99122499999999,1445.0,1445.0
2019-04-03 17:00:00,73.83761000000001,73.83761000000001,1442.0,1442.0
2019-04-03 18:00:00,213.780875,213.780875,4175.0,4175.0
2019-04-03 19:00:00,217.46763500000003,217.46763500000003,4247.0,4247.0
2019-04-03 20:00:00,207.53386500000002,207.53386500000002,4053.0,4053.0
2019-04-03 21:00:00,215.62425499999995,215.62425499999995,4211.0,4211.0
2019-04-03 22:00:00,12.391609999999998,12.391609999999998,242.0,242.0
2019-04-03 23:00:00,8.346415,8.346415,163.0,163.0
2019-04-04 00:00:00,10.701845,10.701845,209.0,209.0
2019-04-04 01:00:00,10.957869999999998,10.957869999999998,214.0,214.0
2019-04-04 02:00:00,10.599434999999998,10.599434999999998,207.0,207.0
2019-04-04 03:00:00,9.780155,9.780155,191.0,191.0
2019-04-04 04:00:00,10.13859,10.138589999999999,198.0,198.0
2019-04-04 05:00:00,11.367510000000001,11.367510000000003,222.0,222.0
2019-04-04 06:00:00,10.701845,10.701845,209.0,209.0
2019-04-04 07:00:00,463.40524999999997,463.40524999999997,9050.0,9050.0
2019-04-04 08:00:00,116.7474,116.7474,2280.0,2280.0
2019-04-04 09:00:00,78.24124,78.24124,1528.0,1528.0
2019-04-04 10:00:00,107.172065,107.172065,2093.0,2093.0
2019-04-04 11:00:00,100.41300500000003,100.41300500000003,1961.0,1961.0
2019-04-04 12:00:00,214.08810499999998,214.08810499999998,4181.0,4181.0
2019-04-04 13:00:00,100.87384999999999,100.87384999999999,1970.0,1970.0
2019-04-04 14:00:00,104.30458500000005,104.30458500000005,2037.0,2037.0
2019-04-04 15:00:00,112.19015499999999,112.19015499999999,2191.0,2191.0
2019-04-04 16:00:00,66.412885,66.412885,1297.0,1297.0
2019-04-04 17:00:00,70.97013000000001,70.97013000000001,1386.0,1386.0
2019-04-04 18:00:00,212.96159499999996,212.96159499999996,4159.0,4159.0
2019-04-04 19:00:00,203.642285,203.642285,3977.0,3977.0
2019-04-04 20:00:00,205.178435,205.178435,4007.0,4007.0
2019-04-04 21:00:00,224.841155,224.841155,4391.0,4391.0
2019-04-04 22:00:00,12.186789999999998,12.186789999999998,238.0,238.0
2019-04-04 23:00:00,10.95787,10.95787,214.0,214.0
2019-04-05 00:00:00,11.57233,11.57233,226.0,226.0
2019-04-05 01:00:00,10.855459999999997,10.855459999999997,212.0,212.0
2019-04-05 02:00:00,17.256085,17.256085,337.0,337.0
2019-04-05 03:00:00,10.036179999999998,10.036179999999998,196.0,196.0
2019-04-05 04:00:00,12.59643,12.59643,246.0,246.0
2019-04-05 05:00:00,9.62654,9.62654,188.0,188.0
2019-04-05 06:00:00,8.551235000000002,8.551235000000002,167.0,167.0
2019-04-05 07:00:00,465.50465499999996,465.50465499999996,9091.0,9091.0
2019-04-05 08:00:00,111.06364500000001,111.06364500000001,2169.0,2169.0
2019-04-05 09:00:00,88.840675,88.840675,1735.0,1735.0
2019-04-05 10:00:00,108.29857500000001,108.29857500000001,2115.0,2115.0
2019-04-05 11:00:00,95.75335,95.75335,1870.0,1870.0
2019-04-05 12:00:00,212.60315999999997,212.60315999999997,4152.0,4152.0
2019-04-05 13:00:00,109.37388000000001,109.37388000000001,2136.0,2136.0
2019-04-05 14:00:00,103.53651,103.53651,2022.0,2022.0
2019-04-05 15:00:00,103.382895,103.382895,2019.0,2019.0
2019-04-05 16:00:00,80.75028500000002,80.75028500000002,1577.0,1577.0
2019-04-05 17:00:00,62.726124999999996,62.726124999999996,1225.0,1225.0
2019-04-05 18:00:00,219.106195,219.106195,4279.0,4279.0
2019-04-05 19:00:00,234.26287499999998,234.26287499999998,4575.0,4575.0
2019-04-05 20:00:00,212.55195499999996,212.55195499999996,4151.0,4151.0
2019-04-05 21:00:00,219.56704,219.56704,4288.0,4288.0
2019-04-05 22:00:00,9.31931,9.31931,182.0,182.0
2019-04-05 23:00:00,12.903660000000002,12.903660000000002,252.0,252.0
2019-04-06 00:00:00,21.147665,21.147665,413.0,413.0
2019-04-06 01:00:00,26.063344999999995,26.063344999999995,509.0,509.0
2019-04-06 02:00:00,21.301279999999995,21.301279999999995,416.0,416.0
2019-04-06 03:00:00,21.81333,21.81333,426.0,426.0
2019-04-06 04:00:00,22.274174999999996,22.274174999999996,435.0,435.0
2019-04-06 05:00:00,27.445880000000002,27.445880000000002,536.0,536.0
2019-04-06 06:00:00,20.78923,20.78923,406.0,406.0
2019-04-06 07:00:00,444.203375,444.203375,8675.0,8675.0
2019-04-06 08:00:00,434.26960499999996,434.26960499999996,8481.0,8481.0
2019-04-06 09:00:00,107.99134499999998,107.99134499999998,2109.0,2109.0
2019-04-06 10:00:00,129.190215,129.190215,2523.0,2523.0
2019-04-06 11:00:00,110.29557000000001,110.29557000000001,2154.0,2154.0
2019-04-06 12:00:00,79.06052000000001,79.06052000000001,1544.0,1544.0
2019-04-06 13:00:00,72.19904999999999,72.19904999999999,1410.0,1410.0
2019-04-06 14:00:00,82.08161500000001,82.08161500000001,1603.0,1603.0
2019-04-06 15:00:00,241.02193499999998,241.02193499999998,4707.0,4707.0
2019-04-06 16:00:00,236.05504999999997,236.05505,4610.0,4610.0
2019-04-06 17:00:00,36.611574999999995,36.611574999999995,715.0,715.0
2019-04-06 18:00:00,37.430855,37.430855,731.0,731.0
2019-04-06 19:00:00,29.084440000000004,29.084440000000004,568.0,568.0
2019-04-06 20:00:00,150.18426499999998,150.18426499999998,2933.0,2933.0
2019-04-06 21:00:00,151.20836500000001,151.20836500000001,2953.0,2953.0
2019-04-06 22:00:00,149.92823999999996,149.92823999999996,2928.0,2928.0
2019-04-06 23:00:00,18.177774999999997,18.177774999999997,355.0,355.0
2019-04-07 00:00:00,18.843440000000005,18.843440000000005,368.0,368.0
2019-04-07 01:00:00,18.74103,18.74103,366.0,366.0
2019-04-07 02:00:00,20.68682,20.686819999999997,404.0,404.0
2019-04-07 03:00:00,24.117554999999996,24.117554999999996,471.0,471.0
2019-04-07 04:00:00,12.90366,12.90366,252.0,252.0
2019-04-07 05:00:00,21.659715,21.659714999999995,423.0,423.0
2019-04-07 06:00:00,25.80732,25.80732,504.0,504.0
2019-04-07 07:00:00,438.468415,438.468415,8563.0,8563.0
2019-04-07 08:00:00,440.926255,440.926255,8611.0,8611.0
2019-04-07 09:00:00,112.85582000000001,112.85582000000001,2204.0,2204.0
2019-04-07 10:00:00,119.051625,119.05162499999999,2325.0,2325.0
2019-04-07 11:00:00,108.86183000000001,108.86183000000001,2126.0,2126.0
2019-04-07 12:00:00,75.322555,75.322555,1471.0,1471.0
2019-04-07 13:00:00,72.659895,72.659895,1419.0,1419.0
2019-04-07 14:00:00,80.238235,80.238235,1567.0,1567.0
2019-04-07 15:00:00,273.485905,273.485905,5341.0,5341.0
2019-04-07 16:00:00,245.63038500000002,245.63038500000002,4797.0,4797.0
2019-04-07 17:00:00,36.97001,36.97001000000001,722.0,722.0
2019-04-07 18:00:00,43.165814999999995,43.165814999999995,843.0,843.0
2019-04-07 19:00:00,37.58447,37.58447,734.0,734.0
2019-04-07 20:00:00,140.81375,140.81375,2750.0,2750.0
2019-04-07 21:00:00,147.009555,147.009555,2871.0,2871.0
2019-04-07 22:00:00,165.59697,165.59697,3234.0,3234.0
2019-04-07 23:00:00,17.870545000000003,17.870545000000003,349.0,349.0
2019-04-08 00:00:00,7.578339999999999,7.578339999999999,148.0,148.0
2019-04-08 01:00:00,13.569325,13.569325,265.0,265.0
2019-04-08 02:00:00,12.954865000000002,12.954865000000002,253.0,253.0
2019-04-08 03:00:00,7.322315000000001,7.322315000000001,143.0,143.0
2019-04-08 04:00:00,11.57233,11.57233,226.0,226.0
2019-04-08 05:00:00,10.394614999999998,10.394614999999998,203.0,203.0
2019-04-08 06:00:00,7.8855699999999995,7.8855699999999995,154.0,154.0
2019-04-08 07:00:00,455.92931999999996,455.92931999999996,8904.0,8904.0
2019-04-08 08:00:00,107.88893499999999,107.88893499999999,2107.0,2107.0
2019-04-08 09:00:00,94.72925,94.72925,1850.0,1850.0
2019-04-08 10:00:00,98.72324000000003,98.72324000000003,1928.0,1928.0
2019-04-08 11:00:00,104.714225,104.714225,2045.0,2045.0
2019-04-08 12:00:00,216.955585,216.955585,4237.0,4237.0
2019-04-08 13:00:00,114.39197000000001,114.39197000000001,2234.0,2234.0
2019-04-08 14:00:00,99.18408500000001,99.18408500000002,1937.0,1937.0
2019-04-08 15:00:00,104.76543000000001,104.76543000000001,2046.0,2046.0
2019-04-08 16:00:00,61.85563999999999,61.85563999999999,1208.0,1208.0
2019-04-08 17:00:00,86.74126999999999,86.74126999999999,1694.0,1694.0
2019-04-08 18:00:00,222.12729000000002,222.12729000000002,4338.0,4338.0
2019-04-08 19:00:00,205.84409999999997,205.84409999999997,4020.0,4020.0
2019-04-08 20:00:00,221.41042,221.41042,4324.0,4324.0
2019-04-08 21:00:00,211.98870000000002,211.98870000000002,4140.0,4140.0
2019-04-08 22:00:00,7.373519999999997,7.373519999999997,144.0,144.0
2019-04-08 23:00:00,8.756055,8.756055,171.0,171.0
2019-04-09 00:00:00,10.343409999999999,10.343409999999999,202.0,202.0
2019-04-09 01:00:00,12.135585,12.135585,237.0,237.0
2019-04-09 02:00:00,11.2651,11.2651,220.0,220.0
2019-04-09 03:00:00,11.930765,11.930764999999997,233.0,233.0
2019-04-09 04:00:00,10.343409999999999,10.343409999999999,202.0,202.0
2019-04-09 05:00:00,15.310294999999998,15.310294999999998,299.0,299.0
2019-04-09 06:00:00,9.728950000000001,9.728950000000001,190.0,190.0
2019-04-09 07:00:00,478.66434000000004,478.66434000000004,9348.0,9348.0
2019-04-09 08:00:00,116.081735,116.081735,2267.0,2267.0
2019-04-09 09:00:00,76.141835,76.14183500000001,1487.0,1487.0
2019-04-09 10:00:00,98.36480500000002,98.36480500000002,1921.0,1921.0
2019-04-09 11:00:00,113.21425500000001,113.21425500000001,2211.0,2211.0
2019-04-09 12:00:00,201.13324,201.13324,3928.0,3928.0
2019-04-09 13:00:00,111.31967,111.31967000000002,2174.0,2174.0
2019-04-09 14:00:00,110.80762,110.80761999999999,2164.0,2164.0
2019-04-09 15:00:00,96.52142500000001,96.52142500000001,1885.0,1885.0
2019-04-09 16:00:00,62.31648499999998,62.31648499999998,1217.0,1217.0
2019-04-09 17:00:00,69.84361999999999,69.84361999999999,1364.0,1364.0
2019-04-09 18:00:00,223.40741500000001,223.40741500000001,4363.0,4363.0
2019-04-09 19:00:00,209.58206500000003,209.58206500000003,4093.0,4093.0
2019-04-09 20:00:00,194.93743500000002,194.93743500000002,3807.0,3807.0
2019-04-09 21:00:00,208.60916999999998,208.60916999999998,4074.0,4074.0
2019-04-09 22:00:00,11.2651,11.2651,220.0,220.0
2019-04-09 23:00:00,10.343409999999999,10.343409999999999,202.0,202.0
2019-04-10 00:00:00,10.855459999999999,10.855459999999999,212.0,212.0
2019-04-10 01:00:00,8.909669999999998,8.909669999999998,174.0,174.0
2019-04-10 02:00:00,11.316305,11.316305,221.0,221.0
2019-04-10 03:00:00,8.448825,8.448825,165.0,165.0
2019-04-10 04:00:00,10.087385,10.087385,197.0,197.0
2019-04-10 05:00:00,9.268105,9.268105,181.0,181.0
2019-04-10 06:00:00,12.596430000000002,12.596430000000002,246.0,246.0
2019-04-10 07:00:00,454.3419650000001,454.3419650000001,8873.0,8873.0
2019-04-10 08:00:00,112.49738500000001,112.49738500000001,2197.0,2197.0
2019-04-10 09:00:00,84.33463499999999,84.33463499999999,1647.0,1647.0
2019-04-10 10:00:00,104.81663499999999,104.81663499999998,2047.0,2047.0
2019-04-10 11:00:00,103.485305,103.485305,2021.0,2021.0
2019-04-10 12:00:00,210.14532,210.14532,4104.0,4104.0
2019-04-10 13:00:00,103.74133,103.74133,2026.0,2026.0
2019-04-10 14:00:00,113.111845,113.111845,2209.0,2209.0
2019-04-10 15:00:00,117.51547500000002,117.51547500000002,2295.0,2295.0
2019-04-10 16:00:00,59.44900499999999,59.44900499999999,1161.0,1161.0
2019-04-10 17:00:00,59.90984999999999,59.90984999999999,1170.0,1170.0
2019-04-10 18:00:00,213.42243999999997,213.42243999999997,4168.0,4168.0
2019-04-10 19:00:00,222.588135,222.588135,4347.0,4347.0
2019-04-10 20:00:00,197.60009499999995,197.60009499999995,3859.0,3859.0
2019-04-10 21:00:00,217.72366000000002,217.72366000000002,4252.0,4252.0
2019-04-10 22:00:00,10.343409999999999,10.343409999999999,202.0,202.0
2019-04-10 23:00:00,12.647634999999998,12.647634999999998,247.0,247.0
2019-04-11 00:00:00,8.70485,8.70485,170.0,170.0
2019-04-11 01:00:00,12.39161,12.39161,242.0,242.0
2019-04-11 02:00:00,9.063285,9.063285,177.0,177.0
2019-04-11 03:00:00,12.289199999999997,12.289199999999997,240.0,240.0
2019-04-11 04:00:00,11.981969999999999,11.981969999999999,234.0,234.0
2019-04-11 05:00:00,12.954865000000002,12.954865000000002,253.0,253.0
2019-04-11 06:00:00,8.551235,8.551235,167.0,167.0
2019-04-11 07:00:00,458.79679999999985,458.79679999999985,8960.0,8960.0
2019-04-11 08:00:00,118.94921499999998,118.94921499999998,2323.0,2323.0
2019-04-11 09:00:00,82.64487,82.64487,1614.0,1614.0
2019-04-11 10:00:00,109.27147,109.27147,2134.0,2134.0
2019-04-11 11:00:00,103.89494500000004,103.89494500000004,2029.0,2029.0
2019-04-11 12:00:00,223.6122349999999,223.61223499999994,4367.0,4367.0
2019-04-11 13:00:00,104.76543000000002,104.76543000000002,2046.0,2046.0
2019-04-11 14:00:00,104.76543000000002,104.76543000000002,2046.0,2046.0
2019-04-11 15:00:00,96.16299000000001,96.16299000000001,1878.0,1878.0
2019-04-11 16:00:00,75.88581000000002,75.88581000000002,1482.0,1482.0
2019-04-11 17:00:00,65.08155500000001,65.08155500000001,1271.0,1271.0
2019-04-11 18:00:00,219.72065499999997,219.72065499999997,4291.0,4291.0
2019-04-11 19:00:00,200.72360000000003,200.72360000000003,3920.0,3920.0
2019-04-11 20:00:00,206.15133000000003,206.15133000000003,4026.0,4026.0
2019-04-11 21:00:00,201.64529,201.64529,3938.0,3938.0
2019-04-11 22:00:00,14.081374999999998,14.081374999999998,275.0,275.0
2019-04-11 23:00:00,9.626539999999999,9.626539999999999,188.0,188.0
2019-04-12 00:00:00,8.39762,8.39762,164.0,164.0
2019-04-12 01:00:00,10.03618,10.03618,196.0,196.0
2019-04-12 02:00:00,10.445820000000001,10.445820000000001,204.0,204.0
2019-04-12 03:00:00,5.8885749999999994,5.8885749999999994,115.0,115.0
2019-04-12 04:00:00,8.70485,8.70485,170.0,170.0
2019-04-12 05:00:00,8.756055,8.756055,171.0,171.0
2019-04-12 06:00:00,9.31931,9.31931,182.0,182.0
2019-04-12 07:00:00,452.60099499999995,452.60099499999995,8839.0,8839.0
2019-04-12 08:00:00,120.12692999999999,120.12692999999999,2346.0,2346.0
2019-04-12 09:00:00,81.77438500000001,81.77438500000001,1597.0,1597.0
2019-04-12 10:00:00,94.88286499999998,94.88286499999998,1853.0,1853.0
2019-04-12 11:00:00,103.17807499999999,103.17807499999999,2015.0,2015.0
2019-04-12 12:00:00,189.10006499999997,189.10006499999997,3693.0,3693.0
2019-04-12 13:00:00,109.629905,109.629905,2141.0,2141.0
2019-04-12 14:00:00,104.30458499999997,104.30458499999999,2037.0,2037.0
2019-04-12 15:00:00,95.85576,95.85576,1872.0,1872.0
2019-04-12 16:00:00,70.202055,70.202055,1371.0,1371.0
2019-04-12 17:00:00,66.77132,66.77132,1304.0,1304.0
2019-04-12 18:00:00,207.63627499999998,207.63627499999998,4055.0,4055.0
2019-04-12 19:00:00,205.63927999999993,205.63927999999993,4016.0,4016.0
2019-04-12 20:00:00,217.00679000000002,217.00679000000002,4238.0,4238.0
2019-04-12 21:00:00,209.17242499999998,209.17242499999998,4085.0,4085.0
2019-04-12 22:00:00,11.87956,11.87956,232.0,232.0
2019-04-12 23:00:00,6.656649999999998,6.656649999999999,130.0,130.0
2019-04-13 00:00:00,19.86754,19.86754,388.0,388.0
2019-04-13 01:00:00,24.78322,24.78322,484.0,484.0
2019-04-13 02:00:00,21.710919999999998,21.710919999999998,424.0,424.0
2019-04-13 03:00:00,18.689825,18.689825,365.0,365.0
2019-04-13 04:00:00,23.503094999999995,23.503094999999995,459.0,459.0
2019-04-13 05:00:00,18.74103,18.74103,366.0,366.0
2019-04-13 06:00:00,22.837429999999998,22.837429999999998,446.0,446.0
2019-04-13 07:00:00,437.649135,437.649135,8547.0,8547.0
2019-04-13 08:00:00,433.91116999999997,433.91116999999997,8474.0,8474.0
2019-04-13 09:00:00,112.497385,112.49738499999998,2197.0,2197.0
2019-04-13 10:00:00,119.51247,119.51247,2334.0,2334.0
2019-04-13 11:00:00,112.39497500000002,112.394975,2195.0,2195.0
2019-04-13 12:00:00,84.89788999999999,84.89788999999999,1658.0,1658.0
2019-04-13 13:00:00,71.840615,71.840615,1403.0,1403.0
2019-04-13 14:00:00,84.84668500000001,84.84668500000001,1657.0,1657.0
2019-04-13 15:00:00,253.00390499999995,253.00390499999995,4941.0,4941.0
2019-04-13 16:00:00,254.74487499999998,254.74487499999998,4975.0,4975.0
2019-04-13 17:00:00,43.882685,43.882685,857.0,857.0
2019-04-13 18:00:00,39.68387500000001,39.683875000000015,775.0,775.0
2019-04-13 19:00:00,34.10253,34.10253,666.0,666.0
2019-04-13 20:00:00,144.858945,144.858945,2829.0,2829.0
2019-04-13 21:00:00,164.06082000000004,164.06082000000004,3204.0,3204.0
2019-04-13 22:00:00,144.858945,144.858945,2829.0,2829.0
2019-04-13 23:00:00,18.53621,18.53621,362.0,362.0
2019-04-14 00:00:00,24.783219999999993,24.783219999999993,484.0,484.0
2019-04-14 01:00:00,26.268165,26.268165,513.0,513.0
2019-04-14 02:00:00,15.822344999999999,15.822344999999999,309.0,309.0
2019-04-14 03:00:00,18.894645,18.894645000000004,369.0,369.0
2019-04-14 04:00:00,19.509105,19.509105,381.0,381.0
2019-04-14 05:00:00,18.075365,18.075365,353.0,353.0
2019-04-14 06:00:00,19.304285000000004,19.304285,377.0,377.0
2019-04-14 07:00:00,434.9864749999999,434.9864749999999,8495.0,8495.0
2019-04-14 08:00:00,439.74853999999993,439.74853999999993,8588.0,8588.0
2019-04-14 09:00:00,123.40405,123.40405,2410.0,2410.0
2019-04-14 10:00:00,120.48536500000002,120.48536500000002,2353.0,2353.0
2019-04-14 11:00:00,78.24123999999999,78.24123999999999,1528.0,1528.0
2019-04-14 12:00:00,75.47617000000001,75.47617000000001,1474.0,1474.0
2019-04-14 13:00:00,78.19003500000001,78.19003500000001,1527.0,1527.0
2019-04-14 14:00:00,69.99723499999999,69.99723499999999,1367.0,1367.0
2019-04-14 15:00:00,231.60021499999996,231.60021499999996,4523.0,4523.0
2019-04-14 16:00:00,228.32309499999994,228.32309499999994,4459.0,4459.0
2019-04-14 17:00:00,43.11461,43.11461,842.0,842.0
2019-04-14 18:00:00,40.298335,40.298335,787.0,787.0
2019-04-14 19:00:00,34.20493999999999,34.20493999999999,668.0,668.0
2019-04-14 20:00:00,144.91015000000002,144.91015000000002,2830.0,2830.0
2019-04-14 21:00:00,151.15715999999998,151.15715999999998,2952.0,2952.0
2019-04-14 22:00:00,149.62100999999998,149.62100999999998,2922.0,2922.0
2019-04-14 23:00:00,19.04826,19.048259999999996,372.0,372.0
2019-04-15 00:00:00,10.497024999999999,10.497024999999999,205.0,205.0
2019-04-15 01:00:00,13.415709999999997,13.415709999999997,262.0,262.0
2019-04-15 02:00:00,8.448825000000001,8.448825000000001,165.0,165.0
2019-04-15 03:00:00,9.012080000000001,9.012080000000001,176.0,176.0
2019-04-15 04:00:00,11.009075,11.009075,215.0,215.0
2019-04-15 05:00:00,9.370515,9.370515,183.0,183.0
2019-04-15 06:00:00,9.984975000000002,9.984975000000002,195.0,195.0
2019-04-15 07:00:00,456.3389600000001,456.3389600000001,8912.0,8912.0
2019-04-15 08:00:00,109.73231499999999,109.73231499999999,2143.0,2143.0
2019-04-15 09:00:00,73.069535,73.069535,1427.0,1427.0
2019-04-15 10:00:00,104.04856000000002,104.04856000000002,2032.0,2032.0
2019-04-15 11:00:00,101.02746500000002,101.02746500000002,1973.0,1973.0
2019-04-15 12:00:00,197.70250499999997,197.70250499999997,3861.0,3861.0
2019-04-15 13:00:00,94.985275,94.985275,1855.0,1855.0
2019-04-15 14:00:00,106.557605,106.557605,2081.0,2081.0
2019-04-15 15:00:00,96.87986000000004,96.87986000000005,1892.0,1892.0
2019-04-15 16:00:00,61.39479499999999,61.39479499999999,1199.0,1199.0
2019-04-15 17:00:00,60.985155000000006,60.985155000000006,1191.0,1191.0
2019-04-15 18:00:00,204.61518000000004,204.61518000000004,3996.0,3996.0
2019-04-15 19:00:00,210.14532000000003,210.14532000000003,4104.0,4104.0
2019-04-15 20:00:00,203.744695,203.744695,3979.0,3979.0
2019-04-15 21:00:00,200.56998500000003,200.56998500000003,3917.0,3917.0
2019-04-15 22:00:00,10.497024999999999,10.497024999999999,205.0,205.0
2019-04-15 23:00:00,13.671735000000002,13.671735000000002,267.0,267.0
2019-04-16 00:00:00,9.063285,9.063285,177.0,177.0
2019-04-16 01:00:00,9.01208,9.01208,176.0,176.0
2019-04-16 02:00:00,8.960875000000001,8.960875000000001,175.0,175.0
2019-04-16 03:00:00,10.34341,10.343409999999999,202.0,202.0
2019-04-16 04:00:00,11.265099999999997,11.265099999999997,220.0,220.0
2019-04-16 05:00:00,7.57834,7.578340000000001,148.0,148.0
2019-04-16 06:00:00,13.774144999999997,13.774144999999997,269.0,269.0
2019-04-16 07:00:00,454.23955500000005,454.23955500000005,8871.0,8871.0
2019-04-16 08:00:00,107.88893499999999,107.88893499999999,2107.0,2107.0
2019-04-16 09:00:00,84.48825000000001,84.48825000000001,1650.0,1650.0
2019-04-16 10:00:00,104.45820000000002,104.45820000000002,2040.0,2040.0
2019-04-16 11:00:00,105.58470999999999,105.58470999999999,2062.0,2062.0
2019-04-16 12:00:00,206.20253500000007,206.20253500000007,4027.0,4027.0
2019-04-16 13:00:00,104.76543,104.76543000000001,2046.0,2046.0
2019-04-16 14:00:00,103.53651000000002,103.53651000000004,2022.0,2022.0
2019-04-16 15:00:00,99.84975,99.84975,1950.0,1950.0
2019-04-16 16:00:00,69.33156999999999,69.33156999999999,1354.0,1354.0
2019-04-16 17:00:00,69.99723499999999,69.99723499999999,1367.0,1367.0
2019-04-16 18:00:00,214.34412999999998,214.34412999999998,4186.0,4186.0
2019-04-16 19:00:00,198.62419500000004,198.62419500000004,3879.0,3879.0
2019-04-16 20:00:00,216.08509999999998,216.08509999999998,4220.0,4220.0
2019-04-16 21:00:00,190.89224000000002,190.89224000000002,3728.0,3728.0
2019-04-16 22:00:00,10.087385,10.087385,197.0,197.0
2019-04-16 23:00:00,10.241,10.241,200.0,200.0
2019-04-17 00:00:00,8.039185,8.039185,157.0,157.0
2019-04-17 01:00:00,10.189795,10.189795,199.0,199.0
2019-04-17 02:00:00,11.16269,11.16269,218.0,218.0
2019-04-17 03:00:00,9.012080000000001,9.012080000000001,176.0,176.0
2019-04-17 04:00:00,8.346415,8.346415,163.0,163.0
2019-04-17 05:00:00,10.44582,10.44582,204.0,204.0
2019-04-17 06:00:00,6.298215,6.298215,123.0,123.0
2019-04-17 07:00:00,463.50766,463.50766,9052.0,9052.0
2019-04-17 08:00:00,105.07265999999997,105.07265999999997,2052.0,2052.0
2019-04-17 09:00:00,90.37682500000001,90.37682500000003,1765.0,1765.0
2019-04-17 10:00:00,108.196165,108.196165,2113.0,2113.0
2019-04-17 11:00:00,112.34377000000002,112.34377000000003,2194.0,2194.0
2019-04-17 12:00:00,210.35014000000004,210.35014000000004,4108.0,4108.0
2019-04-17 13:00:00,109.06664999999998,109.06664999999998,2130.0,2130.0
2019-04-17 14:00:00,105.533505,105.533505,2061.0,2061.0
2019-04-17 15:00:00,110.65400499999998,110.65400499999998,2161.0,2161.0
2019-04-17 16:00:00,69.43397999999999,69.43397999999999,1356.0,1356.0
2019-04-17 17:00:00,63.44299499999999,63.44299499999999,1239.0,1239.0
2019-04-17 18:00:00,202.00372499999997,202.00372499999997,3945.0,3945.0
2019-04-17 19:00:00,218.95257999999995,218.95257999999995,4276.0,4276.0
2019-04-17 20:00:00,204.66638499999996,204.666385,3997.0,3997.0
2019-04-17 21:00:00,209.53086,209.53086000000002,4092.0,4092.0
2019-04-17 22:00:00,6.3494199999999985,6.349419999999998,124.0,124.0
2019-04-17 23:00:00,6.75906,6.75906,132.0,132.0
2019-04-18 00:00:00,12.135585,12.135585,237.0,237.0
2019-04-18 01:00:00,10.95787,10.95787,214.0,214.0
2019-04-18 02:00:00,7.68075,7.680750000000001,150.0,150.0
2019-04-18 03:00:00,13.21089,13.21089,258.0,258.0
2019-04-18 04:00:00,9.268105000000002,9.268105000000002,181.0,181.0
2019-04-18 05:00:00,10.394615,10.394615,203.0,203.0
2019-04-18 06:00:00,11.725945,11.725944999999998,229.0,229.0
2019-04-18 07:00:00,460.64018000000004,460.64018,8996.0,8996.0
2019-04-18 08:00:00,107.37688499999999,107.37688499999999,2097.0,2097.0
2019-04-18 09:00:00,73.58158499999999,73.58158499999999,1437.0,1437.0
2019-04-18 10:00:00,107.684115,107.684115,2103.0,2103.0
2019-04-18 11:00:00,108.14496000000001,108.14496000000001,2112.0,2112.0
2019-04-18 12:00:00,206.714585,206.71458500000003,4037.0,4037.0
2019-04-18 13:00:00,113.26546,113.26546,2212.0,2212.0
2019-04-18 14:00:00,106.66001499999999,106.66001499999999,2083.0,2083.0
2019-04-18 15:00:00,104.611815,104.611815,2043.0,2043.0
2019-04-18 16:00:00,63.186969999999995,63.186969999999995,1234.0,1234.0
2019-04-18 17:00:00,67.48818999999999,67.48818999999999,1318.0,1318.0
2019-04-18 18:00:00,203.28385000000003,203.28385000000003,3970.0,3970.0
2019-04-18 19:00:00,222.792955,222.792955,4351.0,4351.0
2019-04-18 20:00:00,194.73261499999998,194.732615,3803.0,3803.0
2019-04-18 21:00:00,200.877215,200.877215,3923.0,3923.0
2019-04-18 22:00:00,11.111484999999998,11.111484999999997,217.0,217.0
2019-04-18 23:00:00,10.497024999999999,10.497024999999999,205.0,205.0
2019-04-19 00:00:00,22.274175000000003,22.274175000000003,435.0,435.0
2019-04-19 01:00:00,17.204880000000003,17.204880000000003,336.0,336.0
2019-04-19 02:00:00,17.819339999999997,17.819339999999997,348.0,348.0
2019-04-19 03:00:00,22.32538,22.32538,436.0,436.0
2019-04-19 04:00:00,20.430794999999996,20.430795,399.0,399.0
2019-04-19 05:00:00,23.605504999999997,23.605504999999997,461.0,461.0
2019-04-19 06:00:00,19.611515,19.611515,383.0,383.0
2019-04-19 07:00:00,422.03161,422.03161,8242.0,8242.0
2019-04-19 08:00:00,432.52863499999984,432.52863499999984,8447.0,8447.0
2019-04-19 09:00:00,117.003425,117.003425,2285.0,2285.0
2019-04-19 10:00:00,112.75340999999997,112.75340999999997,2202.0,2202.0
2019-04-19 11:00:00,101.74433499999999,101.74433499999999,1987.0,1987.0
2019-04-19 12:00:00,72.96712499999998,72.96712499999997,1425.0,1425.0
2019-04-19 13:00:00,73.22315,73.22315,1430.0,1430.0
2019-04-19 14:00:00,74.04243,74.04243,1446.0,1446.0
2019-04-19 15:00:00,246.75689500000001,246.75689500000001,4819.0,4819.0
2019-04-19 16:00:00,247.78099499999996,247.78099499999996,4839.0,4839.0
2019-04-19 17:00:00,39.120619999999995,39.120619999999995,764.0,764.0
2019-04-19 18:00:00,35.28024500000001,35.28024500000001,689.0,689.0
2019-04-19 19:00:00,34.870605000000005,34.870605000000005,681.0,681.0
2019-04-19 20:00:00,141.274595,141.274595,2759.0,2759.0
2019-04-19 21:00:00,133.08179499999997,133.08179499999997,2599.0,2599.0
2019-04-19 22:00:00,144.50051000000002,144.50051000000002,2822.0,2822.0
2019-04-19 23:00:00,14.23499,14.23499,278.0,278.0
2019-04-20 00:00:00,17.870544999999996,17.870544999999996,349.0,349.0
2019-04-20 01:00:00,19.765129999999996,19.765129999999996,386.0,386.0
2019-04-20 02:00:00,20.686819999999997,20.686819999999997,404.0,404.0
2019-04-20 03:00:00,18.22898,18.22898,356.0,356.0
2019-04-20 04:00:00,21.09646,21.096460000000004,412.0,412.0
2019-04-20 05:00:00,16.129575000000003,16.129575000000003,315.0,315.0
2019-04-20 06:00:00,16.79524,16.79524,328.0,328.0
2019-04-20 07:00:00,414.8117049999999,414.8117049999999,8101.0,8101.0
2019-04-20 08:00:00,432.73345499999994,432.73345499999994,8451.0,8451.0
2019-04-20 09:00:00,112.907025,112.907025,2205.0,2205.0
2019-04-20 10:00:00,120.53657,120.53657,2354.0,2354.0
2019-04-20 11:00:00,94.31961,94.31960999999998,1842.0,1842.0
2019-04-20 12:00:00,66.77132,66.77132,1304.0,1304.0
2019-04-20 13:00:00,79.62377500000002,79.62377500000002,1555.0,1555.0
2019-04-20 14:00:00,74.45207,74.45207000000002,1454.0,1454.0
2019-04-20 15:00:00,231.03696,231.03696,4512.0,4512.0
2019-04-20 16:00:00,254.28403,254.28403,4966.0,4966.0
2019-04-20 17:00:00,38.967005,38.967005,761.0,761.0
2019-04-20 18:00:00,43.31943,43.31942999999999,846.0,846.0
2019-04-20 19:00:00,39.274235,39.274235,767.0,767.0
2019-04-20 20:00:00,163.44636,163.44636,3192.0,3192.0
2019-04-20 21:00:00,152.28366999999997,152.28366999999997,2974.0,2974.0
2019-04-20 22:00:00,153.92223,153.92223,3006.0,3006.0
2019-04-20 23:00:00,15.310294999999996,15.310294999999998,299.0,299.0
2019-04-21 00:00:00,20.225974999999995,20.225974999999995,395.0,395.0
2019-04-21 01:00:00,18.792234999999998,18.792234999999998,367.0,367.0
2019-04-21 02:00:00,20.277179999999998,20.277179999999998,396.0,396.0
2019-04-21 03:00:00,16.846445,16.846445,329.0,329.0
2019-04-21 04:00:00,17.153675,17.153675,335.0,335.0
2019-04-21 05:00:00,21.966945,21.966945,429.0,429.0
2019-04-21 06:00:00,18.689825,18.689825,365.0,365.0
2019-04-21 07:00:00,425.7695749999999,425.7695749999999,8315.0,8315.0
2019-04-21 08:00:00,410.40807499999994,410.40807499999994,8015.0,8015.0
2019-04-21 09:00:00,122.99441,122.99441,2402.0,2402.0
2019-04-21 10:00:00,119.71728999999999,119.71728999999999,2338.0,2338.0
2019-04-21 11:00:00,109.42508500000001,109.42508500000001,2137.0,2137.0
2019-04-21 12:00:00,71.17495,71.17495,1390.0,1390.0
2019-04-21 13:00:00,76.09063,76.09063,1486.0,1486.0
2019-04-21 14:00:00,74.7593,74.7593,1460.0,1460.0
2019-04-21 15:00:00,238.92253000000002,238.92253000000002,4666.0,4666.0
2019-04-21 16:00:00,242.25085500000003,242.25085500000003,4731.0,4731.0
2019-04-21 17:00:00,39.479054999999995,39.47905499999999,771.0,771.0
2019-04-21 18:00:00,33.7953,33.7953,660.0,660.0
2019-04-21 19:00:00,35.485065,35.485065,693.0,693.0
2019-04-21 20:00:00,131.340825,131.340825,2565.0,2565.0
2019-04-21 21:00:00,147.57281,147.57281,2882.0,2882.0
2019-04-21 22:00:00,156.48248,156.48248,3056.0,3056.0
2019-04-21 23:00:00,17.51211,17.51211,342.0,342.0
2019-04-22 00:00:00,24.015145000000004,24.015145000000004,469.0,469.0
2019-04-22 01:00:00,25.090449999999997,25.090449999999997,490.0,490.0
2019-04-22 02:00:00,22.222969999999997,22.222969999999993,434.0,434.0
2019-04-22 03:00:00,22.837430000000005,22.837430000000005,446.0,446.0
2019-04-22 04:00:00,20.072360000000003,20.072360000000003,392.0,392.0
2019-04-22 05:00:00,22.888635,22.888634999999997,447.0,447.0
2019-04-22 06:00:00,21.557304999999996,21.557304999999996,421.0,421.0
2019-04-22 07:00:00,422.49245500000006,422.49245500000006,8251.0,8251.0
2019-04-22 08:00:00,443.3840950000001,443.3840950000001,8659.0,8659.0
2019-04-22 09:00:00,113.72630500000001,113.72630500000001,2221.0,2221.0
2019-04-22 10:00:00,119.66608500000002,119.66608500000002,2337.0,2337.0
2019-04-22 11:00:00,94.42201999999999,94.42201999999999,1844.0,1844.0
2019-04-22 12:00:00,72.81351000000001,72.81351000000001,1422.0,1422.0
2019-04-22 13:00:00,71.22615499999999,71.22615499999999,1391.0,1391.0
2019-04-22 14:00:00,61.54840999999999,61.54840999999999,1202.0,1202.0
2019-04-22 15:00:00,241.99483,241.99483,4726.0,4726.0
2019-04-22 16:00:00,235.543,235.543,4600.0,4600.0
2019-04-22 17:00:00,35.331450000000004,35.331450000000004,690.0,690.0
2019-04-22 18:00:00,37.942904999999996,37.942904999999996,741.0,741.0
2019-04-22 19:00:00,33.232045,33.232045,649.0,649.0
2019-04-22 20:00:00,142.913155,142.913155,2791.0,2791.0
2019-04-22 21:00:00,148.03365499999998,148.03365499999998,2891.0,2891.0
2019-04-22 22:00:00,151.46439,151.46439,2958.0,2958.0
2019-04-22 23:00:00,20.58441,20.58441,402.0,402.0
2019-04-23 00:00:00,13.262095,13.262095,259.0,259.0
2019-04-23 01:00:00,11.418715000000002,11.418715000000002,223.0,223.0
2019-04-23 02:00:00,12.186789999999998,12.186789999999998,238.0,238.0
2019-04-23 03:00:00,9.93377,9.93377,194.0,194.0
2019-04-23 04:00:00,9.575334999999999,9.575334999999999,187.0,187.0
2019-04-23 05:00:00,13.313300000000002,13.313300000000002,260.0,260.0
2019-04-23 06:00:00,12.033175,12.033175,235.0,235.0
2019-04-23 07:00:00,449.06784999999996,449.06784999999996,8770.0,8770.0
2019-04-23 08:00:00,106.86483499999999,106.86483499999999,2087.0,2087.0
2019-04-23 09:00:00,75.27135,75.27135,1470.0,1470.0
2019-04-23 10:00:00,106.30158000000002,106.30158000000003,2076.0,2076.0
2019-04-23 11:00:00,97.238295,97.238295,1899.0,1899.0
2019-04-23 12:00:00,219.8742699999999,219.87426999999988,4294.0,4294.0
2019-04-23 13:00:00,109.68111,109.68111000000002,2142.0,2142.0
2019-04-23 14:00:00,113.87992,113.87992,2224.0,2224.0
2019-04-23 15:00:00,94.62684,94.62684,1848.0,1848.0
2019-04-23 16:00:00,68.05144499999999,68.05144499999999,1329.0,1329.0
2019-04-23 17:00:00,66.31047500000001,66.31047500000001,1295.0,1295.0
2019-04-23 18:00:00,217.92847999999995,217.92847999999995,4256.0,4256.0
2019-04-23 19:00:00,211.57906,211.57906,4132.0,4132.0
2019-04-23 20:00:00,228.323095,228.323095,4459.0,4459.0
2019-04-23 21:00:00,200.877215,200.877215,3923.0,3923.0
2019-04-23 22:00:00,12.903659999999999,12.903659999999999,252.0,252.0
2019-04-23 23:00:00,9.93377,9.93377,194.0,194.0
2019-04-24 00:00:00,12.237995000000002,12.237995000000002,239.0,239.0
2019-04-24 01:00:00,13.722940000000001,13.722940000000001,268.0,268.0
2019-04-24 02:00:00,9.780155,9.780155,191.0,191.0
2019-04-24 03:00:00,10.701845,10.701845,209.0,209.0
2019-04-24 04:00:00,10.701845,10.701845,209.0,209.0
2019-04-24 05:00:00,6.963879999999999,6.96388,136.0,136.0
2019-04-24 06:00:00,10.189795,10.189795,199.0,199.0
2019-04-24 07:00:00,439.492515,439.492515,8583.0,8583.0
2019-04-24 08:00:00,116.84981,116.84980999999999,2282.0,2282.0
2019-04-24 09:00:00,80.75028499999999,80.75028499999999,1577.0,1577.0
2019-04-24 10:00:00,101.18108000000002,101.18108000000002,1976.0,1976.0
2019-04-24 11:00:00,101.02746500000002,101.02746500000002,1973.0,1973.0
2019-04-24 12:00:00,202.97662,202.97661999999997,3964.0,3964.0
2019-04-24 13:00:00,103.02445999999999,103.02445999999999,2012.0,2012.0
2019-04-24 14:00:00,105.58471000000002,105.58471000000002,2062.0,2062.0
2019-04-24 15:00:00,90.172005,90.172005,1761.0,1761.0
2019-04-24 16:00:00,76.141835,76.14183500000001,1487.0,1487.0
2019-04-24 17:00:00,54.12368499999999,54.12368499999999,1057.0,1057.0
2019-04-24 18:00:00,209.47965500000004,209.47965500000004,4091.0,4091.0
2019-04-24 19:00:00,205.94650999999996,205.94650999999996,4022.0,4022.0
2019-04-24 20:00:00,200.16034499999998,200.16034499999998,3909.0,3909.0
2019-04-24 21:00:00,183.262695,183.262695,3579.0,3579.0
2019-04-24 22:00:00,10.497025,10.497025,205.0,205.0
2019-04-24 23:00:00,10.036180000000002,10.036180000000002,196.0,196.0
2019-04-25 00:00:00,10.753050000000002,10.753050000000002,210.0,210.0
2019-04-25 01:00:00,10.036180000000002,10.036180000000002,196.0,196.0
2019-04-25 02:00:00,9.83136,9.83136,192.0,192.0
2019-04-25 03:00:00,9.52413,9.524129999999998,186.0,186.0
2019-04-25 04:00:00,7.219905,7.219905,141.0,141.0
2019-04-25 05:00:00,12.801250000000003,12.801250000000005,250.0,250.0
2019-04-25 06:00:00,10.804255,10.804255,211.0,211.0
2019-04-25 07:00:00,439.08287499999994,439.08287499999994,8575.0,8575.0
2019-04-25 08:00:00,114.49437999999999,114.49437999999999,2236.0,2236.0
2019-04-25 09:00:00,74.400865,74.400865,1453.0,1453.0
2019-04-25 10:00:00,103.12687,103.12686999999998,2014.0,2014.0
2019-04-25 11:00:00,92.98827999999997,92.98827999999997,1816.0,1816.0
2019-04-25 12:00:00,205.17843499999998,205.17843499999998,4007.0,4007.0
2019-04-25 13:00:00,102.66602499999999,102.66602499999999,2005.0,2005.0
2019-04-25 14:00:00,98.51842,98.51842,1924.0,1924.0
2019-04-25 15:00:00,107.73532000000003,107.73532000000003,2104.0,2104.0
2019-04-25 16:00:00,57.34959999999999,57.34959999999999,1120.0,1120.0
2019-04-25 17:00:00,67.129755,67.129755,1311.0,1311.0
2019-04-25 18:00:00,208.660375,208.660375,4075.0,4075.0
2019-04-25 19:00:00,208.91639999999998,208.91639999999998,4080.0,4080.0
2019-04-25 20:00:00,213.166415,213.166415,4163.0,4163.0
2019-04-25 21:00:00,185.15728000000001,185.15728000000001,3616.0,3616.0
2019-04-25 22:00:00,7.015085,7.015085,137.0,137.0
2019-04-25 23:00:00,9.882565000000001,9.882565000000001,193.0,193.0
2019-04-26 00:00:00,10.548229999999998,10.548229999999998,206.0,206.0
2019-04-26 01:00:00,7.578339999999999,7.578339999999999,148.0,148.0
2019-04-26 02:00:00,10.241,10.241,200.0,200.0
2019-04-26 03:00:00,9.11449,9.11449,178.0,178.0
2019-04-26 04:00:00,8.960874999999998,8.960874999999998,175.0,175.0
2019-04-26 05:00:00,11.213894999999999,11.213894999999999,219.0,219.0
2019-04-26 06:00:00,11.316305,11.316305,221.0,221.0
2019-04-26 07:00:00,447.68531499999995,447.68531499999995,8743.0,8743.0
2019-04-26 08:00:00,107.32568,107.32568,2096.0,2096.0
2019-04-26 09:00:00,79.16293,79.16293,1546.0,1546.0
2019-04-26 10:00:00,106.76242500000002,106.76242500000002,2085.0,2085.0
2019-04-26 11:00:00,112.44618,112.44618000000001,2196.0,2196.0
2019-04-26 12:00:00,201.64528999999996,201.64528999999996,3938.0,3938.0
2019-04-26 13:00:00,107.12086000000002,107.12086000000002,2092.0,2092.0
2019-04-26 14:00:00,91.50333499999999,91.50333499999999,1787.0,1787.0
2019-04-26 15:00:00,109.93713500000001,109.93713500000001,2147.0,2147.0
2019-04-26 16:00:00,68.30747000000001,68.30747000000001,1334.0,1334.0
2019-04-26 17:00:00,66.46409,66.46409,1298.0,1298.0
2019-04-26 18:00:00,219.97668,219.97668,4296.0,4296.0
2019-04-26 19:00:00,198.93142500000005,198.93142500000005,3885.0,3885.0
2019-04-26 20:00:00,196.52479000000002,196.52479000000002,3838.0,3838.0
2019-04-26 21:00:00,201.23565000000002,201.23565000000002,3930.0,3930.0
2019-04-26 22:00:00,9.626539999999999,9.626539999999999,188.0,188.0
2019-04-26 23:00:00,11.98197,11.98197,234.0,234.0
2019-04-27 00:00:00,25.039245,25.039245,489.0,489.0
2019-04-27 01:00:00,20.840435,20.840435,407.0,407.0
2019-04-27 02:00:00,16.744035,16.744035,327.0,327.0
2019-04-27 03:00:00,22.427789999999998,22.427789999999998,438.0,438.0
2019-04-27 04:00:00,20.379590000000004,20.379590000000004,398.0,398.0
2019-04-27 05:00:00,24.117554999999996,24.117554999999996,471.0,471.0
2019-04-27 06:00:00,18.689825,18.689825,365.0,365.0
2019-04-27 07:00:00,428.38103,428.38103,8366.0,8366.0
2019-04-27 08:00:00,418.4472599999999,418.4472599999999,8172.0,8172.0
2019-04-27 09:00:00,112.907025,112.907025,2205.0,2205.0
2019-04-27 10:00:00,114.28956,114.28956,2232.0,2232.0
2019-04-27 11:00:00,84.69307000000002,84.69307000000002,1654.0,1654.0
2019-04-27 12:00:00,79.111725,79.111725,1545.0,1545.0
2019-04-27 13:00:00,65.03035000000001,65.03035000000001,1270.0,1270.0
2019-04-27 14:00:00,70.918925,70.918925,1385.0,1385.0
2019-04-27 15:00:00,241.48277999999996,241.48277999999996,4716.0,4716.0
2019-04-27 16:00:00,252.18462500000004,252.18462500000004,4925.0,4925.0
2019-04-27 17:00:00,44.394735000000004,44.394735,867.0,867.0
2019-04-27 18:00:00,29.647694999999995,29.64769499999999,579.0,579.0
2019-04-27 19:00:00,41.47605,41.47605,810.0,810.0
2019-04-27 20:00:00,123.557665,123.557665,2413.0,2413.0
2019-04-27 21:00:00,150.90113499999998,150.90113499999998,2947.0,2947.0
2019-04-27 22:00:00,129.804675,129.804675,2535.0,2535.0
2019-04-27 23:00:00,20.123565,20.123565,393.0,393.0
2019-04-28 00:00:00,24.117554999999996,24.117554999999996,471.0,471.0
2019-04-28 01:00:00,19.304285,19.304285,377.0,377.0
2019-04-28 02:00:00,27.548289999999994,27.548289999999994,538.0,538.0
2019-04-28 03:00:00,19.457900000000002,19.457900000000002,380.0,380.0
2019-04-28 04:00:00,19.35549,19.35549,378.0,378.0
2019-04-28 05:00:00,18.280184999999996,18.280184999999996,357.0,357.0
2019-04-28 06:00:00,20.021154999999997,20.021154999999993,391.0,391.0
2019-04-28 07:00:00,419.6761799999999,419.6761799999998,8196.0,8196.0
2019-04-28 08:00:00,429.40513,429.40513,8386.0,8386.0
2019-04-28 09:00:00,114.85281499999996,114.85281499999996,2243.0,2243.0
2019-04-28 10:00:00,115.92811999999999,115.92811999999999,2264.0,2264.0
2019-04-28 11:00:00,88.32862499999999,88.32862499999997,1725.0,1725.0
2019-04-28 12:00:00,62.777330000000006,62.777330000000006,1226.0,1226.0
2019-04-28 13:00:00,64.92793999999999,64.92793999999999,1268.0,1268.0
2019-04-28 14:00:00,81.00631000000001,81.00631000000001,1582.0,1582.0
2019-04-28 15:00:00,236.208665,236.208665,4613.0,4613.0
2019-04-28 16:00:00,247.42256,247.42256,4832.0,4832.0
2019-04-28 17:00:00,39.63267,39.63267,774.0,774.0
2019-04-28 18:00:00,32.515175,32.515175,635.0,635.0
2019-04-28 19:00:00,41.47605,41.47605,810.0,810.0
2019-04-28 20:00:00,141.83785,141.83785,2770.0,2770.0
2019-04-28 21:00:00,141.479415,141.479415,2763.0,2763.0
2019-04-28 22:00:00,141.83785,141.83785,2770.0,2770.0
2019-04-28 23:00:00,17.256084999999995,17.256084999999995,337.0,337.0
2019-04-29 00:00:00,10.497024999999999,10.497024999999999,205.0,205.0
2019-04-29 01:00:00,12.545225,12.545224999999999,245.0,245.0
2019-04-29 02:00:00,6.503035,6.503035,127.0,127.0
2019-04-29 03:00:00,7.834365000000001,7.834365000000001,153.0,153.0
2019-04-29 04:00:00,8.244005,8.244005,161.0,161.0
2019-04-29 05:00:00,7.9879799999999985,7.9879799999999985,156.0,156.0
2019-04-29 06:00:00,6.86147,6.86147,134.0,134.0
2019-04-29 07:00:00,442.9744549999999,442.9744549999999,8651.0,8651.0
2019-04-29 08:00:00,113.67510000000003,113.67510000000003,2220.0,2220.0
2019-04-29 09:00:00,70.406875,70.406875,1375.0,1375.0
2019-04-29 10:00:00,98.00636999999999,98.00636999999999,1914.0,1914.0
2019-04-29 11:00:00,111.31967,111.31967000000002,2174.0,2174.0
2019-04-29 12:00:00,207.43145499999997,207.43145499999997,4051.0,4051.0
2019-04-29 13:00:00,103.17807499999998,103.17807499999999,2015.0,2015.0
2019-04-29 14:00:00,104.81663500000002,104.81663500000002,2047.0,2047.0
2019-04-29 15:00:00,106.86483500000001,106.86483500000003,2087.0,2087.0
2019-04-29 16:00:00,62.674919999999986,62.674919999999986,1224.0,1224.0
2019-04-29 17:00:00,69.894825,69.894825,1365.0,1365.0
2019-04-29 18:00:00,211.73267499999997,211.73267499999997,4135.0,4135.0
2019-04-29 19:00:00,208.09711999999996,208.09711999999996,4064.0,4064.0
2019-04-29 20:00:00,185.66933,185.66933,3626.0,3626.0
2019-04-29 21:00:00,192.99164499999998,192.99164499999998,3769.0,3769.0
2019-04-29 22:00:00,11.623534999999999,11.623534999999999,227.0,227.0
2019-04-29 23:00:00,10.804255,10.804255,211.0,211.0
2019-04-30 00:00:00,6.963880000000001,6.963880000000001,136.0,136.0
2019-04-30 01:00:00,10.292205,10.292205,201.0,201.0
2019-04-30 02:00:00,10.906665,10.906665,213.0,213.0
2019-04-30 03:00:00,9.626540000000002,9.626540000000002,188.0,188.0
2019-04-30 04:00:00,10.241,10.241,200.0,200.0
2019-04-30 05:00:00,10.241,10.241,200.0,200.0
2019-04-30 06:00:00,11.930764999999997,11.930764999999997,233.0,233.0
2019-04-30 07:00:00,463.0980199999999,463.0980199999999,9044.0,9044.0
2019-04-30 08:00:00,104.86784000000003,104.86784000000003,2048.0,2048.0
2019-04-30 09:00:00,59.705029999999994,59.705029999999994,1166.0,1166.0
2019-04-30 10:00:00,99.54252000000001,99.54252000000001,1944.0,1944.0
2019-04-30 11:00:00,90.68405499999997,90.68405499999997,1771.0,1771.0
2019-04-30 12:00:00,212.34713499999998,212.347135,4147.0,4147.0
2019-04-30 13:00:00,104.56061,104.56061,2042.0,2042.0
2019-04-30 14:00:00,97.28949999999999,97.28949999999999,1900.0,1900.0
2019-04-30 15:00:00,96.47022000000001,96.47022,1884.0,1884.0
2019-04-30 16:00:00,68.15385500000001,68.15385500000001,1331.0,1331.0
2019-04-30 17:00:00,68.870725,68.870725,1345.0,1345.0
2019-04-30 18:00:00,217.160405,217.160405,4241.0,4241.0
2019-04-30 19:00:00,207.89230000000003,207.89230000000003,4060.0,4060.0
2019-04-30 20:00:00,215.47063999999995,215.47063999999995,4208.0,4208.0
2019-04-30 21:00:00,215.931485,215.931485,4217.0,4217.0
2019-04-30 22:00:00,7.98798,7.987980000000001,156.0,156.0
2019-04-30 23:00:00,12.340405,12.340405,241.0,241.0
2019-05-01 00:00:00,19.611514999999997,19.611514999999997,383.0,383.0
2019-05-01 01:00:00,20.17477,20.17477,394.0,394.0
2019-05-01 02:00:00,18.894644999999997,18.894644999999997,369.0,369.0
2019-05-01 03:00:00,23.554299999999994,23.554299999999994,460.0,460.0
2019-05-01 04:00:00,17.358495,17.358495,339.0,339.0
2019-05-01 05:00:00,21.864535000000004,21.864535000000004,427.0,427.0
2019-05-01 06:00:00,16.18078,16.18078,316.0,316.0
2019-05-01 07:00:00,408.35987500000005,408.359875,7975.0,7975.0
2019-05-01 08:00:00,444.76662999999996,444.76662999999996,8686.0,8686.0
2019-05-01 09:00:00,112.907025,112.907025,2205.0,2205.0
2019-05-01 10:00:00,117.105835,117.105835,2287.0,2287.0
2019-05-01 11:00:00,92.01538500000002,92.01538500000001,1797.0,1797.0
2019-05-01 12:00:00,70.406875,70.406875,1375.0,1375.0
2019-05-01 13:00:00,73.63279,73.63279,1438.0,1438.0
2019-05-01 14:00:00,72.557485,72.557485,1417.0,1417.0
2019-05-01 15:00:00,243.12133999999992,243.12133999999992,4748.0,4748.0
2019-05-01 16:00:00,253.97680000000003,253.97680000000003,4960.0,4960.0
2019-05-01 17:00:00,42.09051000000001,42.09051000000001,822.0,822.0
2019-05-01 18:00:00,38.301339999999996,38.301339999999996,748.0,748.0
2019-05-01 19:00:00,35.94590999999999,35.94590999999999,702.0,702.0
2019-05-01 20:00:00,142.298695,142.298695,2779.0,2779.0
2019-05-01 21:00:00,160.425265,160.425265,3133.0,3133.0
2019-05-01 22:00:00,149.41618999999997,149.41618999999997,2918.0,2918.0
2019-05-01 23:00:00,18.177775,18.177775,355.0,355.0
2019-05-02 00:00:00,8.653645,8.653645,169.0,169.0
2019-05-02 01:00:00,8.807260000000001,8.807260000000001,172.0,172.0
2019-05-02 02:00:00,8.70485,8.70485,170.0,170.0
2019-05-02 03:00:00,11.2651,11.2651,220.0,220.0
2019-05-02 04:00:00,14.388604999999998,14.388604999999998,281.0,281.0
2019-05-02 05:00:00,13.364505,13.364505,261.0,261.0
2019-05-02 06:00:00,13.876554999999996,13.876554999999996,271.0,271.0
2019-05-02 07:00:00,454.08593999999994,454.08593999999994,8868.0,8868.0
2019-05-02 08:00:00,107.63291,107.63291,2102.0,2102.0
2019-05-02 09:00:00,76.90991,76.90991,1502.0,1502.0
2019-05-02 10:00:00,114.23835499999998,114.23835499999998,2231.0,2231.0
2019-05-02 11:00:00,110.50039000000001,110.50039000000001,2158.0,2158.0
2019-05-02 12:00:00,207.48265999999998,207.48265999999998,4052.0,4052.0
2019-05-02 13:00:00,108.708215,108.708215,2123.0,2123.0
2019-05-02 14:00:00,91.60574500000001,91.60574500000001,1789.0,1789.0
2019-05-02 15:00:00,96.41901500000003,96.41901500000003,1883.0,1883.0
2019-05-02 16:00:00,61.24117999999999,61.24117999999999,1196.0,1196.0
2019-05-02 17:00:00,63.955045,63.955045,1249.0,1249.0
2019-05-02 18:00:00,197.65130000000002,197.65130000000002,3860.0,3860.0
2019-05-02 19:00:00,217.10920000000002,217.10920000000004,4240.0,4240.0
2019-05-02 20:00:00,208.76278499999998,208.76278499999998,4077.0,4077.0
2019-05-02 21:00:00,225.19959,225.19959,4398.0,4398.0
2019-05-02 22:00:00,11.521125,11.521125,225.0,225.0
2019-05-02 23:00:00,14.84945,14.84945,290.0,290.0
2019-05-03 00:00:00,14.388605000000002,14.388605000000004,281.0,281.0
2019-05-03 01:00:00,9.268105,9.268105,181.0,181.0
2019-05-03 02:00:00,9.882565,9.882565,193.0,193.0
2019-05-03 03:00:00,7.8855699999999995,7.8855699999999995,154.0,154.0
2019-05-03 04:00:00,11.87956,11.87956,232.0,232.0
2019-05-03 05:00:00,8.448825000000001,8.448825000000001,165.0,165.0
2019-05-03 06:00:00,11.111485000000002,11.111485000000002,217.0,217.0
2019-05-03 07:00:00,439.64613,439.6461300000001,8586.0,8586.0
2019-05-03 08:00:00,108.04254999999999,108.04254999999999,2110.0,2110.0
2019-05-03 09:00:00,77.47316500000002,77.47316500000002,1513.0,1513.0
2019-05-03 10:00:00,99.03047000000001,99.03047000000001,1934.0,1934.0
2019-05-03 11:00:00,97.75034499999998,97.75034499999998,1909.0,1909.0
2019-05-03 12:00:00,216.341125,216.341125,4225.0,4225.0
2019-05-03 13:00:00,111.11484999999999,111.11484999999999,2170.0,2170.0
2019-05-03 14:00:00,98.31360000000002,98.31360000000002,1920.0,1920.0
2019-05-03 15:00:00,95.59973500000001,95.59973500000001,1867.0,1867.0
2019-05-03 16:00:00,51.512229999999995,51.512229999999995,1006.0,1006.0
2019-05-03 17:00:00,65.84963,65.84963,1286.0,1286.0
2019-05-03 18:00:00,190.27778000000004,190.27778000000004,3716.0,3716.0
2019-05-03 19:00:00,213.47364499999995,213.47364499999995,4169.0,4169.0
2019-05-03 20:00:00,214.60015499999997,214.60015499999994,4191.0,4191.0
2019-05-03 21:00:00,185.208485,185.208485,3617.0,3617.0
2019-05-03 22:00:00,6.195805,6.195805,121.0,121.0
2019-05-03 23:00:00,9.83136,9.83136,192.0,192.0
2019-05-04 00:00:00,21.60851,21.60851,422.0,422.0
2019-05-04 01:00:00,18.997055000000003,18.997055000000003,371.0,371.0
2019-05-04 02:00:00,22.991045,22.991045,449.0,449.0
2019-05-04 03:00:00,22.171765,22.171765,433.0,433.0
2019-05-04 04:00:00,18.792234999999998,18.792234999999998,367.0,367.0
2019-05-04 05:00:00,16.539215000000002,16.539215000000002,323.0,323.0
2019-05-04 06:00:00,13.876555,13.876555,271.0,271.0
2019-05-04 07:00:00,397.24839,397.24839,7758.0,7758.0
2019-05-04 08:00:00,412.40507,412.40507,8054.0,8054.0
2019-05-04 09:00:00,112.03654,112.03654,2188.0,2188.0
2019-05-04 10:00:00,114.80161,114.80161,2242.0,2242.0
2019-05-04 11:00:00,81.41595000000001,81.41595000000001,1590.0,1590.0
2019-05-04 12:00:00,79.11172499999999,79.11172499999999,1545.0,1545.0
2019-05-04 13:00:00,70.76530999999999,70.76530999999999,1382.0,1382.0
2019-05-04 14:00:00,73.888815,73.888815,1443.0,1443.0
2019-05-04 15:00:00,235.54299999999998,235.54299999999998,4600.0,4600.0
2019-05-04 16:00:00,247.72978999999992,247.72978999999992,4838.0,4838.0
2019-05-04 17:00:00,35.280245,35.280245,689.0,689.0
2019-05-04 18:00:00,35.997115,35.997115,703.0,703.0
2019-05-04 19:00:00,37.17483,37.17483,726.0,726.0
2019-05-04 20:00:00,131.750465,131.750465,2573.0,2573.0
2019-05-04 21:00:00,153.15415499999997,153.15415499999997,2991.0,2991.0
2019-05-04 22:00:00,154.33187,154.33187,3014.0,3014.0
2019-05-04 23:00:00,13.671735,13.671735,267.0,267.0
2019-05-05 00:00:00,21.557305,21.557305,421.0,421.0
2019-05-05 01:00:00,17.00006,17.00006,332.0,332.0
2019-05-05 02:00:00,21.91574,21.91574,428.0,428.0
2019-05-05 03:00:00,24.936835000000002,24.936835000000006,487.0,487.0
2019-05-05 04:00:00,19.611515,19.611515,383.0,383.0
2019-05-05 05:00:00,20.99405,20.99405,410.0,410.0
2019-05-05 06:00:00,18.997055,18.997055,371.0,371.0
2019-05-05 07:00:00,440.5166149999999,440.5166149999999,8603.0,8603.0
2019-05-05 08:00:00,425.71836999999994,425.71836999999994,8314.0,8314.0
2019-05-05 09:00:00,115.41607,115.41607,2254.0,2254.0
2019-05-05 10:00:00,121.45826,121.45826,2372.0,2372.0
2019-05-05 11:00:00,100.92505500000001,100.92505500000001,1971.0,1971.0
2019-05-05 12:00:00,77.37075500000002,77.37075500000002,1511.0,1511.0
2019-05-05 13:00:00,69.485185,69.485185,1357.0,1357.0
2019-05-05 14:00:00,79.16293,79.16293,1546.0,1546.0
2019-05-05 15:00:00,247.01292000000004,247.01292000000004,4824.0,4824.0
2019-05-05 16:00:00,216.0851,216.08509999999998,4220.0,4220.0
2019-05-05 17:00:00,36.81639500000001,36.81639500000001,719.0,719.0
2019-05-05 18:00:00,32.617585,32.617585,637.0,637.0
2019-05-05 19:00:00,34.665785,34.665785,677.0,677.0
2019-05-05 20:00:00,139.533625,139.533625,2725.0,2725.0
2019-05-05 21:00:00,155.61199499999998,155.61199499999998,3039.0,3039.0
2019-05-05 22:00:00,134.56674,134.56674,2628.0,2628.0
2019-05-05 23:00:00,16.89765,16.89765,330.0,330.0
2019-05-06 00:00:00,11.67474,11.67474,228.0,228.0
2019-05-06 01:00:00,10.087385000000001,10.087385000000001,197.0,197.0
2019-05-06 02:00:00,8.602440000000001,8.602440000000001,168.0,168.0
2019-05-06 03:00:00,11.316305,11.316305,221.0,221.0
2019-05-06 04:00:00,8.756054999999998,8.756054999999998,171.0,171.0
2019-05-06 05:00:00,12.647635000000001,12.647635000000001,247.0,247.0
2019-05-06 06:00:00,7.271110000000001,7.271110000000001,142.0,142.0
2019-05-06 07:00:00,439.08287499999994,439.08287499999994,8575.0,8575.0
2019-05-06 08:00:00,111.575695,111.575695,2179.0,2179.0
2019-05-06 09:00:00,61.804435,61.804435,1207.0,1207.0
2019-05-06 10:00:00,105.123865,105.123865,2053.0,2053.0
2019-05-06 11:00:00,105.68712,105.68712,2064.0,2064.0
2019-05-06 12:00:00,209.32604,209.32604,4088.0,4088.0
2019-05-06 13:00:00,114.13594499999998,114.13594499999998,2229.0,2229.0
2019-05-06 14:00:00,107.42809000000001,107.42809000000003,2098.0,2098.0
2019-05-06 15:00:00,100.822645,100.822645,1969.0,1969.0
2019-05-06 16:00:00,72.35266500000002,72.35266500000002,1413.0,1413.0
2019-05-06 17:00:00,66.515295,66.515295,1299.0,1299.0
2019-05-06 18:00:00,194.78381999999996,194.78381999999996,3804.0,3804.0
2019-05-06 19:00:00,185.72053499999996,185.72053499999996,3627.0,3627.0
2019-05-06 20:00:00,198.98263000000003,198.98263000000003,3886.0,3886.0
2019-05-06 21:00:00,217.51884,217.51884,4248.0,4248.0
2019-05-06 22:00:00,7.424724999999999,7.424724999999999,145.0,145.0
2019-05-06 23:00:00,7.219904999999999,7.219904999999999,141.0,141.0
2019-05-07 00:00:00,10.548230000000002,10.548230000000002,206.0,206.0
2019-05-07 01:00:00,11.316305,11.316305,221.0,221.0
2019-05-07 02:00:00,7.68075,7.680750000000001,150.0,150.0
2019-05-07 03:00:00,11.777149999999999,11.777149999999999,230.0,230.0
2019-05-07 04:00:00,7.47593,7.475929999999999,146.0,146.0
2019-05-07 05:00:00,9.831359999999998,9.831359999999998,192.0,192.0
2019-05-07 06:00:00,11.67474,11.67474,228.0,228.0
2019-05-07 07:00:00,468.064905,468.064905,9141.0,9141.0
2019-05-07 08:00:00,110.09075000000001,110.09075000000001,2150.0,2150.0
2019-05-07 09:00:00,70.304465,70.304465,1373.0,1373.0
2019-05-07 10:00:00,108.50339500000001,108.50339500000001,2119.0,2119.0
2019-05-07 11:00:00,109.16905999999999,109.16905999999999,2132.0,2132.0
2019-05-07 12:00:00,191.35308500000002,191.35308500000002,3737.0,3737.0
2019-05-07 13:00:00,96.62383499999999,96.62383499999999,1887.0,1887.0
2019-05-07 14:00:00,100.46421000000001,100.46421000000001,1962.0,1962.0
2019-05-07 15:00:00,110.80761999999999,110.80761999999999,2164.0,2164.0
2019-05-07 16:00:00,73.53038,73.53038,1436.0,1436.0
2019-05-07 17:00:00,55.71104000000001,55.71104000000001,1088.0,1088.0
2019-05-07 18:00:00,188.69042499999998,188.69042499999998,3685.0,3685.0
2019-05-07 19:00:00,206.612175,206.612175,4035.0,4035.0
2019-05-07 20:00:00,215.317025,215.317025,4205.0,4205.0
2019-05-07 21:00:00,196.52478999999997,196.52478999999994,3838.0,3838.0
2019-05-07 22:00:00,7.117494999999999,7.117494999999999,139.0,139.0
2019-05-07 23:00:00,9.063284999999999,9.063284999999999,177.0,177.0
2019-05-08 00:00:00,9.216899999999999,9.216899999999999,180.0,180.0
2019-05-08 01:00:00,7.731955,7.731955,151.0,151.0
2019-05-08 02:00:00,6.707855,6.707855,131.0,131.0
2019-05-08 03:00:00,7.629545,7.629545,149.0,149.0
2019-05-08 04:00:00,10.241,10.241,200.0,200.0
2019-05-08 05:00:00,8.244005,8.244005,161.0,161.0
2019-05-08 06:00:00,11.060279999999999,11.060279999999999,216.0,216.0
2019-05-08 07:00:00,466.7335749999999,466.7335749999999,9115.0,9115.0
2019-05-08 08:00:00,108.810625,108.810625,2125.0,2125.0
2019-05-08 09:00:00,73.22314999999999,73.22314999999999,1430.0,1430.0
2019-05-08 10:00:00,110.65400500000003,110.65400500000004,2161.0,2161.0
2019-05-08 11:00:00,102.20518,102.20518,1996.0,1996.0
2019-05-08 12:00:00,212.96159500000002,212.96159500000002,4159.0,4159.0
2019-05-08 13:00:00,104.09976500000003,104.09976500000003,2033.0,2033.0
2019-05-08 14:00:00,91.29851500000001,91.29851500000001,1783.0,1783.0
2019-05-08 15:00:00,86.690065,86.690065,1693.0,1693.0
2019-05-08 16:00:00,54.37971,54.37971,1062.0,1062.0
2019-05-08 17:00:00,67.12975499999999,67.12975499999999,1311.0,1311.0
2019-05-08 18:00:00,206.35614999999996,206.35614999999999,4030.0,4030.0
2019-05-08 19:00:00,186.232585,186.232585,3637.0,3637.0
2019-05-08 20:00:00,193.60610499999999,193.606105,3781.0,3781.0
2019-05-08 21:00:00,189.56091000000004,189.56091,3702.0,3702.0
2019-05-08 22:00:00,8.448825,8.448825,165.0,165.0
2019-05-08 23:00:00,9.063285,9.063285,177.0,177.0
2019-05-09 00:00:00,11.060279999999999,11.060279999999999,216.0,216.0
2019-05-09 01:00:00,9.01208,9.01208,176.0,176.0
2019-05-09 02:00:00,11.77715,11.77715,230.0,230.0
2019-05-09 03:00:00,13.620530000000002,13.620530000000002,266.0,266.0
2019-05-09 04:00:00,7.322314999999999,7.322314999999999,143.0,143.0
2019-05-09 05:00:00,9.268105,9.268105,181.0,181.0
2019-05-09 06:00:00,11.418715,11.418715,223.0,223.0
2019-05-09 07:00:00,462.27874,462.27874,9028.0,9028.0
2019-05-09 08:00:00,103.12687000000001,103.12687000000001,2014.0,2014.0
2019-05-09 09:00:00,65.74721999999998,65.74721999999998,1284.0,1284.0
2019-05-09 10:00:00,100.25938999999998,100.25938999999998,1958.0,1958.0
2019-05-09 11:00:00,94.37081499999996,94.37081499999996,1843.0,1843.0
2019-05-09 12:00:00,192.17236499999999,192.17236499999999,3753.0,3753.0
2019-05-09 13:00:00,94.88286500000001,94.88286500000001,1853.0,1853.0
2019-05-09 14:00:00,116.54258,116.54258,2276.0,2276.0
2019-05-09 15:00:00,105.07265999999996,105.07265999999996,2052.0,2052.0
2019-05-09 16:00:00,65.43998999999998,65.43998999999998,1278.0,1278.0
2019-05-09 17:00:00,66.25927,66.25927,1294.0,1294.0
2019-05-09 18:00:00,205.02482,205.02482000000003,4004.0,4004.0
2019-05-09 19:00:00,205.997715,205.997715,4023.0,4023.0
2019-05-09 20:00:00,206.816995,206.81699499999996,4039.0,4039.0
2019-05-09 21:00:00,195.961535,195.961535,3827.0,3827.0
2019-05-09 22:00:00,10.599435,10.599435,207.0,207.0
2019-05-09 23:00:00,7.4247250000000005,7.4247250000000005,145.0,145.0
2019-05-10 00:00:00,8.448824999999998,8.448824999999998,165.0,165.0
2019-05-10 01:00:00,10.241,10.241,200.0,200.0
2019-05-10 02:00:00,9.882565,9.882565,193.0,193.0
2019-05-10 03:00:00,8.29521,8.29521,162.0,162.0
2019-05-10 04:00:00,10.343409999999999,10.343409999999999,202.0,202.0
2019-05-10 05:00:00,12.852454999999999,12.852454999999999,251.0,251.0
2019-05-10 06:00:00,12.135584999999999,12.135585,237.0,237.0
2019-05-10 07:00:00,449.93833499999994,449.93833499999994,8787.0,8787.0
2019-05-10 08:00:00,111.678105,111.678105,2181.0,2181.0
2019-05-10 09:00:00,80.54546499999998,80.54546499999998,1573.0,1573.0
2019-05-10 10:00:00,103.38289499999999,103.38289499999999,2019.0,2019.0
2019-05-10 11:00:00,114.95522499999998,114.95522499999998,2245.0,2245.0
2019-05-10 12:00:00,200.62119,200.62119000000004,3918.0,3918.0
2019-05-10 13:00:00,98.82565,98.82565,1930.0,1930.0
2019-05-10 14:00:00,110.91002999999999,110.91002999999999,2166.0,2166.0
2019-05-10 15:00:00,99.64493,99.64493,1946.0,1946.0
2019-05-10 16:00:00,65.491195,65.491195,1279.0,1279.0
2019-05-10 17:00:00,68.30747000000001,68.30747000000001,1334.0,1334.0
2019-05-10 18:00:00,204.00072,204.00071999999997,3984.0,3984.0
2019-05-10 19:00:00,205.63927999999996,205.63927999999996,4016.0,4016.0
2019-05-10 20:00:00,183.97956499999998,183.97956499999998,3593.0,3593.0
2019-05-10 21:00:00,203.07903000000002,203.07903000000002,3966.0,3966.0
2019-05-10 22:00:00,8.500029999999999,8.500029999999999,166.0,166.0
2019-05-10 23:00:00,8.141594999999999,8.141594999999999,159.0,159.0
2019-05-11 00:00:00,21.454895,21.454895,419.0,419.0
2019-05-11 01:00:00,18.587415,18.587415,363.0,363.0
2019-05-11 02:00:00,18.02416,18.02416,352.0,352.0
2019-05-11 03:00:00,16.436805,16.436805,321.0,321.0
2019-05-11 04:00:00,18.843439999999998,18.843439999999998,368.0,368.0
2019-05-11 05:00:00,18.485005000000005,18.485005000000005,361.0,361.0
2019-05-11 06:00:00,16.334395,16.334395,319.0,319.0
2019-05-11 07:00:00,396.8387499999999,396.8387499999999,7750.0,7750.0
2019-05-11 08:00:00,405.44118999999995,405.44118999999995,7918.0,7918.0
2019-05-11 09:00:00,117.66909000000001,117.66909000000001,2298.0,2298.0
2019-05-11 10:00:00,118.79559999999998,118.79559999999998,2320.0,2320.0
2019-05-11 11:00:00,84.28343000000001,84.28343000000001,1646.0,1646.0
2019-05-11 12:00:00,61.292384999999996,61.292384999999996,1197.0,1197.0
2019-05-11 13:00:00,69.53639000000001,69.53639000000001,1358.0,1358.0
2019-05-11 14:00:00,72.50627999999998,72.50627999999998,1416.0,1416.0
2019-05-11 15:00:00,231.75383,231.75383,4526.0,4526.0
2019-05-11 16:00:00,239.28096499999998,239.28096499999998,4673.0,4673.0
2019-05-11 17:00:00,37.789289999999994,37.789289999999994,738.0,738.0
2019-05-11 18:00:00,40.65677,40.65677,794.0,794.0
2019-05-11 19:00:00,28.828414999999996,28.828414999999996,563.0,563.0
2019-05-11 20:00:00,139.22639499999997,139.22639499999997,2719.0,2719.0
2019-05-11 21:00:00,137.28060500000004,137.28060500000004,2681.0,2681.0
2019-05-11 22:00:00,140.86495499999998,140.86495499999998,2751.0,2751.0
2019-05-11 23:00:00,12.442814999999998,12.442814999999998,243.0,243.0
2019-05-12 00:00:00,15.412705,15.412705,301.0,301.0
2019-05-12 01:00:00,21.608509999999995,21.608509999999995,422.0,422.0
2019-05-12 02:00:00,21.454894999999997,21.454894999999997,419.0,419.0
2019-05-12 03:00:00,15.822344999999999,15.822344999999999,309.0,309.0
2019-05-12 04:00:00,21.864535,21.864535,427.0,427.0
2019-05-12 05:00:00,17.92175,17.92175,350.0,350.0
2019-05-12 06:00:00,19.355489999999996,19.355489999999996,378.0,378.0
2019-05-12 07:00:00,422.74848000000003,422.74848000000003,8256.0,8256.0
2019-05-12 08:00:00,422.95329999999996,422.95329999999996,8260.0,8260.0
2019-05-12 09:00:00,111.88292499999999,111.88292499999999,2185.0,2185.0
2019-05-12 10:00:00,111.83172,111.83172,2184.0,2184.0
2019-05-12 11:00:00,84.69306999999999,84.69306999999999,1654.0,1654.0
2019-05-12 12:00:00,76.858705,76.858705,1501.0,1501.0
2019-05-12 13:00:00,71.07254,71.07254,1388.0,1388.0
2019-05-12 14:00:00,69.02434,69.02434,1348.0,1348.0
2019-05-12 15:00:00,246.09122999999997,246.09122999999997,4806.0,4806.0
2019-05-12 16:00:00,225.045975,225.045975,4395.0,4395.0
2019-05-12 17:00:00,34.256145000000004,34.256145000000004,669.0,669.0
2019-05-12 18:00:00,28.6748,28.6748,560.0,560.0
2019-05-12 19:00:00,33.59048,33.59048,656.0,656.0
2019-05-12 20:00:00,134.61794500000002,134.61794500000002,2629.0,2629.0
2019-05-12 21:00:00,141.01857,141.01857,2754.0,2754.0
2019-05-12 22:00:00,149.92823999999996,149.92823999999996,2928.0,2928.0
2019-05-12 23:00:00,16.590419999999998,16.590419999999998,324.0,324.0
2019-05-13 00:00:00,5.683755,5.683755,111.0,111.0
2019-05-13 01:00:00,13.722940000000001,13.722940000000001,268.0,268.0
2019-05-13 02:00:00,12.033175,12.033175,235.0,235.0
2019-05-13 03:00:00,9.165695,9.165695,179.0,179.0
2019-05-13 04:00:00,9.52413,9.524129999999998,186.0,186.0
2019-05-13 05:00:00,9.370515,9.370515,183.0,183.0
2019-05-13 06:00:00,6.810264999999999,6.810264999999999,133.0,133.0
2019-05-13 07:00:00,442.97445500000003,442.97445500000003,8651.0,8651.0
2019-05-13 08:00:00,103.84374000000001,103.84374000000001,2028.0,2028.0
2019-05-13 09:00:00,73.83761,73.83761,1442.0,1442.0
2019-05-13 10:00:00,103.12687000000001,103.12687000000001,2014.0,2014.0
2019-05-13 11:00:00,91.81056499999998,91.81056499999998,1793.0,1793.0
2019-05-13 12:00:00,187.154275,187.154275,3655.0,3655.0
2019-05-13 13:00:00,101.48831000000001,101.48831000000001,1982.0,1982.0
2019-05-13 14:00:00,104.61181499999999,104.61181499999999,2043.0,2043.0
2019-05-13 15:00:00,102.92205,102.92205,2010.0,2010.0
2019-05-13 16:00:00,69.58759500000001,69.58759500000001,1359.0,1359.0
2019-05-13 17:00:00,68.51229000000001,68.51229000000001,1338.0,1338.0
2019-05-13 18:00:00,213.83208,213.83208,4176.0,4176.0
2019-05-13 19:00:00,199.08504,199.08504,3888.0,3888.0
2019-05-13 20:00:00,191.81392999999997,191.81392999999997,3746.0,3746.0
2019-05-13 21:00:00,206.50976500000002,206.50976500000002,4033.0,4033.0
2019-05-13 22:00:00,11.777149999999999,11.777149999999999,230.0,230.0
2019-05-13 23:00:00,10.394615,10.394615,203.0,203.0
2019-05-14 00:00:00,12.084380000000003,12.084380000000003,236.0,236.0
2019-05-14 01:00:00,8.70485,8.70485,170.0,170.0
2019-05-14 02:00:00,12.391609999999998,12.391609999999998,242.0,242.0
2019-05-14 03:00:00,7.27111,7.27111,142.0,142.0
2019-05-14 04:00:00,10.343410000000002,10.343410000000002,202.0,202.0
2019-05-14 05:00:00,12.135584999999999,12.135585,237.0,237.0
2019-05-14 06:00:00,9.268105,9.268105,181.0,181.0
2019-05-14 07:00:00,417.064725,417.064725,8145.0,8145.0
2019-05-14 08:00:00,107.01845,107.01845,2090.0,2090.0
2019-05-14 09:00:00,78.292445,78.292445,1529.0,1529.0
2019-05-14 10:00:00,101.334695,101.334695,1979.0,1979.0
2019-05-14 11:00:00,98.46721500000001,98.46721500000001,1923.0,1923.0
2019-05-14 12:00:00,213.98569499999996,213.98569499999996,4179.0,4179.0
2019-05-14 13:00:00,100.87385,100.87385000000002,1970.0,1970.0
2019-05-14 14:00:00,97.08468,97.08468,1896.0,1896.0
2019-05-14 15:00:00,83.924995,83.924995,1639.0,1639.0
2019-05-14 16:00:00,60.4219,60.4219,1180.0,1180.0
2019-05-14 17:00:00,60.063465,60.06346500000001,1173.0,1173.0
2019-05-14 18:00:00,194.63020500000002,194.630205,3801.0,3801.0
2019-05-14 19:00:00,217.00679,217.00679,4238.0,4238.0
2019-05-14 20:00:00,205.69048500000002,205.69048500000002,4017.0,4017.0
2019-05-14 21:00:00,191.30188,191.30188,3736.0,3736.0
2019-05-14 22:00:00,9.216899999999999,9.216899999999999,180.0,180.0
2019-05-14 23:00:00,12.033174999999998,12.033174999999998,235.0,235.0
2019-05-15 00:00:00,9.780155,9.780155,191.0,191.0
2019-05-15 01:00:00,8.29521,8.29521,162.0,162.0
2019-05-15 02:00:00,8.60244,8.60244,168.0,168.0
2019-05-15 03:00:00,9.984975,9.984975,195.0,195.0
2019-05-15 04:00:00,12.954865,12.954865000000002,253.0,253.0
2019-05-15 05:00:00,7.731955,7.731955,151.0,151.0
2019-05-15 06:00:00,9.114489999999998,9.11449,178.0,178.0
2019-05-15 07:00:00,420.546665,420.5466650000001,8213.0,8213.0
2019-05-15 08:00:00,109.93713500000001,109.93713500000001,2147.0,2147.0
2019-05-15 09:00:00,86.894885,86.894885,1697.0,1697.0
2019-05-15 10:00:00,94.78045500000002,94.780455,1851.0,1851.0
2019-05-15 11:00:00,108.14495999999997,108.14495999999997,2112.0,2112.0
2019-05-15 12:00:00,213.32003,213.32003,4166.0,4166.0
2019-05-15 13:00:00,98.92805999999999,98.92805999999999,1932.0,1932.0
2019-05-15 14:00:00,87.71416500000001,87.71416500000001,1713.0,1713.0
2019-05-15 15:00:00,113.726305,113.726305,2221.0,2221.0
2019-05-15 16:00:00,60.370695,60.37069499999999,1179.0,1179.0
2019-05-15 17:00:00,67.436985,67.436985,1317.0,1317.0
2019-05-15 18:00:00,183.41631,183.41631,3582.0,3582.0
2019-05-15 19:00:00,186.232585,186.232585,3637.0,3637.0
2019-05-15 20:00:00,192.94044000000002,192.94044,3768.0,3768.0
2019-05-15 21:00:00,191.09706,191.09706,3732.0,3732.0
2019-05-15 22:00:00,9.728950000000001,9.728950000000001,190.0,190.0
2019-05-15 23:00:00,9.319309999999998,9.31931,182.0,182.0
2019-05-16 00:00:00,8.70485,8.70485,170.0,170.0
2019-05-16 01:00:00,8.448825,8.448825,165.0,165.0
2019-05-16 02:00:00,9.319310000000002,9.319310000000002,182.0,182.0
2019-05-16 03:00:00,10.241,10.241,200.0,200.0
2019-05-16 04:00:00,7.98798,7.987980000000001,156.0,156.0
2019-05-16 05:00:00,9.2169,9.2169,180.0,180.0
2019-05-16 06:00:00,11.316305,11.316305,221.0,221.0
2019-05-16 07:00:00,435.2937050000001,435.2937050000001,8501.0,8501.0
2019-05-16 08:00:00,113.26546,113.26546,2212.0,2212.0
2019-05-16 09:00:00,78.39485499999998,78.39485499999998,1531.0,1531.0
2019-05-16 10:00:00,98.51842,98.51842,1924.0,1924.0
2019-05-16 11:00:00,98.31360000000001,98.31360000000001,1920.0,1920.0
2019-05-16 12:00:00,211.16941999999995,211.16941999999995,4124.0,4124.0
2019-05-16 13:00:00,89.65995500000002,89.65995500000002,1751.0,1751.0
2019-05-16 14:00:00,108.55460000000001,108.55460000000002,2120.0,2120.0
2019-05-16 15:00:00,105.17506999999999,105.17506999999999,2054.0,2054.0
2019-05-16 16:00:00,62.623715,62.623715,1223.0,1223.0
2019-05-16 17:00:00,64.72312,64.72312,1264.0,1264.0
2019-05-16 18:00:00,208.865195,208.865195,4079.0,4079.0
2019-05-16 19:00:00,205.53686999999996,205.53686999999996,4014.0,4014.0
2019-05-16 20:00:00,201.082035,201.082035,3927.0,3927.0
2019-05-16 21:00:00,206.816995,206.81699499999996,4039.0,4039.0
2019-05-16 22:00:00,5.990984999999999,5.990984999999999,117.0,117.0
2019-05-16 23:00:00,5.325319999999999,5.325319999999999,104.0,104.0
2019-05-17 00:00:00,7.68075,7.680750000000001,150.0,150.0
2019-05-17 01:00:00,6.195804999999998,6.195804999999998,121.0,121.0
2019-05-17 02:00:00,9.2169,9.2169,180.0,180.0
2019-05-17 03:00:00,10.241,10.241,200.0,200.0
2019-05-17 04:00:00,9.114490000000002,9.114490000000002,178.0,178.0
2019-05-17 05:00:00,10.95787,10.95787,214.0,214.0
2019-05-17 06:00:00,11.930764999999997,11.930764999999997,233.0,233.0
2019-05-17 07:00:00,434.2183999999998,434.2183999999998,8480.0,8480.0
2019-05-17 08:00:00,104.919045,104.919045,2049.0,2049.0
2019-05-17 09:00:00,71.123745,71.123745,1389.0,1389.0
2019-05-17 10:00:00,94.31961,94.31960999999998,1842.0,1842.0
2019-05-17 11:00:00,91.708155,91.708155,1791.0,1791.0
2019-05-17 12:00:00,200.36516500000002,200.36516500000002,3913.0,3913.0
2019-05-17 13:00:00,86.43404,86.43404,1688.0,1688.0
2019-05-17 14:00:00,107.684115,107.684115,2103.0,2103.0
2019-05-17 15:00:00,97.69914000000001,97.69914000000001,1908.0,1908.0
2019-05-17 16:00:00,67.744215,67.744215,1323.0,1323.0
2019-05-17 17:00:00,69.33157,69.33157,1354.0,1354.0
2019-05-17 18:00:00,194.37418,194.37418,3796.0,3796.0
2019-05-17 19:00:00,186.18138000000002,186.18138000000002,3636.0,3636.0
2019-05-17 20:00:00,202.97661999999997,202.97661999999997,3964.0,3964.0
2019-05-17 21:00:00,195.03984499999999,195.03984499999999,3809.0,3809.0
2019-05-17 22:00:00,10.85546,10.85546,212.0,212.0
2019-05-17 23:00:00,13.006070000000001,13.006070000000001,254.0,254.0
2019-05-18 00:00:00,20.58441,20.58441,402.0,402.0
2019-05-18 01:00:00,24.322374999999994,24.322374999999994,475.0,475.0
2019-05-18 02:00:00,21.454895,21.454895,419.0,419.0
2019-05-18 03:00:00,18.4338,18.4338,360.0,360.0
2019-05-18 04:00:00,18.12657,18.12657,354.0,354.0
2019-05-18 05:00:00,22.83743,22.83743,446.0,446.0
2019-05-18 06:00:00,17.972954999999995,17.972954999999995,351.0,351.0
2019-05-18 07:00:00,419.47135999999995,419.47135999999995,8192.0,8192.0
2019-05-18 08:00:00,413.2755550000001,413.2755550000001,8071.0,8071.0
2019-05-18 09:00:00,120.84379999999999,120.84379999999999,2360.0,2360.0
2019-05-18 10:00:00,115.160045,115.160045,2249.0,2249.0
2019-05-18 11:00:00,95.75334999999998,95.75334999999998,1870.0,1870.0
2019-05-18 12:00:00,81.82558999999999,81.82558999999999,1598.0,1598.0
2019-05-18 13:00:00,88.0726,88.0726,1720.0,1720.0
2019-05-18 14:00:00,67.43698499999999,67.43698499999999,1317.0,1317.0
2019-05-18 15:00:00,220.027885,220.02788499999997,4297.0,4297.0
2019-05-18 16:00:00,234.00685000000001,234.00685000000001,4570.0,4570.0
2019-05-18 17:00:00,28.111545,28.111545000000003,549.0,549.0
2019-05-18 18:00:00,29.647694999999995,29.64769499999999,579.0,579.0
2019-05-18 19:00:00,36.201935000000006,36.201935000000006,707.0,707.0
2019-05-18 20:00:00,147.16316999999998,147.16316999999998,2874.0,2874.0
2019-05-18 21:00:00,138.50952500000002,138.50952500000002,2705.0,2705.0
2019-05-18 22:00:00,138.202295,138.202295,2699.0,2699.0
2019-05-18 23:00:00,19.201875,19.201875,375.0,375.0
2019-05-19 00:00:00,17.153675,17.153675,335.0,335.0
2019-05-19 01:00:00,24.219965,24.219965,473.0,473.0
2019-05-19 02:00:00,15.873550000000002,15.873550000000002,310.0,310.0
2019-05-19 03:00:00,23.86153,23.861529999999995,466.0,466.0
2019-05-19 04:00:00,11.213895,11.213895,219.0,219.0
2019-05-19 05:00:00,15.310295000000002,15.310295000000002,299.0,299.0
2019-05-19 06:00:00,19.15067,19.15067,374.0,374.0
2019-05-19 07:00:00,427.97139,427.97139,8358.0,8358.0
2019-05-19 08:00:00,413.480375,413.480375,8075.0,8075.0
2019-05-19 09:00:00,107.83773000000001,107.83773000000001,2106.0,2106.0
2019-05-19 10:00:00,106.40399,106.40399000000001,2078.0,2078.0
2019-05-19 11:00:00,67.43698499999999,67.43698499999999,1317.0,1317.0
2019-05-19 12:00:00,72.09664000000001,72.09664000000001,1408.0,1408.0
2019-05-19 13:00:00,73.01833,73.01833,1426.0,1426.0
2019-05-19 14:00:00,71.89182,71.89182,1404.0,1404.0
2019-05-19 15:00:00,221.15439500000005,221.15439500000005,4319.0,4319.0
2019-05-19 16:00:00,245.27194999999995,245.27194999999995,4790.0,4790.0
2019-05-19 17:00:00,38.40375,38.40375,750.0,750.0
2019-05-19 18:00:00,39.58146500000001,39.58146500000001,773.0,773.0
2019-05-19 19:00:00,38.864594999999994,38.864594999999994,759.0,759.0
2019-05-19 20:00:00,127.039605,127.039605,2481.0,2481.0
2019-05-19 21:00:00,144.09087,144.09087,2814.0,2814.0
2019-05-19 22:00:00,136.666145,136.666145,2669.0,2669.0
2019-05-19 23:00:00,17.819339999999997,17.819339999999997,348.0,348.0
2019-05-20 00:00:00,12.647635,12.647635,247.0,247.0
2019-05-20 01:00:00,7.168699999999999,7.1686999999999985,140.0,140.0
2019-05-20 02:00:00,8.858464999999999,8.858464999999999,173.0,173.0
2019-05-20 03:00:00,11.828354999999998,11.828354999999998,231.0,231.0
2019-05-20 04:00:00,9.933769999999999,9.93377,194.0,194.0
2019-05-20 05:00:00,8.448825,8.448825,165.0,165.0
2019-05-20 06:00:00,10.036179999999998,10.036179999999998,196.0,196.0
2019-05-20 07:00:00,440.77263999999997,440.77263999999997,8608.0,8608.0
2019-05-20 08:00:00,101.539515,101.539515,1983.0,1983.0
2019-05-20 09:00:00,53.25320000000001,53.25320000000001,1040.0,1040.0
2019-05-20 10:00:00,106.96724499999999,106.967245,2089.0,2089.0
2019-05-20 11:00:00,85.256325,85.256325,1665.0,1665.0
2019-05-20 12:00:00,180.49762500000006,180.49762500000006,3525.0,3525.0
2019-05-20 13:00:00,96.72624499999999,96.72624499999999,1889.0,1889.0
2019-05-20 14:00:00,120.38295500000001,120.38295500000001,2351.0,2351.0
2019-05-20 15:00:00,89.81357,89.81357,1754.0,1754.0
2019-05-20 16:00:00,69.485185,69.485185,1357.0,1357.0
2019-05-20 17:00:00,66.61770499999999,66.61770499999999,1301.0,1301.0
2019-05-20 18:00:00,192.68441500000003,192.68441500000003,3763.0,3763.0
2019-05-20 19:00:00,195.347075,195.347075,3815.0,3815.0
2019-05-20 20:00:00,186.48861,186.48860999999997,3642.0,3642.0
2019-05-20 21:00:00,194.93743499999997,194.93743499999997,3807.0,3807.0
2019-05-20 22:00:00,7.987980000000001,7.987980000000001,156.0,156.0
2019-05-20 23:00:00,10.292205000000001,10.292205000000001,201.0,201.0
2019-05-21 00:00:00,8.346415,8.346415,163.0,163.0
2019-05-21 01:00:00,10.75305,10.753050000000002,210.0,210.0
2019-05-21 02:00:00,11.009075,11.009075,215.0,215.0
2019-05-21 03:00:00,9.268105,9.268105,181.0,181.0
2019-05-21 04:00:00,12.340405,12.340405,241.0,241.0
2019-05-21 05:00:00,9.984975,9.984975,195.0,195.0
2019-05-21 06:00:00,5.73496,5.73496,112.0,112.0
2019-05-21 07:00:00,405.49239499999993,405.49239499999993,7919.0,7919.0
2019-05-21 08:00:00,113.21425500000001,113.21425500000001,2211.0,2211.0
2019-05-21 09:00:00,60.985154999999985,60.98515499999998,1191.0,1191.0
2019-05-21 10:00:00,86.17801499999997,86.17801499999999,1683.0,1683.0
2019-05-21 11:00:00,98.97926500000001,98.97926500000001,1933.0,1933.0
2019-05-21 12:00:00,196.26876500000003,196.26876500000003,3833.0,3833.0
2019-05-21 13:00:00,108.65700999999997,108.65700999999997,2122.0,2122.0
2019-05-21 14:00:00,96.67504000000001,96.67504000000001,1888.0,1888.0
2019-05-21 15:00:00,103.02446,103.02446,2012.0,2012.0
2019-05-21 16:00:00,54.2773,54.2773,1060.0,1060.0
2019-05-21 17:00:00,63.442994999999996,63.442994999999996,1239.0,1239.0
2019-05-21 18:00:00,191.81393000000003,191.81393,3746.0,3746.0
2019-05-21 19:00:00,211.37424000000001,211.37424000000001,4128.0,4128.0
2019-05-21 20:00:00,202.31095500000004,202.31095500000004,3951.0,3951.0
2019-05-21 21:00:00,190.99465000000004,190.99465000000004,3730.0,3730.0
2019-05-21 22:00:00,9.882565000000001,9.882565000000001,193.0,193.0
2019-05-21 23:00:00,10.95787,10.95787,214.0,214.0
2019-05-22 00:00:00,12.545225000000002,12.545225000000002,245.0,245.0
2019-05-22 01:00:00,6.7078549999999995,6.7078549999999995,131.0,131.0
2019-05-22 02:00:00,12.340405,12.340405,241.0,241.0
2019-05-22 03:00:00,6.707855,6.707855,131.0,131.0
2019-05-22 04:00:00,8.448825,8.448825,165.0,165.0
2019-05-22 05:00:00,6.503034999999999,6.503034999999999,127.0,127.0
2019-05-22 06:00:00,12.852454999999999,12.852454999999999,251.0,251.0
2019-05-22 07:00:00,434.5768349999999,434.5768349999999,8487.0,8487.0
2019-05-22 08:00:00,98.876855,98.876855,1931.0,1931.0
2019-05-22 09:00:00,64.82553,64.82553,1266.0,1266.0
2019-05-22 10:00:00,97.852755,97.852755,1911.0,1911.0
2019-05-22 11:00:00,101.79554,101.79554,1988.0,1988.0
2019-05-22 12:00:00,188.12717,188.12717,3674.0,3674.0
2019-05-22 13:00:00,99.59372499999999,99.59372499999999,1945.0,1945.0
2019-05-22 14:00:00,100.31059499999999,100.31059499999999,1959.0,1959.0
2019-05-22 15:00:00,100.56662000000003,100.56662000000003,1964.0,1964.0
2019-05-22 16:00:00,57.298395,57.298395,1119.0,1119.0
2019-05-22 17:00:00,55.91586,55.91586,1092.0,1092.0
2019-05-22 18:00:00,199.69949999999997,199.6995,3900.0,3900.0
2019-05-22 19:00:00,202.51577499999993,202.51577499999993,3955.0,3955.0
2019-05-22 20:00:00,183.92835999999994,183.92835999999994,3592.0,3592.0
2019-05-22 21:00:00,184.184385,184.184385,3597.0,3597.0
2019-05-22 22:00:00,9.575334999999999,9.575334999999999,187.0,187.0
2019-05-22 23:00:00,10.44582,10.44582,204.0,204.0
2019-05-23 00:00:00,11.418715,11.418715,223.0,223.0
2019-05-23 01:00:00,8.039185,8.039185,157.0,157.0
2019-05-23 02:00:00,10.394615000000002,10.394615000000002,203.0,203.0
2019-05-23 03:00:00,6.298214999999999,6.298214999999999,123.0,123.0
2019-05-23 04:00:00,15.105474999999997,15.105474999999995,295.0,295.0
2019-05-23 05:00:00,7.885569999999999,7.885569999999999,154.0,154.0
2019-05-23 06:00:00,12.340404999999999,12.340405,241.0,241.0
2019-05-23 07:00:00,425.7695749999999,425.7695749999999,8315.0,8315.0
2019-05-23 08:00:00,108.60580499999999,108.60580499999999,2121.0,2121.0
2019-05-23 09:00:00,63.80142999999998,63.80142999999998,1246.0,1246.0
2019-05-23 10:00:00,103.48530500000001,103.48530500000001,2021.0,2021.0
2019-05-23 11:00:00,118.07873,118.07873,2306.0,2306.0
2019-05-23 12:00:00,197.75370999999996,197.75370999999996,3862.0,3862.0
2019-05-23 13:00:00,102.56361499999998,102.56361499999998,2003.0,2003.0
2019-05-23 14:00:00,86.894885,86.894885,1697.0,1697.0
2019-05-23 15:00:00,95.49732500000003,95.49732500000003,1865.0,1865.0
2019-05-23 16:00:00,67.436985,67.436985,1317.0,1317.0
2019-05-23 17:00:00,66.00324499999999,66.00324499999999,1289.0,1289.0
2019-05-23 18:00:00,193.29887500000007,193.29887500000004,3775.0,3775.0
2019-05-23 19:00:00,200.7236,200.72359999999998,3920.0,3920.0
2019-05-23 20:00:00,192.68441499999997,192.68441499999997,3763.0,3763.0
2019-05-23 21:00:00,187.41029999999995,187.41029999999995,3660.0,3660.0
2019-05-23 22:00:00,11.572330000000001,11.572330000000001,226.0,226.0
2019-05-23 23:00:00,8.909669999999998,8.909669999999998,174.0,174.0
2019-05-24 00:00:00,9.984975,9.984975,195.0,195.0
2019-05-24 01:00:00,9.626539999999999,9.626539999999999,188.0,188.0
2019-05-24 02:00:00,10.34341,10.343409999999999,202.0,202.0
2019-05-24 03:00:00,11.469919999999997,11.469919999999997,224.0,224.0
2019-05-24 04:00:00,6.861469999999998,6.861469999999998,134.0,134.0
2019-05-24 05:00:00,11.623534999999999,11.623534999999999,227.0,227.0
2019-05-24 06:00:00,9.11449,9.11449,178.0,178.0
2019-05-24 07:00:00,441.89915,441.8991500000001,8630.0,8630.0
2019-05-24 08:00:00,105.37988999999999,105.37988999999997,2058.0,2058.0
2019-05-24 09:00:00,68.87072500000002,68.87072500000002,1345.0,1345.0
2019-05-24 10:00:00,92.47623000000002,92.47623000000002,1806.0,1806.0
2019-05-24 11:00:00,100.822645,100.822645,1969.0,1969.0
2019-05-24 12:00:00,202.97662000000008,202.97662000000008,3964.0,3964.0
2019-05-24 13:00:00,94.52443000000001,94.52443000000001,1846.0,1846.0
2019-05-24 14:00:00,90.63285000000002,90.63285000000002,1770.0,1770.0
2019-05-24 15:00:00,108.093755,108.093755,2111.0,2111.0
2019-05-24 16:00:00,65.90083499999999,65.90083499999999,1287.0,1287.0
2019-05-24 17:00:00,55.557425,55.557425,1085.0,1085.0
2019-05-24 18:00:00,181.26569999999998,181.26569999999998,3540.0,3540.0
2019-05-24 19:00:00,181.009675,181.009675,3535.0,3535.0
2019-05-24 20:00:00,195.34707500000005,195.34707500000005,3815.0,3815.0
2019-05-24 21:00:00,199.955525,199.955525,3905.0,3905.0
2019-05-24 22:00:00,9.370515,9.370515,183.0,183.0
2019-05-24 23:00:00,9.62654,9.62654,188.0,188.0
2019-05-25 00:00:00,19.4579,19.457900000000002,380.0,380.0
2019-05-25 01:00:00,20.021155000000004,20.021155000000004,391.0,391.0
2019-05-25 02:00:00,20.07236,20.07236,392.0,392.0
2019-05-25 03:00:00,23.14466,23.14466,452.0,452.0
2019-05-25 04:00:00,26.21696,26.21696,512.0,512.0
2019-05-25 05:00:00,19.253079999999997,19.253079999999997,376.0,376.0
2019-05-25 06:00:00,15.515115,15.515115,303.0,303.0
2019-05-25 07:00:00,394.534525,394.534525,7705.0,7705.0
2019-05-25 08:00:00,433.2967099999999,433.2967099999999,8462.0,8462.0
2019-05-25 09:00:00,115.77450499999998,115.77450499999998,2261.0,2261.0
2019-05-25 10:00:00,119.20524000000003,119.20524000000003,2328.0,2328.0
2019-05-25 11:00:00,73.786405,73.786405,1441.0,1441.0
2019-05-25 12:00:00,70.76531,70.76531,1382.0,1382.0
2019-05-25 13:00:00,76.19303999999998,76.19303999999998,1488.0,1488.0
2019-05-25 14:00:00,65.84962999999999,65.84962999999999,1286.0,1286.0
2019-05-25 15:00:00,228.42550500000002,228.42550500000002,4461.0,4461.0
2019-05-25 16:00:00,244.86231,244.86231,4782.0,4782.0
2019-05-25 17:00:00,38.301339999999996,38.301339999999996,748.0,748.0
2019-05-25 18:00:00,36.611575,36.611575,715.0,715.0
2019-05-25 19:00:00,34.71699,34.71699,678.0,678.0
2019-05-25 20:00:00,124.99140499999999,124.99140499999999,2441.0,2441.0
2019-05-25 21:00:00,121.66308,121.66308,2376.0,2376.0
2019-05-25 22:00:00,152.437285,152.437285,2977.0,2977.0
2019-05-25 23:00:00,15.771139999999999,15.771139999999999,308.0,308.0
2019-05-26 00:00:00,19.560309999999998,19.560309999999998,382.0,382.0
2019-05-26 01:00:00,15.97596,15.975960000000002,312.0,312.0
2019-05-26 02:00:00,16.334395,16.334395,319.0,319.0
2019-05-26 03:00:00,17.563314999999996,17.563314999999996,343.0,343.0
2019-05-26 04:00:00,15.105475,15.105475,295.0,295.0
2019-05-26 05:00:00,17.307290000000002,17.307290000000002,338.0,338.0
2019-05-26 06:00:00,16.590419999999998,16.590419999999998,324.0,324.0
2019-05-26 07:00:00,404.00745,404.00745,7890.0,7890.0
2019-05-26 08:00:00,415.32375499999995,415.323755,8111.0,8111.0
2019-05-26 09:00:00,105.27748,105.27748,2056.0,2056.0
2019-05-26 10:00:00,110.44918500000003,110.44918500000003,2157.0,2157.0
2019-05-26 11:00:00,80.49426,80.49426,1572.0,1572.0
2019-05-26 12:00:00,79.00931500000002,79.00931500000002,1543.0,1543.0
2019-05-26 13:00:00,66.003245,66.003245,1289.0,1289.0
2019-05-26 14:00:00,71.17495000000001,71.17495000000001,1390.0,1390.0
2019-05-26 15:00:00,231.95864999999995,231.95864999999995,4530.0,4530.0
2019-05-26 16:00:00,217.72366000000002,217.72366000000002,4252.0,4252.0
2019-05-26 17:00:00,37.07242,37.07242,724.0,724.0
2019-05-26 18:00:00,37.07242000000001,37.07242000000001,724.0,724.0
2019-05-26 19:00:00,29.238054999999996,29.238054999999992,571.0,571.0
2019-05-26 20:00:00,144.70532999999998,144.70532999999998,2826.0,2826.0
2019-05-26 21:00:00,133.23541,133.23541,2602.0,2602.0
2019-05-26 22:00:00,135.33481499999996,135.33481499999996,2643.0,2643.0
2019-05-26 23:00:00,13.722939999999998,13.72294,268.0,268.0
2019-05-27 00:00:00,11.16269,11.16269,218.0,218.0
2019-05-27 01:00:00,11.316305,11.316305,221.0,221.0
2019-05-27 02:00:00,9.165695,9.165695,179.0,179.0
2019-05-27 03:00:00,9.165695,9.165695,179.0,179.0
2019-05-27 04:00:00,12.954865,12.954865000000002,253.0,253.0
2019-05-27 05:00:00,7.987979999999999,7.987979999999999,156.0,156.0
2019-05-27 06:00:00,11.06028,11.06028,216.0,216.0
2019-05-27 07:00:00,441.8479449999999,441.8479449999999,8629.0,8629.0
2019-05-27 08:00:00,86.99729499999998,86.99729499999998,1699.0,1699.0
2019-05-27 09:00:00,62.623715000000004,62.623715000000004,1223.0,1223.0
2019-05-27 10:00:00,97.852755,97.852755,1911.0,1911.0
2019-05-27 11:00:00,97.39190999999995,97.39190999999995,1902.0,1902.0
2019-05-27 12:00:00,187.10307,187.10307,3654.0,3654.0
2019-05-27 13:00:00,94.98527500000002,94.98527500000002,1855.0,1855.0
2019-05-27 14:00:00,98.057575,98.057575,1915.0,1915.0
2019-05-27 15:00:00,98.41601000000003,98.41601000000003,1922.0,1922.0
2019-05-27 16:00:00,60.933949999999996,60.93394999999999,1190.0,1190.0
2019-05-27 17:00:00,62.930945,62.930945,1229.0,1229.0
2019-05-27 18:00:00,203.744695,203.744695,3979.0,3979.0
2019-05-27 19:00:00,204.666385,204.666385,3997.0,3997.0
2019-05-27 20:00:00,211.83508500000002,211.83508500000002,4137.0,4137.0
2019-05-27 21:00:00,203.38626,203.38626,3972.0,3972.0
2019-05-27 22:00:00,5.990984999999999,5.990984999999999,117.0,117.0
2019-05-27 23:00:00,9.52413,9.524129999999998,186.0,186.0
2019-05-28 00:00:00,7.9879799999999985,7.9879799999999985,156.0,156.0
2019-05-28 01:00:00,7.731954999999998,7.731954999999998,151.0,151.0
2019-05-28 02:00:00,5.42773,5.42773,106.0,106.0
2019-05-28 03:00:00,9.72895,9.728950000000001,190.0,190.0
2019-05-28 04:00:00,6.86147,6.86147,134.0,134.0
2019-05-28 05:00:00,12.545224999999999,12.545224999999999,245.0,245.0
2019-05-28 06:00:00,11.316305000000002,11.316305000000002,221.0,221.0
2019-05-28 07:00:00,433.70634999999993,433.7063499999999,8470.0,8470.0
2019-05-28 08:00:00,111.83171999999999,111.83171999999999,2184.0,2184.0
2019-05-28 09:00:00,76.03942499999998,76.03942499999998,1485.0,1485.0
2019-05-28 10:00:00,100.92505499999999,100.92505499999999,1971.0,1971.0
2019-05-28 11:00:00,96.06058,96.06058,1876.0,1876.0
2019-05-28 12:00:00,199.28986,199.28986,3892.0,3892.0
2019-05-28 13:00:00,99.08167499999999,99.08167499999999,1935.0,1935.0
2019-05-28 14:00:00,99.44010999999999,99.44010999999999,1942.0,1942.0
2019-05-28 15:00:00,103.89494499999999,103.89494499999999,2029.0,2029.0
2019-05-28 16:00:00,58.271290000000015,58.271290000000015,1138.0,1138.0
2019-05-28 17:00:00,57.75924,57.75924,1128.0,1128.0
2019-05-28 18:00:00,185.66933,185.66933,3626.0,3626.0
2019-05-28 19:00:00,186.74463500000002,186.74463500000002,3647.0,3647.0
2019-05-28 20:00:00,170.973495,170.973495,3339.0,3339.0
2019-05-28 21:00:00,194.37417999999997,194.37417999999997,3796.0,3796.0
2019-05-28 22:00:00,8.756055,8.756055,171.0,171.0
2019-05-28 23:00:00,9.472925000000002,9.472925000000002,185.0,185.0
2019-05-29 00:00:00,9.933769999999999,9.93377,194.0,194.0
2019-05-29 01:00:00,12.69884,12.69884,248.0,248.0
2019-05-29 02:00:00,10.957870000000002,10.95787,214.0,214.0
2019-05-29 03:00:00,7.783159999999999,7.783159999999999,152.0,152.0
2019-05-29 04:00:00,8.500029999999999,8.500029999999999,166.0,166.0
2019-05-29 05:00:00,9.83136,9.83136,192.0,192.0
2019-05-29 06:00:00,9.62654,9.62654,188.0,188.0
2019-05-29 07:00:00,428.53464499999995,428.53464499999995,8369.0,8369.0
2019-05-29 08:00:00,115.82571,115.82571,2262.0,2262.0
2019-05-29 09:00:00,71.84061500000001,71.84061500000001,1403.0,1403.0
2019-05-29 10:00:00,95.65093999999999,95.65093999999999,1868.0,1868.0
2019-05-29 11:00:00,95.03648000000001,95.03648000000001,1856.0,1856.0
2019-05-29 12:00:00,190.328985,190.32898499999996,3717.0,3717.0
2019-05-29 13:00:00,98.364805,98.364805,1921.0,1921.0
2019-05-29 14:00:00,93.039485,93.039485,1817.0,1817.0
2019-05-29 15:00:00,111.72931000000001,111.72931000000001,2182.0,2182.0
2019-05-29 16:00:00,63.90383999999999,63.90383999999999,1248.0,1248.0
2019-05-29 17:00:00,65.03035,65.03035,1270.0,1270.0
2019-05-29 18:00:00,209.22362999999996,209.22362999999996,4086.0,4086.0
2019-05-29 19:00:00,191.30187999999998,191.30187999999998,3736.0,3736.0
2019-05-29 20:00:00,189.20247500000002,189.20247500000002,3695.0,3695.0
2019-05-29 21:00:00,194.732615,194.732615,3803.0,3803.0
2019-05-29 22:00:00,10.138589999999999,10.138589999999999,198.0,198.0
2019-05-29 23:00:00,14.388605,14.388605,281.0,281.0
2019-05-30 00:00:00,18.075364999999998,18.075364999999998,353.0,353.0
2019-05-30 01:00:00,22.530199999999997,22.530199999999997,440.0,440.0
2019-05-30 02:00:00,17.716929999999998,17.716929999999998,346.0,346.0
2019-05-30 03:00:00,22.274175,22.274175,435.0,435.0
2019-05-30 04:00:00,18.177774999999997,18.177774999999997,355.0,355.0
2019-05-30 05:00:00,19.406695,19.406695,379.0,379.0
2019-05-30 06:00:00,19.099465000000002,19.099465000000002,373.0,373.0
2019-05-30 07:00:00,404.1610649999999,404.1610649999999,7893.0,7893.0
2019-05-30 08:00:00,404.8779349999999,404.8779349999999,7907.0,7907.0
2019-05-30 09:00:00,104.15097000000002,104.15097,2034.0,2034.0
2019-05-30 10:00:00,104.61181500000002,104.61181500000002,2043.0,2043.0
2019-05-30 11:00:00,76.39786,76.39786,1492.0,1492.0
2019-05-30 12:00:00,77.473165,77.473165,1513.0,1513.0
2019-05-30 13:00:00,78.804495,78.804495,1539.0,1539.0
2019-05-30 14:00:00,76.346655,76.346655,1491.0,1491.0
2019-05-30 15:00:00,241.6876,241.6876,4720.0,4720.0
2019-05-30 16:00:00,223.66344,223.66344,4368.0,4368.0
2019-05-30 17:00:00,33.69289,33.69289,658.0,658.0
2019-05-30 18:00:00,37.635675000000006,37.635675000000006,735.0,735.0
2019-05-30 19:00:00,36.560370000000006,36.560370000000006,714.0,714.0
2019-05-30 20:00:00,145.83184,145.83184,2848.0,2848.0
2019-05-30 21:00:00,143.27158999999997,143.27158999999997,2798.0,2798.0
2019-05-30 22:00:00,138.97037,138.97037,2714.0,2714.0
2019-05-30 23:00:00,18.22898,18.22898,356.0,356.0
2019-05-31 00:00:00,12.135584999999999,12.135585,237.0,237.0
2019-05-31 01:00:00,6.912674999999999,6.912674999999999,135.0,135.0
2019-05-31 02:00:00,12.954865,12.954865000000002,253.0,253.0
2019-05-31 03:00:00,13.00607,13.00607,254.0,254.0
2019-05-31 04:00:00,8.500030000000002,8.500030000000002,166.0,166.0
2019-05-31 05:00:00,11.162689999999998,11.162689999999998,218.0,218.0
2019-05-31 06:00:00,8.39762,8.39762,164.0,164.0
2019-05-31 07:00:00,407.64300499999996,407.643005,7961.0,7961.0
2019-05-31 08:00:00,118.23234500000001,118.23234500000001,2309.0,2309.0
2019-05-31 09:00:00,66.25927,66.25927,1294.0,1294.0
2019-05-31 10:00:00,94.11479,94.11479,1838.0,1838.0
2019-05-31 11:00:00,101.53951500000001,101.53951500000001,1983.0,1983.0
2019-05-31 12:00:00,178.244605,178.244605,3481.0,3481.0
2019-05-31 13:00:00,105.738325,105.738325,2065.0,2065.0
2019-05-31 14:00:00,93.55153499999999,93.55153499999999,1827.0,1827.0
2019-05-31 15:00:00,94.57563499999999,94.57563499999999,1847.0,1847.0
2019-05-31 16:00:00,60.370695000000005,60.370695000000005,1179.0,1179.0
2019-05-31 17:00:00,68.10265,68.10265,1330.0,1330.0
2019-05-31 18:00:00,207.68747999999994,207.68747999999994,4056.0,4056.0
2019-05-31 19:00:00,203.130235,203.130235,3967.0,3967.0
2019-05-31 20:00:00,176.50363499999997,176.50363499999997,3447.0,3447.0
2019-05-31 21:00:00,188.792835,188.792835,3687.0,3687.0
2019-05-31 22:00:00,10.906665000000002,10.906665000000002,213.0,213.0
2019-05-31 23:00:00,10.13859,10.138589999999999,198.0,198.0
2019-06-01 00:00:00,21.864534999999997,21.864534999999997,427.0,427.0
2019-06-01 01:00:00,21.762124999999997,21.762124999999997,425.0,425.0
2019-06-01 02:00:00,17.51211,17.51211,342.0,342.0
2019-06-01 03:00:00,17.51211,17.51211,342.0,342.0
2019-06-01 04:00:00,18.689825000000003,18.689825000000003,365.0,365.0
2019-06-01 05:00:00,17.409699999999997,17.409699999999997,340.0,340.0
2019-06-01 06:00:00,16.334394999999997,16.334394999999997,319.0,319.0
2019-06-01 07:00:00,420.034615,420.034615,8203.0,8203.0
2019-06-01 08:00:00,400.4743049999999,400.4743049999999,7821.0,7821.0
2019-06-01 09:00:00,106.455195,106.455195,2079.0,2079.0
2019-06-01 10:00:00,114.750405,114.750405,2241.0,2241.0
2019-06-01 11:00:00,65.74722,65.74722,1284.0,1284.0
2019-06-01 12:00:00,65.03035,65.03035,1270.0,1270.0
2019-06-01 13:00:00,62.16287,62.16287,1214.0,1214.0
2019-06-01 14:00:00,83.77137999999998,83.77137999999998,1636.0,1636.0
2019-06-01 15:00:00,210.75978,210.75978,4116.0,4116.0
2019-06-01 16:00:00,237.18156000000005,237.18156000000005,4632.0,4632.0
2019-06-01 17:00:00,36.45796000000001,36.45796000000001,712.0,712.0
2019-06-01 18:00:00,33.744094999999994,33.744094999999994,659.0,659.0
2019-06-01 19:00:00,39.171825000000005,39.171825000000005,765.0,765.0
2019-06-01 20:00:00,133.64505000000003,133.64505000000003,2610.0,2610.0
2019-06-01 21:00:00,131.90408000000002,131.90408000000002,2576.0,2576.0
2019-06-01 22:00:00,149.569805,149.56980499999997,2921.0,2921.0
2019-06-01 23:00:00,16.744034999999997,16.744034999999997,327.0,327.0
2019-06-02 00:00:00,13.262094999999999,13.262094999999999,259.0,259.0
2019-06-02 01:00:00,21.09646,21.096460000000004,412.0,412.0
2019-06-02 02:00:00,19.969949999999997,19.969949999999997,390.0,390.0
2019-06-02 03:00:00,13.41571,13.41571,262.0,262.0
2019-06-02 04:00:00,18.997055,18.997055,371.0,371.0
2019-06-02 05:00:00,25.50009,25.500089999999997,498.0,498.0
2019-06-02 06:00:00,17.204879999999996,17.204879999999996,336.0,336.0
2019-06-02 07:00:00,412.91711999999995,412.91711999999995,8064.0,8064.0
2019-06-02 08:00:00,405.28757499999995,405.28757499999995,7915.0,7915.0
2019-06-02 09:00:00,114.39197000000001,114.39197000000001,2234.0,2234.0
2019-06-02 10:00:00,102.10276999999999,102.10276999999999,1994.0,1994.0
2019-06-02 11:00:00,66.87373,66.87373,1306.0,1306.0
2019-06-02 12:00:00,70.97013,70.97013,1386.0,1386.0
2019-06-02 13:00:00,67.334575,67.334575,1315.0,1315.0
2019-06-02 14:00:00,72.04543499999998,72.04543499999998,1407.0,1407.0
2019-06-02 15:00:00,241.63639499999996,241.63639499999996,4719.0,4719.0
2019-06-02 16:00:00,236.15746,236.15746,4612.0,4612.0
2019-06-02 17:00:00,33.38566,33.38566,652.0,652.0
2019-06-02 18:00:00,28.46998,28.46998,556.0,556.0
2019-06-02 19:00:00,35.587475,35.587475,695.0,695.0
2019-06-02 20:00:00,132.62095,132.62095,2590.0,2590.0
2019-06-02 21:00:00,139.636035,139.636035,2727.0,2727.0
2019-06-02 22:00:00,136.92217,136.92217,2674.0,2674.0
2019-06-02 23:00:00,14.286195,14.286195,279.0,279.0
2019-06-03 00:00:00,8.551235000000002,8.551235000000002,167.0,167.0
2019-06-03 01:00:00,10.75305,10.753050000000002,210.0,210.0
2019-06-03 02:00:00,9.268105,9.268105,181.0,181.0
2019-06-03 03:00:00,8.653645,8.653645,169.0,169.0
2019-06-03 04:00:00,9.063285,9.063285,177.0,177.0
2019-06-03 05:00:00,6.1446,6.1446,120.0,120.0
2019-06-03 06:00:00,7.731954999999999,7.731954999999999,151.0,151.0
2019-06-03 07:00:00,413.992425,413.99242499999997,8085.0,8085.0
2019-06-03 08:00:00,103.94615000000002,103.94615000000002,2030.0,2030.0
2019-06-03 09:00:00,74.55448000000001,74.55448000000001,1456.0,1456.0
2019-06-03 10:00:00,88.27742000000003,88.27742000000003,1724.0,1724.0
2019-06-03 11:00:00,106.19917,106.19917,2074.0,2074.0
2019-06-03 12:00:00,200.92841999999996,200.92841999999993,3924.0,3924.0
2019-06-03 13:00:00,95.54852999999999,95.54852999999999,1866.0,1866.0
2019-06-03 14:00:00,102.30758999999999,102.30758999999999,1998.0,1998.0
2019-06-03 15:00:00,93.19310000000004,93.19310000000004,1820.0,1820.0
2019-06-03 16:00:00,67.07854999999998,67.07854999999998,1310.0,1310.0
2019-06-03 17:00:00,66.36167999999999,66.36167999999999,1296.0,1296.0
2019-06-03 18:00:00,206.15133,206.15133000000003,4026.0,4026.0
2019-06-03 19:00:00,181.57292999999999,181.57292999999999,3546.0,3546.0
2019-06-03 20:00:00,181.36811,181.36811,3542.0,3542.0
2019-06-03 21:00:00,188.33199,188.33199,3678.0,3678.0
2019-06-03 22:00:00,10.85546,10.85546,212.0,212.0
2019-06-03 23:00:00,12.08438,12.08438,236.0,236.0
2019-06-04 00:00:00,9.421719999999999,9.421719999999999,184.0,184.0
2019-06-04 01:00:00,6.810264999999999,6.810264999999999,133.0,133.0
2019-06-04 02:00:00,7.168699999999999,7.1686999999999985,140.0,140.0
2019-06-04 03:00:00,7.1686999999999985,7.1686999999999985,140.0,140.0
2019-06-04 04:00:00,10.804255,10.804255,211.0,211.0
2019-06-04 05:00:00,6.04219,6.04219,118.0,118.0
2019-06-04 06:00:00,6.503035,6.503035,127.0,127.0
2019-06-04 07:00:00,424.6942699999999,424.6942699999999,8294.0,8294.0
2019-06-04 08:00:00,111.166055,111.166055,2171.0,2171.0
2019-06-04 09:00:00,63.03335499999999,63.03335499999999,1231.0,1231.0
2019-06-04 10:00:00,90.94008,90.94008,1776.0,1776.0
2019-06-04 11:00:00,89.557545,89.557545,1749.0,1749.0
2019-06-04 12:00:00,188.94645,188.94645,3690.0,3690.0
2019-06-04 13:00:00,103.53651000000002,103.53651000000004,2022.0,2022.0
2019-06-04 14:00:00,97.90396,97.90396,1912.0,1912.0
2019-06-04 15:00:00,103.075665,103.07566500000001,2013.0,2013.0
2019-06-04 16:00:00,61.343590000000006,61.343590000000006,1198.0,1198.0
2019-06-04 17:00:00,65.59360500000001,65.59360500000001,1281.0,1281.0
2019-06-04 18:00:00,183.16028499999996,183.16028499999996,3577.0,3577.0
2019-06-04 19:00:00,193.04284999999996,193.04284999999996,3770.0,3770.0
2019-06-04 20:00:00,204.46156499999998,204.46156499999998,3993.0,3993.0
2019-06-04 21:00:00,206.76578999999998,206.76578999999998,4038.0,4038.0
2019-06-04 22:00:00,12.08438,12.08438,236.0,236.0
2019-06-04 23:00:00,6.1446,6.1446,120.0,120.0
2019-06-05 00:00:00,7.475929999999999,7.475929999999999,146.0,146.0
2019-06-05 01:00:00,12.084380000000003,12.084380000000003,236.0,236.0
2019-06-05 02:00:00,7.06629,7.06629,138.0,138.0
2019-06-05 03:00:00,10.44582,10.44582,204.0,204.0
2019-06-05 04:00:00,9.933769999999999,9.93377,194.0,194.0
2019-06-05 05:00:00,9.370515,9.370515,183.0,183.0
2019-06-05 06:00:00,12.852455000000003,12.852455000000003,251.0,251.0
2019-06-05 07:00:00,426.94728999999995,426.9472899999999,8338.0,8338.0
2019-06-05 08:00:00,97.033475,97.033475,1895.0,1895.0
2019-06-05 09:00:00,56.581525000000006,56.581525000000006,1105.0,1105.0
2019-06-05 10:00:00,98.72324000000002,98.72324000000002,1928.0,1928.0
2019-06-05 11:00:00,99.44011,99.44011,1942.0,1942.0
2019-06-05 12:00:00,199.341065,199.341065,3893.0,3893.0
2019-06-05 13:00:00,92.93707499999998,92.93707499999998,1815.0,1815.0
2019-06-05 14:00:00,106.81362999999999,106.81362999999999,2086.0,2086.0
2019-06-05 15:00:00,107.12086000000001,107.12086000000001,2092.0,2092.0
2019-06-05 16:00:00,59.397800000000004,59.397800000000004,1160.0,1160.0
2019-06-05 17:00:00,60.01226,60.01226,1172.0,1172.0
2019-06-05 18:00:00,209.32604000000003,209.32604000000006,4088.0,4088.0
2019-06-05 19:00:00,197.804915,197.804915,3863.0,3863.0
2019-06-05 20:00:00,172.56085000000002,172.56085000000002,3370.0,3370.0
2019-06-05 21:00:00,200.67239500000002,200.67239500000002,3919.0,3919.0
2019-06-05 22:00:00,10.189795,10.189795,199.0,199.0
2019-06-05 23:00:00,8.807260000000001,8.807260000000001,172.0,172.0
2019-06-06 00:00:00,6.554239999999999,6.554239999999999,128.0,128.0
2019-06-06 01:00:00,8.090390000000001,8.090390000000001,158.0,158.0
2019-06-06 02:00:00,7.680749999999999,7.680749999999999,150.0,150.0
2019-06-06 03:00:00,8.909670000000002,8.909670000000002,174.0,174.0
2019-06-06 04:00:00,12.033175000000002,12.033175000000002,235.0,235.0
2019-06-06 05:00:00,11.06028,11.06028,216.0,216.0
2019-06-06 06:00:00,11.2651,11.2651,220.0,220.0
2019-06-06 07:00:00,430.83887,430.83887,8414.0,8414.0
2019-06-06 08:00:00,109.93713500000003,109.93713500000003,2147.0,2147.0
2019-06-06 09:00:00,68.25626499999997,68.25626499999997,1333.0,1333.0
2019-06-06 10:00:00,98.159985,98.159985,1917.0,1917.0
2019-06-06 11:00:00,87.918985,87.918985,1717.0,1717.0
2019-06-06 12:00:00,190.58500999999998,190.58500999999998,3722.0,3722.0
2019-06-06 13:00:00,100.05457000000001,100.05457000000001,1954.0,1954.0
2019-06-06 14:00:00,94.47322500000001,94.47322500000001,1845.0,1845.0
2019-06-06 15:00:00,104.71422500000003,104.71422500000003,2045.0,2045.0
2019-06-06 16:00:00,61.54841000000001,61.54841000000001,1202.0,1202.0
2019-06-06 17:00:00,62.009254999999996,62.009255,1211.0,1211.0
2019-06-06 18:00:00,177.015685,177.015685,3457.0,3457.0
2019-06-06 19:00:00,180.44642,180.44642,3524.0,3524.0
2019-06-06 20:00:00,204.51276999999996,204.51276999999996,3994.0,3994.0
2019-06-06 21:00:00,185.25969000000003,185.25969000000003,3618.0,3618.0
2019-06-06 22:00:00,13.62053,13.62053,266.0,266.0
2019-06-06 23:00:00,7.731954999999999,7.731954999999999,151.0,151.0
2019-06-07 00:00:00,7.168699999999999,7.1686999999999985,140.0,140.0
2019-06-07 01:00:00,11.060280000000002,11.060280000000002,216.0,216.0
2019-06-07 02:00:00,14.695834999999997,14.695834999999997,287.0,287.0
2019-06-07 03:00:00,9.780155,9.780155,191.0,191.0
2019-06-07 04:00:00,6.656649999999999,6.656649999999999,130.0,130.0
2019-06-07 05:00:00,9.626539999999999,9.626539999999999,188.0,188.0
2019-06-07 06:00:00,6.810265,6.810265,133.0,133.0
2019-06-07 07:00:00,422.44124999999997,422.44125,8250.0,8250.0
2019-06-07 08:00:00,108.45219,108.45219,2118.0,2118.0
2019-06-07 09:00:00,67.641805,67.641805,1321.0,1321.0
2019-06-07 10:00:00,97.03347500000005,97.03347500000005,1895.0,1895.0
2019-06-07 11:00:00,101.33469500000001,101.33469500000001,1979.0,1979.0
2019-06-07 12:00:00,193.606105,193.606105,3781.0,3781.0
2019-06-07 13:00:00,98.569625,98.569625,1925.0,1925.0
2019-06-07 14:00:00,92.220205,92.220205,1801.0,1801.0
2019-06-07 15:00:00,102.05156500000001,102.05156500000001,1993.0,1993.0
2019-06-07 16:00:00,59.551415,59.551415,1163.0,1163.0
2019-06-07 17:00:00,60.47310499999999,60.47310499999999,1181.0,1181.0
2019-06-07 18:00:00,186.232585,186.232585,3637.0,3637.0
2019-06-07 19:00:00,174.45543499999997,174.45543499999997,3407.0,3407.0
2019-06-07 20:00:00,191.60911,191.60911,3742.0,3742.0
2019-06-07 21:00:00,185.15727999999996,185.15727999999996,3616.0,3616.0
2019-06-07 22:00:00,8.090390000000001,8.090390000000001,158.0,158.0
2019-06-07 23:00:00,6.298214999999999,6.298214999999999,123.0,123.0
2019-06-08 00:00:00,18.126569999999997,18.126569999999997,354.0,354.0
2019-06-08 01:00:00,18.63862,18.63862,364.0,364.0
2019-06-08 02:00:00,14.23499,14.23499,278.0,278.0
2019-06-08 03:00:00,19.253079999999997,19.253079999999997,376.0,376.0
2019-06-08 04:00:00,22.5302,22.5302,440.0,440.0
2019-06-08 05:00:00,20.99405,20.99405,410.0,410.0
2019-06-08 06:00:00,16.897649999999995,16.897649999999995,330.0,330.0
2019-06-08 07:00:00,405.59480500000006,405.59480500000006,7921.0,7921.0
2019-06-08 08:00:00,404.51949999999994,404.51949999999994,7900.0,7900.0
2019-06-08 09:00:00,109.68111,109.68111000000002,2142.0,2142.0
2019-06-08 10:00:00,106.55760499999998,106.55760499999998,2081.0,2081.0
2019-06-08 11:00:00,75.937015,75.937015,1483.0,1483.0
2019-06-08 12:00:00,85.66596499999999,85.66596499999999,1673.0,1673.0
2019-06-08 13:00:00,74.34965999999999,74.34965999999999,1452.0,1452.0
2019-06-08 14:00:00,74.605685,74.605685,1457.0,1457.0
2019-06-08 15:00:00,223.97067,223.97067,4374.0,4374.0
2019-06-08 16:00:00,224.17549,224.17549,4378.0,4378.0
2019-06-08 17:00:00,35.536269999999995,35.536269999999995,694.0,694.0
2019-06-08 18:00:00,39.888695000000006,39.888695000000006,779.0,779.0
2019-06-08 19:00:00,31.95192,31.951920000000005,624.0,624.0
2019-06-08 20:00:00,136.00048,136.00048,2656.0,2656.0
2019-06-08 21:00:00,127.34683499999998,127.346835,2487.0,2487.0
2019-06-08 22:00:00,136.2053,136.2053,2660.0,2660.0
2019-06-08 23:00:00,14.95186,14.951859999999998,292.0,292.0
2019-06-09 00:00:00,17.92175,17.92175,350.0,350.0
2019-06-09 01:00:00,21.91574,21.91574,428.0,428.0
2019-06-09 02:00:00,16.69283,16.69283,326.0,326.0
2019-06-09 03:00:00,19.355489999999996,19.355489999999996,378.0,378.0
2019-06-09 04:00:00,18.74103,18.74103,366.0,366.0
2019-06-09 05:00:00,21.966945000000003,21.966945000000003,429.0,429.0
2019-06-09 06:00:00,23.093455000000002,23.093455000000002,451.0,451.0
2019-06-09 07:00:00,388.85077,388.85077,7594.0,7594.0
2019-06-09 08:00:00,398.11887499999995,398.11887499999995,7775.0,7775.0
2019-06-09 09:00:00,118.84680499999999,118.84680499999999,2321.0,2321.0
2019-06-09 10:00:00,116.59378499999998,116.59378499999998,2277.0,2277.0
2019-06-09 11:00:00,71.94302500000002,71.94302500000002,1405.0,1405.0
2019-06-09 12:00:00,67.02734500000001,67.02734500000001,1309.0,1309.0
2019-06-09 13:00:00,64.10866000000001,64.10866000000001,1252.0,1252.0
2019-06-09 14:00:00,66.82252500000001,66.82252500000001,1305.0,1305.0
2019-06-09 15:00:00,219.823065,219.82306500000004,4293.0,4293.0
2019-06-09 16:00:00,226.99176500000004,226.99176500000004,4433.0,4433.0
2019-06-09 17:00:00,44.65076,44.65076,872.0,872.0
2019-06-09 18:00:00,40.55436,40.554359999999996,792.0,792.0
2019-06-09 19:00:00,38.65977499999999,38.65977499999999,755.0,755.0
2019-06-09 20:00:00,135.59084,135.59084,2648.0,2648.0
2019-06-09 21:00:00,144.14207499999998,144.14207499999998,2815.0,2815.0
2019-06-09 22:00:00,125.605865,125.605865,2453.0,2453.0
2019-06-09 23:00:00,11.213894999999999,11.213894999999999,219.0,219.0
2019-06-10 00:00:00,23.04225,23.04225,450.0,450.0
2019-06-10 01:00:00,18.382595,18.382595,359.0,359.0
2019-06-10 02:00:00,16.846445,16.846445,329.0,329.0
2019-06-10 03:00:00,16.18078,16.18078,316.0,316.0
2019-06-10 04:00:00,18.331390000000003,18.331390000000003,358.0,358.0
2019-06-10 05:00:00,17.4097,17.4097,340.0,340.0
2019-06-10 06:00:00,17.153674999999996,17.153674999999996,335.0,335.0
2019-06-10 07:00:00,407.74541500000004,407.74541500000004,7963.0,7963.0
2019-06-10 08:00:00,416.040625,416.040625,8125.0,8125.0
2019-06-10 09:00:00,112.702205,112.702205,2201.0,2201.0
2019-06-10 10:00:00,114.69919999999999,114.69919999999998,2240.0,2240.0
2019-06-10 11:00:00,69.94603,69.94603,1366.0,1366.0
2019-06-10 12:00:00,62.418895,62.418895,1219.0,1219.0
2019-06-10 13:00:00,70.816515,70.816515,1383.0,1383.0
2019-06-10 14:00:00,67.232165,67.232165,1313.0,1313.0
2019-06-10 15:00:00,208.865195,208.865195,4079.0,4079.0
2019-06-10 16:00:00,230.883345,230.883345,4509.0,4509.0
2019-06-10 17:00:00,39.683875,39.683875,775.0,775.0
2019-06-10 18:00:00,40.14472000000001,40.14472000000001,784.0,784.0
2019-06-10 19:00:00,32.412765,32.412765,633.0,633.0
2019-06-10 20:00:00,141.377005,141.377005,2761.0,2761.0
2019-06-10 21:00:00,136.20529999999997,136.20529999999997,2660.0,2660.0
2019-06-10 22:00:00,134.822765,134.822765,2633.0,2633.0
2019-06-10 23:00:00,17.972955,17.972955,351.0,351.0
2019-06-11 00:00:00,11.009074999999998,11.009074999999998,215.0,215.0
2019-06-11 01:00:00,9.31931,9.31931,182.0,182.0
2019-06-11 02:00:00,8.551235,8.551235,167.0,167.0
2019-06-11 03:00:00,6.55424,6.55424,128.0,128.0
2019-06-11 04:00:00,7.834365000000001,7.834365000000001,153.0,153.0
2019-06-11 05:00:00,11.725944999999998,11.725944999999998,229.0,229.0
2019-06-11 06:00:00,9.31931,9.31931,182.0,182.0
2019-06-11 07:00:00,435.191295,435.191295,8499.0,8499.0
2019-06-11 08:00:00,99.38890500000001,99.38890500000001,1941.0,1941.0
2019-06-11 09:00:00,63.442994999999996,63.442994999999996,1239.0,1239.0
2019-06-11 10:00:00,92.98827999999999,92.98827999999999,1816.0,1816.0
2019-06-11 11:00:00,97.18709000000003,97.18709000000003,1898.0,1898.0
2019-06-11 12:00:00,181.828955,181.828955,3551.0,3551.0
2019-06-11 13:00:00,87.81657500000001,87.81657500000001,1715.0,1715.0
2019-06-11 14:00:00,90.73526000000003,90.73526000000003,1772.0,1772.0
2019-06-11 15:00:00,101.48831000000001,101.48831000000001,1982.0,1982.0
2019-06-11 16:00:00,60.01226000000001,60.01226000000002,1172.0,1172.0
2019-06-11 17:00:00,63.03335499999999,63.03335499999999,1231.0,1231.0
2019-06-11 18:00:00,190.07296,190.07296,3712.0,3712.0
2019-06-11 19:00:00,175.63315,175.63315,3430.0,3430.0
2019-06-11 20:00:00,206.816995,206.81699499999996,4039.0,4039.0
2019-06-11 21:00:00,200.16034499999998,200.16034499999998,3909.0,3909.0
2019-06-11 22:00:00,13.10848,13.10848,256.0,256.0
2019-06-11 23:00:00,10.138589999999999,10.138589999999999,198.0,198.0
2019-06-12 00:00:00,7.936774999999999,7.936774999999999,155.0,155.0
2019-06-12 01:00:00,7.271109999999998,7.271109999999998,142.0,142.0
2019-06-12 02:00:00,10.701844999999999,10.701844999999999,209.0,209.0
2019-06-12 03:00:00,10.03618,10.03618,196.0,196.0
2019-06-12 04:00:00,11.213894999999999,11.213894999999999,219.0,219.0
2019-06-12 05:00:00,8.192799999999998,8.192799999999998,160.0,160.0
2019-06-12 06:00:00,12.750045,12.750044999999998,249.0,249.0
2019-06-12 07:00:00,409.23035999999996,409.23035999999996,7992.0,7992.0
2019-06-12 08:00:00,105.22627500000003,105.22627500000003,2055.0,2055.0
2019-06-12 09:00:00,64.62070999999999,64.62070999999999,1262.0,1262.0
2019-06-12 10:00:00,97.69914,97.69914,1908.0,1908.0
2019-06-12 11:00:00,96.72624499999999,96.72624499999999,1889.0,1889.0
2019-06-12 12:00:00,165.69937999999996,165.69937999999993,3236.0,3236.0
2019-06-12 13:00:00,94.21719999999999,94.21719999999999,1840.0,1840.0
2019-06-12 14:00:00,97.39191000000001,97.39191000000001,1902.0,1902.0
2019-06-12 15:00:00,106.40399000000004,106.40399000000004,2078.0,2078.0
2019-06-12 16:00:00,60.063465,60.06346500000001,1173.0,1173.0
2019-06-12 17:00:00,56.274295000000016,56.274295000000016,1099.0,1099.0
2019-06-12 18:00:00,185.87415,185.87415,3630.0,3630.0
2019-06-12 19:00:00,198.112145,198.112145,3869.0,3869.0
2019-06-12 20:00:00,185.41330499999995,185.41330499999995,3621.0,3621.0
2019-06-12 21:00:00,187.461505,187.461505,3661.0,3661.0
2019-06-12 22:00:00,6.55424,6.55424,128.0,128.0
2019-06-12 23:00:00,8.09039,8.09039,158.0,158.0
2019-06-13 00:00:00,5.734959999999999,5.734959999999999,112.0,112.0
2019-06-13 01:00:00,8.70485,8.70485,170.0,170.0
2019-06-13 02:00:00,9.370515,9.370515,183.0,183.0
2019-06-13 03:00:00,10.343409999999999,10.343409999999999,202.0,202.0
2019-06-13 04:00:00,9.472925,9.472925,185.0,185.0
2019-06-13 05:00:00,9.780155,9.780155,191.0,191.0
2019-06-13 06:00:00,10.189794999999998,10.189794999999998,199.0,199.0
2019-06-13 07:00:00,416.5014699999999,416.5014699999999,8134.0,8134.0
2019-06-13 08:00:00,95.54853,95.54853,1866.0,1866.0
2019-06-13 09:00:00,68.81952000000001,68.81952000000001,1344.0,1344.0
2019-06-13 10:00:00,106.30158000000003,106.30158000000003,2076.0,2076.0
2019-06-13 11:00:00,101.38589999999999,101.38589999999999,1980.0,1980.0
2019-06-13 12:00:00,178.55183499999998,178.55183499999998,3487.0,3487.0
2019-06-13 13:00:00,95.95817000000001,95.95817000000001,1874.0,1874.0
2019-06-13 14:00:00,90.991285,90.99128499999999,1777.0,1777.0
2019-06-13 15:00:00,84.02740499999999,84.02740499999999,1641.0,1641.0
2019-06-13 16:00:00,60.72912999999999,60.72912999999999,1186.0,1186.0
2019-06-13 17:00:00,62.47010000000001,62.47010000000001,1220.0,1220.0
2019-06-13 18:00:00,187.61511999999996,187.61511999999996,3664.0,3664.0
2019-06-13 19:00:00,197.44648,197.44648,3856.0,3856.0
2019-06-13 20:00:00,194.06695,194.06695,3790.0,3790.0
2019-06-13 21:00:00,188.48560500000002,188.48560500000002,3681.0,3681.0
2019-06-13 22:00:00,11.87956,11.87956,232.0,232.0
2019-06-13 23:00:00,10.957869999999998,10.957869999999998,214.0,214.0
2019-06-14 00:00:00,6.707854999999999,6.707854999999999,131.0,131.0
2019-06-14 01:00:00,10.701845,10.701845,209.0,209.0
2019-06-14 02:00:00,8.756054999999998,8.756054999999998,171.0,171.0
2019-06-14 03:00:00,9.72895,9.728950000000001,190.0,190.0
2019-06-14 04:00:00,7.731954999999999,7.731954999999999,151.0,151.0
2019-06-14 05:00:00,10.343409999999999,10.343409999999999,202.0,202.0
2019-06-14 06:00:00,9.063284999999999,9.063284999999999,177.0,177.0
2019-06-14 07:00:00,426.64006000000006,426.64006000000006,8332.0,8332.0
2019-06-14 08:00:00,99.44011,99.44011,1942.0,1942.0
2019-06-14 09:00:00,62.265280000000004,62.26528,1216.0,1216.0
2019-06-14 10:00:00,80.59667,80.59667,1574.0,1574.0
2019-06-14 11:00:00,98.62082999999997,98.62082999999997,1926.0,1926.0
2019-06-14 12:00:00,170.61506,170.61506,3332.0,3332.0
2019-06-14 13:00:00,87.30452500000001,87.30452500000001,1705.0,1705.0
2019-06-14 14:00:00,96.31660500000002,96.31660500000002,1881.0,1881.0
2019-06-14 15:00:00,89.91598,89.91597999999999,1756.0,1756.0
2019-06-14 16:00:00,58.88574999999999,58.88574999999999,1150.0,1150.0
2019-06-14 17:00:00,71.48217999999999,71.48217999999999,1396.0,1396.0
2019-06-14 18:00:00,204.56397500000003,204.56397500000003,3995.0,3995.0
2019-06-14 19:00:00,185.72053499999996,185.72053499999996,3627.0,3627.0
2019-06-14 20:00:00,184.79884499999997,184.79884499999997,3609.0,3609.0
2019-06-14 21:00:00,169.48855,169.48855,3310.0,3310.0
2019-06-14 22:00:00,8.090390000000001,8.090390000000001,158.0,158.0
2019-06-14 23:00:00,11.16269,11.16269,218.0,218.0
2019-06-15 00:00:00,17.4097,17.4097,340.0,340.0
2019-06-15 01:00:00,17.256085,17.256085,337.0,337.0
2019-06-15 02:00:00,15.873550000000002,15.873550000000002,310.0,310.0
2019-06-15 03:00:00,14.030169999999998,14.030169999999998,274.0,274.0
2019-06-15 04:00:00,20.58441,20.58441,402.0,402.0
2019-06-15 05:00:00,20.379590000000004,20.379590000000004,398.0,398.0
2019-06-15 06:00:00,21.506099999999996,21.506099999999996,420.0,420.0
2019-06-15 07:00:00,398.01646500000004,398.01646500000004,7773.0,7773.0
2019-06-15 08:00:00,388.44113000000004,388.44113000000004,7586.0,7586.0
2019-06-15 09:00:00,115.62089000000002,115.62089000000002,2258.0,2258.0
2019-06-15 10:00:00,107.63291,107.63291,2102.0,2102.0
2019-06-15 11:00:00,74.04243000000001,74.04243000000001,1446.0,1446.0
2019-06-15 12:00:00,61.65082000000001,61.65082000000001,1204.0,1204.0
2019-06-15 13:00:00,60.4219,60.4219,1180.0,1180.0
2019-06-15 14:00:00,62.470099999999995,62.470099999999995,1220.0,1220.0
2019-06-15 15:00:00,213.16641499999994,213.16641499999994,4163.0,4163.0
2019-06-15 16:00:00,238.05204500000002,238.05204500000002,4649.0,4649.0
2019-06-15 17:00:00,36.509165,36.509165,713.0,713.0
2019-06-15 18:00:00,35.74109,35.74109,698.0,698.0
2019-06-15 19:00:00,34.409760000000006,34.409760000000006,672.0,672.0
2019-06-15 20:00:00,131.90408,131.90408,2576.0,2576.0
2019-06-15 21:00:00,130.828775,130.828775,2555.0,2555.0
2019-06-15 22:00:00,123.55766500000003,123.55766500000003,2413.0,2413.0
2019-06-15 23:00:00,16.334395000000004,16.334395000000004,319.0,319.0
2019-06-16 00:00:00,21.045254999999997,21.045254999999997,411.0,411.0
2019-06-16 01:00:00,27.036240000000003,27.036240000000003,528.0,528.0
2019-06-16 02:00:00,15.924755000000001,15.924755000000001,311.0,311.0
2019-06-16 03:00:00,20.789229999999996,20.789229999999996,406.0,406.0
2019-06-16 04:00:00,14.900655,14.900655,291.0,291.0
2019-06-16 05:00:00,14.3374,14.3374,280.0,280.0
2019-06-16 06:00:00,21.250075,21.250074999999995,415.0,415.0
2019-06-16 07:00:00,386.18811,386.18811,7542.0,7542.0
2019-06-16 08:00:00,392.07668499999994,392.07668499999994,7657.0,7657.0
2019-06-16 09:00:00,117.105835,117.105835,2287.0,2287.0
2019-06-16 10:00:00,114.80161,114.80161,2242.0,2242.0
2019-06-16 11:00:00,72.76230499999998,72.76230499999998,1421.0,1421.0
2019-06-16 12:00:00,69.075545,69.075545,1349.0,1349.0
2019-06-16 13:00:00,71.738205,71.738205,1401.0,1401.0
2019-06-16 14:00:00,56.581525,56.581525,1105.0,1105.0
2019-06-16 15:00:00,229.24478499999998,229.24478499999998,4477.0,4477.0
2019-06-16 16:00:00,207.58507,207.58507,4054.0,4054.0
2019-06-16 17:00:00,35.63868,35.63868,696.0,696.0
2019-06-16 18:00:00,31.081435,31.081435,607.0,607.0
2019-06-16 19:00:00,31.849509999999995,31.84950999999999,622.0,622.0
2019-06-16 20:00:00,123.40404999999998,123.40404999999998,2410.0,2410.0
2019-06-16 21:00:00,127.14201499999997,127.14201499999997,2483.0,2483.0
2019-06-16 22:00:00,126.22032500000002,126.22032500000002,2465.0,2465.0
2019-06-16 23:00:00,17.665725,17.665725,345.0,345.0
2019-06-17 00:00:00,7.322315,7.322315,143.0,143.0
2019-06-17 01:00:00,8.09039,8.09039,158.0,158.0
2019-06-17 02:00:00,11.06028,11.06028,216.0,216.0
2019-06-17 03:00:00,10.241,10.241,200.0,200.0
2019-06-17 04:00:00,7.322315,7.322315,143.0,143.0
2019-06-17 05:00:00,8.141595,8.141595,159.0,159.0
2019-06-17 06:00:00,8.346415,8.346415,163.0,163.0
2019-06-17 07:00:00,416.85990499999997,416.85990499999997,8141.0,8141.0
2019-06-17 08:00:00,87.25332,87.25332,1704.0,1704.0
2019-06-17 09:00:00,61.18997499999999,61.18997499999999,1195.0,1195.0
2019-06-17 10:00:00,94.57563500000002,94.57563500000002,1847.0,1847.0
2019-06-17 11:00:00,102.81964000000002,102.81964000000002,2008.0,2008.0
2019-06-17 12:00:00,165.80179,165.80179,3238.0,3238.0
2019-06-17 13:00:00,85.87078500000001,85.87078500000001,1677.0,1677.0
2019-06-17 14:00:00,94.93407,94.93407,1854.0,1854.0
2019-06-17 15:00:00,95.39491499999998,95.39491499999998,1863.0,1863.0
2019-06-17 16:00:00,57.093574999999994,57.09357499999999,1115.0,1115.0
2019-06-17 17:00:00,61.03636,61.03636,1192.0,1192.0
2019-06-17 18:00:00,198.6754,198.6754,3880.0,3880.0
2019-06-17 19:00:00,184.389205,184.389205,3601.0,3601.0
2019-06-17 20:00:00,188.075965,188.07596499999997,3673.0,3673.0
2019-06-17 21:00:00,193.14526,193.14526,3772.0,3772.0
2019-06-17 22:00:00,9.063285,9.063285,177.0,177.0
2019-06-17 23:00:00,8.346415,8.346415,163.0,163.0
2019-06-18 00:00:00,12.033175,12.033175,235.0,235.0
2019-06-18 01:00:00,8.858464999999999,8.858464999999999,173.0,173.0
2019-06-18 02:00:00,7.731954999999999,7.731954999999999,151.0,151.0
2019-06-18 03:00:00,8.1928,8.1928,160.0,160.0
2019-06-18 04:00:00,11.060279999999999,11.060279999999999,216.0,216.0
2019-06-18 05:00:00,7.1686999999999985,7.1686999999999985,140.0,140.0
2019-06-18 06:00:00,5.683755000000001,5.6837550000000014,111.0,111.0
2019-06-18 07:00:00,400.167075,400.167075,7815.0,7815.0
2019-06-18 08:00:00,102.256385,102.256385,1997.0,1997.0
2019-06-18 09:00:00,64.10866,64.10866,1252.0,1252.0
2019-06-18 10:00:00,92.220205,92.220205,1801.0,1801.0
2019-06-18 11:00:00,93.96117500000001,93.96117500000001,1835.0,1835.0
2019-06-18 12:00:00,210.913395,210.913395,4119.0,4119.0
2019-06-18 13:00:00,89.352725,89.35272499999999,1745.0,1745.0
2019-06-18 14:00:00,88.12380499999998,88.12380499999998,1721.0,1721.0
2019-06-18 15:00:00,93.653945,93.653945,1829.0,1829.0
2019-06-18 16:00:00,58.32249499999999,58.32249499999999,1139.0,1139.0
2019-06-18 17:00:00,57.86165,57.86165,1130.0,1130.0
2019-06-18 18:00:00,182.69943999999998,182.69943999999998,3568.0,3568.0
2019-06-18 19:00:00,187.30789,187.30789,3658.0,3658.0
2019-06-18 20:00:00,192.58200499999998,192.58200499999995,3761.0,3761.0
2019-06-18 21:00:00,182.03377500000005,182.03377500000005,3555.0,3555.0
2019-06-18 22:00:00,9.063284999999999,9.063284999999999,177.0,177.0
2019-06-18 23:00:00,6.963879999999998,6.963879999999998,136.0,136.0
2019-06-19 00:00:00,4.557245,4.557245,89.0,89.0
2019-06-19 01:00:00,9.268105,9.268105,181.0,181.0
2019-06-19 02:00:00,8.756054999999998,8.756054999999998,171.0,171.0
2019-06-19 03:00:00,10.394614999999998,10.394614999999998,203.0,203.0
2019-06-19 04:00:00,6.400625,6.400625,125.0,125.0
2019-06-19 05:00:00,12.135584999999999,12.135585,237.0,237.0
2019-06-19 06:00:00,9.268105,9.268105,181.0,181.0
2019-06-19 07:00:00,454.751605,454.751605,8881.0,8881.0
2019-06-19 08:00:00,102.05156500000001,102.05156500000001,1993.0,1993.0
2019-06-19 09:00:00,65.081555,65.081555,1271.0,1271.0
2019-06-19 10:00:00,105.431095,105.431095,2059.0,2059.0
2019-06-19 11:00:00,88.07260000000001,88.07260000000001,1720.0,1720.0
2019-06-19 12:00:00,175.53073999999995,175.53073999999995,3428.0,3428.0
2019-06-19 13:00:00,95.90696500000001,95.906965,1873.0,1873.0
2019-06-19 14:00:00,86.43404,86.43404,1688.0,1688.0
2019-06-19 15:00:00,91.96418000000003,91.96418000000004,1796.0,1796.0
2019-06-19 16:00:00,56.376705,56.376705,1101.0,1101.0
2019-06-19 17:00:00,75.322555,75.322555,1471.0,1471.0
2019-06-19 18:00:00,184.85005,184.85005,3610.0,3610.0
2019-06-19 19:00:00,189.15126999999998,189.15126999999998,3694.0,3694.0
2019-06-19 20:00:00,181.16329,181.16329,3538.0,3538.0
2019-06-19 21:00:00,207.32904499999995,207.32904499999995,4049.0,4049.0
2019-06-19 22:00:00,11.879559999999998,11.879559999999998,232.0,232.0
2019-06-19 23:00:00,10.855459999999999,10.855459999999999,212.0,212.0
2019-06-20 00:00:00,8.551234999999998,8.551234999999998,167.0,167.0
2019-06-20 01:00:00,4.864475,4.8644750000000005,95.0,95.0
2019-06-20 02:00:00,10.34341,10.343409999999999,202.0,202.0
2019-06-20 03:00:00,7.629544999999999,7.629544999999999,149.0,149.0
2019-06-20 04:00:00,8.192800000000002,8.192800000000002,160.0,160.0
2019-06-20 05:00:00,9.31931,9.31931,182.0,182.0
2019-06-20 06:00:00,7.731954999999998,7.731954999999998,151.0,151.0
2019-06-20 07:00:00,414.04362999999995,414.04362999999995,8086.0,8086.0
2019-06-20 08:00:00,112.13895000000001,112.13895000000001,2190.0,2190.0
2019-06-20 09:00:00,62.87974,62.87974,1228.0,1228.0
2019-06-20 10:00:00,89.76236499999999,89.76236499999999,1753.0,1753.0
2019-06-20 11:00:00,102.30759,102.30759,1998.0,1998.0
2019-06-20 12:00:00,184.54281999999998,184.54281999999998,3604.0,3604.0
2019-06-20 13:00:00,91.75936000000002,91.75936000000002,1792.0,1792.0
2019-06-20 14:00:00,97.59673,97.59673,1906.0,1906.0
2019-06-20 15:00:00,91.65695,91.65695,1790.0,1790.0
2019-06-20 16:00:00,64.82553,64.82553,1266.0,1266.0
2019-06-20 17:00:00,62.009254999999996,62.009255,1211.0,1211.0
2019-06-20 18:00:00,195.34707500000002,195.34707500000002,3815.0,3815.0
2019-06-20 19:00:00,172.76566999999994,172.76566999999994,3374.0,3374.0
2019-06-20 20:00:00,186.334995,186.334995,3639.0,3639.0
2019-06-20 21:00:00,174.60905,174.60905,3410.0,3410.0
2019-06-20 22:00:00,10.65064,10.65064,208.0,208.0
2019-06-20 23:00:00,8.244005,8.244005,161.0,161.0
2019-06-21 00:00:00,8.60244,8.60244,168.0,168.0
2019-06-21 01:00:00,10.753050000000002,10.753050000000002,210.0,210.0
2019-06-21 02:00:00,11.111485,11.111485,217.0,217.0
2019-06-21 03:00:00,8.50003,8.50003,166.0,166.0
2019-06-21 04:00:00,8.09039,8.09039,158.0,158.0
2019-06-21 05:00:00,10.292205,10.292205,201.0,201.0
2019-06-21 06:00:00,8.756055,8.756055,171.0,171.0
2019-06-21 07:00:00,427.35693000000003,427.35693000000003,8346.0,8346.0
2019-06-21 08:00:00,97.238295,97.238295,1899.0,1899.0
2019-06-21 09:00:00,55.864655000000006,55.864655000000006,1091.0,1091.0
2019-06-21 10:00:00,93.70514999999999,93.70514999999999,1830.0,1830.0
2019-06-21 11:00:00,100.20818499999997,100.20818499999997,1957.0,1957.0
2019-06-21 12:00:00,188.53681000000003,188.53681000000003,3682.0,3682.0
2019-06-21 13:00:00,92.47623,92.47623,1806.0,1806.0
2019-06-21 14:00:00,83.72017499999998,83.72017499999998,1635.0,1635.0
2019-06-21 15:00:00,99.90095499999998,99.90095499999997,1951.0,1951.0
2019-06-21 16:00:00,54.738144999999996,54.738144999999996,1069.0,1069.0
2019-06-21 17:00:00,63.39179,63.39179,1238.0,1238.0
2019-06-21 18:00:00,180.95846999999998,180.95847,3534.0,3534.0
2019-06-21 19:00:00,161.91020999999998,161.91020999999998,3162.0,3162.0
2019-06-21 20:00:00,187.25668499999998,187.25668499999998,3657.0,3657.0
2019-06-21 21:00:00,185.25968999999998,185.25968999999998,3618.0,3618.0
2019-06-21 22:00:00,10.95787,10.95787,214.0,214.0
2019-06-21 23:00:00,13.62053,13.62053,266.0,266.0
2019-06-22 00:00:00,18.741030000000006,18.741030000000002,366.0,366.0
2019-06-22 01:00:00,19.765129999999996,19.765129999999996,386.0,386.0
2019-06-22 02:00:00,16.692829999999997,16.692829999999997,326.0,326.0
2019-06-22 03:00:00,17.512109999999996,17.512109999999996,342.0,342.0
2019-06-22 04:00:00,20.430795,20.430795,399.0,399.0
2019-06-22 05:00:00,18.792234999999994,18.79223499999999,367.0,367.0
2019-06-22 06:00:00,14.439810000000001,14.439810000000001,282.0,282.0
2019-06-22 07:00:00,413.53158,413.53158,8076.0,8076.0
2019-06-22 08:00:00,397.55562,397.55562,7764.0,7764.0
2019-06-22 09:00:00,109.88592999999999,109.88592999999999,2146.0,2146.0
2019-06-22 10:00:00,103.28048499999998,103.28048499999998,2017.0,2017.0
2019-06-22 11:00:00,70.509285,70.509285,1377.0,1377.0
2019-06-22 12:00:00,58.93695500000002,58.93695500000002,1151.0,1151.0
2019-06-22 13:00:00,75.32255500000001,75.32255500000001,1471.0,1471.0
2019-06-22 14:00:00,57.86165,57.86165,1130.0,1130.0
2019-06-22 15:00:00,219.87427000000002,219.87427000000002,4294.0,4294.0
2019-06-22 16:00:00,235.44059,235.44059,4598.0,4598.0
2019-06-22 17:00:00,27.753109999999996,27.753109999999996,542.0,542.0
2019-06-22 18:00:00,35.792294999999996,35.792294999999996,699.0,699.0
2019-06-22 19:00:00,32.46397,32.46397,634.0,634.0
2019-06-22 20:00:00,130.06069999999997,130.06069999999997,2540.0,2540.0
2019-06-22 21:00:00,125.503455,125.503455,2451.0,2451.0
2019-06-22 22:00:00,129.292625,129.292625,2525.0,2525.0
2019-06-22 23:00:00,13.978964999999999,13.978964999999999,273.0,273.0
2019-06-23 00:00:00,24.06635,24.06635,470.0,470.0
2019-06-23 01:00:00,16.334395,16.334395,319.0,319.0
2019-06-23 02:00:00,17.000059999999998,17.000059999999998,332.0,332.0
2019-06-23 03:00:00,14.183785,14.183785,277.0,277.0
2019-06-23 04:00:00,18.177775000000004,18.177775000000004,355.0,355.0
2019-06-23 05:00:00,20.738024999999997,20.738024999999997,405.0,405.0
2019-06-23 06:00:00,20.840435,20.840435,407.0,407.0
2019-06-23 07:00:00,397.04356999999993,397.04356999999993,7754.0,7754.0
2019-06-23 08:00:00,392.281505,392.2815049999999,7661.0,7661.0
2019-06-23 09:00:00,109.06665,109.06665,2130.0,2130.0
2019-06-23 10:00:00,115.774505,115.774505,2261.0,2261.0
2019-06-23 11:00:00,66.00324500000002,66.00324500000002,1289.0,1289.0
2019-06-23 12:00:00,67.38578,67.38578,1316.0,1316.0
2019-06-23 13:00:00,71.687,71.687,1400.0,1400.0
2019-06-23 14:00:00,63.34058500000001,63.34058500000001,1237.0,1237.0
2019-06-23 15:00:00,228.835145,228.835145,4469.0,4469.0
2019-06-23 16:00:00,232.06106,232.06106,4532.0,4532.0
2019-06-23 17:00:00,29.238055,29.238055,571.0,571.0
2019-06-23 18:00:00,36.304345,36.304345,709.0,709.0
2019-06-23 19:00:00,35.075424999999996,35.075424999999996,685.0,685.0
2019-06-23 20:00:00,142.04267,142.04267,2774.0,2774.0
2019-06-23 21:00:00,142.86194999999998,142.86194999999998,2790.0,2790.0
2019-06-23 22:00:00,129.804675,129.804675,2535.0,2535.0
2019-06-23 23:00:00,17.665725000000002,17.665725000000002,345.0,345.0
2019-06-24 00:00:00,10.957869999999998,10.957869999999998,214.0,214.0
2019-06-24 01:00:00,11.623535,11.623535,227.0,227.0
2019-06-24 02:00:00,11.623535,11.623535,227.0,227.0
2019-06-24 03:00:00,10.087385000000001,10.087385000000001,197.0,197.0
2019-06-24 04:00:00,10.54823,10.548230000000002,206.0,206.0
2019-06-24 05:00:00,7.015084999999999,7.015084999999999,137.0,137.0
2019-06-24 06:00:00,8.551235,8.551235,167.0,167.0
2019-06-24 07:00:00,437.034675,437.034675,8535.0,8535.0
2019-06-24 08:00:00,95.85576,95.85576,1872.0,1872.0
2019-06-24 09:00:00,59.09056999999999,59.09056999999999,1154.0,1154.0
2019-06-24 10:00:00,87.76537,87.76537,1714.0,1714.0
2019-06-24 11:00:00,98.569625,98.569625,1925.0,1925.0
2019-06-24 12:00:00,189.35609000000002,189.35609000000002,3698.0,3698.0
2019-06-24 13:00:00,93.449125,93.449125,1825.0,1825.0
2019-06-24 14:00:00,100.00336500000002,100.00336500000002,1953.0,1953.0
2019-06-24 15:00:00,94.678045,94.678045,1849.0,1849.0
2019-06-24 16:00:00,54.12368500000001,54.12368500000001,1057.0,1057.0
2019-06-24 17:00:00,60.62671999999999,60.62671999999999,1184.0,1184.0
2019-06-24 18:00:00,185.56691999999998,185.56691999999998,3624.0,3624.0
2019-06-24 19:00:00,169.59096,169.59096,3312.0,3312.0
2019-06-24 20:00:00,189.202475,189.20247499999996,3695.0,3695.0
2019-06-24 21:00:00,183.41631000000004,183.41631000000004,3582.0,3582.0
2019-06-24 22:00:00,12.49402,12.49402,244.0,244.0
2019-06-24 23:00:00,7.5271349999999995,7.5271349999999995,147.0,147.0
2019-06-25 00:00:00,8.70485,8.70485,170.0,170.0
2019-06-25 01:00:00,9.831360000000002,9.831360000000002,192.0,192.0
2019-06-25 02:00:00,11.418715,11.418715,223.0,223.0
2019-06-25 03:00:00,9.01208,9.01208,176.0,176.0
2019-06-25 04:00:00,8.500029999999999,8.500029999999999,166.0,166.0
2019-06-25 05:00:00,5.683755,5.683755,111.0,111.0
2019-06-25 06:00:00,8.039185,8.039185,157.0,157.0
2019-06-25 07:00:00,434.42322,434.42321999999996,8484.0,8484.0
2019-06-25 08:00:00,102.61481999999998,102.61482,2004.0,2004.0
2019-06-25 09:00:00,66.61770499999999,66.61770499999999,1301.0,1301.0
2019-06-25 10:00:00,92.47623000000002,92.47623000000002,1806.0,1806.0
2019-06-25 11:00:00,105.22627499999999,105.22627499999999,2055.0,2055.0
2019-06-25 12:00:00,165.23853499999998,165.23853499999998,3227.0,3227.0
2019-06-25 13:00:00,92.47623000000002,92.47623000000002,1806.0,1806.0
2019-06-25 14:00:00,98.00636999999998,98.00636999999998,1914.0,1914.0
2019-06-25 15:00:00,102.87084499999997,102.87084499999997,2009.0,2009.0
2019-06-25 16:00:00,48.49113500000001,48.491135000000014,947.0,947.0
2019-06-25 17:00:00,54.78935000000001,54.789350000000006,1070.0,1070.0
2019-06-25 18:00:00,203.18143999999998,203.18143999999998,3968.0,3968.0
2019-06-25 19:00:00,181.214495,181.214495,3539.0,3539.0
2019-06-25 20:00:00,192.58200499999995,192.58200499999995,3761.0,3761.0
2019-06-25 21:00:00,168.77168,168.77168000000003,3296.0,3296.0
2019-06-25 22:00:00,11.725945000000001,11.725945000000001,229.0,229.0
2019-06-25 23:00:00,6.2470099999999995,6.2470099999999995,122.0,122.0
2019-06-26 00:00:00,9.93377,9.93377,194.0,194.0
2019-06-26 01:00:00,9.370514999999997,9.370514999999997,183.0,183.0
2019-06-26 02:00:00,7.6295449999999985,7.6295449999999985,149.0,149.0
2019-06-26 03:00:00,5.939780000000001,5.939780000000001,116.0,116.0
2019-06-26 04:00:00,8.60244,8.60244,168.0,168.0
2019-06-26 05:00:00,8.141594999999999,8.141594999999999,159.0,159.0
2019-06-26 06:00:00,8.653645,8.653645,169.0,169.0
2019-06-26 07:00:00,422.64607000000007,422.64607000000007,8254.0,8254.0
2019-06-26 08:00:00,104.406995,104.406995,2039.0,2039.0
2019-06-26 09:00:00,59.09057000000001,59.09057000000001,1154.0,1154.0
2019-06-26 10:00:00,96.726245,96.726245,1889.0,1889.0
2019-06-26 11:00:00,91.96418000000001,91.96418000000001,1796.0,1796.0
2019-06-26 12:00:00,176.91327499999994,176.91327499999994,3455.0,3455.0
2019-06-26 13:00:00,92.11779500000002,92.11779500000002,1799.0,1799.0
2019-06-26 14:00:00,93.60274000000004,93.60274000000004,1828.0,1828.0
2019-06-26 15:00:00,85.563555,85.56355499999998,1671.0,1671.0
2019-06-26 16:00:00,64.057455,64.057455,1251.0,1251.0
2019-06-26 17:00:00,59.653825,59.653825,1165.0,1165.0
2019-06-26 18:00:00,188.58801499999996,188.58801499999996,3683.0,3683.0
2019-06-26 19:00:00,177.06688999999997,177.06688999999997,3458.0,3458.0
2019-06-26 20:00:00,171.485545,171.485545,3349.0,3349.0
2019-06-26 21:00:00,170.256625,170.256625,3325.0,3325.0
2019-06-26 22:00:00,8.295209999999999,8.295209999999999,162.0,162.0
2019-06-26 23:00:00,7.117495,7.117495,139.0,139.0
2019-06-27 00:00:00,7.783159999999999,7.783159999999999,152.0,152.0
2019-06-27 01:00:00,12.750044999999998,12.750044999999998,249.0,249.0
2019-06-27 02:00:00,9.93377,9.93377,194.0,194.0
2019-06-27 03:00:00,7.322315000000001,7.322315000000001,143.0,143.0
2019-06-27 04:00:00,6.656650000000001,6.656650000000001,130.0,130.0
2019-06-27 05:00:00,7.98798,7.987980000000001,156.0,156.0
2019-06-27 06:00:00,12.647635000000001,12.647635000000001,247.0,247.0
2019-06-27 07:00:00,429.661155,429.661155,8391.0,8391.0
2019-06-27 08:00:00,105.635915,105.635915,2063.0,2063.0
2019-06-27 09:00:00,70.56049000000002,70.56049000000002,1378.0,1378.0
2019-06-27 10:00:00,88.53344500000001,88.53344500000001,1729.0,1729.0
2019-06-27 11:00:00,101.64192500000003,101.64192500000003,1985.0,1985.0
2019-06-27 12:00:00,183.82595,183.82595,3590.0,3590.0
2019-06-27 13:00:00,83.87379,83.87378999999999,1638.0,1638.0
2019-06-27 14:00:00,96.828655,96.828655,1891.0,1891.0
2019-06-27 15:00:00,97.85275500000002,97.85275500000002,1911.0,1911.0
2019-06-27 16:00:00,58.68092999999999,58.68092999999999,1146.0,1146.0
2019-06-27 17:00:00,54.840554999999995,54.840554999999995,1071.0,1071.0
2019-06-27 18:00:00,174.76266500000003,174.762665,3413.0,3413.0
2019-06-27 19:00:00,178.09099,178.09099,3478.0,3478.0
2019-06-27 20:00:00,177.63014499999997,177.63014499999997,3469.0,3469.0
2019-06-27 21:00:00,165.80179000000004,165.80179000000004,3238.0,3238.0
2019-06-27 22:00:00,6.24701,6.24701,122.0,122.0
2019-06-27 23:00:00,6.195804999999999,6.195804999999999,121.0,121.0
2019-06-28 00:00:00,8.858465,8.858465,173.0,173.0
2019-06-28 01:00:00,8.90967,8.90967,174.0,174.0
2019-06-28 02:00:00,7.731954999999999,7.731954999999999,151.0,151.0
2019-06-28 03:00:00,7.475929999999998,7.475929999999998,146.0,146.0
2019-06-28 04:00:00,9.370515,9.370515,183.0,183.0
2019-06-28 05:00:00,8.909669999999998,8.909669999999998,174.0,174.0
2019-06-28 06:00:00,7.834364999999998,7.834364999999998,153.0,153.0
2019-06-28 07:00:00,411.53458500000005,411.5345850000001,8037.0,8037.0
2019-06-28 08:00:00,103.587715,103.587715,2023.0,2023.0
2019-06-28 09:00:00,63.135765,63.135765,1233.0,1233.0
2019-06-28 10:00:00,93.039485,93.039485,1817.0,1817.0
2019-06-28 11:00:00,96.21419500000002,96.21419500000002,1879.0,1879.0
2019-06-28 12:00:00,183.92835999999997,183.92835999999997,3592.0,3592.0
2019-06-28 13:00:00,97.443115,97.443115,1903.0,1903.0
2019-06-28 14:00:00,103.07566500000004,103.07566500000004,2013.0,2013.0
2019-06-28 15:00:00,93.551535,93.551535,1827.0,1827.0
2019-06-28 16:00:00,58.57852000000002,58.57852000000002,1144.0,1144.0
2019-06-28 17:00:00,57.656829999999985,57.65682999999999,1126.0,1126.0
2019-06-28 18:00:00,183.67233499999998,183.67233499999998,3587.0,3587.0
2019-06-28 19:00:00,175.73555999999996,175.73555999999996,3432.0,3432.0
2019-06-28 20:00:00,182.136185,182.136185,3557.0,3557.0
2019-06-28 21:00:00,170.35903499999998,170.35903499999998,3327.0,3327.0
2019-06-28 22:00:00,6.503034999999999,6.503034999999999,127.0,127.0
2019-06-28 23:00:00,7.117495,7.117495,139.0,139.0
2019-06-29 00:00:00,22.478995,22.478994999999998,439.0,439.0
2019-06-29 01:00:00,20.021155,20.021155,391.0,391.0
2019-06-29 02:00:00,16.948855,16.948855,331.0,331.0
2019-06-29 03:00:00,17.051265,17.051265,333.0,333.0
2019-06-29 04:00:00,17.563315,17.563315,343.0,343.0
2019-06-29 05:00:00,14.900655000000002,14.900655000000002,291.0,291.0
2019-06-29 06:00:00,12.801250000000001,12.801250000000001,250.0,250.0
2019-06-29 07:00:00,382.6037599999999,382.6037599999999,7472.0,7472.0
2019-06-29 08:00:00,395.04657499999996,395.04657499999996,7715.0,7715.0
2019-06-29 09:00:00,115.160045,115.160045,2249.0,2249.0
2019-06-29 10:00:00,117.77149999999999,117.77149999999999,2300.0,2300.0
2019-06-29 11:00:00,76.8075,76.8075,1500.0,1500.0
2019-06-29 12:00:00,64.262275,64.262275,1255.0,1255.0
2019-06-29 13:00:00,56.63272999999998,56.63272999999998,1106.0,1106.0
2019-06-29 14:00:00,73.42797000000002,73.42797000000002,1434.0,1434.0
2019-06-29 15:00:00,220.38632,220.38632000000004,4304.0,4304.0
2019-06-29 16:00:00,204.10312999999996,204.10312999999996,3986.0,3986.0
2019-06-29 17:00:00,29.545284999999996,29.545284999999996,577.0,577.0
2019-06-29 18:00:00,34.870605,34.870605,681.0,681.0
2019-06-29 19:00:00,32.822405,32.822405,641.0,641.0
2019-06-29 20:00:00,123.45525500000002,123.45525500000002,2411.0,2411.0
2019-06-29 21:00:00,131.238415,131.238415,2563.0,2563.0
2019-06-29 22:00:00,135.33481500000002,135.33481500000002,2643.0,2643.0
2019-06-29 23:00:00,17.460905,17.460905,341.0,341.0
2019-06-30 00:00:00,24.322375,24.322375,475.0,475.0
2019-06-30 01:00:00,17.307290000000002,17.307290000000002,338.0,338.0
2019-06-30 02:00:00,19.816335,19.816335,387.0,387.0
2019-06-30 03:00:00,16.334395,16.334395,319.0,319.0
2019-06-30 04:00:00,17.870545,17.870545,349.0,349.0
2019-06-30 05:00:00,23.503095,23.503095,459.0,459.0
2019-06-30 06:00:00,20.789229999999996,20.789229999999996,406.0,406.0
2019-06-30 07:00:00,388.7995649999999,388.7995649999999,7593.0,7593.0
2019-06-30 08:00:00,397.60682499999996,397.60682499999996,7765.0,7765.0
2019-06-30 09:00:00,108.45219000000002,108.45219000000002,2118.0,2118.0
2019-06-30 10:00:00,79.72618499999999,79.72618499999999,1557.0,1557.0
2019-06-30 11:00:00,57.96405999999999,57.96405999999999,1132.0,1132.0
2019-06-30 12:00:00,62.87974,62.87974,1228.0,1228.0
2019-06-30 13:00:00,71.32856499999998,71.32856499999998,1393.0,1393.0
2019-06-30 14:00:00,57.298395,57.298395,1119.0,1119.0
2019-06-30 15:00:00,216.18751,216.18751,4222.0,4222.0
2019-06-30 16:00:00,205.33205,205.33205,4010.0,4010.0
2019-06-30 17:00:00,29.90372,29.903719999999996,584.0,584.0
2019-06-30 18:00:00,30.108540000000005,30.108540000000005,588.0,588.0
2019-06-30 19:00:00,37.27724,37.27724,728.0,728.0
2019-06-30 20:00:00,121.8679,121.8679,2380.0,2380.0
2019-06-30 21:00:00,121.71428499999999,121.71428499999999,2377.0,2377.0
2019-06-30 22:00:00,117.87391,117.87391,2302.0,2302.0
2019-06-30 23:00:00,20.225975000000005,20.225975000000005,395.0,395.0
2019-07-01 00:00:00,8.858464999999999,8.858464999999999,173.0,173.0
2019-07-01 01:00:00,8.346415,8.346415,163.0,163.0
2019-07-01 02:00:00,7.936775000000001,7.936775000000001,155.0,155.0
2019-07-01 03:00:00,7.271109999999998,7.271109999999998,142.0,142.0
2019-07-01 04:00:00,11.521125,11.521125,225.0,225.0
2019-07-01 05:00:00,9.984975,9.984975,195.0,195.0
2019-07-01 06:00:00,9.52413,9.524129999999998,186.0,186.0
2019-07-01 07:00:00,409.89602500000007,409.89602500000007,8005.0,8005.0
2019-07-01 08:00:00,93.756355,93.75635500000001,1831.0,1831.0
2019-07-01 09:00:00,61.394795,61.394795,1199.0,1199.0
2019-07-01 10:00:00,87.86778,87.86778,1716.0,1716.0
2019-07-01 11:00:00,93.29551000000001,93.29551000000001,1822.0,1822.0
2019-07-01 12:00:00,194.68140999999994,194.68140999999994,3802.0,3802.0
2019-07-01 13:00:00,96.67503999999998,96.67503999999998,1888.0,1888.0
2019-07-01 14:00:00,98.569625,98.569625,1925.0,1925.0
2019-07-01 15:00:00,83.82258499999998,83.82258499999998,1637.0,1637.0
2019-07-01 16:00:00,54.02127500000002,54.02127500000002,1055.0,1055.0
2019-07-01 17:00:00,59.80744,59.80743999999999,1168.0,1168.0
2019-07-01 18:00:00,169.130115,169.130115,3303.0,3303.0
2019-07-01 19:00:00,173.99458999999996,173.99458999999996,3398.0,3398.0
2019-07-01 20:00:00,191.50670000000002,191.50670000000002,3740.0,3740.0
2019-07-01 21:00:00,189.81693499999994,189.81693499999994,3707.0,3707.0
2019-07-01 22:00:00,8.500029999999999,8.500029999999999,166.0,166.0
2019-07-01 23:00:00,6.55424,6.55424,128.0,128.0
2019-07-02 00:00:00,8.807260000000001,8.807260000000001,172.0,172.0
2019-07-02 01:00:00,10.44582,10.44582,204.0,204.0
2019-07-02 02:00:00,8.70485,8.70485,170.0,170.0
2019-07-02 03:00:00,8.141594999999999,8.141594999999999,159.0,159.0
2019-07-02 04:00:00,10.650640000000001,10.650640000000001,208.0,208.0
2019-07-02 05:00:00,7.783159999999999,7.783159999999999,152.0,152.0
2019-07-02 06:00:00,7.629545,7.629545,149.0,149.0
2019-07-02 07:00:00,406.618905,406.618905,7941.0,7941.0
2019-07-02 08:00:00,114.135945,114.135945,2229.0,2229.0
2019-07-02 09:00:00,56.42790999999999,56.42790999999999,1102.0,1102.0
2019-07-02 10:00:00,98.31360000000002,98.31360000000002,1920.0,1920.0
2019-07-02 11:00:00,87.202115,87.202115,1703.0,1703.0
2019-07-02 12:00:00,182.95546499999998,182.95546499999998,3573.0,3573.0
2019-07-02 13:00:00,91.912975,91.912975,1795.0,1795.0
2019-07-02 14:00:00,87.50934500000001,87.50934500000001,1709.0,1709.0
2019-07-02 15:00:00,100.15697999999999,100.15697999999999,1956.0,1956.0
2019-07-02 16:00:00,59.80744,59.80743999999999,1168.0,1168.0
2019-07-02 17:00:00,54.22609500000001,54.22609500000001,1059.0,1059.0
2019-07-02 18:00:00,176.04279,176.04279,3438.0,3438.0
2019-07-02 19:00:00,155.50958500000002,155.50958500000002,3037.0,3037.0
2019-07-02 20:00:00,173.07289999999998,173.07289999999998,3380.0,3380.0
2019-07-02 21:00:00,183.67233499999998,183.67233499999998,3587.0,3587.0
2019-07-02 22:00:00,11.009075000000001,11.009075000000001,215.0,215.0
2019-07-02 23:00:00,7.987979999999999,7.987979999999999,156.0,156.0
2019-07-03 00:00:00,12.135584999999999,12.135585,237.0,237.0
2019-07-03 01:00:00,11.981969999999999,11.981969999999999,234.0,234.0
2019-07-03 02:00:00,8.50003,8.50003,166.0,166.0
2019-07-03 03:00:00,9.882564999999998,9.882564999999998,193.0,193.0
2019-07-03 04:00:00,7.8855699999999995,7.8855699999999995,154.0,154.0
2019-07-03 05:00:00,10.241000000000001,10.241000000000001,200.0,200.0
2019-07-03 06:00:00,9.780155,9.780155,191.0,191.0
2019-07-03 07:00:00,425.10391,425.10391,8302.0,8302.0
2019-07-03 08:00:00,108.45219,108.45219,2118.0,2118.0
2019-07-03 09:00:00,67.027345,67.027345,1309.0,1309.0
2019-07-03 10:00:00,99.18408500000002,99.18408500000002,1937.0,1937.0
2019-07-03 11:00:00,98.92806000000002,98.92806000000002,1932.0,1932.0
2019-07-03 12:00:00,183.56992500000004,183.56992500000004,3585.0,3585.0
2019-07-03 13:00:00,97.03347500000001,97.033475,1895.0,1895.0
2019-07-03 14:00:00,90.991285,90.99128499999999,1777.0,1777.0
2019-07-03 15:00:00,86.792475,86.792475,1695.0,1695.0
2019-07-03 16:00:00,50.436924999999995,50.436924999999995,985.0,985.0
2019-07-03 17:00:00,55.71104,55.71104,1088.0,1088.0
2019-07-03 18:00:00,173.89218,173.89218,3396.0,3396.0
2019-07-03 19:00:00,178.961475,178.961475,3495.0,3495.0
2019-07-03 20:00:00,182.75064500000002,182.75064500000002,3569.0,3569.0
2019-07-03 21:00:00,194.88622999999995,194.88622999999995,3806.0,3806.0
2019-07-03 22:00:00,5.734959999999999,5.734959999999999,112.0,112.0
2019-07-03 23:00:00,7.1687,7.1687,140.0,140.0
2019-07-04 00:00:00,10.599434999999998,10.599434999999998,207.0,207.0
2019-07-04 01:00:00,11.725945000000001,11.725945000000001,229.0,229.0
2019-07-04 02:00:00,9.83136,9.83136,192.0,192.0
2019-07-04 03:00:00,6.656649999999999,6.656649999999999,130.0,130.0
2019-07-04 04:00:00,11.418715,11.418715,223.0,223.0
2019-07-04 05:00:00,10.087385,10.087385,197.0,197.0
2019-07-04 06:00:00,9.165695,9.165695,179.0,179.0
2019-07-04 07:00:00,411.329765,411.329765,8033.0,8033.0
2019-07-04 08:00:00,84.027405,84.027405,1641.0,1641.0
2019-07-04 09:00:00,68.81952,68.81952,1344.0,1344.0
2019-07-04 10:00:00,90.786465,90.786465,1773.0,1773.0
2019-07-04 11:00:00,86.84367999999999,86.84367999999999,1696.0,1696.0
2019-07-04 12:00:00,192.53079999999997,192.53079999999997,3760.0,3760.0
2019-07-04 13:00:00,99.696135,99.696135,1947.0,1947.0
2019-07-04 14:00:00,94.62684,94.62684,1848.0,1848.0
2019-07-04 15:00:00,103.02446000000002,103.02446,2012.0,2012.0
2019-07-04 16:00:00,58.01526499999999,58.01526499999999,1133.0,1133.0
2019-07-04 17:00:00,56.274295,56.274295,1099.0,1099.0
2019-07-04 18:00:00,187.10306999999997,187.10306999999997,3654.0,3654.0
2019-07-04 19:00:00,206.66338,206.66338,4036.0,4036.0
2019-07-04 20:00:00,171.792775,171.792775,3355.0,3355.0
2019-07-04 21:00:00,198.36817000000002,198.36817000000005,3874.0,3874.0
2019-07-04 22:00:00,8.1928,8.1928,160.0,160.0
2019-07-04 23:00:00,8.1928,8.1928,160.0,160.0
2019-07-05 00:00:00,7.629545,7.629545,149.0,149.0
2019-07-05 01:00:00,11.674739999999998,11.674739999999998,228.0,228.0
2019-07-05 02:00:00,5.939779999999999,5.939779999999999,116.0,116.0
2019-07-05 03:00:00,8.039185,8.039185,157.0,157.0
2019-07-05 04:00:00,6.298215,6.298215,123.0,123.0
2019-07-05 05:00:00,11.623535,11.623535,227.0,227.0
2019-07-05 06:00:00,11.111485,11.111485,217.0,217.0
2019-07-05 07:00:00,388.54354,388.54354,7588.0,7588.0
2019-07-05 08:00:00,79.828595,79.828595,1559.0,1559.0
2019-07-05 09:00:00,59.03936499999999,59.03936499999998,1153.0,1153.0
2019-07-05 10:00:00,93.80756,93.80755999999998,1832.0,1832.0
2019-07-05 11:00:00,89.50634000000001,89.50634000000001,1748.0,1748.0
2019-07-05 12:00:00,174.865075,174.86507500000002,3415.0,3415.0
2019-07-05 13:00:00,77.88280499999999,77.88280499999998,1521.0,1521.0
2019-07-05 14:00:00,92.52743500000001,92.52743500000001,1807.0,1807.0
2019-07-05 15:00:00,99.33770000000001,99.33770000000001,1940.0,1940.0
2019-07-05 16:00:00,68.973135,68.973135,1347.0,1347.0
2019-07-05 17:00:00,52.485125000000004,52.485125000000004,1025.0,1025.0
2019-07-05 18:00:00,180.75365,180.75365,3530.0,3530.0
2019-07-05 19:00:00,202.515775,202.515775,3955.0,3955.0
2019-07-05 20:00:00,171.997595,171.997595,3359.0,3359.0
2019-07-05 21:00:00,180.29280500000002,180.292805,3521.0,3521.0
2019-07-05 22:00:00,7.834365,7.834365,153.0,153.0
2019-07-05 23:00:00,10.343409999999999,10.343409999999999,202.0,202.0
2019-07-06 00:00:00,16.027164999999997,16.027164999999997,313.0,313.0
2019-07-06 01:00:00,17.4097,17.4097,340.0,340.0
2019-07-06 02:00:00,16.744035,16.744035,327.0,327.0
2019-07-06 03:00:00,18.228980000000004,18.228980000000004,356.0,356.0
2019-07-06 04:00:00,17.563314999999996,17.563314999999996,343.0,343.0
2019-07-06 05:00:00,19.918745,19.918745,389.0,389.0
2019-07-06 06:00:00,20.840435000000003,20.840435000000003,407.0,407.0
2019-07-06 07:00:00,379.53146,379.5314599999999,7412.0,7412.0
2019-07-06 08:00:00,387.51944000000003,387.51944000000003,7568.0,7568.0
2019-07-06 09:00:00,113.00943500000001,113.00943500000001,2207.0,2207.0
2019-07-06 10:00:00,117.25945000000002,117.25945000000002,2290.0,2290.0
2019-07-06 11:00:00,73.78640499999999,73.78640499999999,1441.0,1441.0
2019-07-06 12:00:00,73.94001999999999,73.94001999999999,1444.0,1444.0
2019-07-06 13:00:00,62.009255,62.009255,1211.0,1211.0
2019-07-06 14:00:00,71.48218,71.48218,1396.0,1396.0
2019-07-06 15:00:00,214.395335,214.395335,4187.0,4187.0
2019-07-06 16:00:00,214.80497500000004,214.80497500000004,4195.0,4195.0
2019-07-06 17:00:00,36.15073,36.15073,706.0,706.0
2019-07-06 18:00:00,25.80732,25.80732,504.0,504.0
2019-07-06 19:00:00,33.334455000000005,33.334455000000005,651.0,651.0
2019-07-06 20:00:00,126.62996500000001,126.62996500000001,2473.0,2473.0
2019-07-06 21:00:00,112.599795,112.599795,2199.0,2199.0
2019-07-06 22:00:00,127.50044999999999,127.50044999999999,2490.0,2490.0
2019-07-06 23:00:00,13.41571,13.41571,262.0,262.0
2019-07-07 00:00:00,14.900655,14.900655,291.0,291.0
2019-07-07 01:00:00,17.870545000000003,17.870545000000003,349.0,349.0
2019-07-07 02:00:00,12.698840000000002,12.698840000000002,248.0,248.0
2019-07-07 03:00:00,17.20488,17.20488,336.0,336.0
2019-07-07 04:00:00,14.183785000000002,14.183785000000004,277.0,277.0
2019-07-07 05:00:00,20.072359999999996,20.072359999999996,392.0,392.0
2019-07-07 06:00:00,16.18078,16.18078,316.0,316.0
2019-07-07 07:00:00,398.52851499999997,398.52851499999997,7783.0,7783.0
2019-07-07 08:00:00,402.77852999999993,402.77853,7866.0,7866.0
2019-07-07 09:00:00,106.967245,106.967245,2089.0,2089.0
2019-07-07 10:00:00,107.83773000000001,107.83773000000001,2106.0,2106.0
2019-07-07 11:00:00,66.87373000000001,66.87373000000001,1306.0,1306.0
2019-07-07 12:00:00,61.34359,61.34359,1198.0,1198.0
2019-07-07 13:00:00,65.43999,65.43999,1278.0,1278.0
2019-07-07 14:00:00,65.798425,65.798425,1285.0,1285.0
2019-07-07 15:00:00,210.45255,210.45255,4110.0,4110.0
2019-07-07 16:00:00,224.12428499999996,224.12428499999996,4377.0,4377.0
2019-07-07 17:00:00,36.35555,36.35555,710.0,710.0
2019-07-07 18:00:00,31.286254999999993,31.286254999999993,611.0,611.0
2019-07-07 19:00:00,29.647695000000002,29.647695000000002,579.0,579.0
2019-07-07 20:00:00,131.340825,131.340825,2565.0,2565.0
2019-07-07 21:00:00,137.895065,137.895065,2693.0,2693.0
2019-07-07 22:00:00,131.49444,131.49444,2568.0,2568.0
2019-07-07 23:00:00,13.978964999999999,13.978964999999999,273.0,273.0
2019-07-08 00:00:00,8.1928,8.1928,160.0,160.0
2019-07-08 01:00:00,9.728950000000001,9.728950000000001,190.0,190.0
2019-07-08 02:00:00,7.629545,7.629545,149.0,149.0
2019-07-08 03:00:00,6.503035,6.503035,127.0,127.0
2019-07-08 04:00:00,9.575334999999999,9.575334999999999,187.0,187.0
2019-07-08 05:00:00,10.343409999999999,10.343409999999999,202.0,202.0
2019-07-08 06:00:00,7.0662899999999995,7.066289999999999,138.0,138.0
2019-07-08 07:00:00,420.44425499999994,420.44425499999994,8211.0,8211.0
2019-07-08 08:00:00,85.40994000000002,85.40994000000003,1668.0,1668.0
2019-07-08 09:00:00,58.16888,58.16888,1136.0,1136.0
2019-07-08 10:00:00,83.36173999999998,83.36174,1628.0,1628.0
2019-07-08 11:00:00,96.111785,96.111785,1877.0,1877.0
2019-07-08 12:00:00,181.77775000000003,181.77775000000003,3550.0,3550.0
2019-07-08 13:00:00,86.84367999999999,86.84367999999999,1696.0,1696.0
2019-07-08 14:00:00,98.56962500000002,98.56962500000002,1925.0,1925.0
2019-07-08 15:00:00,92.88587,92.88587,1814.0,1814.0
2019-07-08 16:00:00,57.3496,57.3496,1120.0,1120.0
2019-07-08 17:00:00,57.247189999999996,57.247189999999996,1118.0,1118.0
2019-07-08 18:00:00,179.16629500000002,179.16629500000005,3499.0,3499.0
2019-07-08 19:00:00,183.10908,183.10907999999998,3576.0,3576.0
2019-07-08 20:00:00,181.41931499999998,181.41931499999998,3543.0,3543.0
2019-07-08 21:00:00,190.38019,190.38019,3718.0,3718.0
2019-07-08 22:00:00,9.063285,9.063285,177.0,177.0
2019-07-08 23:00:00,7.936774999999999,7.936774999999999,155.0,155.0
2019-07-09 00:00:00,7.680750000000001,7.680750000000001,150.0,150.0
2019-07-09 01:00:00,7.936775000000001,7.936775000000001,155.0,155.0
2019-07-09 02:00:00,10.804255000000001,10.804255000000001,211.0,211.0
2019-07-09 03:00:00,7.117494999999999,7.117494999999999,139.0,139.0
2019-07-09 04:00:00,6.912674999999999,6.912674999999999,135.0,135.0
2019-07-09 05:00:00,11.060280000000002,11.060280000000002,216.0,216.0
2019-07-09 06:00:00,10.292205,10.292205,201.0,201.0
2019-07-09 07:00:00,401.39599499999997,401.39599499999997,7839.0,7839.0
2019-07-09 08:00:00,99.23529,99.23528999999999,1938.0,1938.0
2019-07-09 09:00:00,58.16888000000001,58.16888000000001,1136.0,1136.0
2019-07-09 10:00:00,90.01839000000001,90.01839000000001,1758.0,1758.0
2019-07-09 11:00:00,91.81056499999998,91.81056499999998,1793.0,1793.0
2019-07-09 12:00:00,203.89830999999992,203.89830999999992,3982.0,3982.0
2019-07-09 13:00:00,96.26540000000003,96.26540000000003,1880.0,1880.0
2019-07-09 14:00:00,87.61175500000002,87.61175500000003,1711.0,1711.0
2019-07-09 15:00:00,93.39791999999998,93.39791999999998,1824.0,1824.0
2019-07-09 16:00:00,53.304405,53.304405,1041.0,1041.0
2019-07-09 17:00:00,58.42490500000001,58.42490500000001,1141.0,1141.0
2019-07-09 18:00:00,175.73556000000002,175.73556000000002,3432.0,3432.0
2019-07-09 19:00:00,183.62113000000002,183.62113000000002,3586.0,3586.0
2019-07-09 20:00:00,198.98263000000003,198.98263000000003,3886.0,3886.0
2019-07-09 21:00:00,179.31990999999996,179.31990999999996,3502.0,3502.0
2019-07-09 22:00:00,9.11449,9.11449,178.0,178.0
2019-07-09 23:00:00,12.135584999999999,12.135585,237.0,237.0
2019-07-10 00:00:00,15.003065,15.003065,293.0,293.0
2019-07-10 01:00:00,6.707854999999999,6.707854999999999,131.0,131.0
2019-07-10 02:00:00,9.114490000000004,9.114490000000004,178.0,178.0
2019-07-10 03:00:00,9.780155,9.780155,191.0,191.0
2019-07-10 04:00:00,9.677745,9.677745,189.0,189.0
2019-07-10 05:00:00,7.373519999999999,7.373519999999999,144.0,144.0
2019-07-10 06:00:00,9.012080000000001,9.012080000000001,176.0,176.0
2019-07-10 07:00:00,406.36287999999996,406.36287999999996,7936.0,7936.0
2019-07-10 08:00:00,105.84073499999998,105.84073499999998,2067.0,2067.0
2019-07-10 09:00:00,74.60568500000001,74.60568500000001,1457.0,1457.0
2019-07-10 10:00:00,85.30753,85.30753,1666.0,1666.0
2019-07-10 11:00:00,99.18408500000001,99.18408500000002,1937.0,1937.0
2019-07-10 12:00:00,162.11502999999996,162.11502999999996,3166.0,3166.0
2019-07-10 13:00:00,101.74433499999999,101.74433499999999,1987.0,1987.0
2019-07-10 14:00:00,97.49431999999999,97.49431999999999,1904.0,1904.0
2019-07-10 15:00:00,94.575635,94.575635,1847.0,1847.0
2019-07-10 16:00:00,71.07254000000002,71.07254000000002,1388.0,1388.0
2019-07-10 17:00:00,62.214075,62.214075,1215.0,1215.0
2019-07-10 18:00:00,189.714525,189.714525,3705.0,3705.0
2019-07-10 19:00:00,184.798845,184.79884499999997,3609.0,3609.0
2019-07-10 20:00:00,172.81687499999998,172.81687499999998,3375.0,3375.0
2019-07-10 21:00:00,169.53975499999999,169.53975499999999,3311.0,3311.0
2019-07-10 22:00:00,7.936774999999999,7.936774999999999,155.0,155.0
2019-07-10 23:00:00,11.623534999999999,11.623534999999999,227.0,227.0
2019-07-11 00:00:00,11.623534999999999,11.623534999999999,227.0,227.0
2019-07-11 01:00:00,10.394614999999998,10.394614999999998,203.0,203.0
2019-07-11 02:00:00,9.882565,9.882565,193.0,193.0
2019-07-11 03:00:00,9.52413,9.524129999999998,186.0,186.0
2019-07-11 04:00:00,10.292205,10.292205,201.0,201.0
2019-07-11 05:00:00,8.858465000000002,8.858465000000002,173.0,173.0
2019-07-11 06:00:00,10.394615,10.394615,203.0,203.0
2019-07-11 07:00:00,408.41108,408.41108,7976.0,7976.0
2019-07-11 08:00:00,94.063585,94.063585,1837.0,1837.0
2019-07-11 09:00:00,58.11767499999999,58.11767499999999,1135.0,1135.0
2019-07-11 10:00:00,97.59673000000002,97.59673000000002,1906.0,1906.0
2019-07-11 11:00:00,92.62984499999999,92.62984499999999,1809.0,1809.0
2019-07-11 12:00:00,173.78976999999998,173.78976999999998,3394.0,3394.0
2019-07-11 13:00:00,96.21419500000002,96.21419500000002,1879.0,1879.0
2019-07-11 14:00:00,98.67203500000001,98.672035,1927.0,1927.0
2019-07-11 15:00:00,92.57864000000001,92.57864000000001,1808.0,1808.0
2019-07-11 16:00:00,66.720115,66.720115,1303.0,1303.0
2019-07-11 17:00:00,53.45801999999999,53.45801999999999,1044.0,1044.0
2019-07-11 18:00:00,186.48860999999997,186.48860999999997,3642.0,3642.0
2019-07-11 19:00:00,180.2416,180.2416,3520.0,3520.0
2019-07-11 20:00:00,174.50663999999998,174.50663999999998,3408.0,3408.0
2019-07-11 21:00:00,167.95239999999995,167.95239999999993,3280.0,3280.0
2019-07-11 22:00:00,10.445819999999998,10.445819999999998,204.0,204.0
2019-07-11 23:00:00,9.11449,9.11449,178.0,178.0
2019-07-12 00:00:00,10.394615,10.394615,203.0,203.0
2019-07-12 01:00:00,10.292205,10.292205,201.0,201.0
2019-07-12 02:00:00,8.756054999999998,8.756054999999998,171.0,171.0
2019-07-12 03:00:00,8.244005,8.244005,161.0,161.0
2019-07-12 04:00:00,9.2169,9.2169,180.0,180.0
2019-07-12 05:00:00,12.135585,12.135585,237.0,237.0
2019-07-12 06:00:00,5.581344999999999,5.581344999999999,109.0,109.0
2019-07-12 07:00:00,412.96832499999994,412.96832499999994,8065.0,8065.0
2019-07-12 08:00:00,90.47923500000002,90.47923500000002,1767.0,1767.0
2019-07-12 09:00:00,60.575515,60.575515,1183.0,1183.0
2019-07-12 10:00:00,94.42201999999999,94.42201999999999,1844.0,1844.0
2019-07-12 11:00:00,107.12086000000001,107.12086000000001,2092.0,2092.0
2019-07-12 12:00:00,193.04285000000007,193.04285000000007,3770.0,3770.0
2019-07-12 13:00:00,89.30152000000001,89.30152000000002,1744.0,1744.0
2019-07-12 14:00:00,86.89488500000002,86.89488500000002,1697.0,1697.0
2019-07-12 15:00:00,97.18709,97.18709,1898.0,1898.0
2019-07-12 16:00:00,61.497204999999994,61.497204999999994,1201.0,1201.0
2019-07-12 17:00:00,56.171885,56.171885,1097.0,1097.0
2019-07-12 18:00:00,172.30482500000002,172.30482500000002,3365.0,3365.0
2019-07-12 19:00:00,169.53975500000004,169.53975500000004,3311.0,3311.0
2019-07-12 20:00:00,173.943385,173.943385,3397.0,3397.0
2019-07-12 21:00:00,173.12410499999996,173.12410499999996,3381.0,3381.0
2019-07-12 22:00:00,7.373520000000001,7.373520000000001,144.0,144.0
2019-07-12 23:00:00,6.7078549999999995,6.7078549999999995,131.0,131.0
2019-07-13 00:00:00,16.948855000000002,16.948855000000002,331.0,331.0
2019-07-13 01:00:00,21.147665,21.147665,413.0,413.0
2019-07-13 02:00:00,18.024160000000002,18.024160000000002,352.0,352.0
2019-07-13 03:00:00,14.798244999999998,14.798244999999998,289.0,289.0
2019-07-13 04:00:00,18.94585,18.94585,370.0,370.0
2019-07-13 05:00:00,19.04826,19.048259999999996,372.0,372.0
2019-07-13 06:00:00,23.298274999999997,23.298274999999997,455.0,455.0
2019-07-13 07:00:00,379.42905,379.42905,7410.0,7410.0
2019-07-13 08:00:00,389.36281999999994,389.36281999999994,7604.0,7604.0
2019-07-13 09:00:00,109.73231499999999,109.73231499999999,2143.0,2143.0
2019-07-13 10:00:00,92.06659,92.06659000000002,1798.0,1798.0
2019-07-13 11:00:00,76.039425,76.039425,1485.0,1485.0
2019-07-13 12:00:00,63.54540500000001,63.54540500000001,1241.0,1241.0
2019-07-13 13:00:00,70.509285,70.509285,1377.0,1377.0
2019-07-13 14:00:00,79.36774999999999,79.36774999999999,1550.0,1550.0
2019-07-13 15:00:00,219.05499,219.05499,4278.0,4278.0
2019-07-13 16:00:00,225.40441,225.40441,4402.0,4402.0
2019-07-13 17:00:00,36.45796000000001,36.45796000000001,712.0,712.0
2019-07-13 18:00:00,33.436865,33.436865,653.0,653.0
2019-07-13 19:00:00,32.924814999999995,32.924814999999995,643.0,643.0
2019-07-13 20:00:00,129.0366,129.0366,2520.0,2520.0
2019-07-13 21:00:00,132.672155,132.672155,2591.0,2591.0
2019-07-13 22:00:00,124.37694499999999,124.37694499999999,2429.0,2429.0
2019-07-13 23:00:00,16.28319,16.28319,318.0,318.0
2019-07-14 00:00:00,22.735020000000002,22.735020000000006,444.0,444.0
2019-07-14 01:00:00,17.256085,17.256085,337.0,337.0
2019-07-14 02:00:00,15.259089999999999,15.259089999999999,298.0,298.0
2019-07-14 03:00:00,16.79524,16.79524,328.0,328.0
2019-07-14 04:00:00,19.662719999999993,19.662719999999993,384.0,384.0
2019-07-14 05:00:00,14.183785000000004,14.183785000000004,277.0,277.0
2019-07-14 06:00:00,22.73502,22.73502,444.0,444.0
2019-07-14 07:00:00,390.745355,390.745355,7631.0,7631.0
2019-07-14 08:00:00,377.841695,377.841695,7379.0,7379.0
2019-07-14 09:00:00,111.67810500000003,111.67810500000003,2181.0,2181.0
2019-07-14 10:00:00,88.328625,88.328625,1725.0,1725.0
2019-07-14 11:00:00,60.16587499999999,60.16587499999999,1175.0,1175.0
2019-07-14 12:00:00,59.961054999999995,59.961054999999995,1171.0,1171.0
2019-07-14 13:00:00,58.01526499999999,58.01526499999999,1133.0,1133.0
2019-07-14 14:00:00,76.85870500000001,76.85870500000001,1501.0,1501.0
2019-07-14 15:00:00,209.22362999999999,209.22362999999999,4086.0,4086.0
2019-07-14 16:00:00,229.34719499999997,229.34719499999997,4479.0,4479.0
2019-07-14 17:00:00,28.265159999999998,28.265159999999995,552.0,552.0
2019-07-14 18:00:00,35.94591,35.94591,702.0,702.0
2019-07-14 19:00:00,24.936835000000002,24.936835000000006,487.0,487.0
2019-07-14 20:00:00,130.623955,130.623955,2551.0,2551.0
2019-07-14 21:00:00,131.750465,131.750465,2573.0,2573.0
2019-07-14 22:00:00,131.340825,131.340825,2565.0,2565.0
2019-07-14 23:00:00,13.825350000000002,13.825350000000002,270.0,270.0
2019-07-15 00:00:00,9.370515,9.370515,183.0,183.0
2019-07-15 01:00:00,10.855460000000003,10.855460000000003,212.0,212.0
2019-07-15 02:00:00,9.62654,9.62654,188.0,188.0
2019-07-15 03:00:00,12.135585,12.135585,237.0,237.0
2019-07-15 04:00:00,11.87956,11.87956,232.0,232.0
2019-07-15 05:00:00,10.855459999999999,10.855459999999999,212.0,212.0
2019-07-15 06:00:00,4.1476049999999995,4.1476049999999995,81.0,81.0
2019-07-15 07:00:00,419.932205,419.932205,8201.0,8201.0
2019-07-15 08:00:00,101.84674499999998,101.84674499999998,1989.0,1989.0
2019-07-15 09:00:00,56.83755,56.83755,1110.0,1110.0
2019-07-15 10:00:00,94.063585,94.063585,1837.0,1837.0
2019-07-15 11:00:00,97.69914000000001,97.69914000000001,1908.0,1908.0
2019-07-15 12:00:00,187.30789000000004,187.30789000000001,3658.0,3658.0
2019-07-15 13:00:00,99.23528999999999,99.23528999999999,1938.0,1938.0
2019-07-15 14:00:00,85.97319499999999,85.97319499999999,1679.0,1679.0
2019-07-15 15:00:00,86.58765499999998,86.58765499999998,1691.0,1691.0
2019-07-15 16:00:00,60.985155000000006,60.985155000000006,1191.0,1191.0
2019-07-15 17:00:00,66.97614,66.97614,1308.0,1308.0
2019-07-15 18:00:00,183.97956499999998,183.97956499999998,3593.0,3593.0
2019-07-15 19:00:00,192.479595,192.47959500000002,3759.0,3759.0
2019-07-15 20:00:00,175.17230499999997,175.17230499999997,3421.0,3421.0
2019-07-15 21:00:00,191.557905,191.557905,3741.0,3741.0
2019-07-15 22:00:00,9.677745000000002,9.677745000000002,189.0,189.0
2019-07-15 23:00:00,7.219904999999999,7.219904999999999,141.0,141.0
2019-07-16 00:00:00,9.421719999999997,9.421719999999997,184.0,184.0
2019-07-16 01:00:00,11.367509999999998,11.367509999999998,222.0,222.0
2019-07-16 02:00:00,6.093394999999999,6.093394999999999,119.0,119.0
2019-07-16 03:00:00,6.96388,6.96388,136.0,136.0
2019-07-16 04:00:00,9.677745,9.677745,189.0,189.0
2019-07-16 05:00:00,11.06028,11.06028,216.0,216.0
2019-07-16 06:00:00,5.93978,5.93978,116.0,116.0
2019-07-16 07:00:00,414.9141149999999,414.9141149999999,8103.0,8103.0
2019-07-16 08:00:00,100.15698,100.15698,1956.0,1956.0
2019-07-16 09:00:00,61.702025000000006,61.702025,1205.0,1205.0
2019-07-16 10:00:00,88.17501,88.17501,1722.0,1722.0
2019-07-16 11:00:00,100.15698000000002,100.15698000000002,1956.0,1956.0
2019-07-16 12:00:00,180.03678,180.03678,3516.0,3516.0
2019-07-16 13:00:00,93.39792,93.39792,1824.0,1824.0
2019-07-16 14:00:00,99.74734,99.74734,1948.0,1948.0
2019-07-16 15:00:00,98.26239500000001,98.26239500000001,1919.0,1919.0
2019-07-16 16:00:00,56.83755,56.83755,1110.0,1110.0
2019-07-16 17:00:00,58.57852,58.57852,1144.0,1144.0
2019-07-16 18:00:00,168.31083499999997,168.31083499999997,3287.0,3287.0
2019-07-16 19:00:00,170.76867499999997,170.76867499999997,3335.0,3335.0
2019-07-16 20:00:00,181.26569999999998,181.26569999999998,3540.0,3540.0
2019-07-16 21:00:00,186.130175,186.130175,3635.0,3635.0
2019-07-16 22:00:00,11.316305000000002,11.316305000000002,221.0,221.0
2019-07-16 23:00:00,8.039185,8.039185,157.0,157.0
2019-07-17 00:00:00,5.93978,5.93978,116.0,116.0
2019-07-17 01:00:00,8.141595,8.141595,159.0,159.0
2019-07-17 02:00:00,7.783159999999999,7.783159999999999,152.0,152.0
2019-07-17 03:00:00,8.653645,8.653645,169.0,169.0
2019-07-17 04:00:00,8.448825,8.448825,165.0,165.0
2019-07-17 05:00:00,9.165695000000001,9.165695000000001,179.0,179.0
2019-07-17 06:00:00,8.551234999999998,8.551234999999998,167.0,167.0
2019-07-17 07:00:00,403.18817000000007,403.18817000000007,7874.0,7874.0
2019-07-17 08:00:00,90.37682500000001,90.37682500000003,1765.0,1765.0
2019-07-17 09:00:00,55.198989999999995,55.198989999999995,1078.0,1078.0
2019-07-17 10:00:00,90.06959500000002,90.06959500000002,1759.0,1759.0
2019-07-17 11:00:00,83.87379,83.87378999999999,1638.0,1638.0
2019-07-17 12:00:00,164.62407499999995,164.62407499999995,3215.0,3215.0
2019-07-17 13:00:00,102.00036,102.00035999999999,1992.0,1992.0
2019-07-17 14:00:00,92.27141,92.27141,1802.0,1802.0
2019-07-17 15:00:00,93.449125,93.449125,1825.0,1825.0
2019-07-17 16:00:00,58.06646999999999,58.06646999999999,1134.0,1134.0
2019-07-17 17:00:00,64.159865,64.159865,1253.0,1253.0
2019-07-17 18:00:00,179.93437000000003,179.93437000000003,3514.0,3514.0
2019-07-17 19:00:00,186.64222499999997,186.64222499999997,3645.0,3645.0
2019-07-17 20:00:00,187.768735,187.768735,3667.0,3667.0
2019-07-17 21:00:00,177.63014499999997,177.63014499999997,3469.0,3469.0
2019-07-17 22:00:00,8.500029999999999,8.500029999999999,166.0,166.0
2019-07-17 23:00:00,8.090390000000001,8.090390000000001,158.0,158.0
2019-07-18 00:00:00,6.65665,6.65665,130.0,130.0
2019-07-18 01:00:00,9.31931,9.31931,182.0,182.0
2019-07-18 02:00:00,11.009075000000001,11.009075000000001,215.0,215.0
2019-07-18 03:00:00,7.78316,7.78316,152.0,152.0
2019-07-18 04:00:00,8.397620000000002,8.397620000000002,164.0,164.0
2019-07-18 05:00:00,9.165695,9.165695,179.0,179.0
2019-07-18 06:00:00,11.009075,11.009075,215.0,215.0
2019-07-18 07:00:00,406.92613500000004,406.92613500000004,7947.0,7947.0
2019-07-18 08:00:00,103.48530500000001,103.48530500000001,2021.0,2021.0
2019-07-18 09:00:00,57.605625,57.605625,1125.0,1125.0
2019-07-18 10:00:00,102.92205000000001,102.92205000000001,2010.0,2010.0
2019-07-18 11:00:00,87.40693499999999,87.40693499999999,1707.0,1707.0
2019-07-18 12:00:00,190.27777999999998,190.27777999999998,3716.0,3716.0
2019-07-18 13:00:00,102.30759000000003,102.30759000000003,1998.0,1998.0
2019-07-18 14:00:00,97.955165,97.955165,1913.0,1913.0
2019-07-18 15:00:00,101.69313000000001,101.69313000000001,1986.0,1986.0
2019-07-18 16:00:00,65.43999,65.43999,1278.0,1278.0
2019-07-18 17:00:00,60.37069499999999,60.37069499999999,1179.0,1179.0
2019-07-18 18:00:00,182.18739000000002,182.18739000000002,3558.0,3558.0
2019-07-18 19:00:00,183.10907999999998,183.10907999999998,3576.0,3576.0
2019-07-18 20:00:00,177.78376000000003,177.78376000000003,3472.0,3472.0
2019-07-18 21:00:00,191.25067499999992,191.25067499999992,3735.0,3735.0
2019-07-18 22:00:00,9.93377,9.93377,194.0,194.0
2019-07-18 23:00:00,9.780155,9.780155,191.0,191.0
2019-07-19 00:00:00,9.063284999999999,9.063284999999999,177.0,177.0
2019-07-19 01:00:00,10.087385,10.087385,197.0,197.0
2019-07-19 02:00:00,11.213894999999999,11.213894999999999,219.0,219.0
2019-07-19 03:00:00,10.394615,10.394615,203.0,203.0
2019-07-19 04:00:00,11.16269,11.16269,218.0,218.0
2019-07-19 05:00:00,10.95787,10.95787,214.0,214.0
2019-07-19 06:00:00,12.545225000000004,12.545225000000004,245.0,245.0
2019-07-19 07:00:00,405.03155,405.03155,7910.0,7910.0
2019-07-19 08:00:00,89.71116,89.71116,1752.0,1752.0
2019-07-19 09:00:00,61.18997499999999,61.18997499999999,1195.0,1195.0
2019-07-19 10:00:00,87.71416500000001,87.71416500000001,1713.0,1713.0
2019-07-19 11:00:00,84.07860999999998,84.07860999999998,1642.0,1642.0
2019-07-19 12:00:00,190.89224,190.89223999999996,3728.0,3728.0
2019-07-19 13:00:00,86.587655,86.58765500000001,1691.0,1691.0
2019-07-19 14:00:00,94.985275,94.985275,1855.0,1855.0
2019-07-19 15:00:00,90.42803000000004,90.42803000000004,1766.0,1766.0
2019-07-19 16:00:00,68.00023999999999,68.00023999999999,1328.0,1328.0
2019-07-19 17:00:00,52.792354999999986,52.792354999999986,1031.0,1031.0
2019-07-19 18:00:00,175.22350999999995,175.22350999999995,3422.0,3422.0
2019-07-19 19:00:00,166.05781500000003,166.05781500000003,3243.0,3243.0
2019-07-19 20:00:00,168.003605,168.003605,3281.0,3281.0
2019-07-19 21:00:00,191.660315,191.660315,3743.0,3743.0
2019-07-19 22:00:00,8.346414999999999,8.346414999999999,163.0,163.0
2019-07-19 23:00:00,9.780155,9.780155,191.0,191.0
2019-07-20 00:00:00,16.641624999999998,16.641624999999998,325.0,325.0
2019-07-20 01:00:00,17.921750000000003,17.921750000000003,350.0,350.0
2019-07-20 02:00:00,15.46391,15.46391,302.0,302.0
2019-07-20 03:00:00,20.68682,20.686819999999997,404.0,404.0
2019-07-20 04:00:00,13.10848,13.10848,256.0,256.0
2019-07-20 05:00:00,22.683815,22.683815,443.0,443.0
2019-07-20 06:00:00,16.3856,16.3856,320.0,320.0
2019-07-20 07:00:00,398.016465,398.016465,7773.0,7773.0
2019-07-20 08:00:00,383.42303999999996,383.42303999999996,7488.0,7488.0
2019-07-20 09:00:00,118.28354999999999,118.28354999999999,2310.0,2310.0
2019-07-20 10:00:00,116.798605,116.798605,2281.0,2281.0
2019-07-20 11:00:00,60.319489999999995,60.319489999999995,1178.0,1178.0
2019-07-20 12:00:00,69.94603000000001,69.94603000000001,1366.0,1366.0
2019-07-20 13:00:00,64.876735,64.876735,1267.0,1267.0
2019-07-20 14:00:00,68.20506000000002,68.20506000000002,1332.0,1332.0
2019-07-20 15:00:00,223.66343999999998,223.66343999999998,4368.0,4368.0
2019-07-20 16:00:00,204.71759000000006,204.71759000000006,3998.0,3998.0
2019-07-20 17:00:00,34.665785,34.665785,677.0,677.0
2019-07-20 18:00:00,27.394674999999996,27.394674999999996,535.0,535.0
2019-07-20 19:00:00,29.238054999999996,29.238054999999992,571.0,571.0
2019-07-20 20:00:00,128.42213999999998,128.42213999999998,2508.0,2508.0
2019-07-20 21:00:00,131.136005,131.136005,2561.0,2561.0
2019-07-20 22:00:00,126.11791500000001,126.11791500000002,2463.0,2463.0
2019-07-20 23:00:00,20.994049999999998,20.994049999999998,410.0,410.0
2019-07-21 00:00:00,16.18078,16.18078,316.0,316.0
2019-07-21 01:00:00,13.262094999999999,13.262094999999999,259.0,259.0
2019-07-21 02:00:00,19.099465,19.099465,373.0,373.0
2019-07-21 03:00:00,15.617525,15.617525,305.0,305.0
2019-07-21 04:00:00,19.304284999999997,19.304284999999997,377.0,377.0
2019-07-21 05:00:00,13.671735,13.671735,267.0,267.0
2019-07-21 06:00:00,21.045254999999994,21.045254999999994,411.0,411.0
2019-07-21 07:00:00,395.20018999999996,395.20018999999996,7718.0,7718.0
2019-07-21 08:00:00,394.2785,394.2785,7700.0,7700.0
2019-07-21 09:00:00,103.94614999999999,103.94614999999999,2030.0,2030.0
2019-07-21 10:00:00,90.22320999999998,90.22320999999998,1762.0,1762.0
2019-07-21 11:00:00,69.53638999999998,69.53638999999998,1358.0,1358.0
2019-07-21 12:00:00,61.75323,61.75323,1206.0,1206.0
2019-07-21 13:00:00,64.10865999999999,64.10865999999999,1252.0,1252.0
2019-07-21 14:00:00,62.521305,62.521305,1221.0,1221.0
2019-07-21 15:00:00,197.49768500000005,197.49768500000005,3857.0,3857.0
2019-07-21 16:00:00,204.30795,204.30795,3990.0,3990.0
2019-07-21 17:00:00,34.56337499999999,34.56337499999999,675.0,675.0
2019-07-21 18:00:00,34.40976,34.40976,672.0,672.0
2019-07-21 19:00:00,28.572390000000002,28.572390000000002,558.0,558.0
2019-07-21 20:00:00,124.94020000000002,124.94020000000002,2440.0,2440.0
2019-07-21 21:00:00,125.81068499999996,125.81068499999998,2457.0,2457.0
2019-07-21 22:00:00,132.262515,132.262515,2583.0,2583.0
2019-07-21 23:00:00,18.433799999999998,18.433799999999998,360.0,360.0
2019-07-22 00:00:00,9.575335,9.575335,187.0,187.0
2019-07-22 01:00:00,6.810264999999999,6.810264999999999,133.0,133.0
2019-07-22 02:00:00,6.707855,6.707855,131.0,131.0
2019-07-22 03:00:00,7.68075,7.680750000000001,150.0,150.0
2019-07-22 04:00:00,8.807259999999998,8.807259999999998,172.0,172.0
2019-07-22 05:00:00,7.5271349999999995,7.5271349999999995,147.0,147.0
2019-07-22 06:00:00,8.244005000000001,8.244005000000001,161.0,161.0
2019-07-22 07:00:00,394.73934500000007,394.73934500000007,7709.0,7709.0
2019-07-22 08:00:00,85.61475999999998,85.61475999999999,1672.0,1672.0
2019-07-22 09:00:00,56.01827000000001,56.01827000000001,1094.0,1094.0
2019-07-22 10:00:00,88.533445,88.533445,1729.0,1729.0
2019-07-22 11:00:00,91.04249,91.04249,1778.0,1778.0
2019-07-22 12:00:00,165.95540499999998,165.95540499999998,3241.0,3241.0
2019-07-22 13:00:00,90.63285000000002,90.63285000000002,1770.0,1770.0
2019-07-22 14:00:00,95.13889000000002,95.13889000000002,1858.0,1858.0
2019-07-22 15:00:00,96.316605,96.316605,1881.0,1881.0
2019-07-22 16:00:00,64.979145,64.979145,1269.0,1269.0
2019-07-22 17:00:00,51.81946000000001,51.81946000000001,1012.0,1012.0
2019-07-22 18:00:00,169.18132000000003,169.18132000000003,3304.0,3304.0
2019-07-22 19:00:00,176.606045,176.606045,3449.0,3449.0
2019-07-22 20:00:00,166.26263499999996,166.26263499999993,3247.0,3247.0
2019-07-22 21:00:00,166.569865,166.569865,3253.0,3253.0
2019-07-22 22:00:00,13.10848,13.10848,256.0,256.0
2019-07-22 23:00:00,10.497024999999999,10.497024999999999,205.0,205.0
2019-07-23 00:00:00,8.909669999999998,8.909669999999998,174.0,174.0
2019-07-23 01:00:00,9.31931,9.31931,182.0,182.0
2019-07-23 02:00:00,7.8855699999999995,7.8855699999999995,154.0,154.0
2019-07-23 03:00:00,4.40363,4.40363,86.0,86.0
2019-07-23 04:00:00,6.400625,6.400625,125.0,125.0
2019-07-23 05:00:00,9.62654,9.62654,188.0,188.0
2019-07-23 06:00:00,9.216899999999997,9.216899999999997,180.0,180.0
2019-07-23 07:00:00,390.3869199999999,390.3869199999999,7624.0,7624.0
2019-07-23 08:00:00,87.04850000000003,87.04850000000003,1700.0,1700.0
2019-07-23 09:00:00,62.265280000000004,62.26528,1216.0,1216.0
2019-07-23 10:00:00,86.79247500000002,86.79247500000002,1695.0,1695.0
2019-07-23 11:00:00,81.05751500000002,81.05751500000002,1583.0,1583.0
2019-07-23 12:00:00,169.79578,169.79578,3316.0,3316.0
2019-07-23 13:00:00,92.57864,92.57864,1808.0,1808.0
2019-07-23 14:00:00,93.55153499999999,93.55153499999999,1827.0,1827.0
2019-07-23 15:00:00,92.52743499999998,92.52743499999998,1807.0,1807.0
2019-07-23 16:00:00,63.340585,63.340585,1237.0,1237.0
2019-07-23 17:00:00,50.59054000000002,50.59054000000002,988.0,988.0
2019-07-23 18:00:00,183.10907999999998,183.10907999999998,3576.0,3576.0
2019-07-23 19:00:00,175.47953500000003,175.47953500000003,3427.0,3427.0
2019-07-23 20:00:00,169.846985,169.846985,3317.0,3317.0
2019-07-23 21:00:00,183.46751500000002,183.46751500000002,3583.0,3583.0
2019-07-23 22:00:00,13.466915,13.466915,263.0,263.0
2019-07-23 23:00:00,9.831359999999998,9.831359999999998,192.0,192.0
2019-07-24 00:00:00,9.31931,9.31931,182.0,182.0
2019-07-24 01:00:00,12.084380000000001,12.084380000000001,236.0,236.0
2019-07-24 02:00:00,10.54823,10.548230000000002,206.0,206.0
2019-07-24 03:00:00,9.370515,9.370515,183.0,183.0
2019-07-24 04:00:00,9.268105,9.268105,181.0,181.0
2019-07-24 05:00:00,6.759060000000001,6.759060000000001,132.0,132.0
2019-07-24 06:00:00,9.370515,9.370515,183.0,183.0
2019-07-24 07:00:00,405.85083,405.85083,7926.0,7926.0
2019-07-24 08:00:00,102.87084499999999,102.87084499999999,2009.0,2009.0
2019-07-24 09:00:00,58.27129000000001,58.27129000000001,1138.0,1138.0
2019-07-24 10:00:00,92.117795,92.11779499999999,1799.0,1799.0
2019-07-24 11:00:00,86.12681000000002,86.12681000000002,1682.0,1682.0
2019-07-24 12:00:00,180.75364999999994,180.75364999999994,3530.0,3530.0
2019-07-24 13:00:00,93.19310000000003,93.19310000000003,1820.0,1820.0
2019-07-24 14:00:00,87.91898499999999,87.91898499999999,1717.0,1717.0
2019-07-24 15:00:00,98.82565,98.82565,1930.0,1930.0
2019-07-24 16:00:00,58.98816,58.98815999999999,1152.0,1152.0
2019-07-24 17:00:00,60.98515500000001,60.98515500000001,1191.0,1191.0
2019-07-24 18:00:00,186.53981499999998,186.53981499999998,3643.0,3643.0
2019-07-24 19:00:00,166.00661,166.00661,3242.0,3242.0
2019-07-24 20:00:00,166.36504499999998,166.36504499999998,3249.0,3249.0
2019-07-24 21:00:00,184.59402500000004,184.59402500000002,3605.0,3605.0
2019-07-24 22:00:00,10.241,10.241,200.0,200.0
2019-07-24 23:00:00,7.168700000000001,7.168700000000001,140.0,140.0
2019-07-25 00:00:00,9.421719999999999,9.421719999999999,184.0,184.0
2019-07-25 01:00:00,5.683755,5.683755,111.0,111.0
2019-07-25 02:00:00,8.244005,8.244005,161.0,161.0
2019-07-25 03:00:00,6.400625000000001,6.400625000000001,125.0,125.0
2019-07-25 04:00:00,6.707855,6.707855,131.0,131.0
2019-07-25 05:00:00,8.60244,8.60244,168.0,168.0
2019-07-25 06:00:00,10.189794999999998,10.189794999999998,199.0,199.0
2019-07-25 07:00:00,384.13991000000004,384.13991000000004,7502.0,7502.0
2019-07-25 08:00:00,93.346715,93.346715,1823.0,1823.0
2019-07-25 09:00:00,57.50321499999999,57.50321499999999,1123.0,1123.0
2019-07-25 10:00:00,87.56055,87.56055,1710.0,1710.0
2019-07-25 11:00:00,97.95516499999998,97.95516499999998,1913.0,1913.0
2019-07-25 12:00:00,199.49468000000007,199.49468000000007,3896.0,3896.0
2019-07-25 13:00:00,94.37081500000002,94.37081500000002,1843.0,1843.0
2019-07-25 14:00:00,88.02139500000001,88.02139500000001,1719.0,1719.0
2019-07-25 15:00:00,81.671975,81.67197499999999,1595.0,1595.0
2019-07-25 16:00:00,58.936955000000005,58.93695500000001,1151.0,1151.0
2019-07-25 17:00:00,50.027284999999985,50.027284999999985,977.0,977.0
2019-07-25 18:00:00,172.612055,172.61205500000003,3371.0,3371.0
2019-07-25 19:00:00,185.720535,185.720535,3627.0,3627.0
2019-07-25 20:00:00,170.973495,170.973495,3339.0,3339.0
2019-07-25 21:00:00,192.37718499999997,192.37718499999997,3757.0,3757.0
2019-07-25 22:00:00,14.388605000000002,14.388605000000004,281.0,281.0
2019-07-25 23:00:00,5.530139999999999,5.530139999999999,108.0,108.0
2019-07-26 00:00:00,8.448825,8.448825,165.0,165.0
2019-07-26 01:00:00,5.837369999999999,5.837369999999999,114.0,114.0
2019-07-26 02:00:00,10.292204999999997,10.292204999999996,201.0,201.0
2019-07-26 03:00:00,6.810265,6.810265,133.0,133.0
2019-07-26 04:00:00,5.990984999999999,5.990984999999999,117.0,117.0
2019-07-26 05:00:00,5.83737,5.83737,114.0,114.0
2019-07-26 06:00:00,8.295209999999999,8.295209999999999,162.0,162.0
2019-07-26 07:00:00,398.630925,398.63092500000005,7785.0,7785.0
2019-07-26 08:00:00,90.73526,90.73526,1772.0,1772.0
2019-07-26 09:00:00,52.79235500000001,52.79235500000001,1031.0,1031.0
2019-07-26 10:00:00,81.92800000000003,81.92800000000003,1600.0,1600.0
2019-07-26 11:00:00,89.81356999999998,89.81356999999998,1754.0,1754.0
2019-07-26 12:00:00,175.94038,175.94038,3436.0,3436.0
2019-07-26 13:00:00,93.80756000000001,93.80756000000001,1832.0,1832.0
2019-07-26 14:00:00,84.79548000000001,84.79548000000001,1656.0,1656.0
2019-07-26 15:00:00,95.702145,95.702145,1869.0,1869.0
2019-07-26 16:00:00,53.66284000000001,53.66284000000001,1048.0,1048.0
2019-07-26 17:00:00,69.74121,69.74121,1362.0,1362.0
2019-07-26 18:00:00,180.49762500000003,180.49762500000003,3525.0,3525.0
2019-07-26 19:00:00,165.80179,165.80179,3238.0,3238.0
2019-07-26 20:00:00,178.60304,178.60304,3488.0,3488.0
2019-07-26 21:00:00,184.54281999999998,184.54281999999998,3604.0,3604.0
2019-07-26 22:00:00,10.292205,10.292205,201.0,201.0
2019-07-26 23:00:00,7.015084999999999,7.015084999999999,137.0,137.0
2019-07-27 00:00:00,14.030170000000002,14.030170000000002,274.0,274.0
2019-07-27 01:00:00,15.77114,15.771139999999999,308.0,308.0
2019-07-27 02:00:00,14.695835,14.695835,287.0,287.0
2019-07-27 03:00:00,15.822345,15.822345,309.0,309.0
2019-07-27 04:00:00,17.10247,17.10247,334.0,334.0
2019-07-27 05:00:00,13.210889999999997,13.210889999999997,258.0,258.0
2019-07-27 06:00:00,18.177774999999997,18.177774999999997,355.0,355.0
2019-07-27 07:00:00,409.3839750000001,409.3839750000001,7995.0,7995.0
2019-07-27 08:00:00,391.2574049999999,391.2574049999999,7641.0,7641.0
2019-07-27 09:00:00,113.98232999999999,113.98232999999999,2226.0,2226.0
2019-07-27 10:00:00,107.83773,107.83773,2106.0,2106.0
2019-07-27 11:00:00,70.406875,70.406875,1375.0,1375.0
2019-07-27 12:00:00,75.37375999999999,75.37375999999999,1472.0,1472.0
2019-07-27 13:00:00,56.683935,56.683935,1107.0,1107.0
2019-07-27 14:00:00,64.979145,64.979145,1269.0,1269.0
2019-07-27 15:00:00,225.455615,225.45561500000002,4403.0,4403.0
2019-07-27 16:00:00,211.78387999999998,211.78388,4136.0,4136.0
2019-07-27 17:00:00,33.948915,33.948915,663.0,663.0
2019-07-27 18:00:00,36.66278000000001,36.662780000000005,716.0,716.0
2019-07-27 19:00:00,26.93383,26.93383,526.0,526.0
2019-07-27 20:00:00,129.13900999999998,129.13900999999998,2522.0,2522.0
2019-07-27 21:00:00,124.12092,124.12092,2424.0,2424.0
2019-07-27 22:00:00,126.27153000000001,126.27153000000001,2466.0,2466.0
2019-07-27 23:00:00,14.491015,14.491015,283.0,283.0
2019-07-28 00:00:00,19.765130000000003,19.765130000000003,386.0,386.0
2019-07-28 01:00:00,16.795239999999996,16.795239999999996,328.0,328.0
2019-07-28 02:00:00,16.744035,16.744035,327.0,327.0
2019-07-28 03:00:00,23.451889999999995,23.451889999999995,458.0,458.0
2019-07-28 04:00:00,13.364505000000001,13.364505,261.0,261.0
2019-07-28 05:00:00,19.201875,19.201875,375.0,375.0
2019-07-28 06:00:00,22.376585000000006,22.376585000000006,437.0,437.0
2019-07-28 07:00:00,378.353745,378.353745,7389.0,7389.0
2019-07-28 08:00:00,372.97722,372.97721999999993,7284.0,7284.0
2019-07-28 09:00:00,111.01243999999997,111.01243999999997,2168.0,2168.0
2019-07-28 10:00:00,102.15397499999999,102.15397499999999,1995.0,1995.0
2019-07-28 11:00:00,69.63879999999999,69.63879999999999,1360.0,1360.0
2019-07-28 12:00:00,68.51229000000001,68.51229000000001,1338.0,1338.0
2019-07-28 13:00:00,68.665905,68.665905,1341.0,1341.0
2019-07-28 14:00:00,73.274355,73.274355,1431.0,1431.0
2019-07-28 15:00:00,195.60309999999998,195.60309999999998,3820.0,3820.0
2019-07-28 16:00:00,206.97060999999997,206.97060999999997,4042.0,4042.0
2019-07-28 17:00:00,31.95192,31.951920000000005,624.0,624.0
2019-07-28 18:00:00,33.744095,33.744095,659.0,659.0
2019-07-28 19:00:00,31.695895,31.695895,619.0,619.0
2019-07-28 20:00:00,131.28962,131.28962,2564.0,2564.0
2019-07-28 21:00:00,118.744395,118.744395,2319.0,2319.0
2019-07-28 22:00:00,133.901075,133.901075,2615.0,2615.0
2019-07-28 23:00:00,14.593425,14.593425,285.0,285.0
2019-07-29 00:00:00,11.418715,11.418715,223.0,223.0
2019-07-29 01:00:00,10.036180000000002,10.036180000000002,196.0,196.0
2019-07-29 02:00:00,7.98798,7.987980000000001,156.0,156.0
2019-07-29 03:00:00,6.810264999999999,6.810264999999999,133.0,133.0
2019-07-29 04:00:00,8.09039,8.09039,158.0,158.0
2019-07-29 05:00:00,8.756055,8.756055,171.0,171.0
2019-07-29 06:00:00,9.012079999999997,9.012079999999997,176.0,176.0
2019-07-29 07:00:00,388.6971549999999,388.6971549999999,7591.0,7591.0
2019-07-29 08:00:00,94.21720000000002,94.2172,1840.0,1840.0
2019-07-29 09:00:00,55.60863,55.60863,1086.0,1086.0
2019-07-29 10:00:00,87.61175499999997,87.61175499999997,1711.0,1711.0
2019-07-29 11:00:00,80.18703000000001,80.18703000000001,1566.0,1566.0
2019-07-29 12:00:00,182.28979999999999,182.28979999999999,3560.0,3560.0
2019-07-29 13:00:00,87.86777999999998,87.86777999999998,1716.0,1716.0
2019-07-29 14:00:00,90.479235,90.479235,1767.0,1767.0
2019-07-29 15:00:00,82.33764000000001,82.33764000000001,1608.0,1608.0
2019-07-29 16:00:00,55.608630000000005,55.608630000000005,1086.0,1086.0
2019-07-29 17:00:00,60.4219,60.4219,1180.0,1180.0
2019-07-29 18:00:00,165.08491999999998,165.08491999999998,3224.0,3224.0
2019-07-29 19:00:00,170.461445,170.46144500000003,3329.0,3329.0
2019-07-29 20:00:00,193.55490000000003,193.55490000000003,3780.0,3780.0
2019-07-29 21:00:00,176.91327500000003,176.91327500000006,3455.0,3455.0
2019-07-29 22:00:00,9.216899999999999,9.216899999999999,180.0,180.0
2019-07-29 23:00:00,13.006070000000003,13.006070000000003,254.0,254.0
2019-07-30 00:00:00,13.057275000000002,13.057275000000002,255.0,255.0
2019-07-30 01:00:00,8.653645,8.653645,169.0,169.0
2019-07-30 02:00:00,14.183784999999999,14.183784999999999,277.0,277.0
2019-07-30 03:00:00,10.241,10.241,200.0,200.0
2019-07-30 04:00:00,6.96388,6.96388,136.0,136.0
2019-07-30 05:00:00,9.42172,9.42172,184.0,184.0
2019-07-30 06:00:00,10.292205,10.292205,201.0,201.0
2019-07-30 07:00:00,408.00144000000006,408.00144000000006,7968.0,7968.0
2019-07-30 08:00:00,101.33469500000002,101.33469500000004,1979.0,1979.0
2019-07-30 09:00:00,62.36768999999999,62.36768999999999,1218.0,1218.0
2019-07-30 10:00:00,85.30753000000003,85.30753000000003,1666.0,1666.0
2019-07-30 11:00:00,90.42803000000004,90.42803000000004,1766.0,1766.0
2019-07-30 12:00:00,176.1452,176.1452,3440.0,3440.0
2019-07-30 13:00:00,96.62383500000001,96.62383500000001,1887.0,1887.0
2019-07-30 14:00:00,101.74433499999998,101.74433499999998,1987.0,1987.0
2019-07-30 15:00:00,91.19610500000002,91.19610500000002,1781.0,1781.0
2019-07-30 16:00:00,52.74115,52.74115,1030.0,1030.0
2019-07-30 17:00:00,63.18697,63.18697,1234.0,1234.0
2019-07-30 18:00:00,185.56692000000004,185.56692000000004,3624.0,3624.0
2019-07-30 19:00:00,160.52767500000002,160.527675,3135.0,3135.0
2019-07-30 20:00:00,170.56385500000002,170.56385500000002,3331.0,3331.0
2019-07-30 21:00:00,179.98557499999998,179.98557499999998,3515.0,3515.0
2019-07-30 22:00:00,10.701844999999999,10.701844999999999,209.0,209.0
2019-07-30 23:00:00,11.981970000000002,11.981970000000004,234.0,234.0
2019-07-31 00:00:00,9.370515,9.370515,183.0,183.0
2019-07-31 01:00:00,10.343409999999999,10.343409999999999,202.0,202.0
2019-07-31 02:00:00,6.04219,6.04219,118.0,118.0
2019-07-31 03:00:00,10.087385000000001,10.087385000000001,197.0,197.0
2019-07-31 04:00:00,6.503035,6.503035,127.0,127.0
2019-07-31 05:00:00,12.237995,12.237995,239.0,239.0
2019-07-31 06:00:00,9.216899999999999,9.216899999999999,180.0,180.0
2019-07-31 07:00:00,377.38084999999995,377.38084999999995,7370.0,7370.0
2019-07-31 08:00:00,98.672035,98.672035,1927.0,1927.0
2019-07-31 09:00:00,59.602619999999995,59.602619999999995,1164.0,1164.0
2019-07-31 10:00:00,89.19910999999999,89.19910999999999,1742.0,1742.0
2019-07-31 11:00:00,87.50934499999998,87.50934499999998,1709.0,1709.0
2019-07-31 12:00:00,179.11508999999998,179.11508999999998,3498.0,3498.0
2019-07-31 13:00:00,86.0244,86.02440000000001,1680.0,1680.0
2019-07-31 14:00:00,89.50634000000002,89.50634000000002,1748.0,1748.0
2019-07-31 15:00:00,92.37382000000001,92.37382000000001,1804.0,1804.0
2019-07-31 16:00:00,65.74721999999998,65.74721999999998,1284.0,1284.0
2019-07-31 17:00:00,56.939960000000006,56.939960000000006,1112.0,1112.0
2019-07-31 18:00:00,175.88917499999997,175.88917499999997,3435.0,3435.0
2019-07-31 19:00:00,178.96147499999998,178.96147499999998,3495.0,3495.0
2019-07-31 20:00:00,181.06088,181.06088,3536.0,3536.0
2019-07-31 21:00:00,166.31384,166.31384,3248.0,3248.0
2019-07-31 22:00:00,8.551234999999998,8.551234999999998,167.0,167.0
2019-07-31 23:00:00,9.831360000000002,9.831360000000002,192.0,192.0
2019-08-01 00:00:00,8.039184999999998,8.039184999999998,157.0,157.0
2019-08-01 01:00:00,5.9909849999999985,5.9909849999999985,117.0,117.0
2019-08-01 02:00:00,6.298215,6.298215,123.0,123.0
2019-08-01 03:00:00,8.60244,8.60244,168.0,168.0
2019-08-01 04:00:00,6.55424,6.55424,128.0,128.0
2019-08-01 05:00:00,7.527135,7.527135,147.0,147.0
2019-08-01 06:00:00,6.042190000000001,6.042190000000001,118.0,118.0
2019-08-01 07:00:00,404.72432,404.72432,7904.0,7904.0
2019-08-01 08:00:00,104.81663499999999,104.81663499999998,2047.0,2047.0
2019-08-01 09:00:00,55.40381,55.40380999999999,1082.0,1082.0
2019-08-01 10:00:00,95.39491500000001,95.39491500000001,1863.0,1863.0
2019-08-01 11:00:00,83.00330500000003,83.00330500000003,1621.0,1621.0
2019-08-01 12:00:00,175.32591999999997,175.32591999999997,3424.0,3424.0
2019-08-01 13:00:00,95.44612000000004,95.44612000000004,1864.0,1864.0
2019-08-01 14:00:00,97.90395999999998,97.90395999999998,1912.0,1912.0
2019-08-01 15:00:00,92.37382000000001,92.37382000000001,1804.0,1804.0
2019-08-01 16:00:00,55.81344999999998,55.81344999999998,1090.0,1090.0
2019-08-01 17:00:00,57.810445,57.810445,1129.0,1129.0
2019-08-01 18:00:00,182.90426,182.90426,3572.0,3572.0
2019-08-01 19:00:00,188.12717,188.12717,3674.0,3674.0
2019-08-01 20:00:00,179.2175,179.2175,3500.0,3500.0
2019-08-01 21:00:00,168.822885,168.822885,3297.0,3297.0
2019-08-01 22:00:00,10.087385,10.087385,197.0,197.0
2019-08-01 23:00:00,6.65665,6.65665,130.0,130.0
2019-08-02 00:00:00,4.0451950000000005,4.0451950000000005,79.0,79.0
2019-08-02 01:00:00,10.497025,10.497025,205.0,205.0
2019-08-02 02:00:00,10.548230000000002,10.548230000000002,206.0,206.0
2019-08-02 03:00:00,9.72895,9.728950000000001,190.0,190.0
2019-08-02 04:00:00,7.424724999999998,7.424724999999998,145.0,145.0
2019-08-02 05:00:00,5.376525,5.376525000000001,105.0,105.0
2019-08-02 06:00:00,9.882564999999998,9.882564999999998,193.0,193.0
2019-08-02 07:00:00,423.77257999999995,423.7725799999999,8276.0,8276.0
2019-08-02 08:00:00,89.19911000000002,89.19911000000002,1742.0,1742.0
2019-08-02 09:00:00,55.19898999999999,55.19898999999998,1078.0,1078.0
2019-08-02 10:00:00,89.19911000000002,89.19911000000002,1742.0,1742.0
2019-08-02 11:00:00,74.34966,74.34966,1452.0,1452.0
2019-08-02 12:00:00,180.19039499999994,180.19039499999994,3519.0,3519.0
2019-08-02 13:00:00,86.792475,86.792475,1695.0,1695.0
2019-08-02 14:00:00,90.99128499999998,90.99128499999998,1777.0,1777.0
2019-08-02 15:00:00,76.80750000000002,76.80750000000002,1500.0,1500.0
2019-08-02 16:00:00,58.57851999999998,58.57851999999998,1144.0,1144.0
2019-08-02 17:00:00,58.783339999999995,58.783339999999995,1148.0,1148.0
2019-08-02 18:00:00,176.810865,176.810865,3453.0,3453.0
2019-08-02 19:00:00,184.13317999999995,184.13317999999995,3596.0,3596.0
2019-08-02 20:00:00,182.2898,182.2898,3560.0,3560.0
2019-08-02 21:00:00,181.67534,181.67534,3548.0,3548.0
2019-08-02 22:00:00,7.219904999999999,7.219904999999999,141.0,141.0
2019-08-02 23:00:00,8.295209999999999,8.295209999999999,162.0,162.0
2019-08-03 00:00:00,19.76513,19.76513,386.0,386.0
2019-08-03 01:00:00,14.747039999999998,14.747039999999998,288.0,288.0
2019-08-03 02:00:00,16.334395,16.334395,319.0,319.0
2019-08-03 03:00:00,14.798245,14.798245,289.0,289.0
2019-08-03 04:00:00,17.921749999999996,17.921749999999996,350.0,350.0
2019-08-03 05:00:00,21.915739999999996,21.915739999999996,428.0,428.0
2019-08-03 06:00:00,17.81934,17.81934,348.0,348.0
2019-08-03 07:00:00,395.60983,395.60983,7726.0,7726.0
2019-08-03 08:00:00,388.90197500000005,388.90197500000005,7595.0,7595.0
2019-08-03 09:00:00,108.093755,108.093755,2111.0,2111.0
2019-08-03 10:00:00,112.49738500000004,112.49738500000004,2197.0,2197.0
2019-08-03 11:00:00,64.72312,64.72312,1264.0,1264.0
2019-08-03 12:00:00,66.20806499999999,66.20806499999999,1293.0,1293.0
2019-08-03 13:00:00,65.49119499999999,65.49119499999999,1279.0,1279.0
2019-08-03 14:00:00,59.90984999999999,59.90984999999999,1170.0,1170.0
2019-08-03 15:00:00,230.21768000000003,230.21768000000006,4496.0,4496.0
2019-08-03 16:00:00,224.94356500000004,224.94356500000004,4393.0,4393.0
2019-08-03 17:00:00,35.74109,35.74109,698.0,698.0
2019-08-03 18:00:00,39.888695,39.888695,779.0,779.0
2019-08-03 19:00:00,34.20494,34.20494,668.0,668.0
2019-08-03 20:00:00,127.142015,127.142015,2483.0,2483.0
2019-08-03 21:00:00,132.87697500000002,132.87697500000002,2595.0,2595.0
2019-08-03 22:00:00,140.660135,140.660135,2747.0,2747.0
2019-08-03 23:00:00,13.671735,13.671735,267.0,267.0
2019-08-04 00:00:00,14.337399999999999,14.337399999999997,280.0,280.0
2019-08-04 01:00:00,23.75912,23.75912,464.0,464.0
2019-08-04 02:00:00,18.638619999999996,18.63862,364.0,364.0
2019-08-04 03:00:00,15.771139999999999,15.771139999999999,308.0,308.0
2019-08-04 04:00:00,19.04826,19.048259999999996,372.0,372.0
2019-08-04 05:00:00,17.51211,17.51211,342.0,342.0
2019-08-04 06:00:00,20.27718,20.277179999999998,396.0,396.0
2019-08-04 07:00:00,362.01935,362.01935,7070.0,7070.0
2019-08-04 08:00:00,385.0616,385.0616,7520.0,7520.0
2019-08-04 09:00:00,106.25037499999998,106.25037499999998,2075.0,2075.0
2019-08-04 10:00:00,103.74132999999998,103.74132999999999,2026.0,2026.0
2019-08-04 11:00:00,67.53939500000001,67.53939500000001,1319.0,1319.0
2019-08-04 12:00:00,59.449005,59.449005,1161.0,1161.0
2019-08-04 13:00:00,58.834545,58.834545,1149.0,1149.0
2019-08-04 14:00:00,67.89782999999998,67.89782999999998,1326.0,1326.0
2019-08-04 15:00:00,204.359155,204.359155,3991.0,3991.0
2019-08-04 16:00:00,203.642285,203.642285,3977.0,3977.0
2019-08-04 17:00:00,34.358554999999996,34.358554999999996,671.0,671.0
2019-08-04 18:00:00,32.310354999999994,32.310354999999994,631.0,631.0
2019-08-04 19:00:00,25.858524999999997,25.858524999999997,505.0,505.0
2019-08-04 20:00:00,133.03059,133.03059,2598.0,2598.0
2019-08-04 21:00:00,125.810685,125.810685,2457.0,2457.0
2019-08-04 22:00:00,122.73838500000002,122.73838500000002,2397.0,2397.0
2019-08-04 23:00:00,17.716929999999998,17.716929999999998,346.0,346.0
2019-08-05 00:00:00,11.981969999999999,11.981969999999999,234.0,234.0
2019-08-05 01:00:00,7.117495,7.117495,139.0,139.0
2019-08-05 02:00:00,9.93377,9.93377,194.0,194.0
2019-08-05 03:00:00,9.882564999999998,9.882564999999998,193.0,193.0
2019-08-05 04:00:00,7.5271349999999995,7.5271349999999995,147.0,147.0
2019-08-05 05:00:00,9.165695,9.165695,179.0,179.0
2019-08-05 06:00:00,9.2169,9.2169,180.0,180.0
2019-08-05 07:00:00,415.016525,415.016525,8105.0,8105.0
2019-08-05 08:00:00,103.485305,103.485305,2021.0,2021.0
2019-08-05 09:00:00,48.08149499999999,48.08149499999999,939.0,939.0
2019-08-05 10:00:00,79.26534,79.26534,1548.0,1548.0
2019-08-05 11:00:00,86.22922,86.22922,1684.0,1684.0
2019-08-05 12:00:00,173.17531,173.17531000000002,3382.0,3382.0
2019-08-05 13:00:00,86.792475,86.792475,1695.0,1695.0
2019-08-05 14:00:00,98.56962500000003,98.56962500000002,1925.0,1925.0
2019-08-05 15:00:00,90.376825,90.376825,1765.0,1765.0
2019-08-05 16:00:00,58.68093,58.68093,1146.0,1146.0
2019-08-05 17:00:00,47.979085000000005,47.979085000000005,937.0,937.0
2019-08-05 18:00:00,178.03978499999997,178.03978499999997,3477.0,3477.0
2019-08-05 19:00:00,185.822945,185.82294500000003,3629.0,3629.0
2019-08-05 20:00:00,174.148205,174.148205,3401.0,3401.0
2019-08-05 21:00:00,172.15121,172.15120999999996,3362.0,3362.0
2019-08-05 22:00:00,7.731954999999999,7.731954999999999,151.0,151.0
2019-08-05 23:00:00,7.88557,7.8855699999999995,154.0,154.0
2019-08-06 00:00:00,12.135585000000003,12.135585000000003,237.0,237.0
2019-08-06 01:00:00,10.650640000000001,10.650640000000001,208.0,208.0
2019-08-06 02:00:00,8.448824999999998,8.448824999999998,165.0,165.0
2019-08-06 03:00:00,9.984974999999999,9.984974999999999,195.0,195.0
2019-08-06 04:00:00,8.960875000000001,8.960875000000001,175.0,175.0
2019-08-06 05:00:00,10.95787,10.95787,214.0,214.0
2019-08-06 06:00:00,8.807260000000001,8.807260000000001,172.0,172.0
2019-08-06 07:00:00,415.01652499999994,415.01652499999994,8105.0,8105.0
2019-08-06 08:00:00,107.12086000000002,107.12086000000002,2092.0,2092.0
2019-08-06 09:00:00,57.45201,57.45201,1122.0,1122.0
2019-08-06 10:00:00,84.129815,84.129815,1643.0,1643.0
2019-08-06 11:00:00,96.87986,96.87986,1892.0,1892.0
2019-08-06 12:00:00,178.44942500000002,178.44942500000002,3485.0,3485.0
2019-08-06 13:00:00,86.178015,86.178015,1683.0,1683.0
2019-08-06 14:00:00,84.43704500000001,84.43704500000001,1649.0,1649.0
2019-08-06 15:00:00,88.0726,88.0726,1720.0,1720.0
2019-08-06 16:00:00,65.491195,65.491195,1279.0,1279.0
2019-08-06 17:00:00,53.76525,53.76525,1050.0,1050.0
2019-08-06 18:00:00,191.60911000000002,191.60911000000002,3742.0,3742.0
2019-08-06 19:00:00,188.12716999999995,188.12716999999995,3674.0,3674.0
2019-08-06 20:00:00,173.943385,173.943385,3397.0,3397.0
2019-08-06 21:00:00,169.07890999999998,169.07890999999998,3302.0,3302.0
2019-08-06 22:00:00,9.83136,9.83136,192.0,192.0
2019-08-06 23:00:00,9.2169,9.2169,180.0,180.0
2019-08-07 00:00:00,11.418715,11.418715,223.0,223.0
2019-08-07 01:00:00,11.009075000000001,11.009075000000001,215.0,215.0
2019-08-07 02:00:00,6.707855,6.707855,131.0,131.0
2019-08-07 03:00:00,8.551235,8.551235,167.0,167.0
2019-08-07 04:00:00,9.370515,9.370515,183.0,183.0
2019-08-07 05:00:00,6.503034999999999,6.503034999999999,127.0,127.0
2019-08-07 06:00:00,7.37352,7.373519999999999,144.0,144.0
2019-08-07 07:00:00,390.59173999999996,390.59174,7628.0,7628.0
2019-08-07 08:00:00,105.58471000000002,105.58471000000002,2062.0,2062.0
2019-08-07 09:00:00,59.244184999999995,59.244184999999995,1157.0,1157.0
2019-08-07 10:00:00,95.08768499999998,95.08768499999998,1857.0,1857.0
2019-08-07 11:00:00,83.66897000000003,83.66897000000003,1634.0,1634.0
2019-08-07 12:00:00,178.03978500000002,178.03978500000005,3477.0,3477.0
2019-08-07 13:00:00,88.07260000000001,88.07260000000001,1720.0,1720.0
2019-08-07 14:00:00,82.38884499999999,82.38884499999999,1609.0,1609.0
2019-08-07 15:00:00,84.12981500000001,84.12981500000001,1643.0,1643.0
2019-08-07 16:00:00,59.80743999999999,59.80743999999999,1168.0,1168.0
2019-08-07 17:00:00,65.95204,65.95204,1288.0,1288.0
2019-08-07 18:00:00,175.377125,175.377125,3425.0,3425.0
2019-08-07 19:00:00,163.599975,163.599975,3195.0,3195.0
2019-08-07 20:00:00,190.4826,190.4826,3720.0,3720.0
2019-08-07 21:00:00,166.00660999999997,166.00660999999997,3242.0,3242.0
2019-08-07 22:00:00,7.629545,7.629545,149.0,149.0
2019-08-07 23:00:00,10.394615000000003,10.394615000000005,203.0,203.0
2019-08-08 00:00:00,12.954865,12.954865000000002,253.0,253.0
2019-08-08 01:00:00,12.084380000000003,12.084380000000003,236.0,236.0
2019-08-08 02:00:00,13.159684999999998,13.159684999999998,257.0,257.0
2019-08-08 03:00:00,7.578340000000001,7.578340000000001,148.0,148.0
2019-08-08 04:00:00,8.756055,8.756055,171.0,171.0
2019-08-08 05:00:00,8.653645,8.653645,169.0,169.0
2019-08-08 06:00:00,6.9638800000000005,6.9638800000000005,136.0,136.0
2019-08-08 07:00:00,417.47436499999986,417.47436499999986,8153.0,8153.0
2019-08-08 08:00:00,93.75635499999999,93.75635499999999,1831.0,1831.0
2019-08-08 09:00:00,44.906785,44.906785,877.0,877.0
2019-08-08 10:00:00,83.10571500000002,83.10571500000002,1623.0,1623.0
2019-08-08 11:00:00,86.178015,86.178015,1683.0,1683.0
2019-08-08 12:00:00,189.76573,189.76572999999996,3706.0,3706.0
2019-08-08 13:00:00,92.88587000000001,92.88587000000001,1814.0,1814.0
2019-08-08 14:00:00,89.659955,89.659955,1751.0,1751.0
2019-08-08 15:00:00,86.74126999999999,86.74126999999999,1694.0,1694.0
2019-08-08 16:00:00,60.52431,60.52431,1182.0,1182.0
2019-08-08 17:00:00,60.780335,60.780335,1187.0,1187.0
2019-08-08 18:00:00,186.89825,186.89825,3650.0,3650.0
2019-08-08 19:00:00,170.973495,170.973495,3339.0,3339.0
2019-08-08 20:00:00,173.738565,173.73856500000002,3393.0,3393.0
2019-08-08 21:00:00,186.69343,186.69343,3646.0,3646.0
2019-08-08 22:00:00,7.527135000000001,7.527135000000001,147.0,147.0
2019-08-08 23:00:00,8.141594999999999,8.141594999999999,159.0,159.0
2019-08-09 00:00:00,8.090390000000001,8.090390000000001,158.0,158.0
2019-08-09 01:00:00,8.500029999999999,8.500029999999999,166.0,166.0
2019-08-09 02:00:00,10.394615,10.394615,203.0,203.0
2019-08-09 03:00:00,13.364504999999998,13.364504999999998,261.0,261.0
2019-08-09 04:00:00,5.427729999999999,5.427729999999999,106.0,106.0
2019-08-09 05:00:00,5.4277299999999995,5.4277299999999995,106.0,106.0
2019-08-09 06:00:00,10.85546,10.85546,212.0,212.0
2019-08-09 07:00:00,383.2694249999999,383.2694249999999,7485.0,7485.0
2019-08-09 08:00:00,89.60875,89.60875,1750.0,1750.0
2019-08-09 09:00:00,63.135765000000006,63.135765000000006,1233.0,1233.0
2019-08-09 10:00:00,92.27140999999997,92.27140999999997,1802.0,1802.0
2019-08-09 11:00:00,92.16899999999998,92.169,1800.0,1800.0
2019-08-09 12:00:00,187.15427499999998,187.15427499999998,3655.0,3655.0
2019-08-09 13:00:00,89.19911000000003,89.19911000000005,1742.0,1742.0
2019-08-09 14:00:00,79.828595,79.828595,1559.0,1559.0
2019-08-09 15:00:00,95.34370999999999,95.34370999999999,1862.0,1862.0
2019-08-09 16:00:00,58.117675,58.117675,1135.0,1135.0
2019-08-09 17:00:00,59.80744,59.80743999999999,1168.0,1168.0
2019-08-09 18:00:00,171.792775,171.792775,3355.0,3355.0
2019-08-09 19:00:00,178.80785999999995,178.80785999999995,3492.0,3492.0
2019-08-09 20:00:00,184.69643500000004,184.69643500000004,3607.0,3607.0
2019-08-09 21:00:00,173.840975,173.84097499999996,3395.0,3395.0
2019-08-09 22:00:00,9.063285,9.063285,177.0,177.0
2019-08-09 23:00:00,6.86147,6.86147,134.0,134.0
2019-08-10 00:00:00,19.253079999999997,19.253079999999997,376.0,376.0
2019-08-10 01:00:00,14.849449999999997,14.849449999999997,290.0,290.0
2019-08-10 02:00:00,19.713925,19.713925,385.0,385.0
2019-08-10 03:00:00,15.719935000000001,15.719935000000001,307.0,307.0
2019-08-10 04:00:00,14.95186,14.951859999999998,292.0,292.0
2019-08-10 05:00:00,17.972954999999995,17.972954999999995,351.0,351.0
2019-08-10 06:00:00,22.325379999999996,22.325379999999996,436.0,436.0
2019-08-10 07:00:00,389.97728,389.97728,7616.0,7616.0
2019-08-10 08:00:00,384.39593500000007,384.39593500000007,7507.0,7507.0
2019-08-10 09:00:00,111.83172000000002,111.83172,2184.0,2184.0
2019-08-10 10:00:00,94.72925,94.72925,1850.0,1850.0
2019-08-10 11:00:00,65.388785,65.388785,1277.0,1277.0
2019-08-10 12:00:00,65.491195,65.491195,1279.0,1279.0
2019-08-10 13:00:00,61.95805,61.95805,1210.0,1210.0
2019-08-10 14:00:00,67.232165,67.232165,1313.0,1313.0
2019-08-10 15:00:00,208.30193999999997,208.30193999999997,4068.0,4068.0
2019-08-10 16:00:00,199.59708999999998,199.59708999999998,3898.0,3898.0
2019-08-10 17:00:00,34.153735,34.153735,667.0,667.0
2019-08-10 18:00:00,35.177835,35.177835,687.0,687.0
2019-08-10 19:00:00,30.671794999999992,30.671794999999992,599.0,599.0
2019-08-10 20:00:00,125.14501999999999,125.14502,2444.0,2444.0
2019-08-10 21:00:00,128.985395,128.985395,2519.0,2519.0
2019-08-10 22:00:00,124.01850999999999,124.01851,2422.0,2422.0
2019-08-10 23:00:00,16.948855,16.948855,331.0,331.0
2019-08-11 00:00:00,18.94585,18.94585,370.0,370.0
2019-08-11 01:00:00,13.876554999999998,13.876554999999998,271.0,271.0
2019-08-11 02:00:00,15.463910000000002,15.463910000000002,302.0,302.0
2019-08-11 03:00:00,17.20488,17.20488,336.0,336.0
2019-08-11 04:00:00,15.412705,15.412705,301.0,301.0
2019-08-11 05:00:00,15.515115,15.515115,303.0,303.0
2019-08-11 06:00:00,14.900655000000004,14.900655000000004,291.0,291.0
2019-08-11 07:00:00,366.064545,366.064545,7149.0,7149.0
2019-08-11 08:00:00,364.4771899999999,364.4771899999999,7118.0,7118.0
2019-08-11 09:00:00,107.73531999999999,107.73531999999999,2104.0,2104.0
2019-08-11 10:00:00,89.71116,89.71116,1752.0,1752.0
2019-08-11 11:00:00,68.256265,68.256265,1333.0,1333.0
2019-08-11 12:00:00,71.17495,71.17495,1390.0,1390.0
2019-08-11 13:00:00,64.92793999999998,64.92793999999998,1268.0,1268.0
2019-08-11 14:00:00,60.370695,60.37069499999999,1179.0,1179.0
2019-08-11 15:00:00,217.36522499999998,217.36522499999998,4245.0,4245.0
2019-08-11 16:00:00,207.68748,207.68748,4056.0,4056.0
2019-08-11 17:00:00,32.207945,32.207945,629.0,629.0
2019-08-11 18:00:00,41.322435,41.322435,807.0,807.0
2019-08-11 19:00:00,35.536269999999995,35.536269999999995,694.0,694.0
2019-08-11 20:00:00,131.80166999999997,131.80166999999997,2574.0,2574.0
2019-08-11 21:00:00,132.51854000000003,132.51854000000003,2588.0,2588.0
2019-08-11 22:00:00,128.93419,128.93419,2518.0,2518.0
2019-08-11 23:00:00,17.665725,17.665725,345.0,345.0
2019-08-12 00:00:00,8.960875,8.960875,175.0,175.0
2019-08-12 01:00:00,9.165695,9.165695,179.0,179.0
2019-08-12 02:00:00,7.219905,7.219905,141.0,141.0
2019-08-12 03:00:00,13.006069999999998,13.006069999999998,254.0,254.0
2019-08-12 04:00:00,7.117495000000001,7.117495000000001,139.0,139.0
2019-08-12 05:00:00,8.244005,8.244005,161.0,161.0
2019-08-12 06:00:00,9.728950000000001,9.728950000000001,190.0,190.0
2019-08-12 07:00:00,418.75449000000003,418.75449000000003,8178.0,8178.0
2019-08-12 08:00:00,90.32562000000003,90.32562000000001,1764.0,1764.0
2019-08-12 09:00:00,64.10866000000001,64.10866000000001,1252.0,1252.0
2019-08-12 10:00:00,90.786465,90.786465,1773.0,1773.0
2019-08-12 11:00:00,92.83466499999999,92.83466499999999,1813.0,1813.0
2019-08-12 12:00:00,171.89518499999997,171.89518499999997,3357.0,3357.0
2019-08-12 13:00:00,86.94609000000003,86.94609000000003,1698.0,1698.0
2019-08-12 14:00:00,82.13282,82.13282,1604.0,1604.0
2019-08-12 15:00:00,85.97319500000002,85.973195,1679.0,1679.0
2019-08-12 16:00:00,59.70502999999999,59.70502999999999,1166.0,1166.0
2019-08-12 17:00:00,49.361619999999995,49.36162,964.0,964.0
2019-08-12 18:00:00,178.50063,178.50063,3486.0,3486.0
2019-08-12 19:00:00,175.63315,175.63315,3430.0,3430.0
2019-08-12 20:00:00,162.52467,162.52467,3174.0,3174.0
2019-08-12 21:00:00,181.521725,181.521725,3545.0,3545.0
2019-08-12 22:00:00,11.623534999999997,11.623534999999997,227.0,227.0
2019-08-12 23:00:00,8.09039,8.09039,158.0,158.0
2019-08-13 00:00:00,8.448824999999998,8.448824999999998,165.0,165.0
2019-08-13 01:00:00,7.578340000000001,7.578340000000001,148.0,148.0
2019-08-13 02:00:00,6.6054450000000005,6.6054450000000005,129.0,129.0
2019-08-13 03:00:00,7.271109999999998,7.271109999999998,142.0,142.0
2019-08-13 04:00:00,10.138589999999999,10.138589999999999,198.0,198.0
2019-08-13 05:00:00,7.68075,7.680750000000001,150.0,150.0
2019-08-13 06:00:00,7.117494999999999,7.117494999999999,139.0,139.0
2019-08-13 07:00:00,367.49828499999995,367.49828499999995,7177.0,7177.0
2019-08-13 08:00:00,94.21720000000002,94.2172,1840.0,1840.0
2019-08-13 09:00:00,55.19898999999999,55.19898999999998,1078.0,1078.0
2019-08-13 10:00:00,91.298515,91.298515,1783.0,1783.0
2019-08-13 11:00:00,100.310595,100.31059500000002,1959.0,1959.0
2019-08-13 12:00:00,158.78670499999998,158.78670499999998,3101.0,3101.0
2019-08-13 13:00:00,90.58164500000001,90.58164500000001,1769.0,1769.0
2019-08-13 14:00:00,87.66296,87.66296,1712.0,1712.0
2019-08-13 15:00:00,85.81958,85.81958,1676.0,1676.0
2019-08-13 16:00:00,57.554419999999986,57.554419999999986,1124.0,1124.0
2019-08-13 17:00:00,60.21708,60.21708,1176.0,1176.0
2019-08-13 18:00:00,180.08798500000003,180.08798500000003,3517.0,3517.0
2019-08-13 19:00:00,169.949395,169.949395,3319.0,3319.0
2019-08-13 20:00:00,181.52172499999998,181.521725,3545.0,3545.0
2019-08-13 21:00:00,176.29881499999996,176.29881499999996,3443.0,3443.0
2019-08-13 22:00:00,7.8855699999999995,7.8855699999999995,154.0,154.0
2019-08-13 23:00:00,12.08438,12.08438,236.0,236.0
2019-08-14 00:00:00,12.237995000000002,12.237995000000002,239.0,239.0
2019-08-14 01:00:00,7.066289999999999,7.066289999999999,138.0,138.0
2019-08-14 02:00:00,8.756054999999998,8.756054999999998,171.0,171.0
2019-08-14 03:00:00,6.912674999999999,6.912674999999999,135.0,135.0
2019-08-14 04:00:00,9.52413,9.524129999999998,186.0,186.0
2019-08-14 05:00:00,11.111485,11.111485,217.0,217.0
2019-08-14 06:00:00,8.653645,8.653645,169.0,169.0
2019-08-14 07:00:00,414.9653199999999,414.96531999999996,8104.0,8104.0
2019-08-14 08:00:00,76.75629500000001,76.75629500000001,1499.0,1499.0
2019-08-14 09:00:00,59.19298,59.19298,1156.0,1156.0
2019-08-14 10:00:00,88.37983000000001,88.37983000000001,1726.0,1726.0
2019-08-14 11:00:00,92.88586999999998,92.88586999999998,1814.0,1814.0
2019-08-14 12:00:00,180.54883000000004,180.54883000000004,3526.0,3526.0
2019-08-14 13:00:00,87.61175500000002,87.61175500000003,1711.0,1711.0
2019-08-14 14:00:00,91.40092500000002,91.40092500000002,1785.0,1785.0
2019-08-14 15:00:00,82.90089499999999,82.90089499999999,1619.0,1619.0
2019-08-14 16:00:00,62.98215,62.98215,1230.0,1230.0
2019-08-14 17:00:00,63.442995,63.442995,1239.0,1239.0
2019-08-14 18:00:00,172.25361999999998,172.25361999999996,3364.0,3364.0
2019-08-14 19:00:00,162.268645,162.268645,3169.0,3169.0
2019-08-14 20:00:00,184.33800000000002,184.33800000000002,3600.0,3600.0
2019-08-14 21:00:00,170.05180500000003,170.05180500000003,3321.0,3321.0
2019-08-14 22:00:00,6.298215,6.298215,123.0,123.0
2019-08-14 23:00:00,10.855459999999999,10.855459999999999,212.0,212.0
2019-08-15 00:00:00,7.424725,7.424725,145.0,145.0
2019-08-15 01:00:00,7.936774999999999,7.936774999999999,155.0,155.0
2019-08-15 02:00:00,8.346415,8.346415,163.0,163.0
2019-08-15 03:00:00,6.75906,6.75906,132.0,132.0
2019-08-15 04:00:00,10.394615,10.394615,203.0,203.0
2019-08-15 05:00:00,8.60244,8.60244,168.0,168.0
2019-08-15 06:00:00,9.216899999999999,9.216899999999999,180.0,180.0
2019-08-15 07:00:00,415.3749599999999,415.3749599999999,8112.0,8112.0
2019-08-15 08:00:00,97.545525,97.545525,1905.0,1905.0
2019-08-15 09:00:00,57.24719,57.24719,1118.0,1118.0
2019-08-15 10:00:00,77.62678000000001,77.62678000000001,1516.0,1516.0
2019-08-15 11:00:00,98.41600999999997,98.41600999999997,1922.0,1922.0
2019-08-15 12:00:00,179.780755,179.780755,3511.0,3511.0
2019-08-15 13:00:00,80.59666999999999,80.59667,1574.0,1574.0
2019-08-15 14:00:00,89.76236499999999,89.76236499999999,1753.0,1753.0
2019-08-15 15:00:00,80.135825,80.135825,1565.0,1565.0
2019-08-15 16:00:00,53.71404499999999,53.71404499999999,1049.0,1049.0
2019-08-15 17:00:00,52.689944999999994,52.68994499999999,1029.0,1029.0
2019-08-15 18:00:00,195.244665,195.244665,3813.0,3813.0
2019-08-15 19:00:00,179.21750000000003,179.21750000000003,3500.0,3500.0
2019-08-15 20:00:00,175.53074,175.53074,3428.0,3428.0
2019-08-15 21:00:00,179.52472999999998,179.52472999999998,3506.0,3506.0
2019-08-15 22:00:00,9.421719999999999,9.421719999999999,184.0,184.0
2019-08-15 23:00:00,5.786164999999999,5.786164999999999,113.0,113.0
2019-08-16 00:00:00,7.680750000000001,7.680750000000001,150.0,150.0
2019-08-16 01:00:00,9.370515,9.370515,183.0,183.0
2019-08-16 02:00:00,7.117495,7.117495,139.0,139.0
2019-08-16 03:00:00,7.015084999999999,7.015084999999999,137.0,137.0
2019-08-16 04:00:00,10.497024999999999,10.497024999999999,205.0,205.0
2019-08-16 05:00:00,11.060279999999999,11.060279999999999,216.0,216.0
2019-08-16 06:00:00,10.189795,10.189795,199.0,199.0
2019-08-16 07:00:00,419.5225649999999,419.5225649999999,8193.0,8193.0
2019-08-16 08:00:00,86.89488499999999,86.89488499999999,1697.0,1697.0
2019-08-16 09:00:00,49.25921,49.25921,962.0,962.0
2019-08-16 10:00:00,90.99128500000002,90.99128500000002,1777.0,1777.0
2019-08-16 11:00:00,86.58765500000001,86.58765500000001,1691.0,1691.0
2019-08-16 12:00:00,173.63615499999995,173.63615499999995,3391.0,3391.0
2019-08-16 13:00:00,79.72618499999999,79.72618499999999,1557.0,1557.0
2019-08-16 14:00:00,88.328625,88.328625,1725.0,1725.0
2019-08-16 15:00:00,89.25031500000001,89.25031500000001,1743.0,1743.0
2019-08-16 16:00:00,66.46409,66.46409,1298.0,1298.0
2019-08-16 17:00:00,60.319489999999995,60.319489999999995,1178.0,1178.0
2019-08-16 18:00:00,192.99164499999998,192.99164499999998,3769.0,3769.0
2019-08-16 19:00:00,168.97650000000002,168.97650000000002,3300.0,3300.0
2019-08-16 20:00:00,190.78983,190.78983000000002,3726.0,3726.0
2019-08-16 21:00:00,176.1452,176.1452,3440.0,3440.0
2019-08-16 22:00:00,6.75906,6.75906,132.0,132.0
2019-08-16 23:00:00,5.376525,5.376525000000001,105.0,105.0
2019-08-17 00:00:00,16.795240000000003,16.795240000000003,328.0,328.0
2019-08-17 01:00:00,17.71693,17.71693,346.0,346.0
2019-08-17 02:00:00,14.23499,14.23499,278.0,278.0
2019-08-17 03:00:00,17.665725,17.665725,345.0,345.0
2019-08-17 04:00:00,17.051264999999997,17.051264999999997,333.0,333.0
2019-08-17 05:00:00,20.225975,20.225975,395.0,395.0
2019-08-17 06:00:00,21.045254999999997,21.045254999999997,411.0,411.0
2019-08-17 07:00:00,385.47124,385.47124,7528.0,7528.0
2019-08-17 08:00:00,379.07061500000003,379.07061500000003,7403.0,7403.0
2019-08-17 09:00:00,110.6028,110.6028,2160.0,2160.0
2019-08-17 10:00:00,92.52743500000003,92.52743500000004,1807.0,1807.0
2019-08-17 11:00:00,68.6147,68.6147,1340.0,1340.0
2019-08-17 12:00:00,55.147785,55.147785,1077.0,1077.0
2019-08-17 13:00:00,67.539395,67.539395,1319.0,1319.0
2019-08-17 14:00:00,62.418895000000006,62.418895000000006,1219.0,1219.0
2019-08-17 15:00:00,215.21461500000007,215.2146150000001,4203.0,4203.0
2019-08-17 16:00:00,215.98269,215.98269,4218.0,4218.0
2019-08-17 17:00:00,35.536269999999995,35.536269999999995,694.0,694.0
2019-08-17 18:00:00,34.460965,34.460965,673.0,673.0
2019-08-17 19:00:00,32.7712,32.7712,640.0,640.0
2019-08-17 20:00:00,123.50646,123.50646,2412.0,2412.0
2019-08-17 21:00:00,113.00943499999997,113.00943499999997,2207.0,2207.0
2019-08-17 22:00:00,126.117915,126.117915,2463.0,2463.0
2019-08-17 23:00:00,14.542219999999999,14.54222,284.0,284.0
2019-08-18 00:00:00,18.33139,18.33139,358.0,358.0
2019-08-18 01:00:00,15.105475,15.105475,295.0,295.0
2019-08-18 02:00:00,16.744034999999997,16.744034999999997,327.0,327.0
2019-08-18 03:00:00,17.563314999999996,17.563314999999996,343.0,343.0
2019-08-18 04:00:00,20.225974999999995,20.225974999999995,395.0,395.0
2019-08-18 05:00:00,22.069355000000005,22.069355000000005,431.0,431.0
2019-08-18 06:00:00,21.91574,21.91574,428.0,428.0
2019-08-18 07:00:00,382.040505,382.040505,7461.0,7461.0
2019-08-18 08:00:00,362.99224499999997,362.99224499999997,7089.0,7089.0
2019-08-18 09:00:00,106.25037499999998,106.25037499999998,2075.0,2075.0
2019-08-18 10:00:00,106.35278500000001,106.352785,2077.0,2077.0
2019-08-18 11:00:00,71.328565,71.328565,1393.0,1393.0
2019-08-18 12:00:00,65.23517000000001,65.23517000000001,1274.0,1274.0
2019-08-18 13:00:00,66.617705,66.617705,1301.0,1301.0
2019-08-18 14:00:00,56.47911500000001,56.479115,1103.0,1103.0
2019-08-18 15:00:00,205.17843499999998,205.17843499999998,4007.0,4007.0
2019-08-18 16:00:00,209.07001499999996,209.07001499999996,4083.0,4083.0
2019-08-18 17:00:00,27.189855,27.189855,531.0,531.0
2019-08-18 18:00:00,29.954925,29.954925,585.0,585.0
2019-08-18 19:00:00,32.003125,32.003125,625.0,625.0
2019-08-18 20:00:00,130.214315,130.214315,2543.0,2543.0
2019-08-18 21:00:00,132.979385,132.979385,2597.0,2597.0
2019-08-18 22:00:00,125.24743,125.24743,2446.0,2446.0
2019-08-18 23:00:00,13.006070000000003,13.006070000000003,254.0,254.0
2019-08-19 00:00:00,10.13859,10.138589999999999,198.0,198.0
2019-08-19 01:00:00,7.8855699999999995,7.8855699999999995,154.0,154.0
2019-08-19 02:00:00,7.06629,7.06629,138.0,138.0
2019-08-19 03:00:00,8.141594999999999,8.141594999999999,159.0,159.0
2019-08-19 04:00:00,8.653645000000001,8.653645000000001,169.0,169.0
2019-08-19 05:00:00,6.093395,6.093395,119.0,119.0
2019-08-19 06:00:00,10.906664999999997,10.906664999999998,213.0,213.0
2019-08-19 07:00:00,404.8779349999999,404.8779349999999,7907.0,7907.0
2019-08-19 08:00:00,91.91297499999999,91.91297499999999,1795.0,1795.0
2019-08-19 09:00:00,51.461024999999985,51.461024999999985,1005.0,1005.0
2019-08-19 10:00:00,94.72925000000001,94.72925000000001,1850.0,1850.0
2019-08-19 11:00:00,86.28042499999998,86.28042499999998,1685.0,1685.0
2019-08-19 12:00:00,174.455435,174.455435,3407.0,3407.0
2019-08-19 13:00:00,97.39191000000001,97.39191000000001,1902.0,1902.0
2019-08-19 14:00:00,88.226215,88.226215,1723.0,1723.0
2019-08-19 15:00:00,83.00330499999998,83.00330499999998,1621.0,1621.0
2019-08-19 16:00:00,53.97007000000001,53.97007000000001,1054.0,1054.0
2019-08-19 17:00:00,61.906845000000004,61.906845000000004,1209.0,1209.0
2019-08-19 18:00:00,175.78676499999997,175.78676499999997,3433.0,3433.0
2019-08-19 19:00:00,167.33793999999997,167.33793999999997,3268.0,3268.0
2019-08-19 20:00:00,192.83803,192.83803,3766.0,3766.0
2019-08-19 21:00:00,185.31089500000002,185.31089500000002,3619.0,3619.0
2019-08-19 22:00:00,5.581344999999999,5.581344999999999,109.0,109.0
2019-08-19 23:00:00,6.503034999999999,6.503034999999999,127.0,127.0
2019-08-20 00:00:00,8.09039,8.09039,158.0,158.0
2019-08-20 01:00:00,4.454834999999999,4.454834999999999,87.0,87.0
2019-08-20 02:00:00,9.11449,9.11449,178.0,178.0
2019-08-20 03:00:00,5.786164999999999,5.786164999999999,113.0,113.0
2019-08-20 04:00:00,9.31931,9.31931,182.0,182.0
2019-08-20 05:00:00,9.984975,9.984975,195.0,195.0
2019-08-20 06:00:00,7.117494999999999,7.117494999999999,139.0,139.0
2019-08-20 07:00:00,409.94723,409.94723,8006.0,8006.0
2019-08-20 08:00:00,105.431095,105.431095,2059.0,2059.0
2019-08-20 09:00:00,55.045375,55.045375,1075.0,1075.0
2019-08-20 10:00:00,80.9039,80.9039,1580.0,1580.0
2019-08-20 11:00:00,100.925055,100.92505499999999,1971.0,1971.0
2019-08-20 12:00:00,168.66927000000004,168.66927,3294.0,3294.0
2019-08-20 13:00:00,86.84368,86.84368,1696.0,1696.0
2019-08-20 14:00:00,87.09970500000003,87.09970500000003,1701.0,1701.0
2019-08-20 15:00:00,85.66596500000003,85.66596500000003,1673.0,1673.0
2019-08-20 16:00:00,62.982150000000004,62.982150000000004,1230.0,1230.0
2019-08-20 17:00:00,56.47911499999999,56.47911499999999,1103.0,1103.0
2019-08-20 18:00:00,177.425325,177.425325,3465.0,3465.0
2019-08-20 19:00:00,178.142195,178.142195,3479.0,3479.0
2019-08-20 20:00:00,172.0488,172.04880000000003,3360.0,3360.0
2019-08-20 21:00:00,168.05481,168.05481,3282.0,3282.0
2019-08-20 22:00:00,9.370515,9.370515,183.0,183.0
2019-08-20 23:00:00,6.2470099999999995,6.2470099999999995,122.0,122.0
2019-08-21 00:00:00,11.06028,11.06028,216.0,216.0
2019-08-21 01:00:00,11.674739999999998,11.674739999999998,228.0,228.0
2019-08-21 02:00:00,10.189795,10.189795,199.0,199.0
2019-08-21 03:00:00,9.370515000000001,9.370515000000001,183.0,183.0
2019-08-21 04:00:00,10.75305,10.753050000000002,210.0,210.0
2019-08-21 05:00:00,9.268104999999998,9.268104999999998,181.0,181.0
2019-08-21 06:00:00,9.063285,9.063285,177.0,177.0
2019-08-21 07:00:00,385.2664199999999,385.2664199999999,7524.0,7524.0
2019-08-21 08:00:00,96.67503999999997,96.67503999999995,1888.0,1888.0
2019-08-21 09:00:00,58.834545,58.834545,1149.0,1149.0
2019-08-21 10:00:00,82.33763999999998,82.33763999999996,1608.0,1608.0
2019-08-21 11:00:00,95.29250499999999,95.29250499999999,1861.0,1861.0
2019-08-21 12:00:00,198.00973499999998,198.009735,3867.0,3867.0
2019-08-21 13:00:00,108.29857500000001,108.29857500000001,2115.0,2115.0
2019-08-21 14:00:00,93.141895,93.141895,1819.0,1819.0
2019-08-21 15:00:00,96.62383499999999,96.62383499999999,1887.0,1887.0
2019-08-21 16:00:00,57.75924,57.75924,1128.0,1128.0
2019-08-21 17:00:00,52.997175000000006,52.997175000000006,1035.0,1035.0
2019-08-21 18:00:00,190.94344499999994,190.94344499999994,3729.0,3729.0
2019-08-21 19:00:00,163.190335,163.190335,3187.0,3187.0
2019-08-21 20:00:00,173.431335,173.431335,3387.0,3387.0
2019-08-21 21:00:00,168.925295,168.925295,3299.0,3299.0
2019-08-21 22:00:00,5.73496,5.73496,112.0,112.0
2019-08-21 23:00:00,6.451829999999999,6.451829999999999,126.0,126.0
2019-08-22 00:00:00,10.445820000000001,10.445820000000001,204.0,204.0
2019-08-22 01:00:00,6.451829999999999,6.451829999999999,126.0,126.0
2019-08-22 02:00:00,10.906665000000002,10.906665000000002,213.0,213.0
2019-08-22 03:00:00,11.16269,11.16269,218.0,218.0
2019-08-22 04:00:00,7.680749999999999,7.680749999999999,150.0,150.0
2019-08-22 05:00:00,7.783159999999999,7.783159999999999,152.0,152.0
2019-08-22 06:00:00,11.46992,11.46992,224.0,224.0
2019-08-22 07:00:00,386.80256999999995,386.80256999999995,7554.0,7554.0
2019-08-22 08:00:00,99.38890500000002,99.38890500000002,1941.0,1941.0
2019-08-22 09:00:00,56.06947500000001,56.06947500000001,1095.0,1095.0
2019-08-22 10:00:00,84.48825000000002,84.48825000000002,1650.0,1650.0
2019-08-22 11:00:00,92.52743500000001,92.52743500000001,1807.0,1807.0
2019-08-22 12:00:00,166.31384000000003,166.31384000000003,3248.0,3248.0
2019-08-22 13:00:00,91.912975,91.912975,1795.0,1795.0
2019-08-22 14:00:00,89.60875,89.60875,1750.0,1750.0
2019-08-22 15:00:00,92.06659,92.06659000000002,1798.0,1798.0
2019-08-22 16:00:00,54.840555,54.84055500000001,1071.0,1071.0
2019-08-22 17:00:00,55.60862999999999,55.60862999999999,1086.0,1086.0
2019-08-22 18:00:00,173.32892500000003,173.32892500000003,3385.0,3385.0
2019-08-22 19:00:00,182.54582499999998,182.54582499999998,3565.0,3565.0
2019-08-22 20:00:00,181.316905,181.316905,3541.0,3541.0
2019-08-22 21:00:00,166.72348,166.72348,3256.0,3256.0
2019-08-22 22:00:00,7.271109999999999,7.27111,142.0,142.0
2019-08-22 23:00:00,11.06028,11.06028,216.0,216.0
2019-08-23 00:00:00,11.060279999999999,11.060279999999999,216.0,216.0
2019-08-23 01:00:00,10.957869999999998,10.957869999999998,214.0,214.0
2019-08-23 02:00:00,11.828355,11.828355,231.0,231.0
2019-08-23 03:00:00,6.912674999999999,6.912674999999999,135.0,135.0
2019-08-23 04:00:00,10.445820000000001,10.445820000000001,204.0,204.0
2019-08-23 05:00:00,10.906665,10.906665,213.0,213.0
2019-08-23 06:00:00,8.756055,8.756055,171.0,171.0
2019-08-23 07:00:00,380.24833000000007,380.24833,7426.0,7426.0
2019-08-23 08:00:00,89.30152,89.30152,1744.0,1744.0
2019-08-23 09:00:00,58.885749999999994,58.885749999999994,1150.0,1150.0
2019-08-23 10:00:00,91.14489999999999,91.14489999999999,1780.0,1780.0
2019-08-23 11:00:00,82.74727999999999,82.74727999999999,1616.0,1616.0
2019-08-23 12:00:00,170.81988,170.81988,3336.0,3336.0
2019-08-23 13:00:00,92.27141000000003,92.27141000000003,1802.0,1802.0
2019-08-23 14:00:00,106.14796499999997,106.14796499999997,2073.0,2073.0
2019-08-23 15:00:00,94.52442999999998,94.52442999999998,1846.0,1846.0
2019-08-23 16:00:00,66.15685999999998,66.15685999999998,1292.0,1292.0
2019-08-23 17:00:00,54.48212000000001,54.48212000000001,1064.0,1064.0
2019-08-23 18:00:00,168.72047500000002,168.72047500000002,3295.0,3295.0
2019-08-23 19:00:00,175.73556000000002,175.73556000000002,3432.0,3432.0
2019-08-23 20:00:00,188.33199,188.33199,3678.0,3678.0
2019-08-23 21:00:00,190.89224,190.89223999999996,3728.0,3728.0
2019-08-23 22:00:00,9.933769999999999,9.93377,194.0,194.0
2019-08-23 23:00:00,8.858464999999999,8.858464999999999,173.0,173.0
2019-08-24 00:00:00,15.566320000000003,15.566320000000003,304.0,304.0
2019-08-24 01:00:00,22.222969999999997,22.222969999999993,434.0,434.0
2019-08-24 02:00:00,20.225975000000002,20.225975000000002,395.0,395.0
2019-08-24 03:00:00,12.903660000000002,12.903660000000002,252.0,252.0
2019-08-24 04:00:00,15.719935000000001,15.719935000000001,307.0,307.0
2019-08-24 05:00:00,26.01214,26.01214,508.0,508.0
2019-08-24 06:00:00,22.683814999999996,22.683814999999996,443.0,443.0
2019-08-24 07:00:00,387.82667000000004,387.82667000000004,7574.0,7574.0
2019-08-24 08:00:00,378.660975,378.660975,7395.0,7395.0
2019-08-24 09:00:00,114.647995,114.64799500000001,2239.0,2239.0
2019-08-24 10:00:00,109.98834,109.98834,2148.0,2148.0
2019-08-24 11:00:00,69.075545,69.075545,1349.0,1349.0
2019-08-24 12:00:00,59.70502999999999,59.70502999999999,1166.0,1166.0
2019-08-24 13:00:00,60.93395,60.93395,1190.0,1190.0
2019-08-24 14:00:00,67.436985,67.436985,1317.0,1317.0
2019-08-24 15:00:00,200.92842000000002,200.92842000000002,3924.0,3924.0
2019-08-24 16:00:00,218.28691499999994,218.28691499999994,4263.0,4263.0
2019-08-24 17:00:00,37.78929,37.78929000000001,738.0,738.0
2019-08-24 18:00:00,37.17483,37.17483,726.0,726.0
2019-08-24 19:00:00,31.593484999999998,31.593484999999998,617.0,617.0
2019-08-24 20:00:00,127.65406499999999,127.65406499999999,2493.0,2493.0
2019-08-24 21:00:00,120.38295499999998,120.38295499999998,2351.0,2351.0
2019-08-24 22:00:00,126.06671000000001,126.06671000000001,2462.0,2462.0
2019-08-24 23:00:00,13.722940000000001,13.722940000000001,268.0,268.0
2019-08-25 00:00:00,23.400685000000003,23.400685000000003,457.0,457.0
2019-08-25 01:00:00,17.665725,17.665725,345.0,345.0
2019-08-25 02:00:00,16.744034999999997,16.744034999999997,327.0,327.0
2019-08-25 03:00:00,19.867539999999998,19.86754,388.0,388.0
2019-08-25 04:00:00,18.126569999999997,18.126569999999997,354.0,354.0
2019-08-25 05:00:00,20.328384999999997,20.328384999999997,397.0,397.0
2019-08-25 06:00:00,23.144660000000002,23.144660000000002,452.0,452.0
2019-08-25 07:00:00,395.86585499999995,395.86585499999995,7731.0,7731.0
2019-08-25 08:00:00,367.39587499999993,367.39587499999993,7175.0,7175.0
2019-08-25 09:00:00,111.21725999999998,111.21725999999998,2172.0,2172.0
2019-08-25 10:00:00,79.77738999999998,79.77738999999998,1558.0,1558.0
2019-08-25 11:00:00,73.171945,73.171945,1429.0,1429.0
2019-08-25 12:00:00,65.84963,65.84963,1286.0,1286.0
2019-08-25 13:00:00,70.04844,70.04844,1368.0,1368.0
2019-08-25 14:00:00,53.81645499999998,53.81645499999999,1051.0,1051.0
2019-08-25 15:00:00,204.35915500000002,204.35915500000002,3991.0,3991.0
2019-08-25 16:00:00,221.05198499999997,221.05198499999997,4317.0,4317.0
2019-08-25 17:00:00,29.852515,29.852515,583.0,583.0
2019-08-25 18:00:00,28.98203,28.98203,566.0,566.0
2019-08-25 19:00:00,33.795300000000005,33.795300000000005,660.0,660.0
2019-08-25 20:00:00,121.50946499999998,121.50946499999998,2373.0,2373.0
2019-08-25 21:00:00,125.45224999999996,125.45224999999996,2450.0,2450.0
2019-08-25 22:00:00,135.12999499999998,135.12999499999998,2639.0,2639.0
2019-08-25 23:00:00,15.566319999999997,15.566319999999997,304.0,304.0
2019-08-26 00:00:00,10.95787,10.95787,214.0,214.0
2019-08-26 01:00:00,8.960875,8.960875,175.0,175.0
2019-08-26 02:00:00,6.503035,6.503035,127.0,127.0
2019-08-26 03:00:00,12.237995,12.237995,239.0,239.0
2019-08-26 04:00:00,9.524130000000001,9.524130000000001,186.0,186.0
2019-08-26 05:00:00,7.680750000000001,7.680750000000001,150.0,150.0
2019-08-26 06:00:00,10.75305,10.753050000000002,210.0,210.0
2019-08-26 07:00:00,397.76043999999996,397.76043999999996,7768.0,7768.0
2019-08-26 08:00:00,102.46120500000002,102.461205,2001.0,2001.0
2019-08-26 09:00:00,56.06947500000002,56.06947500000002,1095.0,1095.0
2019-08-26 10:00:00,87.97019,87.97019,1718.0,1718.0
2019-08-26 11:00:00,99.59372500000003,99.59372500000003,1945.0,1945.0
2019-08-26 12:00:00,173.226515,173.226515,3383.0,3383.0
2019-08-26 13:00:00,83.51535499999997,83.51535499999997,1631.0,1631.0
2019-08-26 14:00:00,88.27741999999999,88.27742,1724.0,1724.0
2019-08-26 15:00:00,80.90390000000002,80.90390000000002,1580.0,1580.0
2019-08-26 16:00:00,58.78334,58.78334,1148.0,1148.0
2019-08-26 17:00:00,54.07248,54.07248,1056.0,1056.0
2019-08-26 18:00:00,171.43434,171.43434,3348.0,3348.0
2019-08-26 19:00:00,176.45243000000002,176.45243,3446.0,3446.0
2019-08-26 20:00:00,175.069895,175.069895,3419.0,3419.0
2019-08-26 21:00:00,175.17230499999997,175.17230499999997,3421.0,3421.0
2019-08-26 22:00:00,12.801249999999998,12.801249999999998,250.0,250.0
2019-08-26 23:00:00,9.780155000000002,9.780155000000004,191.0,191.0
2019-08-27 00:00:00,8.50003,8.50003,166.0,166.0
2019-08-27 01:00:00,7.98798,7.987980000000001,156.0,156.0
2019-08-27 02:00:00,9.575334999999999,9.575334999999999,187.0,187.0
2019-08-27 03:00:00,11.316305000000002,11.316305000000002,221.0,221.0
2019-08-27 04:00:00,6.861469999999999,6.86147,134.0,134.0
2019-08-27 05:00:00,10.292205,10.292205,201.0,201.0
2019-08-27 06:00:00,9.063285,9.063285,177.0,177.0
2019-08-27 07:00:00,398.42610499999995,398.42610499999995,7781.0,7781.0
2019-08-27 08:00:00,93.34671499999999,93.34671499999999,1823.0,1823.0
2019-08-27 09:00:00,62.36769,62.36769,1218.0,1218.0
2019-08-27 10:00:00,81.56956500000001,81.56956500000001,1593.0,1593.0
2019-08-27 11:00:00,81.569565,81.569565,1593.0,1593.0
2019-08-27 12:00:00,163.34394999999998,163.34394999999998,3190.0,3190.0
2019-08-27 13:00:00,93.449125,93.449125,1825.0,1825.0
2019-08-27 14:00:00,81.77438500000002,81.77438500000002,1597.0,1597.0
2019-08-27 15:00:00,92.06659,92.06659000000002,1798.0,1798.0
2019-08-27 16:00:00,54.12368500000001,54.12368500000001,1057.0,1057.0
2019-08-27 17:00:00,46.954985,46.954985,917.0,917.0
2019-08-27 18:00:00,190.636215,190.636215,3723.0,3723.0
2019-08-27 19:00:00,172.10000499999998,172.10000499999998,3361.0,3361.0
2019-08-27 20:00:00,199.18744999999996,199.18744999999996,3890.0,3890.0
2019-08-27 21:00:00,173.84097500000001,173.84097500000001,3395.0,3395.0
2019-08-27 22:00:00,7.987979999999999,7.987979999999999,156.0,156.0
2019-08-27 23:00:00,8.704849999999999,8.704849999999999,170.0,170.0
2019-08-28 00:00:00,9.268105000000002,9.268105000000002,181.0,181.0
2019-08-28 01:00:00,5.990984999999999,5.990984999999999,117.0,117.0
2019-08-28 02:00:00,6.759059999999999,6.759059999999998,132.0,132.0
2019-08-28 03:00:00,8.960874999999998,8.960874999999998,175.0,175.0
2019-08-28 04:00:00,10.701845,10.701845,209.0,209.0
2019-08-28 05:00:00,10.087385000000001,10.087385000000001,197.0,197.0
2019-08-28 06:00:00,7.731954999999998,7.731954999999998,151.0,151.0
2019-08-28 07:00:00,406.97734,406.97734,7948.0,7948.0
2019-08-28 08:00:00,90.17200500000001,90.17200500000001,1761.0,1761.0
2019-08-28 09:00:00,53.150789999999986,53.150789999999986,1038.0,1038.0
2019-08-28 10:00:00,75.78339999999997,75.78339999999997,1480.0,1480.0
2019-08-28 11:00:00,88.68706,88.68706,1732.0,1732.0
2019-08-28 12:00:00,171.53674999999993,171.53674999999993,3350.0,3350.0
2019-08-28 13:00:00,88.48224,88.48224,1728.0,1728.0
2019-08-28 14:00:00,81.56956499999998,81.56956499999998,1593.0,1593.0
2019-08-28 15:00:00,83.05450999999998,83.05450999999998,1622.0,1622.0
2019-08-28 16:00:00,61.03635999999999,61.03635999999999,1192.0,1192.0
2019-08-28 17:00:00,60.626719999999985,60.626719999999985,1184.0,1184.0
2019-08-28 18:00:00,181.57292999999993,181.57292999999993,3546.0,3546.0
2019-08-28 19:00:00,184.13318,184.13318000000004,3596.0,3596.0
2019-08-28 20:00:00,176.401225,176.401225,3445.0,3445.0
2019-08-28 21:00:00,168.46444999999997,168.46444999999997,3290.0,3290.0
2019-08-28 22:00:00,11.2651,11.2651,220.0,220.0
2019-08-28 23:00:00,8.551235,8.551235,167.0,167.0
2019-08-29 00:00:00,9.780154999999999,9.780154999999999,191.0,191.0
2019-08-29 01:00:00,8.039185000000002,8.039185000000002,157.0,157.0
2019-08-29 02:00:00,8.60244,8.60244,168.0,168.0
2019-08-29 03:00:00,8.80726,8.80726,172.0,172.0
2019-08-29 04:00:00,9.216899999999999,9.216899999999999,180.0,180.0
2019-08-29 05:00:00,5.376525,5.376525000000001,105.0,105.0
2019-08-29 06:00:00,7.88557,7.8855699999999995,154.0,154.0
2019-08-29 07:00:00,393.76645,393.76645,7690.0,7690.0
2019-08-29 08:00:00,98.159985,98.159985,1917.0,1917.0
2019-08-29 09:00:00,59.09057,59.09057,1154.0,1154.0
2019-08-29 10:00:00,92.06658999999999,92.06658999999999,1798.0,1798.0
2019-08-29 11:00:00,85.768375,85.768375,1675.0,1675.0
2019-08-29 12:00:00,174.91628000000003,174.91628000000003,3416.0,3416.0
2019-08-29 13:00:00,92.937075,92.937075,1815.0,1815.0
2019-08-29 14:00:00,85.66596500000001,85.66596500000001,1673.0,1673.0
2019-08-29 15:00:00,83.82258499999999,83.82258499999999,1637.0,1637.0
2019-08-29 16:00:00,61.13877000000001,61.13877,1194.0,1194.0
2019-08-29 17:00:00,61.599615,61.599615,1203.0,1203.0
2019-08-29 18:00:00,173.840975,173.84097499999996,3395.0,3395.0
2019-08-29 19:00:00,190.43139499999998,190.43139499999998,3719.0,3719.0
2019-08-29 20:00:00,176.093995,176.093995,3439.0,3439.0
2019-08-29 21:00:00,175.42833000000002,175.42833000000002,3426.0,3426.0
2019-08-29 22:00:00,9.933769999999999,9.93377,194.0,194.0
2019-08-29 23:00:00,10.85546,10.85546,212.0,212.0
2019-08-30 00:00:00,8.039184999999998,8.039184999999998,157.0,157.0
2019-08-30 01:00:00,5.171705,5.171704999999999,101.0,101.0
2019-08-30 02:00:00,9.93377,9.93377,194.0,194.0
2019-08-30 03:00:00,7.015085,7.015085,137.0,137.0
2019-08-30 04:00:00,10.650640000000001,10.650640000000001,208.0,208.0
2019-08-30 05:00:00,8.551235000000002,8.551235000000002,167.0,167.0
2019-08-30 06:00:00,7.1687,7.1687,140.0,140.0
2019-08-30 07:00:00,404.00745,404.00745,7890.0,7890.0
2019-08-30 08:00:00,99.03047,99.03047,1934.0,1934.0
2019-08-30 09:00:00,60.114670000000004,60.114670000000004,1174.0,1174.0
2019-08-30 10:00:00,77.57557500000001,77.57557500000001,1515.0,1515.0
2019-08-30 11:00:00,88.07260000000001,88.07260000000001,1720.0,1720.0
2019-08-30 12:00:00,186.53981499999998,186.53981499999998,3643.0,3643.0
2019-08-30 13:00:00,84.74427499999999,84.74427499999999,1655.0,1655.0
2019-08-30 14:00:00,84.744275,84.744275,1655.0,1655.0
2019-08-30 15:00:00,82.28643499999997,82.28643499999997,1607.0,1607.0
2019-08-30 16:00:00,54.123685,54.123685,1057.0,1057.0
2019-08-30 17:00:00,59.70503,59.70503,1166.0,1166.0
2019-08-30 18:00:00,179.678345,179.678345,3509.0,3509.0
2019-08-30 19:00:00,175.53074,175.53074,3428.0,3428.0
2019-08-30 20:00:00,178.29581000000002,178.29581000000002,3482.0,3482.0
2019-08-30 21:00:00,170.81987999999998,170.81987999999998,3336.0,3336.0
2019-08-30 22:00:00,8.653645,8.653645,169.0,169.0
2019-08-30 23:00:00,12.59643,12.59643,246.0,246.0
2019-08-31 00:00:00,20.37959,20.37959,398.0,398.0
2019-08-31 01:00:00,22.93984,22.93984,448.0,448.0
2019-08-31 02:00:00,18.4338,18.4338,360.0,360.0
2019-08-31 03:00:00,17.768134999999997,17.768134999999997,347.0,347.0
2019-08-31 04:00:00,21.454895000000004,21.454895000000004,419.0,419.0
2019-08-31 05:00:00,15.05427,15.05427,294.0,294.0
2019-08-31 06:00:00,18.587415,18.587415,363.0,363.0
2019-08-31 07:00:00,392.63994,392.63994,7668.0,7668.0
2019-08-31 08:00:00,364.68201000000005,364.68201000000005,7122.0,7122.0
2019-08-31 09:00:00,106.864835,106.864835,2087.0,2087.0
2019-08-31 10:00:00,93.44912500000001,93.44912500000001,1825.0,1825.0
2019-08-31 11:00:00,59.295390000000005,59.295390000000005,1158.0,1158.0
2019-08-31 12:00:00,58.27128999999999,58.27128999999999,1138.0,1138.0
2019-08-31 13:00:00,68.30747,68.30747,1334.0,1334.0
2019-08-31 14:00:00,67.334575,67.334575,1315.0,1315.0
2019-08-31 15:00:00,214.08810499999998,214.08810499999998,4181.0,4181.0
2019-08-31 16:00:00,204.97361499999997,204.97361499999997,4003.0,4003.0
2019-08-31 17:00:00,36.35555,36.35555,710.0,710.0
2019-08-31 18:00:00,30.774205000000002,30.774205000000002,601.0,601.0
2019-08-31 19:00:00,34.000119999999995,34.000119999999995,664.0,664.0
2019-08-31 20:00:00,128.063705,128.063705,2501.0,2501.0
2019-08-31 21:00:00,122.226335,122.226335,2387.0,2387.0
2019-08-31 22:00:00,126.73237499999999,126.73237499999999,2475.0,2475.0
2019-08-31 23:00:00,21.506099999999996,21.506099999999996,420.0,420.0
2019-09-01 00:00:00,16.948855,16.948855,331.0,331.0
2019-09-01 01:00:00,17.460904999999997,17.460904999999997,341.0,341.0
2019-09-01 02:00:00,17.358494999999998,17.358494999999998,339.0,339.0
2019-09-01 03:00:00,16.539215,16.539215,323.0,323.0
2019-09-01 04:00:00,16.231985,16.231985,317.0,317.0
2019-09-01 05:00:00,18.689825,18.689825,365.0,365.0
2019-09-01 06:00:00,15.77114,15.771139999999999,308.0,308.0
2019-09-01 07:00:00,382.75737499999997,382.75737499999997,7475.0,7475.0
2019-09-01 08:00:00,402.16407,402.16407,7854.0,7854.0
2019-09-01 09:00:00,108.75942,108.75942,2124.0,2124.0
2019-09-01 10:00:00,88.94308500000002,88.94308500000002,1737.0,1737.0
2019-09-01 11:00:00,61.855639999999994,61.855639999999994,1208.0,1208.0
2019-09-01 12:00:00,69.6388,69.6388,1360.0,1360.0
2019-09-01 13:00:00,61.39479499999999,61.39479499999999,1199.0,1199.0
2019-09-01 14:00:00,63.084559999999996,63.084559999999996,1232.0,1232.0
2019-09-01 15:00:00,216.69956,216.69956,4232.0,4232.0
2019-09-01 16:00:00,211.68147,211.68147,4134.0,4134.0
2019-09-01 17:00:00,36.56036999999999,36.56036999999999,714.0,714.0
2019-09-01 18:00:00,33.846505,33.846505,661.0,661.0
2019-09-01 19:00:00,30.723,30.723000000000003,600.0,600.0
2019-09-01 20:00:00,121.61187500000001,121.61187500000001,2375.0,2375.0
2019-09-01 21:00:00,116.44017000000002,116.44017000000002,2274.0,2274.0
2019-09-01 22:00:00,126.57875999999999,126.57875999999999,2472.0,2472.0
2019-09-01 23:00:00,15.207884999999996,15.207884999999996,297.0,297.0
2019-09-02 00:00:00,10.087385000000001,10.087385000000001,197.0,197.0
2019-09-02 01:00:00,8.346414999999999,8.346414999999999,163.0,163.0
2019-09-02 02:00:00,7.98798,7.987980000000001,156.0,156.0
2019-09-02 03:00:00,9.216899999999999,9.216899999999999,180.0,180.0
2019-09-02 04:00:00,7.731954999999999,7.731954999999999,151.0,151.0
2019-09-02 05:00:00,6.86147,6.86147,134.0,134.0
2019-09-02 06:00:00,10.497024999999999,10.497024999999999,205.0,205.0
2019-09-02 07:00:00,410.203255,410.203255,8011.0,8011.0
2019-09-02 08:00:00,96.31660500000001,96.31660500000001,1881.0,1881.0
2019-09-02 09:00:00,54.994170000000004,54.994170000000004,1074.0,1074.0
2019-09-02 10:00:00,91.04249,91.04249,1778.0,1778.0
2019-09-02 11:00:00,83.924995,83.924995,1639.0,1639.0
2019-09-02 12:00:00,163.80479499999996,163.80479499999996,3199.0,3199.0
2019-09-02 13:00:00,95.13888999999999,95.13888999999999,1858.0,1858.0
2019-09-02 14:00:00,88.738265,88.738265,1733.0,1733.0
2019-09-02 15:00:00,83.66897000000002,83.66897000000002,1634.0,1634.0
2019-09-02 16:00:00,64.67191500000001,64.67191500000001,1263.0,1263.0
2019-09-02 17:00:00,59.50021,59.50021000000001,1162.0,1162.0
2019-09-02 18:00:00,187.41030000000003,187.4103,3660.0,3660.0
2019-09-02 19:00:00,181.41931500000004,181.41931500000004,3543.0,3543.0
2019-09-02 20:00:00,186.027765,186.027765,3633.0,3633.0
2019-09-02 21:00:00,178.29580999999993,178.29580999999993,3482.0,3482.0
2019-09-02 22:00:00,5.376525,5.376525000000001,105.0,105.0
2019-09-02 23:00:00,5.683754999999998,5.683754999999998,111.0,111.0
2019-09-03 00:00:00,9.831359999999998,9.831359999999998,192.0,192.0
2019-09-03 01:00:00,7.424725,7.424725,145.0,145.0
2019-09-03 02:00:00,11.879559999999998,11.879559999999998,232.0,232.0
2019-09-03 03:00:00,5.683755,5.683755,111.0,111.0
2019-09-03 04:00:00,6.2470099999999995,6.2470099999999995,122.0,122.0
2019-09-03 05:00:00,6.759060000000001,6.759060000000001,132.0,132.0
2019-09-03 06:00:00,8.500029999999999,8.500029999999999,166.0,166.0
2019-09-03 07:00:00,418.0376199999999,418.0376199999999,8164.0,8164.0
2019-09-03 08:00:00,95.08768500000002,95.08768500000002,1857.0,1857.0
2019-09-03 09:00:00,48.1327,48.1327,940.0,940.0
2019-09-03 10:00:00,92.27140999999999,92.27140999999999,1802.0,1802.0
2019-09-03 11:00:00,88.89188,88.89188,1736.0,1736.0
2019-09-03 12:00:00,189.45849999999993,189.45849999999993,3700.0,3700.0
2019-09-03 13:00:00,83.05451000000001,83.05451000000001,1622.0,1622.0
2019-09-03 14:00:00,88.73826500000001,88.73826500000003,1733.0,1733.0
2019-09-03 15:00:00,96.93106500000002,96.93106500000002,1893.0,1893.0
2019-09-03 16:00:00,65.593605,65.593605,1281.0,1281.0
2019-09-03 17:00:00,62.57251000000001,62.57251000000001,1222.0,1222.0
2019-09-03 18:00:00,178.756655,178.756655,3491.0,3491.0
2019-09-03 19:00:00,171.075905,171.075905,3341.0,3341.0
2019-09-03 20:00:00,175.47953499999997,175.47953499999997,3427.0,3427.0
2019-09-03 21:00:00,175.73556000000005,175.73556000000005,3432.0,3432.0
2019-09-03 22:00:00,8.858465,8.858465,173.0,173.0
2019-09-03 23:00:00,9.72895,9.728950000000001,190.0,190.0
2019-09-04 00:00:00,10.906665,10.906665,213.0,213.0
2019-09-04 01:00:00,9.421719999999999,9.421719999999999,184.0,184.0
2019-09-04 02:00:00,9.216899999999999,9.216899999999999,180.0,180.0
2019-09-04 03:00:00,4.0964,4.0964,80.0,80.0
2019-09-04 04:00:00,8.346414999999999,8.346414999999999,163.0,163.0
2019-09-04 05:00:00,6.861469999999999,6.86147,134.0,134.0
2019-09-04 06:00:00,6.861470000000001,6.861470000000001,134.0,134.0
2019-09-04 07:00:00,415.93821499999996,415.93821499999996,8123.0,8123.0
2019-09-04 08:00:00,87.81657499999999,87.81657499999999,1715.0,1715.0
2019-09-04 09:00:00,56.17188500000001,56.17188500000002,1097.0,1097.0
2019-09-04 10:00:00,83.924995,83.924995,1639.0,1639.0
2019-09-04 11:00:00,78.08762499999999,78.08762499999999,1525.0,1525.0
2019-09-04 12:00:00,177.015685,177.015685,3457.0,3457.0
2019-09-04 13:00:00,94.473225,94.473225,1845.0,1845.0
2019-09-04 14:00:00,92.98828,92.98828,1816.0,1816.0
2019-09-04 15:00:00,93.1931,93.19310000000002,1820.0,1820.0
2019-09-04 16:00:00,62.98215,62.98215,1230.0,1230.0
2019-09-04 17:00:00,63.49419999999999,63.49419999999999,1240.0,1240.0
2019-09-04 18:00:00,181.316905,181.316905,3541.0,3541.0
2019-09-04 19:00:00,188.38319500000003,188.38319500000003,3679.0,3679.0
2019-09-04 20:00:00,156.94332500000002,156.94332500000002,3065.0,3065.0
2019-09-04 21:00:00,169.18131999999997,169.18131999999997,3304.0,3304.0
2019-09-04 22:00:00,6.298215,6.298215,123.0,123.0
2019-09-04 23:00:00,7.9879799999999985,7.9879799999999985,156.0,156.0
2019-09-05 00:00:00,7.78316,7.78316,152.0,152.0
2019-09-05 01:00:00,5.786165,5.786165,113.0,113.0
2019-09-05 02:00:00,9.165694999999998,9.165694999999998,179.0,179.0
2019-09-05 03:00:00,12.69884,12.69884,248.0,248.0
2019-09-05 04:00:00,3.17471,3.17471,62.0,62.0
2019-09-05 05:00:00,7.527135000000001,7.527135000000001,147.0,147.0
2019-09-05 06:00:00,9.472925,9.472925,185.0,185.0
2019-09-05 07:00:00,398.0164649999999,398.0164649999999,7773.0,7773.0
2019-09-05 08:00:00,92.220205,92.220205,1801.0,1801.0
2019-09-05 09:00:00,53.71404499999999,53.71404499999999,1049.0,1049.0
2019-09-05 10:00:00,92.22020499999999,92.22020499999999,1801.0,1801.0
2019-09-05 11:00:00,91.91297500000003,91.91297500000003,1795.0,1795.0
2019-09-05 12:00:00,174.04579499999997,174.04579499999997,3399.0,3399.0
2019-09-05 13:00:00,103.48530500000003,103.48530500000003,2021.0,2021.0
2019-09-05 14:00:00,93.34671500000002,93.34671500000002,1823.0,1823.0
2019-09-05 15:00:00,92.06659000000003,92.06659000000003,1798.0,1798.0
2019-09-05 16:00:00,55.506220000000006,55.506220000000006,1084.0,1084.0
2019-09-05 17:00:00,61.138770000000015,61.138770000000015,1194.0,1194.0
2019-09-05 18:00:00,186.02776499999993,186.02776499999993,3633.0,3633.0
2019-09-05 19:00:00,178.039785,178.039785,3477.0,3477.0
2019-09-05 20:00:00,181.57293,181.57293,3546.0,3546.0
2019-09-05 21:00:00,173.63615499999995,173.63615499999995,3391.0,3391.0
2019-09-05 22:00:00,10.855459999999999,10.855459999999999,212.0,212.0
2019-09-05 23:00:00,7.1687,7.1687,140.0,140.0
2019-09-06 00:00:00,11.623535,11.623535,227.0,227.0
2019-09-06 01:00:00,8.397620000000002,8.397620000000002,164.0,164.0
2019-09-06 02:00:00,7.629544999999999,7.629544999999999,149.0,149.0
2019-09-06 03:00:00,8.141595,8.141595,159.0,159.0
2019-09-06 04:00:00,9.370515,9.370515,183.0,183.0
2019-09-06 05:00:00,9.780154999999999,9.780154999999999,191.0,191.0
2019-09-06 06:00:00,7.783159999999998,7.783159999999998,152.0,152.0
2019-09-06 07:00:00,414.60688500000003,414.60688500000003,8097.0,8097.0
2019-09-06 08:00:00,109.22026500000001,109.22026500000001,2133.0,2133.0
2019-09-06 09:00:00,68.81952000000001,68.81952000000001,1344.0,1344.0
2019-09-06 10:00:00,99.798545,99.79854499999999,1949.0,1949.0
2019-09-06 11:00:00,98.56962500000002,98.56962500000002,1925.0,1925.0
2019-09-06 12:00:00,180.08798500000006,180.08798500000003,3517.0,3517.0
2019-09-06 13:00:00,91.70815499999999,91.70815499999999,1791.0,1791.0
2019-09-06 14:00:00,92.527435,92.527435,1807.0,1807.0
2019-09-06 15:00:00,84.334635,84.334635,1647.0,1647.0
2019-09-06 16:00:00,54.072480000000006,54.072480000000006,1056.0,1056.0
2019-09-06 17:00:00,64.159865,64.159865,1253.0,1253.0
2019-09-06 18:00:00,187.768735,187.768735,3667.0,3667.0
2019-09-06 19:00:00,184.95245999999995,184.95245999999995,3612.0,3612.0
2019-09-06 20:00:00,165.34094500000003,165.34094500000003,3229.0,3229.0
2019-09-06 21:00:00,162.83190000000005,162.83190000000005,3180.0,3180.0
2019-09-06 22:00:00,3.840375,3.8403750000000003,75.0,75.0
2019-09-06 23:00:00,11.418715,11.418715,223.0,223.0
2019-09-07 00:00:00,19.611515,19.611515,383.0,383.0
2019-09-07 01:00:00,13.159685000000003,13.159685000000003,257.0,257.0
2019-09-07 02:00:00,19.201875,19.201875,375.0,375.0
2019-09-07 03:00:00,18.33139,18.33139,358.0,358.0
2019-09-07 04:00:00,20.68682,20.686819999999997,404.0,404.0
2019-09-07 05:00:00,17.972955000000002,17.972955000000002,351.0,351.0
2019-09-07 06:00:00,20.430795,20.430795,399.0,399.0
2019-09-07 07:00:00,395.81465,395.81465,7730.0,7730.0
2019-09-07 08:00:00,382.654965,382.654965,7473.0,7473.0
2019-09-07 09:00:00,112.29256500000001,112.29256500000001,2193.0,2193.0
2019-09-07 10:00:00,74.75930000000001,74.75930000000001,1460.0,1460.0
2019-09-07 11:00:00,63.494199999999985,63.494199999999985,1240.0,1240.0
2019-09-07 12:00:00,68.665905,68.665905,1341.0,1341.0
2019-09-07 13:00:00,68.35867499999999,68.35867499999999,1335.0,1335.0
2019-09-07 14:00:00,61.599615,61.599615,1203.0,1203.0
2019-09-07 15:00:00,211.63026499999998,211.63026499999998,4133.0,4133.0
2019-09-07 16:00:00,205.43446,205.43446,4012.0,4012.0
2019-09-07 17:00:00,32.515175000000006,32.515175000000006,635.0,635.0
2019-09-07 18:00:00,35.177835,35.177835,687.0,687.0
2019-09-07 19:00:00,28.521185000000003,28.521185000000003,557.0,557.0
2019-09-07 20:00:00,146.85593999999998,146.85593999999998,2868.0,2868.0
2019-09-07 21:00:00,140.81374999999997,140.81374999999997,2750.0,2750.0
2019-09-07 22:00:00,143.78364,143.78364,2808.0,2808.0
2019-09-07 23:00:00,18.689825,18.689825,365.0,365.0
2019-09-08 00:00:00,25.29527,25.29527,494.0,494.0
2019-09-08 01:00:00,17.460905,17.460905,341.0,341.0
2019-09-08 02:00:00,14.593425,14.593425,285.0,285.0
2019-09-08 03:00:00,18.997055,18.997055,371.0,371.0
2019-09-08 04:00:00,18.382595,18.382595,359.0,359.0
2019-09-08 05:00:00,17.614520000000002,17.614520000000002,344.0,344.0
2019-09-08 06:00:00,15.15668,15.156680000000001,296.0,296.0
2019-09-08 07:00:00,411.9954299999999,411.9954299999999,8046.0,8046.0
2019-09-08 08:00:00,406.209265,406.209265,7933.0,7933.0
2019-09-08 09:00:00,112.70220499999999,112.70220499999999,2201.0,2201.0
2019-09-08 10:00:00,94.165995,94.165995,1839.0,1839.0
2019-09-08 11:00:00,64.10866000000001,64.10866000000001,1252.0,1252.0
2019-09-08 12:00:00,68.870725,68.870725,1345.0,1345.0
2019-09-08 13:00:00,62.41889499999999,62.41889499999999,1219.0,1219.0
2019-09-08 14:00:00,74.40086499999998,74.40086499999998,1453.0,1453.0
2019-09-08 15:00:00,202.72059499999997,202.72059499999997,3959.0,3959.0
2019-09-08 16:00:00,209.991705,209.991705,4101.0,4101.0
2019-09-08 17:00:00,29.39167,29.39167,574.0,574.0
2019-09-08 18:00:00,32.105534999999996,32.105534999999996,627.0,627.0
2019-09-08 19:00:00,27.548289999999998,27.548289999999998,538.0,538.0
2019-09-08 20:00:00,124.99140500000001,124.99140500000001,2441.0,2441.0
2019-09-08 21:00:00,111.31966999999999,111.31966999999999,2174.0,2174.0
2019-09-08 22:00:00,121.50946499999999,121.50946499999999,2373.0,2373.0
2019-09-08 23:00:00,17.81934,17.81934,348.0,348.0
2019-09-09 00:00:00,7.885569999999999,7.885569999999999,154.0,154.0
2019-09-09 01:00:00,10.957869999999998,10.957869999999998,214.0,214.0
2019-09-09 02:00:00,14.491015,14.491015,283.0,283.0
2019-09-09 03:00:00,10.906665,10.906665,213.0,213.0
2019-09-09 04:00:00,10.95787,10.95787,214.0,214.0
2019-09-09 05:00:00,7.117495,7.117495,139.0,139.0
2019-09-09 06:00:00,8.141595,8.141595,159.0,159.0
2019-09-09 07:00:00,378.917,378.917,7400.0,7400.0
2019-09-09 08:00:00,106.5064,106.5064,2080.0,2080.0
2019-09-09 09:00:00,64.31348000000001,64.31348000000001,1256.0,1256.0
2019-09-09 10:00:00,84.539455,84.539455,1651.0,1651.0
2019-09-09 11:00:00,95.34371,95.34371,1862.0,1862.0
2019-09-09 12:00:00,176.24761,176.24761,3442.0,3442.0
2019-09-09 13:00:00,90.88887499999998,90.88887499999998,1775.0,1775.0
2019-09-09 14:00:00,88.99428999999999,88.99428999999999,1738.0,1738.0
2019-09-09 15:00:00,85.358735,85.358735,1667.0,1667.0
2019-09-09 16:00:00,64.72312,64.72312,1264.0,1264.0
2019-09-09 17:00:00,58.78334000000001,58.78334000000001,1148.0,1148.0
2019-09-09 18:00:00,166.62107,166.62106999999997,3254.0,3254.0
2019-09-09 19:00:00,177.527735,177.527735,3467.0,3467.0
2019-09-09 20:00:00,165.39215000000002,165.39215000000004,3230.0,3230.0
2019-09-09 21:00:00,160.7837,160.7837,3140.0,3140.0
2019-09-09 22:00:00,7.88557,7.8855699999999995,154.0,154.0
2019-09-09 23:00:00,9.472924999999998,9.472924999999998,185.0,185.0
2019-09-10 00:00:00,6.861469999999999,6.86147,134.0,134.0
2019-09-10 01:00:00,12.852455000000004,12.852455000000004,251.0,251.0
2019-09-10 02:00:00,8.90967,8.90967,174.0,174.0
2019-09-10 03:00:00,8.756055,8.756055,171.0,171.0
2019-09-10 04:00:00,8.858465,8.858465,173.0,173.0
2019-09-10 05:00:00,9.42172,9.42172,184.0,184.0
2019-09-10 06:00:00,8.653645000000001,8.653645000000001,169.0,169.0
2019-09-10 07:00:00,405.3387800000001,405.33878000000016,7916.0,7916.0
2019-09-10 08:00:00,103.63892,103.63892000000001,2024.0,2024.0
2019-09-10 09:00:00,63.80143,63.80143,1246.0,1246.0
2019-09-10 10:00:00,97.49431999999997,97.49431999999997,1904.0,1904.0
2019-09-10 11:00:00,81.979205,81.979205,1601.0,1601.0
2019-09-10 12:00:00,192.01874999999995,192.01874999999995,3750.0,3750.0
2019-09-10 13:00:00,100.82264500000001,100.82264500000001,1969.0,1969.0
2019-09-10 14:00:00,94.16599500000004,94.16599500000004,1839.0,1839.0
2019-09-10 15:00:00,86.53645,86.53645,1690.0,1690.0
2019-09-10 16:00:00,51.15379500000001,51.15379500000001,999.0,999.0
2019-09-10 17:00:00,62.26528000000001,62.26528000000001,1216.0,1216.0
2019-09-10 18:00:00,166.67227499999998,166.67227499999998,3255.0,3255.0
2019-09-10 19:00:00,181.316905,181.316905,3541.0,3541.0
2019-09-10 20:00:00,187.61512,187.61511999999996,3664.0,3664.0
2019-09-10 21:00:00,159.65718999999999,159.65718999999999,3118.0,3118.0
2019-09-10 22:00:00,8.448825,8.448825,165.0,165.0
2019-09-10 23:00:00,11.060279999999999,11.060279999999999,216.0,216.0
2019-09-11 00:00:00,9.677745,9.677745,189.0,189.0
2019-09-11 01:00:00,11.316304999999998,11.316304999999996,221.0,221.0
2019-09-11 02:00:00,8.90967,8.90967,174.0,174.0
2019-09-11 03:00:00,7.475930000000001,7.475930000000001,146.0,146.0
2019-09-11 04:00:00,8.960875,8.960875,175.0,175.0
2019-09-11 05:00:00,12.545225,12.545224999999999,245.0,245.0
2019-09-11 06:00:00,6.2470099999999995,6.2470099999999995,122.0,122.0
2019-09-11 07:00:00,398.68213,398.68213,7786.0,7786.0
2019-09-11 08:00:00,94.575635,94.575635,1847.0,1847.0
2019-09-11 09:00:00,55.60863,55.60863,1086.0,1086.0
2019-09-11 10:00:00,84.48825000000001,84.48825000000001,1650.0,1650.0
2019-09-11 11:00:00,79.57256999999998,79.57256999999998,1554.0,1554.0
2019-09-11 12:00:00,188.178375,188.17837499999996,3675.0,3675.0
2019-09-11 13:00:00,94.62684,94.62684,1848.0,1848.0
2019-09-11 14:00:00,86.894885,86.894885,1697.0,1697.0
2019-09-11 15:00:00,96.16299000000001,96.16299000000001,1878.0,1878.0
2019-09-11 16:00:00,58.98816000000001,58.98816000000001,1152.0,1152.0
2019-09-11 17:00:00,57.452009999999994,57.452009999999994,1122.0,1122.0
2019-09-11 18:00:00,191.76272500000002,191.76272500000002,3745.0,3745.0
2019-09-11 19:00:00,175.22350999999998,175.22350999999998,3422.0,3422.0
2019-09-11 20:00:00,172.35603000000003,172.35603000000003,3366.0,3366.0
2019-09-11 21:00:00,180.804855,180.804855,3531.0,3531.0
2019-09-11 22:00:00,8.039185,8.039185,157.0,157.0
2019-09-11 23:00:00,6.7078549999999995,6.7078549999999995,131.0,131.0
2019-09-12 00:00:00,5.32532,5.32532,104.0,104.0
2019-09-12 01:00:00,7.27111,7.27111,142.0,142.0
2019-09-12 02:00:00,14.286195000000001,14.286195000000001,279.0,279.0
2019-09-12 03:00:00,11.009075000000001,11.009075000000001,215.0,215.0
2019-09-12 04:00:00,13.108480000000002,13.108480000000002,256.0,256.0
2019-09-12 05:00:00,10.13859,10.138589999999999,198.0,198.0
2019-09-12 06:00:00,6.349419999999999,6.349419999999999,124.0,124.0
2019-09-12 07:00:00,412.7635050000001,412.7635050000001,8061.0,8061.0
2019-09-12 08:00:00,101.07866999999999,101.07866999999999,1974.0,1974.0
2019-09-12 09:00:00,54.48212,54.48212,1064.0,1064.0
2019-09-12 10:00:00,95.65094,95.65094,1868.0,1868.0
2019-09-12 11:00:00,87.61175500000002,87.61175500000003,1711.0,1711.0
2019-09-12 12:00:00,182.49461999999997,182.49461999999997,3564.0,3564.0
2019-09-12 13:00:00,97.39190999999997,97.39190999999997,1902.0,1902.0
2019-09-12 14:00:00,99.79854500000002,99.79854500000002,1949.0,1949.0
2019-09-12 15:00:00,102.30758999999999,102.30758999999999,1998.0,1998.0
2019-09-12 16:00:00,56.12068,56.12068,1096.0,1096.0
2019-09-12 17:00:00,46.90378,46.90377999999999,916.0,916.0
2019-09-12 18:00:00,178.50063,178.50063,3486.0,3486.0
2019-09-12 19:00:00,185.05486999999997,185.05486999999997,3614.0,3614.0
2019-09-12 20:00:00,168.41324500000002,168.41324500000002,3289.0,3289.0
2019-09-12 21:00:00,169.846985,169.846985,3317.0,3317.0
2019-09-12 22:00:00,7.731955,7.731955,151.0,151.0
2019-09-12 23:00:00,9.882565,9.882565,193.0,193.0
2019-09-13 00:00:00,7.629544999999999,7.629544999999999,149.0,149.0
2019-09-13 01:00:00,10.087385,10.087385,197.0,197.0
2019-09-13 02:00:00,11.009075000000001,11.009075000000001,215.0,215.0
2019-09-13 03:00:00,10.241,10.241,200.0,200.0
2019-09-13 04:00:00,9.575334999999999,9.575334999999999,187.0,187.0
2019-09-13 05:00:00,6.503034999999999,6.503034999999999,127.0,127.0
2019-09-13 06:00:00,6.707855000000001,6.707855000000001,131.0,131.0
2019-09-13 07:00:00,397.197185,397.197185,7757.0,7757.0
2019-09-13 08:00:00,98.62083,98.62083,1926.0,1926.0
2019-09-13 09:00:00,52.792355,52.792355,1031.0,1031.0
2019-09-13 10:00:00,95.13889,95.13889,1858.0,1858.0
2019-09-13 11:00:00,88.12380499999999,88.12380499999999,1721.0,1721.0
2019-09-13 12:00:00,174.25061499999998,174.25061499999998,3403.0,3403.0
2019-09-13 13:00:00,89.76236499999999,89.76236499999999,1753.0,1753.0
2019-09-13 14:00:00,83.05451000000001,83.05451000000001,1622.0,1622.0
2019-09-13 15:00:00,100.77144000000003,100.77144000000004,1968.0,1968.0
2019-09-13 16:00:00,60.677924999999995,60.677924999999995,1185.0,1185.0
2019-09-13 17:00:00,57.65683000000001,57.65683000000001,1126.0,1126.0
2019-09-13 18:00:00,178.34701500000003,178.34701500000003,3483.0,3483.0
2019-09-13 19:00:00,166.92829999999998,166.92829999999998,3260.0,3260.0
2019-09-13 20:00:00,188.43439999999995,188.43439999999995,3680.0,3680.0
2019-09-13 21:00:00,174.045795,174.045795,3399.0,3399.0
2019-09-13 22:00:00,9.01208,9.01208,176.0,176.0
2019-09-13 23:00:00,8.39762,8.39762,164.0,164.0
2019-09-14 00:00:00,21.045255,21.045255,411.0,411.0
2019-09-14 01:00:00,22.376585000000006,22.376585000000006,437.0,437.0
2019-09-14 02:00:00,15.566320000000003,15.566320000000003,304.0,304.0
2019-09-14 03:00:00,16.948855,16.948855,331.0,331.0
2019-09-14 04:00:00,13.978964999999999,13.978964999999999,273.0,273.0
2019-09-14 05:00:00,18.792235,18.792235,367.0,367.0
2019-09-14 06:00:00,20.17477,20.17477,394.0,394.0
2019-09-14 07:00:00,392.07668500000005,392.07668500000005,7657.0,7657.0
2019-09-14 08:00:00,389.26041,389.26041,7602.0,7602.0
2019-09-14 09:00:00,113.111845,113.111845,2209.0,2209.0
2019-09-14 10:00:00,96.16299,96.16299,1878.0,1878.0
2019-09-14 11:00:00,61.95804999999999,61.95804999999999,1210.0,1210.0
2019-09-14 12:00:00,60.88274500000001,60.882745,1189.0,1189.0
2019-09-14 13:00:00,64.41589,64.41589,1258.0,1258.0
2019-09-14 14:00:00,65.95204,65.95204,1288.0,1288.0
2019-09-14 15:00:00,215.317025,215.317025,4205.0,4205.0
2019-09-14 16:00:00,208.91639999999992,208.91639999999992,4080.0,4080.0
2019-09-14 17:00:00,37.48205999999999,37.48205999999999,732.0,732.0
2019-09-14 18:00:00,28.828414999999996,28.828414999999996,563.0,563.0
2019-09-14 19:00:00,38.659774999999996,38.65977499999999,755.0,755.0
2019-09-14 20:00:00,114.85281499999998,114.85281499999998,2243.0,2243.0
2019-09-14 21:00:00,125.60586500000001,125.60586500000002,2453.0,2453.0
2019-09-14 22:00:00,116.184145,116.184145,2269.0,2269.0
2019-09-14 23:00:00,13.876555,13.876555,271.0,271.0
2019-09-15 00:00:00,15.566319999999997,15.566319999999997,304.0,304.0
2019-09-15 01:00:00,17.870545000000003,17.870545000000003,349.0,349.0
2019-09-15 02:00:00,17.256085,17.256085,337.0,337.0
2019-09-15 03:00:00,17.051264999999997,17.051264999999997,333.0,333.0
2019-09-15 04:00:00,17.153675,17.153675,335.0,335.0
2019-09-15 05:00:00,13.466915,13.466915,263.0,263.0
2019-09-15 06:00:00,16.590419999999995,16.590419999999995,324.0,324.0
2019-09-15 07:00:00,402.727325,402.727325,7865.0,7865.0
2019-09-15 08:00:00,371.03143000000006,371.03143000000006,7246.0,7246.0
2019-09-15 09:00:00,106.40399000000001,106.40399000000001,2078.0,2078.0
2019-09-15 10:00:00,101.18108,101.18108,1976.0,1976.0
2019-09-15 11:00:00,62.726124999999996,62.726124999999996,1225.0,1225.0
2019-09-15 12:00:00,60.985155000000006,60.985155000000006,1191.0,1191.0
2019-09-15 13:00:00,64.67191500000001,64.67191500000001,1263.0,1263.0
2019-09-15 14:00:00,60.98515499999999,60.98515499999999,1191.0,1191.0
2019-09-15 15:00:00,236.46469,236.46469,4618.0,4618.0
2019-09-15 16:00:00,206.45856,206.45856,4032.0,4032.0
2019-09-15 17:00:00,33.129635,33.129635,647.0,647.0
2019-09-15 18:00:00,28.316364999999998,28.316364999999998,553.0,553.0
2019-09-15 19:00:00,32.668789999999994,32.668789999999994,638.0,638.0
2019-09-15 20:00:00,126.73237499999999,126.73237499999999,2475.0,2475.0
2019-09-15 21:00:00,137.12699,137.12699,2678.0,2678.0
2019-09-15 22:00:00,128.063705,128.063705,2501.0,2501.0
2019-09-15 23:00:00,14.43981,14.43981,282.0,282.0
2019-09-16 00:00:00,10.54823,10.548230000000002,206.0,206.0
2019-09-16 01:00:00,11.162690000000001,11.162690000000003,218.0,218.0
2019-09-16 02:00:00,13.3133,13.3133,260.0,260.0
2019-09-16 03:00:00,6.7078549999999995,6.7078549999999995,131.0,131.0
2019-09-16 04:00:00,8.039184999999998,8.039184999999998,157.0,157.0
2019-09-16 05:00:00,9.933769999999999,9.93377,194.0,194.0
2019-09-16 06:00:00,8.448825,8.448825,165.0,165.0
2019-09-16 07:00:00,401.54961000000003,401.54961000000003,7842.0,7842.0
2019-09-16 08:00:00,108.50339499999997,108.50339499999997,2119.0,2119.0
2019-09-16 09:00:00,66.92493500000002,66.92493500000002,1307.0,1307.0
2019-09-16 10:00:00,83.05451,83.05451,1622.0,1622.0
2019-09-16 11:00:00,89.19910999999999,89.19910999999999,1742.0,1742.0
2019-09-16 12:00:00,173.328925,173.328925,3385.0,3385.0
2019-09-16 13:00:00,84.437045,84.43704499999998,1649.0,1649.0
2019-09-16 14:00:00,91.19610500000002,91.19610500000002,1781.0,1781.0
2019-09-16 15:00:00,92.06658999999999,92.06658999999999,1798.0,1798.0
2019-09-16 16:00:00,59.244185,59.244184999999995,1157.0,1157.0
2019-09-16 17:00:00,52.12669,52.12669,1018.0,1018.0
2019-09-16 18:00:00,175.99158500000001,175.99158500000001,3437.0,3437.0
2019-09-16 19:00:00,176.50363499999992,176.50363499999992,3447.0,3447.0
2019-09-16 20:00:00,183.31390000000002,183.31390000000002,3580.0,3580.0
2019-09-16 21:00:00,189.91934499999996,189.91934499999996,3709.0,3709.0
2019-09-16 22:00:00,6.503034999999999,6.503034999999999,127.0,127.0
2019-09-16 23:00:00,8.346414999999999,8.346414999999999,163.0,163.0
2019-09-17 00:00:00,7.78316,7.78316,152.0,152.0
2019-09-17 01:00:00,7.7831600000000005,7.78316,152.0,152.0
2019-09-17 02:00:00,9.370515,9.370515,183.0,183.0
2019-09-17 03:00:00,7.219904999999999,7.219904999999999,141.0,141.0
2019-09-17 04:00:00,8.858464999999999,8.858464999999999,173.0,173.0
2019-09-17 05:00:00,9.933769999999999,9.93377,194.0,194.0
2019-09-17 06:00:00,8.448825,8.448825,165.0,165.0
2019-09-17 07:00:00,384.19111499999997,384.19111499999997,7503.0,7503.0
2019-09-17 08:00:00,107.73531999999999,107.73531999999999,2104.0,2104.0
2019-09-17 09:00:00,63.750225,63.750225,1245.0,1245.0
2019-09-17 10:00:00,99.95215999999999,99.95215999999999,1952.0,1952.0
2019-09-17 11:00:00,90.83767000000002,90.83767000000002,1774.0,1774.0
2019-09-17 12:00:00,194.78382,194.78382,3804.0,3804.0
2019-09-17 13:00:00,82.95209999999999,82.95209999999999,1620.0,1620.0
2019-09-17 14:00:00,91.14489999999998,91.14489999999998,1780.0,1780.0
2019-09-17 15:00:00,88.53344500000003,88.53344500000003,1729.0,1729.0
2019-09-17 16:00:00,52.126689999999996,52.12668999999999,1018.0,1018.0
2019-09-17 17:00:00,57.55442,57.55442,1124.0,1124.0
2019-09-17 18:00:00,176.75966000000003,176.75966000000003,3452.0,3452.0
2019-09-17 19:00:00,183.67233499999998,183.67233499999998,3587.0,3587.0
2019-09-17 20:00:00,174.09699999999998,174.09699999999998,3400.0,3400.0
2019-09-17 21:00:00,168.82288499999999,168.82288499999999,3297.0,3297.0
2019-09-17 22:00:00,8.39762,8.39762,164.0,164.0
2019-09-17 23:00:00,9.063285,9.063285,177.0,177.0
2019-09-18 00:00:00,10.65064,10.65064,208.0,208.0
2019-09-18 01:00:00,7.98798,7.987980000000001,156.0,156.0
2019-09-18 02:00:00,12.340404999999999,12.340405,241.0,241.0
2019-09-18 03:00:00,7.37352,7.373519999999999,144.0,144.0
2019-09-18 04:00:00,11.725945,11.725944999999998,229.0,229.0
2019-09-18 05:00:00,10.13859,10.138589999999999,198.0,198.0
2019-09-18 06:00:00,6.96388,6.96388,136.0,136.0
2019-09-18 07:00:00,403.39299,403.39299,7878.0,7878.0
2019-09-18 08:00:00,85.563555,85.56355499999998,1671.0,1671.0
2019-09-18 09:00:00,63.135765,63.135765,1233.0,1233.0
2019-09-18 10:00:00,90.63284999999999,90.63284999999999,1770.0,1770.0
2019-09-18 11:00:00,97.85275500000003,97.85275500000003,1911.0,1911.0
2019-09-18 12:00:00,186.53981500000003,186.53981500000003,3643.0,3643.0
2019-09-18 13:00:00,80.90390000000001,80.90390000000001,1580.0,1580.0
2019-09-18 14:00:00,82.79848499999999,82.798485,1617.0,1617.0
2019-09-18 15:00:00,87.45814,87.45814,1708.0,1708.0
2019-09-18 16:00:00,54.73814500000001,54.73814500000001,1069.0,1069.0
2019-09-18 17:00:00,62.98215,62.98215,1230.0,1230.0
2019-09-18 18:00:00,179.42231999999996,179.42231999999996,3504.0,3504.0
2019-09-18 19:00:00,186.13017499999998,186.13017499999998,3635.0,3635.0
2019-09-18 20:00:00,185.82294500000003,185.82294500000003,3629.0,3629.0
2019-09-18 21:00:00,175.786765,175.786765,3433.0,3433.0
2019-09-18 22:00:00,9.575335,9.575335,187.0,187.0
2019-09-18 23:00:00,9.11449,9.11449,178.0,178.0
2019-09-19 00:00:00,9.831360000000002,9.831360000000002,192.0,192.0
2019-09-19 01:00:00,6.3494199999999985,6.349419999999998,124.0,124.0
2019-09-19 02:00:00,7.68075,7.680750000000001,150.0,150.0
2019-09-19 03:00:00,11.981970000000004,11.981970000000004,234.0,234.0
2019-09-19 04:00:00,7.936774999999999,7.936774999999999,155.0,155.0
2019-09-19 05:00:00,7.629545,7.629545,149.0,149.0
2019-09-19 06:00:00,8.39762,8.39762,164.0,164.0
2019-09-19 07:00:00,401.395995,401.395995,7839.0,7839.0
2019-09-19 08:00:00,100.56661999999999,100.56661999999999,1964.0,1964.0
2019-09-19 09:00:00,55.659834999999994,55.659834999999994,1087.0,1087.0
2019-09-19 10:00:00,93.346715,93.346715,1823.0,1823.0
2019-09-19 11:00:00,85.71717000000002,85.71717000000002,1674.0,1674.0
2019-09-19 12:00:00,180.13918999999996,180.13918999999996,3518.0,3518.0
2019-09-19 13:00:00,100.20818499999999,100.20818499999999,1957.0,1957.0
2019-09-19 14:00:00,84.43704499999998,84.43704499999998,1649.0,1649.0
2019-09-19 15:00:00,93.44912499999997,93.44912499999997,1825.0,1825.0
2019-09-19 16:00:00,56.12068000000001,56.12068000000001,1096.0,1096.0
2019-09-19 17:00:00,61.18997500000002,61.18997500000002,1195.0,1195.0
2019-09-19 18:00:00,186.949455,186.94945500000003,3651.0,3651.0
2019-09-19 19:00:00,167.9524,167.9524,3280.0,3280.0
2019-09-19 20:00:00,186.130175,186.130175,3635.0,3635.0
2019-09-19 21:00:00,193.60610499999996,193.60610499999996,3781.0,3781.0
2019-09-19 22:00:00,10.13859,10.138589999999999,198.0,198.0
2019-09-19 23:00:00,9.882565000000001,9.882565000000001,193.0,193.0
2019-09-20 00:00:00,8.192799999999998,8.192799999999998,160.0,160.0
2019-09-20 01:00:00,7.8855699999999995,7.8855699999999995,154.0,154.0
2019-09-20 02:00:00,7.783159999999999,7.783159999999999,152.0,152.0
2019-09-20 03:00:00,11.213894999999999,11.213894999999999,219.0,219.0
2019-09-20 04:00:00,9.268105,9.268105,181.0,181.0
2019-09-20 05:00:00,8.756055,8.756055,171.0,171.0
2019-09-20 06:00:00,8.551234999999998,8.551234999999998,167.0,167.0
2019-09-20 07:00:00,433.450325,433.450325,8465.0,8465.0
2019-09-20 08:00:00,100.208185,100.208185,1957.0,1957.0
2019-09-20 09:00:00,54.942964999999994,54.942964999999994,1073.0,1073.0
2019-09-20 10:00:00,86.02439999999999,86.02439999999999,1680.0,1680.0
2019-09-20 11:00:00,104.35579,104.35579,2038.0,2038.0
2019-09-20 12:00:00,182.033775,182.033775,3555.0,3555.0
2019-09-20 13:00:00,93.85876500000002,93.85876500000002,1833.0,1833.0
2019-09-20 14:00:00,88.48224,88.48224,1728.0,1728.0
2019-09-20 15:00:00,89.557545,89.557545,1749.0,1749.0
2019-09-20 16:00:00,57.400805000000005,57.400805000000005,1121.0,1121.0
2019-09-20 17:00:00,51.30741,51.30741,1002.0,1002.0
2019-09-20 18:00:00,178.347015,178.347015,3483.0,3483.0
2019-09-20 19:00:00,180.087985,180.087985,3517.0,3517.0
2019-09-20 20:00:00,195.75671499999999,195.75671499999999,3823.0,3823.0
2019-09-20 21:00:00,172.71446500000005,172.71446500000005,3373.0,3373.0
2019-09-20 22:00:00,10.087385000000001,10.087385000000001,197.0,197.0
2019-09-20 23:00:00,11.2651,11.2651,220.0,220.0
2019-09-21 00:00:00,17.81934,17.81934,348.0,348.0
2019-09-21 01:00:00,15.975959999999997,15.975959999999997,312.0,312.0
2019-09-21 02:00:00,19.969949999999997,19.969949999999997,390.0,390.0
2019-09-21 03:00:00,18.4338,18.4338,360.0,360.0
2019-09-21 04:00:00,16.180780000000002,16.180780000000002,316.0,316.0
2019-09-21 05:00:00,20.021154999999997,20.021154999999993,391.0,391.0
2019-09-21 06:00:00,21.147665,21.147665,413.0,413.0
2019-09-21 07:00:00,385.77846999999997,385.77846999999997,7534.0,7534.0
2019-09-21 08:00:00,399.245385,399.245385,7797.0,7797.0
2019-09-21 09:00:00,110.756415,110.75641500000002,2163.0,2163.0
2019-09-21 10:00:00,109.32267499999999,109.32267499999999,2135.0,2135.0
2019-09-21 11:00:00,72.09664,72.09664,1408.0,1408.0
2019-09-21 12:00:00,59.653825000000005,59.653825000000005,1165.0,1165.0
2019-09-21 13:00:00,73.7352,73.7352,1440.0,1440.0
2019-09-21 14:00:00,71.48217999999999,71.48217999999999,1396.0,1396.0
2019-09-21 15:00:00,210.65737000000001,210.65737000000001,4114.0,4114.0
2019-09-21 16:00:00,246.19363999999996,246.19363999999996,4808.0,4808.0
2019-09-21 17:00:00,30.569385,30.569385,597.0,597.0
2019-09-21 18:00:00,35.689885,35.689885,697.0,697.0
2019-09-21 19:00:00,32.56638,32.56638,636.0,636.0
2019-09-21 20:00:00,118.027525,118.027525,2305.0,2305.0
2019-09-21 21:00:00,127.70527,127.70527,2494.0,2494.0
2019-09-21 22:00:00,126.57875999999999,126.57875999999999,2472.0,2472.0
2019-09-21 23:00:00,16.283189999999998,16.283189999999998,318.0,318.0
2019-09-22 00:00:00,19.509104999999998,19.509104999999998,381.0,381.0
2019-09-22 01:00:00,18.84344,18.84344,368.0,368.0
2019-09-22 02:00:00,16.18078,16.18078,316.0,316.0
2019-09-22 03:00:00,13.774145,13.774145000000003,269.0,269.0
2019-09-22 04:00:00,17.71693,17.71693,346.0,346.0
2019-09-22 05:00:00,16.48801,16.48801,322.0,322.0
2019-09-22 06:00:00,16.795239999999996,16.795239999999996,328.0,328.0
2019-09-22 07:00:00,385.62485499999997,385.62485499999997,7531.0,7531.0
2019-09-22 08:00:00,381.27242999999993,381.27242999999993,7446.0,7446.0
2019-09-22 09:00:00,110.80762000000003,110.80762000000003,2164.0,2164.0
2019-09-22 10:00:00,109.32267499999999,109.32267499999999,2135.0,2135.0
2019-09-22 11:00:00,62.93094500000001,62.93094500000001,1229.0,1229.0
2019-09-22 12:00:00,66.15686,66.15686,1292.0,1292.0
2019-09-22 13:00:00,60.063465,60.06346500000001,1173.0,1173.0
2019-09-22 14:00:00,59.29539000000001,59.29539000000001,1158.0,1158.0
2019-09-22 15:00:00,230.83214,230.83214,4508.0,4508.0
2019-09-22 16:00:00,211.57906,211.57906,4132.0,4132.0
2019-09-22 17:00:00,33.846505,33.846505,661.0,661.0
2019-09-22 18:00:00,41.52725499999999,41.52725499999999,811.0,811.0
2019-09-22 19:00:00,35.43386,35.43386,692.0,692.0
2019-09-22 20:00:00,127.346835,127.346835,2487.0,2487.0
2019-09-22 21:00:00,126.06670999999999,126.06670999999999,2462.0,2462.0
2019-09-22 22:00:00,131.49444,131.49444,2568.0,2568.0
2019-09-22 23:00:00,16.027165000000004,16.027165000000004,313.0,313.0
2019-09-23 00:00:00,7.629545000000001,7.629545000000001,149.0,149.0
2019-09-23 01:00:00,7.7319549999999975,7.7319549999999975,151.0,151.0
2019-09-23 02:00:00,8.653645,8.653645,169.0,169.0
2019-09-23 03:00:00,9.063285,9.063285,177.0,177.0
2019-09-23 04:00:00,13.262094999999999,13.262094999999999,259.0,259.0
2019-09-23 05:00:00,5.53014,5.53014,108.0,108.0
2019-09-23 06:00:00,8.1928,8.1928,160.0,160.0
2019-09-23 07:00:00,393.51042499999994,393.51042499999994,7685.0,7685.0
2019-09-23 08:00:00,97.90396,97.90396,1912.0,1912.0
2019-09-23 09:00:00,52.792355,52.792355,1031.0,1031.0
2019-09-23 10:00:00,101.129875,101.129875,1975.0,1975.0
2019-09-23 11:00:00,93.34671499999996,93.34671499999996,1823.0,1823.0
2019-09-23 12:00:00,178.44942500000005,178.44942500000005,3485.0,3485.0
2019-09-23 13:00:00,100.97626,100.97626,1972.0,1972.0
2019-09-23 14:00:00,83.105715,83.105715,1623.0,1623.0
2019-09-23 15:00:00,88.84067499999999,88.840675,1735.0,1735.0
2019-09-23 16:00:00,53.150790000000015,53.150790000000015,1038.0,1038.0
2019-09-23 17:00:00,61.394794999999995,61.394794999999995,1199.0,1199.0
2019-09-23 18:00:00,179.883165,179.883165,3513.0,3513.0
2019-09-23 19:00:00,172.50964500000003,172.509645,3369.0,3369.0
2019-09-23 20:00:00,176.45243,176.45243,3446.0,3446.0
2019-09-23 21:00:00,182.08497999999997,182.08498,3556.0,3556.0
2019-09-23 22:00:00,8.858464999999999,8.858464999999999,173.0,173.0
2019-09-23 23:00:00,13.466915,13.466915,263.0,263.0
2019-09-24 00:00:00,10.54823,10.548230000000002,206.0,206.0
2019-09-24 01:00:00,9.780154999999999,9.780154999999999,191.0,191.0
2019-09-24 02:00:00,9.319309999999998,9.31931,182.0,182.0
2019-09-24 03:00:00,9.42172,9.42172,184.0,184.0
2019-09-24 04:00:00,9.933769999999999,9.93377,194.0,194.0
2019-09-24 05:00:00,9.472925,9.472925,185.0,185.0
2019-09-24 06:00:00,7.015084999999999,7.015084999999999,137.0,137.0
2019-09-24 07:00:00,408.6159,408.6159,7980.0,7980.0
2019-09-24 08:00:00,93.24430500000001,93.24430500000001,1821.0,1821.0
2019-09-24 09:00:00,61.804435,61.804435,1207.0,1207.0
2019-09-24 10:00:00,90.17200500000001,90.17200500000001,1761.0,1761.0
2019-09-24 11:00:00,100.82264499999998,100.82264499999998,1969.0,1969.0
2019-09-24 12:00:00,168.97649999999993,168.97649999999993,3300.0,3300.0
2019-09-24 13:00:00,99.84975,99.84975,1950.0,1950.0
2019-09-24 14:00:00,92.83466500000002,92.83466500000002,1813.0,1813.0
2019-09-24 15:00:00,84.38584,84.38584000000002,1648.0,1648.0
2019-09-24 16:00:00,65.84962999999999,65.84962999999999,1286.0,1286.0
2019-09-24 17:00:00,65.18396499999999,65.18396499999999,1273.0,1273.0
2019-09-24 18:00:00,187.61512000000002,187.61512000000002,3664.0,3664.0
2019-09-24 19:00:00,185.31089500000004,185.31089500000004,3619.0,3619.0
2019-09-24 20:00:00,178.91026999999997,178.91026999999994,3494.0,3494.0
2019-09-24 21:00:00,178.50063,178.50063,3486.0,3486.0
2019-09-24 22:00:00,9.524130000000001,9.524130000000001,186.0,186.0
2019-09-24 23:00:00,7.98798,7.987980000000001,156.0,156.0
2019-09-25 00:00:00,10.13859,10.138589999999999,198.0,198.0
2019-09-25 01:00:00,12.391609999999998,12.391609999999998,242.0,242.0
2019-09-25 02:00:00,8.960875,8.960875,175.0,175.0
2019-09-25 03:00:00,12.186789999999998,12.186789999999998,238.0,238.0
2019-09-25 04:00:00,11.16269,11.16269,218.0,218.0
2019-09-25 05:00:00,5.73496,5.73496,112.0,112.0
2019-09-25 06:00:00,6.503035,6.503035,127.0,127.0
2019-09-25 07:00:00,413.12193999999994,413.12193999999994,8068.0,8068.0
2019-09-25 08:00:00,90.274415,90.274415,1763.0,1763.0
2019-09-25 09:00:00,60.11466999999999,60.11467,1174.0,1174.0
2019-09-25 10:00:00,90.53043999999998,90.53043999999997,1768.0,1768.0
2019-09-25 11:00:00,91.09369500000001,91.09369500000001,1779.0,1779.0
2019-09-25 12:00:00,174.81387,174.81387,3414.0,3414.0
2019-09-25 13:00:00,89.71116,89.71116,1752.0,1752.0
2019-09-25 14:00:00,89.30152000000002,89.30152000000002,1744.0,1744.0
2019-09-25 15:00:00,91.75935999999999,91.75935999999999,1792.0,1792.0
2019-09-25 16:00:00,64.467095,64.467095,1259.0,1259.0
2019-09-25 17:00:00,59.192980000000006,59.192980000000006,1156.0,1156.0
2019-09-25 18:00:00,169.48855,169.48855,3310.0,3310.0
2019-09-25 19:00:00,171.53674999999993,171.53674999999993,3350.0,3350.0
2019-09-25 20:00:00,177.01568500000005,177.01568500000005,3457.0,3457.0
2019-09-25 21:00:00,172.20241500000003,172.20241500000003,3363.0,3363.0
2019-09-25 22:00:00,11.777149999999999,11.777149999999999,230.0,230.0
2019-09-25 23:00:00,6.912674999999999,6.912674999999999,135.0,135.0
2019-09-26 00:00:00,10.65064,10.65064,208.0,208.0
2019-09-26 01:00:00,8.90967,8.90967,174.0,174.0
2019-09-26 02:00:00,6.810264999999999,6.810264999999999,133.0,133.0
2019-09-26 03:00:00,6.042190000000001,6.042190000000001,118.0,118.0
2019-09-26 04:00:00,5.376524999999999,5.376524999999999,105.0,105.0
2019-09-26 05:00:00,8.346415,8.346415,163.0,163.0
2019-09-26 06:00:00,11.879560000000001,11.879560000000001,232.0,232.0
2019-09-26 07:00:00,421.00750999999997,421.00750999999997,8222.0,8222.0
2019-09-26 08:00:00,100.25939,100.25939,1958.0,1958.0
2019-09-26 09:00:00,63.903839999999995,63.903839999999995,1248.0,1248.0
2019-09-26 10:00:00,91.55454000000002,91.55454000000002,1788.0,1788.0
2019-09-26 11:00:00,84.12981500000002,84.12981500000002,1643.0,1643.0
2019-09-26 12:00:00,179.06388500000003,179.06388500000003,3497.0,3497.0
2019-09-26 13:00:00,105.943145,105.943145,2069.0,2069.0
2019-09-26 14:00:00,88.840675,88.840675,1735.0,1735.0
2019-09-26 15:00:00,83.15692,83.15692,1624.0,1624.0
2019-09-26 16:00:00,59.65382499999999,59.65382499999999,1165.0,1165.0
2019-09-26 17:00:00,54.37971,54.37971,1062.0,1062.0
2019-09-26 18:00:00,187.61512000000002,187.61512000000002,3664.0,3664.0
2019-09-26 19:00:00,183.67233499999998,183.67233499999998,3587.0,3587.0
2019-09-26 20:00:00,192.786825,192.786825,3765.0,3765.0
2019-09-26 21:00:00,178.142195,178.142195,3479.0,3479.0
2019-09-26 22:00:00,8.141594999999999,8.141594999999999,159.0,159.0
2019-09-26 23:00:00,9.626539999999999,9.626539999999999,188.0,188.0
2019-09-27 00:00:00,10.087385,10.087385,197.0,197.0
2019-09-27 01:00:00,7.834365,7.834365,153.0,153.0
2019-09-27 02:00:00,9.165695,9.165695,179.0,179.0
2019-09-27 03:00:00,7.168699999999999,7.1686999999999985,140.0,140.0
2019-09-27 04:00:00,10.241,10.241,200.0,200.0
2019-09-27 05:00:00,9.83136,9.83136,192.0,192.0
2019-09-27 06:00:00,8.756055,8.756055,171.0,171.0
2019-09-27 07:00:00,416.2454450000001,416.2454450000001,8129.0,8129.0
2019-09-27 08:00:00,102.20518,102.20518,1996.0,1996.0
2019-09-27 09:00:00,53.61163500000001,53.61163500000001,1047.0,1047.0
2019-09-27 10:00:00,93.55153500000002,93.55153500000002,1827.0,1827.0
2019-09-27 11:00:00,90.06959499999998,90.06959499999998,1759.0,1759.0
2019-09-27 12:00:00,160.47647000000003,160.47647000000003,3134.0,3134.0
2019-09-27 13:00:00,86.74127,86.74127,1694.0,1694.0
2019-09-27 14:00:00,86.07560500000001,86.07560500000001,1681.0,1681.0
2019-09-27 15:00:00,104.30458500000003,104.30458500000003,2037.0,2037.0
2019-09-27 16:00:00,57.70803499999999,57.70803499999999,1127.0,1127.0
2019-09-27 17:00:00,65.491195,65.491195,1279.0,1279.0
2019-09-27 18:00:00,172.304825,172.304825,3365.0,3365.0
2019-09-27 19:00:00,178.961475,178.961475,3495.0,3495.0
2019-09-27 20:00:00,178.96147499999998,178.96147499999998,3495.0,3495.0
2019-09-27 21:00:00,180.2416,180.2416,3520.0,3520.0
2019-09-27 22:00:00,13.210890000000001,13.210890000000001,258.0,258.0
2019-09-27 23:00:00,13.415709999999997,13.415709999999997,262.0,262.0
2019-09-28 00:00:00,18.792235,18.792235,367.0,367.0
2019-09-28 01:00:00,18.177775,18.177775,355.0,355.0
2019-09-28 02:00:00,20.225975,20.225975,395.0,395.0
2019-09-28 03:00:00,16.744034999999997,16.744034999999997,327.0,327.0
2019-09-28 04:00:00,16.948855,16.948855,331.0,331.0
2019-09-28 05:00:00,12.954865000000002,12.954865000000002,253.0,253.0
2019-09-28 06:00:00,20.942845000000002,20.942845000000002,409.0,409.0
2019-09-28 07:00:00,400.1158699999999,400.1158699999999,7814.0,7814.0
2019-09-28 08:00:00,389.516435,389.516435,7607.0,7607.0
2019-09-28 09:00:00,116.38896499999998,116.38896499999997,2273.0,2273.0
2019-09-28 10:00:00,81.41595000000001,81.41595000000001,1590.0,1590.0
2019-09-28 11:00:00,69.94603000000001,69.94603000000001,1366.0,1366.0
2019-09-28 12:00:00,68.461085,68.461085,1337.0,1337.0
2019-09-28 13:00:00,71.78941000000002,71.78941000000002,1402.0,1402.0
2019-09-28 14:00:00,59.96105500000001,59.96105500000001,1171.0,1171.0
2019-09-28 15:00:00,214.907385,214.907385,4197.0,4197.0
2019-09-28 16:00:00,211.63026499999998,211.63026499999998,4133.0,4133.0
2019-09-28 17:00:00,33.641685,33.641685,657.0,657.0
2019-09-28 18:00:00,36.09952500000001,36.09952500000001,705.0,705.0
2019-09-28 19:00:00,40.707975000000005,40.707975000000005,795.0,795.0
2019-09-28 20:00:00,132.262515,132.262515,2583.0,2583.0
2019-09-28 21:00:00,147.21437500000002,147.21437500000002,2875.0,2875.0
2019-09-28 22:00:00,116.388965,116.388965,2273.0,2273.0
2019-09-28 23:00:00,20.225975,20.225975,395.0,395.0
2019-09-29 00:00:00,20.840435,20.840435,407.0,407.0
2019-09-29 01:00:00,16.334395000000004,16.334395000000004,319.0,319.0
2019-09-29 02:00:00,16.948854999999995,16.948854999999995,331.0,331.0
2019-09-29 03:00:00,13.569325,13.569325,265.0,265.0
2019-09-29 04:00:00,17.972954999999995,17.972954999999995,351.0,351.0
2019-09-29 05:00:00,23.75912,23.75912,464.0,464.0
2019-09-29 06:00:00,24.015144999999993,24.015144999999997,469.0,469.0
2019-09-29 07:00:00,394.07367999999997,394.07367999999997,7696.0,7696.0
2019-09-29 08:00:00,391.257405,391.257405,7641.0,7641.0
2019-09-29 09:00:00,107.47929499999998,107.47929499999998,2099.0,2099.0
2019-09-29 10:00:00,112.70220499999998,112.70220499999998,2201.0,2201.0
2019-09-29 11:00:00,68.51229000000001,68.51229000000001,1338.0,1338.0
2019-09-29 12:00:00,57.605624999999996,57.605625,1125.0,1125.0
2019-09-29 13:00:00,65.95204000000001,65.95204000000001,1288.0,1288.0
2019-09-29 14:00:00,66.82252500000001,66.82252500000001,1305.0,1305.0
2019-09-29 15:00:00,205.84410000000003,205.84410000000003,4020.0,4020.0
2019-09-29 16:00:00,206.10012499999993,206.10012499999993,4025.0,4025.0
2019-09-29 17:00:00,34.66578500000001,34.66578500000001,677.0,677.0
2019-09-29 18:00:00,29.647694999999995,29.64769499999999,579.0,579.0
2019-09-29 19:00:00,32.003125,32.003125,625.0,625.0
2019-09-29 20:00:00,115.97932499999999,115.97932499999999,2265.0,2265.0
2019-09-29 21:00:00,117.25944999999999,117.25944999999999,2290.0,2290.0
2019-09-29 22:00:00,135.28360999999998,135.28360999999998,2642.0,2642.0
2019-09-29 23:00:00,12.596430000000002,12.596430000000002,246.0,246.0
2019-09-30 00:00:00,5.018089999999999,5.018089999999999,98.0,98.0
2019-09-30 01:00:00,10.087385000000001,10.087385000000001,197.0,197.0
2019-09-30 02:00:00,11.162690000000003,11.162690000000003,218.0,218.0
2019-09-30 03:00:00,6.810264999999999,6.810264999999999,133.0,133.0
2019-09-30 04:00:00,11.213895,11.213895,219.0,219.0
2019-09-30 05:00:00,9.62654,9.62654,188.0,188.0
2019-09-30 06:00:00,7.731955,7.731955,151.0,151.0
2019-09-30 07:00:00,397.504415,397.50441500000005,7763.0,7763.0
2019-09-30 08:00:00,93.03948500000001,93.03948500000001,1817.0,1817.0
2019-09-30 09:00:00,62.82853500000001,62.82853500000001,1227.0,1227.0
2019-09-30 10:00:00,91.40092499999997,91.40092499999997,1785.0,1785.0
2019-09-30 11:00:00,110.50038999999998,110.50038999999998,2158.0,2158.0
2019-09-30 12:00:00,179.62713999999997,179.62713999999997,3508.0,3508.0
2019-09-30 13:00:00,106.30158000000003,106.30158000000003,2076.0,2076.0
2019-09-30 14:00:00,85.35873499999998,85.35873499999998,1667.0,1667.0
2019-09-30 15:00:00,85.00030000000002,85.00030000000002,1660.0,1660.0
2019-09-30 16:00:00,57.298395,57.298395,1119.0,1119.0
2019-09-30 17:00:00,66.003245,66.003245,1289.0,1289.0
2019-09-30 18:00:00,179.57593500000004,179.57593500000004,3507.0,3507.0
2019-09-30 19:00:00,175.377125,175.377125,3425.0,3425.0
2019-09-30 20:00:00,192.68441499999997,192.68441499999997,3763.0,3763.0
2019-09-30 21:00:00,188.22958000000003,188.22958000000003,3676.0,3676.0
2019-09-30 22:00:00,9.42172,9.42172,184.0,184.0
2019-09-30 23:00:00,7.219904999999999,7.219904999999999,141.0,141.0
2019-10-01 00:00:00,9.165695,9.165695,179.0,179.0
2019-10-01 01:00:00,8.39762,8.39762,164.0,164.0
2019-10-01 02:00:00,9.31931,9.31931,182.0,182.0
2019-10-01 03:00:00,16.231985,16.231985,317.0,317.0
2019-10-01 04:00:00,9.72895,9.728950000000001,190.0,190.0
2019-10-01 05:00:00,8.039185,8.039185,157.0,157.0
2019-10-01 06:00:00,11.930764999999997,11.930764999999997,233.0,233.0
2019-10-01 07:00:00,449.42628499999995,449.426285,8777.0,8777.0
2019-10-01 08:00:00,86.79247500000002,86.79247500000002,1695.0,1695.0
2019-10-01 09:00:00,58.629725,58.629725,1145.0,1145.0
2019-10-01 10:00:00,87.406935,87.406935,1707.0,1707.0
2019-10-01 11:00:00,95.54853000000001,95.54853000000001,1866.0,1866.0
2019-10-01 12:00:00,177.322915,177.322915,3463.0,3463.0
2019-10-01 13:00:00,92.16900000000001,92.16900000000001,1800.0,1800.0
2019-10-01 14:00:00,93.858765,93.858765,1833.0,1833.0
2019-10-01 15:00:00,95.65094,95.65094,1868.0,1868.0
2019-10-01 16:00:00,60.473105,60.473105,1181.0,1181.0
2019-10-01 17:00:00,63.135765000000006,63.135765000000006,1233.0,1233.0
2019-10-01 18:00:00,168.87408999999997,168.87408999999997,3298.0,3298.0
2019-10-01 19:00:00,173.07289999999998,173.07289999999998,3380.0,3380.0
2019-10-01 20:00:00,191.55790499999998,191.55790499999998,3741.0,3741.0
2019-10-01 21:00:00,168.92529500000003,168.92529500000003,3299.0,3299.0
2019-10-01 22:00:00,6.759059999999998,6.759059999999998,132.0,132.0
2019-10-01 23:00:00,7.629544999999999,7.629544999999999,149.0,149.0
2019-10-02 00:00:00,9.575334999999999,9.575334999999999,187.0,187.0
2019-10-02 01:00:00,7.936774999999999,7.936774999999999,155.0,155.0
2019-10-02 02:00:00,8.80726,8.80726,172.0,172.0
2019-10-02 03:00:00,10.497025,10.497025,205.0,205.0
2019-10-02 04:00:00,6.96388,6.96388,136.0,136.0
2019-10-02 05:00:00,12.340404999999999,12.340405,241.0,241.0
2019-10-02 06:00:00,10.906665,10.906665,213.0,213.0
2019-10-02 07:00:00,421.46835500000003,421.46835500000003,8231.0,8231.0
2019-10-02 08:00:00,104.35578999999998,104.35578999999998,2038.0,2038.0
2019-10-02 09:00:00,58.68092999999999,58.68092999999999,1146.0,1146.0
2019-10-02 10:00:00,99.03047000000002,99.03047000000002,1934.0,1934.0
2019-10-02 11:00:00,92.88587000000003,92.88587000000003,1814.0,1814.0
2019-10-02 12:00:00,203.69349,203.69349,3978.0,3978.0
2019-10-02 13:00:00,93.60274000000003,93.60274000000004,1828.0,1828.0
2019-10-02 14:00:00,95.2413,95.2413,1860.0,1860.0
2019-10-02 15:00:00,98.77444499999999,98.77444499999997,1929.0,1929.0
2019-10-02 16:00:00,70.40687499999997,70.40687499999997,1375.0,1375.0
2019-10-02 17:00:00,56.37670499999998,56.37670499999998,1101.0,1101.0
2019-10-02 18:00:00,190.431395,190.431395,3719.0,3719.0
2019-10-02 19:00:00,197.907325,197.907325,3865.0,3865.0
2019-10-02 20:00:00,198.11214499999997,198.11214499999994,3869.0,3869.0
2019-10-02 21:00:00,198.98263,198.98263,3886.0,3886.0
2019-10-02 22:00:00,10.087384999999998,10.087384999999998,197.0,197.0
2019-10-02 23:00:00,7.9879799999999985,7.9879799999999985,156.0,156.0
2019-10-03 00:00:00,18.382595,18.382595,359.0,359.0
2019-10-03 01:00:00,25.756114999999998,25.756114999999998,503.0,503.0
2019-10-03 02:00:00,16.89765,16.89765,330.0,330.0
2019-10-03 03:00:00,13.006070000000001,13.006070000000001,254.0,254.0
2019-10-03 04:00:00,15.924755000000001,15.924755000000001,311.0,311.0
2019-10-03 05:00:00,17.256085,17.256085,337.0,337.0
2019-10-03 06:00:00,18.945850000000004,18.945850000000004,370.0,370.0
2019-10-03 07:00:00,391.10378999999995,391.10378999999995,7638.0,7638.0
2019-10-03 08:00:00,398.22128499999997,398.22128499999997,7777.0,7777.0
2019-10-03 09:00:00,114.750405,114.750405,2241.0,2241.0
2019-10-03 10:00:00,107.94014000000001,107.94014000000001,2108.0,2108.0
2019-10-03 11:00:00,63.28937999999999,63.28937999999999,1236.0,1236.0
2019-10-03 12:00:00,70.56049000000002,70.56049000000002,1378.0,1378.0
2019-10-03 13:00:00,65.696015,65.696015,1283.0,1283.0
2019-10-03 14:00:00,65.90083499999999,65.90083499999999,1287.0,1287.0
2019-10-03 15:00:00,219.05498999999998,219.05498999999998,4278.0,4278.0
2019-10-03 16:00:00,221.82006,221.82006,4332.0,4332.0
2019-10-03 17:00:00,39.581465,39.581465,773.0,773.0
2019-10-03 18:00:00,27.54829,27.548290000000005,538.0,538.0
2019-10-03 19:00:00,29.08444,29.08444,568.0,568.0
2019-10-03 20:00:00,129.804675,129.804675,2535.0,2535.0
2019-10-03 21:00:00,134.87396999999999,134.87396999999999,2634.0,2634.0
2019-10-03 22:00:00,131.49444,131.49444,2568.0,2568.0
2019-10-03 23:00:00,15.771139999999999,15.771139999999999,308.0,308.0
2019-10-04 00:00:00,9.472925,9.472925,185.0,185.0
2019-10-04 01:00:00,9.933769999999997,9.933769999999997,194.0,194.0
2019-10-04 02:00:00,13.569325000000001,13.569325000000003,265.0,265.0
2019-10-04 03:00:00,8.244004999999998,8.244004999999998,161.0,161.0
2019-10-04 04:00:00,9.268104999999998,9.268104999999998,181.0,181.0
2019-10-04 05:00:00,6.6054450000000005,6.6054450000000005,129.0,129.0
2019-10-04 06:00:00,7.88557,7.8855699999999995,154.0,154.0
2019-10-04 07:00:00,423.26052999999996,423.26052999999996,8266.0,8266.0
2019-10-04 08:00:00,93.19310000000002,93.19310000000002,1820.0,1820.0
2019-10-04 09:00:00,53.201995000000004,53.201995000000004,1039.0,1039.0
2019-10-04 10:00:00,102.87084500000005,102.87084500000006,2009.0,2009.0
2019-10-04 11:00:00,101.07866999999999,101.07866999999999,1974.0,1974.0
2019-10-04 12:00:00,176.35002,176.35002,3444.0,3444.0
2019-10-04 13:00:00,92.47623000000002,92.47623000000002,1806.0,1806.0
2019-10-04 14:00:00,99.23528999999996,99.23528999999996,1938.0,1938.0
2019-10-04 15:00:00,99.28649499999996,99.28649499999996,1939.0,1939.0
2019-10-04 16:00:00,66.31047500000001,66.31047500000001,1295.0,1295.0
2019-10-04 17:00:00,55.967065,55.96706499999999,1093.0,1093.0
2019-10-04 18:00:00,175.83797000000007,175.83797000000007,3434.0,3434.0
2019-10-04 19:00:00,186.28378999999998,186.28378999999998,3638.0,3638.0
2019-10-04 20:00:00,168.61806499999997,168.61806499999997,3293.0,3293.0
2019-10-04 21:00:00,177.16930000000002,177.16930000000002,3460.0,3460.0
2019-10-04 22:00:00,11.060280000000002,11.060280000000002,216.0,216.0
2019-10-04 23:00:00,7.219905,7.219905,141.0,141.0
2019-10-05 00:00:00,16.846444999999996,16.846444999999996,329.0,329.0
2019-10-05 01:00:00,19.918745000000005,19.918745000000005,389.0,389.0
2019-10-05 02:00:00,22.01815,22.01815,430.0,430.0
2019-10-05 03:00:00,20.27718,20.277179999999998,396.0,396.0
2019-10-05 04:00:00,11.316305,11.316305,221.0,221.0
2019-10-05 05:00:00,17.20488,17.20488,336.0,336.0
2019-10-05 06:00:00,21.250075,21.250074999999995,415.0,415.0
2019-10-05 07:00:00,405.85083,405.85083,7926.0,7926.0
2019-10-05 08:00:00,371.287455,371.287455,7251.0,7251.0
2019-10-05 09:00:00,110.19316,110.19316000000002,2152.0,2152.0
2019-10-05 10:00:00,109.32267499999999,109.32267499999999,2135.0,2135.0
2019-10-05 11:00:00,71.07253999999999,71.07253999999999,1388.0,1388.0
2019-10-05 12:00:00,71.328565,71.328565,1393.0,1393.0
2019-10-05 13:00:00,70.35567,70.35567,1374.0,1374.0
2019-10-05 14:00:00,63.238175,63.238175,1235.0,1235.0
2019-10-05 15:00:00,220.437525,220.437525,4305.0,4305.0
2019-10-05 16:00:00,212.44954499999997,212.44954499999994,4149.0,4149.0
2019-10-05 17:00:00,31.13264,31.13264,608.0,608.0
2019-10-05 18:00:00,34.563375,34.563375,675.0,675.0
2019-10-05 19:00:00,38.60857,38.60857,754.0,754.0
2019-10-05 20:00:00,122.123925,122.123925,2385.0,2385.0
2019-10-05 21:00:00,115.62089000000003,115.62089000000002,2258.0,2258.0
2019-10-05 22:00:00,140.96736499999997,140.96736499999997,2753.0,2753.0
2019-10-05 23:00:00,9.677744999999998,9.677744999999998,189.0,189.0
2019-10-06 00:00:00,19.15067,19.15067,374.0,374.0
2019-10-06 01:00:00,19.099465,19.099465,373.0,373.0
2019-10-06 02:00:00,18.177775,18.177775,355.0,355.0
2019-10-06 03:00:00,19.765130000000003,19.765130000000003,386.0,386.0
2019-10-06 04:00:00,18.22898,18.22898,356.0,356.0
2019-10-06 05:00:00,21.71092,21.71092,424.0,424.0
2019-10-06 06:00:00,16.69283,16.69283,326.0,326.0
2019-10-06 07:00:00,392.179095,392.179095,7659.0,7659.0
2019-10-06 08:00:00,399.55261499999995,399.55261499999995,7803.0,7803.0
2019-10-06 09:00:00,115.31366000000001,115.31366000000001,2252.0,2252.0
2019-10-06 10:00:00,114.852815,114.852815,2243.0,2243.0
2019-10-06 11:00:00,66.924935,66.924935,1307.0,1307.0
2019-10-06 12:00:00,67.74421499999998,67.74421499999998,1323.0,1323.0
2019-10-06 13:00:00,68.71710999999999,68.71710999999999,1342.0,1342.0
2019-10-06 14:00:00,73.47917499999998,73.479175,1435.0,1435.0
2019-10-06 15:00:00,210.45254999999997,210.45254999999997,4110.0,4110.0
2019-10-06 16:00:00,206.66338000000002,206.66338000000002,4036.0,4036.0
2019-10-06 17:00:00,38.403749999999995,38.403749999999995,750.0,750.0
2019-10-06 18:00:00,36.56037,36.56037,714.0,714.0
2019-10-06 19:00:00,35.280245000000015,35.280245000000015,689.0,689.0
2019-10-06 20:00:00,130.41913499999998,130.41913499999998,2547.0,2547.0
2019-10-06 21:00:00,125.24742999999998,125.24742999999998,2446.0,2446.0
2019-10-06 22:00:00,136.41012000000003,136.41012000000003,2664.0,2664.0
2019-10-06 23:00:00,19.406694999999996,19.406694999999996,379.0,379.0
2019-10-07 00:00:00,7.168699999999999,7.1686999999999985,140.0,140.0
2019-10-07 01:00:00,9.421719999999997,9.421719999999997,184.0,184.0
2019-10-07 02:00:00,12.647635000000001,12.647635000000001,247.0,247.0
2019-10-07 03:00:00,12.237995000000002,12.237995000000002,239.0,239.0
2019-10-07 04:00:00,11.521125,11.521125,225.0,225.0
2019-10-07 05:00:00,9.831359999999997,9.831359999999997,192.0,192.0
2019-10-07 06:00:00,7.731954999999999,7.731954999999999,151.0,151.0
2019-10-07 07:00:00,420.23943499999996,420.23943499999996,8207.0,8207.0
2019-10-07 08:00:00,90.27441499999998,90.27441499999998,1763.0,1763.0
2019-10-07 09:00:00,64.05745500000002,64.05745500000002,1251.0,1251.0
2019-10-07 10:00:00,96.41901499999999,96.41901499999999,1883.0,1883.0
2019-10-07 11:00:00,90.479235,90.479235,1767.0,1767.0
2019-10-07 12:00:00,194.527795,194.527795,3799.0,3799.0
2019-10-07 13:00:00,92.629845,92.62984500000002,1809.0,1809.0
2019-10-07 14:00:00,99.08167499999999,99.08167499999999,1935.0,1935.0
2019-10-07 15:00:00,106.14796500000001,106.14796500000001,2073.0,2073.0
2019-10-07 16:00:00,58.936955,58.936955,1151.0,1151.0
2019-10-07 17:00:00,59.75623499999999,59.75623499999999,1167.0,1167.0
2019-10-07 18:00:00,174.50664,174.50664,3408.0,3408.0
2019-10-07 19:00:00,185.05487000000002,185.05487000000002,3614.0,3614.0
2019-10-07 20:00:00,186.334995,186.334995,3639.0,3639.0
2019-10-07 21:00:00,194.27177,194.27177,3794.0,3794.0
2019-10-07 22:00:00,7.68075,7.680750000000001,150.0,150.0
2019-10-07 23:00:00,12.954865000000002,12.954865000000002,253.0,253.0
2019-10-08 00:00:00,4.6084499999999995,4.6084499999999995,90.0,90.0
2019-10-08 01:00:00,13.82535,13.82535,270.0,270.0
2019-10-08 02:00:00,6.298215,6.298215,123.0,123.0
2019-10-08 03:00:00,7.47593,7.475929999999999,146.0,146.0
2019-10-08 04:00:00,7.475929999999999,7.475929999999999,146.0,146.0
2019-10-08 05:00:00,8.346414999999999,8.346414999999999,163.0,163.0
2019-10-08 06:00:00,7.322314999999999,7.322314999999999,143.0,143.0
2019-10-08 07:00:00,416.2454450000001,416.2454450000001,8129.0,8129.0
2019-10-08 08:00:00,106.045555,106.045555,2071.0,2071.0
2019-10-08 09:00:00,67.12975499999997,67.12975499999997,1311.0,1311.0
2019-10-08 10:00:00,92.27140999999999,92.27140999999999,1802.0,1802.0
2019-10-08 11:00:00,88.37982999999997,88.37982999999998,1726.0,1726.0
2019-10-08 12:00:00,200.31395999999998,200.31395999999998,3912.0,3912.0
2019-10-08 13:00:00,88.32862499999999,88.32862499999997,1725.0,1725.0
2019-10-08 14:00:00,105.4823,105.4823,2060.0,2060.0
2019-10-08 15:00:00,89.19910999999999,89.19910999999999,1742.0,1742.0
2019-10-08 16:00:00,62.777329999999985,62.777329999999985,1226.0,1226.0
2019-10-08 17:00:00,62.367689999999996,62.367689999999996,1218.0,1218.0
2019-10-08 18:00:00,205.8441,205.8441,4020.0,4020.0
2019-10-08 19:00:00,182.90426,182.90426,3572.0,3572.0
2019-10-08 20:00:00,190.12416499999998,190.12416499999998,3713.0,3713.0
2019-10-08 21:00:00,179.06388499999997,179.06388499999997,3497.0,3497.0
2019-10-08 22:00:00,10.855459999999999,10.855459999999999,212.0,212.0
2019-10-08 23:00:00,9.575335,9.575335,187.0,187.0
2019-10-09 00:00:00,10.292205,10.292205,201.0,201.0
2019-10-09 01:00:00,5.171704999999999,5.171704999999999,101.0,101.0
2019-10-09 02:00:00,8.80726,8.80726,172.0,172.0
2019-10-09 03:00:00,11.725945,11.725944999999998,229.0,229.0
2019-10-09 04:00:00,12.340405,12.340405,241.0,241.0
2019-10-09 05:00:00,9.472925,9.472925,185.0,185.0
2019-10-09 06:00:00,6.759059999999998,6.759059999999998,132.0,132.0
2019-10-09 07:00:00,395.20019,395.20019,7718.0,7718.0
2019-10-09 08:00:00,102.66602499999999,102.66602499999999,2005.0,2005.0
2019-10-09 09:00:00,63.135765,63.135765,1233.0,1233.0
2019-10-09 10:00:00,99.3377,99.3377,1940.0,1940.0
2019-10-09 11:00:00,98.159985,98.159985,1917.0,1917.0
2019-10-09 12:00:00,183.05787499999997,183.05787499999997,3575.0,3575.0
2019-10-09 13:00:00,87.15090999999997,87.15090999999997,1702.0,1702.0
2019-10-09 14:00:00,101.02746499999999,101.02746499999999,1973.0,1973.0
2019-10-09 15:00:00,100.15697999999999,100.15697999999999,1956.0,1956.0
2019-10-09 16:00:00,57.34959999999998,57.34959999999998,1120.0,1120.0
2019-10-09 17:00:00,57.452009999999994,57.452009999999994,1122.0,1122.0
2019-10-09 18:00:00,214.80497499999998,214.80497499999998,4195.0,4195.0
2019-10-09 19:00:00,182.85305499999996,182.85305499999996,3571.0,3571.0
2019-10-09 20:00:00,191.35308500000002,191.35308500000002,3737.0,3737.0
2019-10-09 21:00:00,196.37117500000002,196.37117500000002,3835.0,3835.0
2019-10-09 22:00:00,11.674740000000002,11.674740000000002,228.0,228.0
2019-10-09 23:00:00,8.756055,8.756055,171.0,171.0
2019-10-10 00:00:00,8.500029999999999,8.500029999999999,166.0,166.0
2019-10-10 01:00:00,9.93377,9.93377,194.0,194.0
2019-10-10 02:00:00,9.626540000000002,9.626540000000002,188.0,188.0
2019-10-10 03:00:00,13.62053,13.62053,266.0,266.0
2019-10-10 04:00:00,7.680749999999999,7.680749999999999,150.0,150.0
2019-10-10 05:00:00,9.677745,9.677745,189.0,189.0
2019-10-10 06:00:00,12.135584999999999,12.135585,237.0,237.0
2019-10-10 07:00:00,400.16707499999995,400.16707499999995,7815.0,7815.0
2019-10-10 08:00:00,102.97325500000002,102.97325500000004,2011.0,2011.0
2019-10-10 09:00:00,49.36162,49.36162,964.0,964.0
2019-10-10 10:00:00,92.322615,92.322615,1803.0,1803.0
2019-10-10 11:00:00,92.98827999999997,92.98827999999997,1816.0,1816.0
2019-10-10 12:00:00,185.003665,185.003665,3613.0,3613.0
2019-10-10 13:00:00,93.141895,93.141895,1819.0,1819.0
2019-10-10 14:00:00,100.925055,100.92505499999999,1971.0,1971.0
2019-10-10 15:00:00,84.69306999999999,84.69306999999999,1654.0,1654.0
2019-10-10 16:00:00,69.33157000000001,69.33157000000001,1354.0,1354.0
2019-10-10 17:00:00,69.12674999999999,69.12674999999999,1350.0,1350.0
2019-10-10 18:00:00,181.52172499999995,181.52172499999995,3545.0,3545.0
2019-10-10 19:00:00,184.38920499999998,184.38920499999998,3601.0,3601.0
2019-10-10 20:00:00,182.2898,182.2898,3560.0,3560.0
2019-10-10 21:00:00,194.37417999999997,194.37417999999997,3796.0,3796.0
2019-10-10 22:00:00,12.289200000000001,12.289200000000001,240.0,240.0
2019-10-10 23:00:00,5.4277299999999995,5.4277299999999995,106.0,106.0
2019-10-11 00:00:00,7.834364999999999,7.834364999999999,153.0,153.0
2019-10-11 01:00:00,6.65665,6.65665,130.0,130.0
2019-10-11 02:00:00,8.29521,8.29521,162.0,162.0
2019-10-11 03:00:00,6.861470000000001,6.861470000000001,134.0,134.0
2019-10-11 04:00:00,11.265100000000002,11.265100000000002,220.0,220.0
2019-10-11 05:00:00,9.063285,9.063285,177.0,177.0
2019-10-11 06:00:00,7.9879799999999985,7.9879799999999985,156.0,156.0
2019-10-11 07:00:00,435.44731999999993,435.44731999999993,8504.0,8504.0
2019-10-11 08:00:00,105.58470999999999,105.58470999999999,2062.0,2062.0
2019-10-11 09:00:00,74.65689,74.65689,1458.0,1458.0
2019-10-11 10:00:00,97.340705,97.340705,1901.0,1901.0
2019-10-11 11:00:00,92.37382,92.37382,1804.0,1804.0
2019-10-11 12:00:00,188.28078499999995,188.28078499999998,3677.0,3677.0
2019-10-11 13:00:00,93.551535,93.551535,1827.0,1827.0
2019-10-11 14:00:00,98.87685499999998,98.87685499999998,1931.0,1931.0
2019-10-11 15:00:00,93.244305,93.24430499999998,1821.0,1821.0
2019-10-11 16:00:00,54.78934999999999,54.78934999999999,1070.0,1070.0
2019-10-11 17:00:00,63.955045,63.955045,1249.0,1249.0
2019-10-11 18:00:00,200.41636999999994,200.41636999999994,3914.0,3914.0
2019-10-11 19:00:00,180.75365,180.75365,3530.0,3530.0
2019-10-11 20:00:00,179.26870499999998,179.26870499999998,3501.0,3501.0
2019-10-11 21:00:00,184.594025,184.594025,3605.0,3605.0
2019-10-11 22:00:00,9.370515,9.370515,183.0,183.0
2019-10-11 23:00:00,8.1928,8.1928,160.0,160.0
2019-10-12 00:00:00,16.180780000000002,16.180780000000002,316.0,316.0
2019-10-12 01:00:00,17.716929999999998,17.716929999999998,346.0,346.0
2019-10-12 02:00:00,16.846445000000003,16.846445000000003,329.0,329.0
2019-10-12 03:00:00,19.816335,19.816335,387.0,387.0
2019-10-12 04:00:00,15.003065,15.003065,293.0,293.0
2019-10-12 05:00:00,13.82535,13.82535,270.0,270.0
2019-10-12 06:00:00,18.177774999999997,18.177774999999997,355.0,355.0
2019-10-12 07:00:00,375.691085,375.691085,7337.0,7337.0
2019-10-12 08:00:00,408.92312999999996,408.92312999999996,7986.0,7986.0
2019-10-12 09:00:00,109.47628999999999,109.47628999999999,2138.0,2138.0
2019-10-12 10:00:00,96.36780999999999,96.36780999999999,1882.0,1882.0
2019-10-12 11:00:00,62.777330000000006,62.777330000000006,1226.0,1226.0
2019-10-12 12:00:00,62.98214999999999,62.98214999999999,1230.0,1230.0
2019-10-12 13:00:00,66.61770499999999,66.61770499999999,1301.0,1301.0
2019-10-12 14:00:00,63.59661,63.59661,1242.0,1242.0
2019-10-12 15:00:00,237.59120000000001,237.59120000000001,4640.0,4640.0
2019-10-12 16:00:00,228.527915,228.527915,4463.0,4463.0
2019-10-12 17:00:00,32.361560000000004,32.361560000000004,632.0,632.0
2019-10-12 18:00:00,44.957989999999995,44.957989999999995,878.0,878.0
2019-10-12 19:00:00,36.04832,36.04832,704.0,704.0
2019-10-12 20:00:00,124.42815,124.42815,2430.0,2430.0
2019-10-12 21:00:00,120.12692999999999,120.12692999999999,2346.0,2346.0
2019-10-12 22:00:00,132.21131,132.21131,2582.0,2582.0
2019-10-12 23:00:00,13.671734999999998,13.671734999999998,267.0,267.0
2019-10-13 00:00:00,17.563315,17.563315,343.0,343.0
2019-10-13 01:00:00,18.485004999999997,18.485004999999997,361.0,361.0
2019-10-13 02:00:00,18.53621,18.53621,362.0,362.0
2019-10-13 03:00:00,18.433799999999998,18.433799999999998,360.0,360.0
2019-10-13 04:00:00,20.07236,20.07236,392.0,392.0
2019-10-13 05:00:00,19.201875,19.201875,375.0,375.0
2019-10-13 06:00:00,18.280185,18.280185,357.0,357.0
2019-10-13 07:00:00,384.44714,384.44714,7508.0,7508.0
2019-10-13 08:00:00,388.594745,388.594745,7589.0,7589.0
2019-10-13 09:00:00,111.42208,111.42208,2176.0,2176.0
2019-10-13 10:00:00,93.85876499999999,93.85876499999999,1833.0,1833.0
2019-10-13 11:00:00,61.70202500000001,61.70202500000001,1205.0,1205.0
2019-10-13 12:00:00,62.009254999999996,62.009255,1211.0,1211.0
2019-10-13 13:00:00,65.95203999999998,65.95203999999998,1288.0,1288.0
2019-10-13 14:00:00,72.60869000000001,72.60869000000001,1418.0,1418.0
2019-10-13 15:00:00,234.26287500000004,234.26287500000004,4575.0,4575.0
2019-10-13 16:00:00,213.473645,213.473645,4169.0,4169.0
2019-10-13 17:00:00,34.409760000000006,34.409760000000006,672.0,672.0
2019-10-13 18:00:00,29.49408,29.494079999999997,576.0,576.0
2019-10-13 19:00:00,32.822404999999996,32.822404999999996,641.0,641.0
2019-10-13 20:00:00,146.292685,146.29268499999998,2857.0,2857.0
2019-10-13 21:00:00,133.03059,133.03059,2598.0,2598.0
2019-10-13 22:00:00,138.15109,138.15109,2698.0,2698.0
2019-10-13 23:00:00,15.156680000000001,15.156680000000001,296.0,296.0
2019-10-14 00:00:00,7.8855699999999995,7.8855699999999995,154.0,154.0
2019-10-14 01:00:00,10.804255,10.804255,211.0,211.0
2019-10-14 02:00:00,10.03618,10.03618,196.0,196.0
2019-10-14 03:00:00,10.497025,10.497025,205.0,205.0
2019-10-14 04:00:00,9.984975,9.984975,195.0,195.0
2019-10-14 05:00:00,8.960875,8.960875,175.0,175.0
2019-10-14 06:00:00,6.298215000000001,6.298215000000001,123.0,123.0
2019-10-14 07:00:00,414.24845,414.24845,8090.0,8090.0
2019-10-14 08:00:00,109.93713500000003,109.93713500000003,2147.0,2147.0
2019-10-14 09:00:00,64.10866,64.10866,1252.0,1252.0
2019-10-14 10:00:00,79.16293000000002,79.16293000000002,1546.0,1546.0
2019-10-14 11:00:00,93.90997000000002,93.90997000000002,1834.0,1834.0
2019-10-14 12:00:00,189.86813999999993,189.86813999999993,3708.0,3708.0
2019-10-14 13:00:00,99.28649500000002,99.28649500000002,1939.0,1939.0
2019-10-14 14:00:00,90.32562000000001,90.32562000000001,1764.0,1764.0
2019-10-14 15:00:00,101.33469500000001,101.33469500000001,1979.0,1979.0
2019-10-14 16:00:00,60.52431,60.52431,1182.0,1182.0
2019-10-14 17:00:00,52.587534999999995,52.587534999999995,1027.0,1027.0
2019-10-14 18:00:00,213.88328499999997,213.88328499999997,4177.0,4177.0
2019-10-14 19:00:00,195.03984499999993,195.0398449999999,3809.0,3809.0
2019-10-14 20:00:00,187.51271000000003,187.51271000000003,3662.0,3662.0
2019-10-14 21:00:00,183.365105,183.365105,3581.0,3581.0
2019-10-14 22:00:00,10.087384999999998,10.087384999999998,197.0,197.0
2019-10-14 23:00:00,10.65064,10.65064,208.0,208.0
2019-10-15 00:00:00,6.2470099999999995,6.2470099999999995,122.0,122.0
2019-10-15 01:00:00,10.138589999999999,10.138589999999999,198.0,198.0
2019-10-15 02:00:00,6.605444999999999,6.605444999999999,129.0,129.0
2019-10-15 03:00:00,10.343409999999999,10.343409999999999,202.0,202.0
2019-10-15 04:00:00,9.831360000000002,9.831360000000002,192.0,192.0
2019-10-15 05:00:00,7.834364999999999,7.834364999999999,153.0,153.0
2019-10-15 06:00:00,10.13859,10.138589999999999,198.0,198.0
2019-10-15 07:00:00,420.18823000000003,420.18823000000003,8206.0,8206.0
2019-10-15 08:00:00,108.24736999999999,108.24736999999999,2114.0,2114.0
2019-10-15 09:00:00,64.00625,64.00625,1250.0,1250.0
2019-10-15 10:00:00,91.19610500000002,91.19610500000002,1781.0,1781.0
2019-10-15 11:00:00,100.92505500000001,100.92505500000001,1971.0,1971.0
2019-10-15 12:00:00,188.02476000000001,188.02476000000001,3672.0,3672.0
2019-10-15 13:00:00,102.35879499999997,102.35879499999997,1999.0,1999.0
2019-10-15 14:00:00,92.22020499999998,92.22020499999996,1801.0,1801.0
2019-10-15 15:00:00,100.66903000000002,100.66903000000002,1966.0,1966.0
2019-10-15 16:00:00,70.918925,70.918925,1385.0,1385.0
2019-10-15 17:00:00,68.61469999999998,68.61469999999998,1340.0,1340.0
2019-10-15 18:00:00,179.31990999999994,179.31990999999994,3502.0,3502.0
2019-10-15 19:00:00,177.57893999999996,177.57893999999996,3468.0,3468.0
2019-10-15 20:00:00,191.35308500000002,191.35308500000002,3737.0,3737.0
2019-10-15 21:00:00,200.56998499999995,200.56998499999995,3917.0,3917.0
2019-10-15 22:00:00,7.47593,7.475929999999999,146.0,146.0
2019-10-15 23:00:00,9.575335,9.575335,187.0,187.0
2019-10-16 00:00:00,10.95787,10.95787,214.0,214.0
2019-10-16 01:00:00,8.551235,8.551235,167.0,167.0
2019-10-16 02:00:00,12.033175,12.033175,235.0,235.0
2019-10-16 03:00:00,7.629545000000001,7.629545000000001,149.0,149.0
2019-10-16 04:00:00,7.6295449999999985,7.6295449999999985,149.0,149.0
2019-10-16 05:00:00,9.472924999999998,9.472924999999998,185.0,185.0
2019-10-16 06:00:00,11.469919999999998,11.469919999999998,224.0,224.0
2019-10-16 07:00:00,410.305665,410.305665,8013.0,8013.0
2019-10-16 08:00:00,94.98527500000002,94.98527500000002,1855.0,1855.0
2019-10-16 09:00:00,63.084559999999996,63.084559999999996,1232.0,1232.0
2019-10-16 10:00:00,90.53044000000001,90.53044000000001,1768.0,1768.0
2019-10-16 11:00:00,105.07266,105.07266,2052.0,2052.0
2019-10-16 12:00:00,177.42532500000002,177.42532500000002,3465.0,3465.0
2019-10-16 13:00:00,95.44612,95.44611999999998,1864.0,1864.0
2019-10-16 14:00:00,100.56662,100.56662,1964.0,1964.0
2019-10-16 15:00:00,98.15998500000003,98.15998500000003,1917.0,1917.0
2019-10-16 16:00:00,58.578520000000005,58.578520000000005,1144.0,1144.0
2019-10-16 17:00:00,69.792415,69.792415,1363.0,1363.0
2019-10-16 18:00:00,177.22050499999997,177.22050499999995,3461.0,3461.0
2019-10-16 19:00:00,203.18144000000004,203.18144000000004,3968.0,3968.0
2019-10-16 20:00:00,173.89217999999994,173.89217999999994,3396.0,3396.0
2019-10-16 21:00:00,188.22958,188.22958,3676.0,3676.0
2019-10-16 22:00:00,9.472925,9.472925,185.0,185.0
2019-10-16 23:00:00,9.62654,9.62654,188.0,188.0
2019-10-17 00:00:00,9.62654,9.62654,188.0,188.0
2019-10-17 01:00:00,10.599435000000001,10.599435000000001,207.0,207.0
2019-10-17 02:00:00,10.804255000000001,10.804255000000001,211.0,211.0
2019-10-17 03:00:00,12.084379999999998,12.084379999999998,236.0,236.0
2019-10-17 04:00:00,8.551234999999998,8.551234999999998,167.0,167.0
2019-10-17 05:00:00,12.49402,12.49402,244.0,244.0
2019-10-17 06:00:00,11.828355,11.828355,231.0,231.0
2019-10-17 07:00:00,415.57977999999997,415.57977999999997,8116.0,8116.0
2019-10-17 08:00:00,100.25938999999998,100.25938999999998,1958.0,1958.0
2019-10-17 09:00:00,63.135765000000006,63.135765000000006,1233.0,1233.0
2019-10-17 10:00:00,103.280485,103.280485,2017.0,2017.0
2019-10-17 11:00:00,97.08467999999999,97.08468,1896.0,1896.0
2019-10-17 12:00:00,197.75371,197.75371,3862.0,3862.0
2019-10-17 13:00:00,86.53645000000002,86.53645,1690.0,1690.0
2019-10-17 14:00:00,92.47623,92.47623,1806.0,1806.0
2019-10-17 15:00:00,86.690065,86.690065,1693.0,1693.0
2019-10-17 16:00:00,65.388785,65.388785,1277.0,1277.0
2019-10-17 17:00:00,55.198989999999995,55.198989999999995,1078.0,1078.0
2019-10-17 18:00:00,198.06094000000004,198.06094000000004,3868.0,3868.0
2019-10-17 19:00:00,181.93136499999997,181.93136499999997,3553.0,3553.0
2019-10-17 20:00:00,175.68435500000004,175.68435500000004,3431.0,3431.0
2019-10-17 21:00:00,176.1452,176.1452,3440.0,3440.0
2019-10-17 22:00:00,9.165695,9.165695,179.0,179.0
2019-10-17 23:00:00,9.165695,9.165695,179.0,179.0
2019-10-18 00:00:00,7.783159999999999,7.783159999999999,152.0,152.0
2019-10-18 01:00:00,10.650639999999997,10.650639999999997,208.0,208.0
2019-10-18 02:00:00,8.39762,8.39762,164.0,164.0
2019-10-18 03:00:00,9.370515,9.370515,183.0,183.0
2019-10-18 04:00:00,11.265099999999999,11.265099999999999,220.0,220.0
2019-10-18 05:00:00,9.52413,9.524129999999998,186.0,186.0
2019-10-18 06:00:00,8.039185,8.039185,157.0,157.0
2019-10-18 07:00:00,384.4983449999999,384.4983449999999,7509.0,7509.0
2019-10-18 08:00:00,90.581645,90.581645,1769.0,1769.0
2019-10-18 09:00:00,58.88575000000001,58.88575000000001,1150.0,1150.0
2019-10-18 10:00:00,97.44311500000002,97.44311500000002,1903.0,1903.0
2019-10-18 11:00:00,96.82865499999997,96.82865499999997,1891.0,1891.0
2019-10-18 12:00:00,187.20547999999997,187.20547999999997,3656.0,3656.0
2019-10-18 13:00:00,95.54853,95.54853,1866.0,1866.0
2019-10-18 14:00:00,99.84974999999999,99.84975,1950.0,1950.0
2019-10-18 15:00:00,86.84368000000002,86.84368000000002,1696.0,1696.0
2019-10-18 16:00:00,66.515295,66.515295,1299.0,1299.0
2019-10-18 17:00:00,64.92793999999999,64.92793999999999,1268.0,1268.0
2019-10-18 18:00:00,192.37718499999994,192.37718499999994,3757.0,3757.0
2019-10-18 19:00:00,192.37718500000003,192.377185,3757.0,3757.0
2019-10-18 20:00:00,189.56090999999998,189.56090999999998,3702.0,3702.0
2019-10-18 21:00:00,181.214495,181.214495,3539.0,3539.0
2019-10-18 22:00:00,8.50003,8.50003,166.0,166.0
2019-10-18 23:00:00,12.852455,12.852455,251.0,251.0
2019-10-19 00:00:00,17.81934,17.81934,348.0,348.0
2019-10-19 01:00:00,16.07837,16.07837,314.0,314.0
2019-10-19 02:00:00,20.072359999999996,20.072359999999996,392.0,392.0
2019-10-19 03:00:00,15.97596,15.975960000000002,312.0,312.0
2019-10-19 04:00:00,18.280185000000003,18.280185000000003,357.0,357.0
2019-10-19 05:00:00,16.539215,16.539215,323.0,323.0
2019-10-19 06:00:00,16.539214999999995,16.539214999999995,323.0,323.0
2019-10-19 07:00:00,384.0375,384.0375,7500.0,7500.0
2019-10-19 08:00:00,415.98942,415.98942,8124.0,8124.0
2019-10-19 09:00:00,107.479295,107.479295,2099.0,2099.0
2019-10-19 10:00:00,103.79253499999999,103.79253499999999,2027.0,2027.0
2019-10-19 11:00:00,64.15986500000001,64.15986500000001,1253.0,1253.0
2019-10-19 12:00:00,68.71710999999999,68.71710999999999,1342.0,1342.0
2019-10-19 13:00:00,66.87373,66.87373,1306.0,1306.0
2019-10-19 14:00:00,66.77132,66.77132,1304.0,1304.0
2019-10-19 15:00:00,213.21761999999995,213.21761999999995,4164.0,4164.0
2019-10-19 16:00:00,226.94055999999998,226.94055999999998,4432.0,4432.0
2019-10-19 17:00:00,38.09652,38.09651999999999,744.0,744.0
2019-10-19 18:00:00,29.289260000000002,29.289260000000002,572.0,572.0
2019-10-19 19:00:00,33.641685,33.641685,657.0,657.0
2019-10-19 20:00:00,132.21130999999997,132.21130999999997,2582.0,2582.0
2019-10-19 21:00:00,127.50045,127.50045,2490.0,2490.0
2019-10-19 22:00:00,144.60292,144.60292,2824.0,2824.0
2019-10-19 23:00:00,15.771139999999999,15.771139999999999,308.0,308.0
2019-10-20 00:00:00,18.741030000000002,18.741030000000002,366.0,366.0
2019-10-20 01:00:00,21.250075,21.250074999999995,415.0,415.0
2019-10-20 02:00:00,25.192860000000003,25.192860000000003,492.0,492.0
2019-10-20 03:00:00,15.975960000000002,15.975960000000002,312.0,312.0
2019-10-20 04:00:00,18.228979999999996,18.22898,356.0,356.0
2019-10-20 05:00:00,23.247069999999997,23.247069999999997,454.0,454.0
2019-10-20 06:00:00,20.533205,20.533205,401.0,401.0
2019-10-20 07:00:00,382.34773499999994,382.347735,7467.0,7467.0
2019-10-20 08:00:00,392.94716999999997,392.94716999999997,7674.0,7674.0
2019-10-20 09:00:00,114.90401999999999,114.90401999999999,2244.0,2244.0
2019-10-20 10:00:00,117.310655,117.310655,2291.0,2291.0
2019-10-20 11:00:00,77.21713999999997,77.21713999999997,1508.0,1508.0
2019-10-20 12:00:00,62.77732999999999,62.77732999999999,1226.0,1226.0
2019-10-20 13:00:00,72.557485,72.557485,1417.0,1417.0
2019-10-20 14:00:00,72.96712500000001,72.96712500000001,1425.0,1425.0
2019-10-20 15:00:00,213.576055,213.576055,4171.0,4171.0
2019-10-20 16:00:00,227.75984,227.75984,4448.0,4448.0
2019-10-20 17:00:00,25.858524999999997,25.858524999999997,505.0,505.0
2019-10-20 18:00:00,26.52419,26.52419,518.0,518.0
2019-10-20 19:00:00,34.768195,34.768195,679.0,679.0
2019-10-20 20:00:00,132.82576999999998,132.82576999999998,2594.0,2594.0
2019-10-20 21:00:00,130.77757000000003,130.77757000000003,2554.0,2554.0
2019-10-20 22:00:00,134.05469,134.05469,2618.0,2618.0
2019-10-20 23:00:00,14.439809999999996,14.439809999999996,282.0,282.0
2019-10-21 00:00:00,11.469919999999997,11.469919999999997,224.0,224.0
2019-10-21 01:00:00,11.060279999999999,11.060279999999999,216.0,216.0
2019-10-21 02:00:00,9.882564999999998,9.882564999999998,193.0,193.0
2019-10-21 03:00:00,10.394615000000002,10.394615000000002,203.0,203.0
2019-10-21 04:00:00,6.298215,6.298215,123.0,123.0
2019-10-21 05:00:00,9.83136,9.83136,192.0,192.0
2019-10-21 06:00:00,7.168699999999999,7.1686999999999985,140.0,140.0
2019-10-21 07:00:00,420.8026899999999,420.8026899999999,8218.0,8218.0
2019-10-21 08:00:00,101.89795000000001,101.89795000000001,1990.0,1990.0
2019-10-21 09:00:00,62.31648499999999,62.316484999999986,1217.0,1217.0
2019-10-21 10:00:00,106.71121999999998,106.71121999999998,2084.0,2084.0
2019-10-21 11:00:00,97.69914000000003,97.69914000000003,1908.0,1908.0
2019-10-21 12:00:00,203.79590000000002,203.79590000000002,3980.0,3980.0
2019-10-21 13:00:00,90.27441500000002,90.27441500000002,1763.0,1763.0
2019-10-21 14:00:00,85.76837499999999,85.76837499999999,1675.0,1675.0
2019-10-21 15:00:00,94.473225,94.473225,1845.0,1845.0
2019-10-21 16:00:00,66.87373000000001,66.87373000000001,1306.0,1306.0
2019-10-21 17:00:00,64.62071,64.62071,1262.0,1262.0
2019-10-21 18:00:00,187.71753000000004,187.71753000000004,3666.0,3666.0
2019-10-21 19:00:00,180.292805,180.292805,3521.0,3521.0
2019-10-21 20:00:00,182.39220999999995,182.39220999999995,3562.0,3562.0
2019-10-21 21:00:00,191.60911,191.60911,3742.0,3742.0
2019-10-21 22:00:00,10.650639999999997,10.650639999999997,208.0,208.0
2019-10-21 23:00:00,5.837369999999999,5.837369999999999,114.0,114.0
2019-10-22 00:00:00,9.780155,9.780155,191.0,191.0
2019-10-22 01:00:00,8.1928,8.1928,160.0,160.0
2019-10-22 02:00:00,9.626539999999999,9.626539999999999,188.0,188.0
2019-10-22 03:00:00,10.13859,10.138589999999999,198.0,198.0
2019-10-22 04:00:00,11.009075,11.009075,215.0,215.0
2019-10-22 05:00:00,8.90967,8.90967,174.0,174.0
2019-10-22 06:00:00,9.370515,9.370515,183.0,183.0
2019-10-22 07:00:00,414.5044749999999,414.5044749999999,8095.0,8095.0
2019-10-22 08:00:00,107.991345,107.991345,2109.0,2109.0
2019-10-22 09:00:00,72.96712499999998,72.96712499999997,1425.0,1425.0
2019-10-22 10:00:00,96.67504000000002,96.67504000000002,1888.0,1888.0
2019-10-22 11:00:00,105.27748000000003,105.27748000000003,2056.0,2056.0
2019-10-22 12:00:00,199.34106500000004,199.34106500000004,3893.0,3893.0
2019-10-22 13:00:00,91.14490000000002,91.14490000000002,1780.0,1780.0
2019-10-22 14:00:00,83.822585,83.82258500000002,1637.0,1637.0
2019-10-22 15:00:00,85.973195,85.973195,1679.0,1679.0
2019-10-22 16:00:00,55.71104,55.71104,1088.0,1088.0
2019-10-22 17:00:00,58.322495,58.322495,1139.0,1139.0
2019-10-22 18:00:00,189.25368,189.25368,3696.0,3696.0
2019-10-22 19:00:00,174.865075,174.86507500000002,3415.0,3415.0
2019-10-22 20:00:00,177.11809499999998,177.118095,3459.0,3459.0
2019-10-22 21:00:00,210.401345,210.401345,4109.0,4109.0
2019-10-22 22:00:00,16.69283,16.69283,326.0,326.0
2019-10-22 23:00:00,11.06028,11.06028,216.0,216.0
2019-10-23 00:00:00,10.241,10.241,200.0,200.0
2019-10-23 01:00:00,9.575335,9.575335,187.0,187.0
2019-10-23 02:00:00,7.06629,7.06629,138.0,138.0
2019-10-23 03:00:00,9.012080000000001,9.012080000000001,176.0,176.0
2019-10-23 04:00:00,11.213894999999999,11.213894999999999,219.0,219.0
2019-10-23 05:00:00,6.707855,6.707855,131.0,131.0
2019-10-23 06:00:00,10.44582,10.44582,204.0,204.0
2019-10-23 07:00:00,411.27856,411.27856,8032.0,8032.0
2019-10-23 08:00:00,103.48530499999998,103.48530499999998,2021.0,2021.0
2019-10-23 09:00:00,63.28938,63.28938,1236.0,1236.0
2019-10-23 10:00:00,88.89188000000003,88.89188000000003,1736.0,1736.0
2019-10-23 11:00:00,100.925055,100.92505499999999,1971.0,1971.0
2019-10-23 12:00:00,193.81092499999997,193.81092499999997,3785.0,3785.0
2019-10-23 13:00:00,96.57263000000002,96.57263000000002,1886.0,1886.0
2019-10-23 14:00:00,86.99729500000002,86.99729500000002,1699.0,1699.0
2019-10-23 15:00:00,82.18402499999998,82.18402499999998,1605.0,1605.0
2019-10-23 16:00:00,61.702025,61.702025,1205.0,1205.0
2019-10-23 17:00:00,55.915859999999995,55.915859999999995,1092.0,1092.0
2019-10-23 18:00:00,186.59102000000001,186.59102000000001,3644.0,3644.0
2019-10-23 19:00:00,213.473645,213.473645,4169.0,4169.0
2019-10-23 20:00:00,168.46445000000003,168.46445000000003,3290.0,3290.0
2019-10-23 21:00:00,186.48860999999997,186.48860999999997,3642.0,3642.0
2019-10-23 22:00:00,7.475930000000001,7.475930000000001,146.0,146.0
2019-10-23 23:00:00,7.78316,7.78316,152.0,152.0
2019-10-24 00:00:00,12.49402,12.49402,244.0,244.0
2019-10-24 01:00:00,13.92776,13.92776,272.0,272.0
2019-10-24 02:00:00,11.2651,11.2651,220.0,220.0
2019-10-24 03:00:00,11.2651,11.2651,220.0,220.0
2019-10-24 04:00:00,8.346414999999999,8.346414999999999,163.0,163.0
2019-10-24 05:00:00,7.731954999999999,7.731954999999999,151.0,151.0
2019-10-24 06:00:00,6.1446000000000005,6.1446000000000005,120.0,120.0
2019-10-24 07:00:00,434.474425,434.474425,8485.0,8485.0
2019-10-24 08:00:00,98.15998499999999,98.159985,1917.0,1917.0
2019-10-24 09:00:00,67.5906,67.5906,1320.0,1320.0
2019-10-24 10:00:00,84.74427499999999,84.74427499999999,1655.0,1655.0
2019-10-24 11:00:00,104.25337999999999,104.25337999999998,2036.0,2036.0
2019-10-24 12:00:00,195.91033,195.91033,3826.0,3826.0
2019-10-24 13:00:00,95.24129999999998,95.24129999999998,1860.0,1860.0
2019-10-24 14:00:00,100.15697999999999,100.15697999999999,1956.0,1956.0
2019-10-24 15:00:00,99.90095500000001,99.90095500000001,1951.0,1951.0
2019-10-24 16:00:00,66.720115,66.720115,1303.0,1303.0
2019-10-24 17:00:00,56.01827,56.01827,1094.0,1094.0
2019-10-24 18:00:00,193.24767,193.24767,3774.0,3774.0
2019-10-24 19:00:00,191.60911000000002,191.60911000000002,3742.0,3742.0
2019-10-24 20:00:00,188.07596500000002,188.07596500000002,3673.0,3673.0
2019-10-24 21:00:00,195.50069,195.50069,3818.0,3818.0
2019-10-24 22:00:00,6.503035,6.503035,127.0,127.0
2019-10-24 23:00:00,6.04219,6.04219,118.0,118.0
2019-10-25 00:00:00,11.572329999999997,11.572329999999997,226.0,226.0
2019-10-25 01:00:00,11.418714999999999,11.418714999999999,223.0,223.0
2019-10-25 02:00:00,9.933769999999999,9.93377,194.0,194.0
2019-10-25 03:00:00,9.72895,9.728950000000001,190.0,190.0
2019-10-25 04:00:00,10.701844999999999,10.701844999999999,209.0,209.0
2019-10-25 05:00:00,7.680750000000001,7.680750000000001,150.0,150.0
2019-10-25 06:00:00,8.807260000000001,8.807260000000001,172.0,172.0
2019-10-25 07:00:00,410.4592799999999,410.45928,8016.0,8016.0
2019-10-25 08:00:00,100.00336500000003,100.00336500000003,1953.0,1953.0
2019-10-25 09:00:00,68.461085,68.461085,1337.0,1337.0
2019-10-25 10:00:00,101.89795,101.89795,1990.0,1990.0
2019-10-25 11:00:00,97.08468,97.08468,1896.0,1896.0
2019-10-25 12:00:00,204.97361499999997,204.97361499999997,4003.0,4003.0
2019-10-25 13:00:00,87.918985,87.918985,1717.0,1717.0
2019-10-25 14:00:00,95.394915,95.39491500000001,1863.0,1863.0
2019-10-25 15:00:00,98.36480499999999,98.36480499999999,1921.0,1921.0
2019-10-25 16:00:00,68.30746999999998,68.30746999999998,1334.0,1334.0
2019-10-25 17:00:00,54.58453,54.584529999999994,1066.0,1066.0
2019-10-25 18:00:00,192.17236499999999,192.17236499999999,3753.0,3753.0
2019-10-25 19:00:00,183.16028500000002,183.16028500000002,3577.0,3577.0
2019-10-25 20:00:00,195.14225500000003,195.14225500000003,3811.0,3811.0
2019-10-25 21:00:00,194.52779499999994,194.52779499999994,3799.0,3799.0
2019-10-25 22:00:00,7.8855699999999995,7.8855699999999995,154.0,154.0
2019-10-25 23:00:00,9.012080000000001,9.012080000000001,176.0,176.0
2019-10-26 00:00:00,20.17477,20.17477,394.0,394.0
2019-10-26 01:00:00,21.71092,21.71092,424.0,424.0
2019-10-26 02:00:00,18.33139,18.33139,358.0,358.0
2019-10-26 03:00:00,19.713925,19.713925,385.0,385.0
2019-10-26 04:00:00,18.894644999999997,18.894644999999997,369.0,369.0
2019-10-26 05:00:00,18.485004999999997,18.485004999999997,361.0,361.0
2019-10-26 06:00:00,21.966945,21.966945,429.0,429.0
2019-10-26 07:00:00,394.63693499999994,394.63693499999994,7707.0,7707.0
2019-10-26 08:00:00,395.96826500000003,395.96826500000003,7733.0,7733.0
2019-10-26 09:00:00,113.31666499999999,113.31666499999999,2213.0,2213.0
2019-10-26 10:00:00,117.92511499999999,117.92511499999999,2303.0,2303.0
2019-10-26 11:00:00,83.822585,83.82258500000002,1637.0,1637.0
2019-10-26 12:00:00,67.69301,67.69301,1322.0,1322.0
2019-10-26 13:00:00,63.18696999999998,63.18696999999999,1234.0,1234.0
2019-10-26 14:00:00,70.611695,70.611695,1379.0,1379.0
2019-10-26 15:00:00,221.46162500000005,221.46162500000005,4325.0,4325.0
2019-10-26 16:00:00,234.160465,234.160465,4573.0,4573.0
2019-10-26 17:00:00,33.385659999999994,33.385659999999994,652.0,652.0
2019-10-26 18:00:00,37.379650000000005,37.379650000000005,730.0,730.0
2019-10-26 19:00:00,33.7953,33.7953,660.0,660.0
2019-10-26 20:00:00,125.91309499999998,125.91309499999998,2459.0,2459.0
2019-10-26 21:00:00,122.94320500000002,122.94320500000002,2401.0,2401.0
2019-10-26 22:00:00,135.79565999999997,135.79565999999997,2652.0,2652.0
2019-10-26 23:00:00,15.515115,15.515115,303.0,303.0
2019-10-27 00:00:00,20.430795,20.430795,399.0,399.0
2019-10-27 01:00:00,19.713924999999996,19.713924999999996,385.0,385.0
2019-10-27 02:00:00,23.554299999999998,23.554299999999998,460.0,460.0
2019-10-27 03:00:00,23.042250000000003,23.042250000000003,450.0,450.0
2019-10-27 04:00:00,21.5061,21.506100000000004,420.0,420.0
2019-10-27 05:00:00,24.629604999999998,24.629604999999998,481.0,481.0
2019-10-27 06:00:00,17.870545,17.870545,349.0,349.0
2019-10-27 07:00:00,405.85083,405.85083,7926.0,7926.0
2019-10-27 08:00:00,404.62190999999996,404.62190999999996,7902.0,7902.0
2019-10-27 09:00:00,105.840735,105.840735,2067.0,2067.0
2019-10-27 10:00:00,112.39497499999999,112.39497499999999,2195.0,2195.0
2019-10-27 11:00:00,67.64180499999999,67.64180499999999,1321.0,1321.0
2019-10-27 12:00:00,71.43097499999999,71.43097499999999,1395.0,1395.0
2019-10-27 13:00:00,65.03035,65.03035,1270.0,1270.0
2019-10-27 14:00:00,66.46409,66.46409,1298.0,1298.0
2019-10-27 15:00:00,238.51288999999994,238.51288999999994,4658.0,4658.0
2019-10-27 16:00:00,241.738805,241.738805,4721.0,4721.0
2019-10-27 17:00:00,36.201935,36.201935,707.0,707.0
2019-10-27 18:00:00,35.843500000000006,35.843500000000006,700.0,700.0
2019-10-27 19:00:00,39.53026,39.53026,772.0,772.0
2019-10-27 20:00:00,138.04868,138.04868,2696.0,2696.0
2019-10-27 21:00:00,126.27153,126.27153,2466.0,2466.0
2019-10-27 22:00:00,144.65412500000002,144.65412500000002,2825.0,2825.0
2019-10-27 23:00:00,16.231985,16.231985,317.0,317.0
2019-10-28 00:00:00,8.141595,8.141595,159.0,159.0
2019-10-28 01:00:00,8.807259999999998,8.807259999999998,172.0,172.0
2019-10-28 02:00:00,9.472924999999998,9.472924999999998,185.0,185.0
2019-10-28 03:00:00,8.141594999999999,8.141594999999999,159.0,159.0
2019-10-28 04:00:00,6.2470099999999995,6.2470099999999995,122.0,122.0
2019-10-28 05:00:00,6.2470099999999995,6.2470099999999995,122.0,122.0
2019-10-28 06:00:00,8.90967,8.90967,174.0,174.0
2019-10-28 07:00:00,402.42009499999995,402.42009499999995,7859.0,7859.0
2019-10-28 08:00:00,105.12386500000002,105.12386500000002,2053.0,2053.0
2019-10-28 09:00:00,59.039365,59.039365,1153.0,1153.0
2019-10-28 10:00:00,89.81357,89.81357,1754.0,1754.0
2019-10-28 11:00:00,86.792475,86.792475,1695.0,1695.0
2019-10-28 12:00:00,183.87715499999996,183.87715499999993,3591.0,3591.0
2019-10-28 13:00:00,97.28949999999999,97.28949999999999,1900.0,1900.0
2019-10-28 14:00:00,96.21419500000002,96.21419500000002,1879.0,1879.0
2019-10-28 15:00:00,91.09369499999998,91.09369499999997,1779.0,1779.0
2019-10-28 16:00:00,56.939960000000006,56.939960000000006,1112.0,1112.0
2019-10-28 17:00:00,64.36468500000001,64.36468500000001,1257.0,1257.0
2019-10-28 18:00:00,200.51878000000002,200.51878000000002,3916.0,3916.0
2019-10-28 19:00:00,192.12115999999997,192.12115999999997,3752.0,3752.0
2019-10-28 20:00:00,185.515715,185.515715,3623.0,3623.0
2019-10-28 21:00:00,173.27771999999996,173.27771999999996,3384.0,3384.0
2019-10-28 22:00:00,10.241000000000001,10.241000000000001,200.0,200.0
2019-10-28 23:00:00,10.54823,10.548230000000002,206.0,206.0
2019-10-29 00:00:00,10.65064,10.65064,208.0,208.0
2019-10-29 01:00:00,9.882565000000001,9.882565000000001,193.0,193.0
2019-10-29 02:00:00,8.70485,8.70485,170.0,170.0
2019-10-29 03:00:00,9.831359999999998,9.831359999999998,192.0,192.0
2019-10-29 04:00:00,8.244005000000001,8.244005000000001,161.0,161.0
2019-10-29 05:00:00,6.8614700000000015,6.8614700000000015,134.0,134.0
2019-10-29 06:00:00,8.90967,8.90967,174.0,174.0
2019-10-29 07:00:00,429.91718,429.91718,8396.0,8396.0
2019-10-29 08:00:00,114.03353499999999,114.03353499999999,2227.0,2227.0
2019-10-29 09:00:00,70.099645,70.099645,1369.0,1369.0
2019-10-29 10:00:00,100.61782500000001,100.61782500000001,1965.0,1965.0
2019-10-29 11:00:00,93.39792000000001,93.39792000000001,1824.0,1824.0
2019-10-29 12:00:00,186.232585,186.232585,3637.0,3637.0
2019-10-29 13:00:00,98.05757499999999,98.05757499999999,1915.0,1915.0
2019-10-29 14:00:00,96.214195,96.214195,1879.0,1879.0
2019-10-29 15:00:00,91.40092499999997,91.40092499999997,1785.0,1785.0
2019-10-29 16:00:00,56.325500000000005,56.325500000000005,1100.0,1100.0
2019-10-29 17:00:00,63.49419999999999,63.49419999999999,1240.0,1240.0
2019-10-29 18:00:00,188.17837500000002,188.17837500000002,3675.0,3675.0
2019-10-29 19:00:00,192.83802999999997,192.83802999999997,3766.0,3766.0
2019-10-29 20:00:00,190.226575,190.22657500000003,3715.0,3715.0
2019-10-29 21:00:00,186.89825,186.89825,3650.0,3650.0
2019-10-29 22:00:00,9.42172,9.42172,184.0,184.0
2019-10-29 23:00:00,7.885570000000001,7.885570000000001,154.0,154.0
2019-10-30 00:00:00,10.599435,10.599435,207.0,207.0
2019-10-30 01:00:00,8.960874999999998,8.960874999999998,175.0,175.0
2019-10-30 02:00:00,7.68075,7.680750000000001,150.0,150.0
2019-10-30 03:00:00,8.858465,8.858465,173.0,173.0
2019-10-30 04:00:00,11.57233,11.57233,226.0,226.0
2019-10-30 05:00:00,10.087385000000003,10.087385000000003,197.0,197.0
2019-10-30 06:00:00,11.213894999999999,11.213894999999999,219.0,219.0
2019-10-30 07:00:00,434.3720150000001,434.3720150000001,8483.0,8483.0
2019-10-30 08:00:00,102.30758999999999,102.30758999999999,1998.0,1998.0
2019-10-30 09:00:00,58.936955,58.936955,1151.0,1151.0
2019-10-30 10:00:00,94.06358499999999,94.06358499999999,1837.0,1837.0
2019-10-30 11:00:00,90.47923499999999,90.479235,1767.0,1767.0
2019-10-30 12:00:00,193.81092499999997,193.81092499999997,3785.0,3785.0
2019-10-30 13:00:00,100.10577500000004,100.10577500000004,1955.0,1955.0
2019-10-30 14:00:00,100.10577500000001,100.10577500000001,1955.0,1955.0
2019-10-30 15:00:00,104.97025,104.97025,2050.0,2050.0
2019-10-30 16:00:00,56.58152499999999,56.58152499999999,1105.0,1105.0
2019-10-30 17:00:00,63.54540500000001,63.54540500000001,1241.0,1241.0
2019-10-30 18:00:00,194.88623,194.88623,3806.0,3806.0
2019-10-30 19:00:00,197.03683999999998,197.03683999999998,3848.0,3848.0
2019-10-30 20:00:00,186.79583999999994,186.79583999999994,3648.0,3648.0
2019-10-30 21:00:00,183.3139,183.3139,3580.0,3580.0
2019-10-30 22:00:00,12.442815,12.442815,243.0,243.0
2019-10-30 23:00:00,7.98798,7.987980000000001,156.0,156.0
2019-10-31 00:00:00,7.629544999999999,7.629544999999999,149.0,149.0
2019-10-31 01:00:00,11.521125,11.521125,225.0,225.0
2019-10-31 02:00:00,9.165695,9.165695,179.0,179.0
2019-10-31 03:00:00,8.039185,8.039185,157.0,157.0
2019-10-31 04:00:00,11.828354999999998,11.828354999999998,231.0,231.0
2019-10-31 05:00:00,12.289200000000001,12.289200000000001,240.0,240.0
2019-10-31 06:00:00,11.828354999999998,11.828354999999998,231.0,231.0
2019-10-31 07:00:00,403.85383499999995,403.85383499999995,7887.0,7887.0
2019-10-31 08:00:00,104.86784000000002,104.86784000000002,2048.0,2048.0
2019-10-31 09:00:00,74.65689,74.65689,1458.0,1458.0
2019-10-31 10:00:00,103.53651000000002,103.53651000000004,2022.0,2022.0
2019-10-31 11:00:00,89.04549499999997,89.04549499999997,1739.0,1739.0
2019-10-31 12:00:00,194.73261500000004,194.73261500000004,3803.0,3803.0
2019-10-31 13:00:00,89.659955,89.659955,1751.0,1751.0
2019-10-31 14:00:00,80.75028499999999,80.75028499999999,1577.0,1577.0
2019-10-31 15:00:00,87.25332000000003,87.25332000000003,1704.0,1704.0
2019-10-31 16:00:00,64.057455,64.057455,1251.0,1251.0
2019-10-31 17:00:00,59.602620000000016,59.602620000000016,1164.0,1164.0
2019-10-31 18:00:00,195.75671499999999,195.75671499999999,3823.0,3823.0
2019-10-31 19:00:00,183.51871999999997,183.51871999999997,3584.0,3584.0
2019-10-31 20:00:00,189.56091000000006,189.56091000000006,3702.0,3702.0
2019-10-31 21:00:00,183.56992500000004,183.56992500000004,3585.0,3585.0
2019-10-31 22:00:00,7.731955,7.731955,151.0,151.0
2019-10-31 23:00:00,12.033175,12.033175,235.0,235.0
2019-11-01 00:00:00,9.62654,9.62654,188.0,188.0
2019-11-01 01:00:00,12.545224999999997,12.545224999999997,245.0,245.0
2019-11-01 02:00:00,9.319309999999998,9.31931,182.0,182.0
2019-11-01 03:00:00,7.5271349999999995,7.5271349999999995,147.0,147.0
2019-11-01 04:00:00,10.497025,10.497025,205.0,205.0
2019-11-01 05:00:00,10.85546,10.85546,212.0,212.0
2019-11-01 06:00:00,9.728950000000001,9.728950000000001,190.0,190.0
2019-11-01 07:00:00,433.3479149999999,433.34791499999983,8463.0,8463.0
2019-11-01 08:00:00,106.30157999999997,106.30157999999997,2076.0,2076.0
2019-11-01 09:00:00,84.74427499999999,84.74427499999999,1655.0,1655.0
2019-11-01 10:00:00,104.81663499999999,104.81663499999998,2047.0,2047.0
2019-11-01 11:00:00,101.437105,101.43710500000002,1981.0,1981.0
2019-11-01 12:00:00,199.23865500000005,199.23865500000005,3891.0,3891.0
2019-11-01 13:00:00,99.081675,99.081675,1935.0,1935.0
2019-11-01 14:00:00,99.59372499999998,99.59372499999998,1945.0,1945.0
2019-11-01 15:00:00,95.29250499999999,95.29250499999999,1861.0,1861.0
2019-11-01 16:00:00,62.57251,62.57251,1222.0,1222.0
2019-11-01 17:00:00,60.62672,60.626720000000006,1184.0,1184.0
2019-11-01 18:00:00,202.77180000000004,202.7718,3960.0,3960.0
2019-11-01 19:00:00,204.61517999999995,204.61517999999995,3996.0,3996.0
2019-11-01 20:00:00,200.10914,200.10914,3908.0,3908.0
2019-11-01 21:00:00,168.66927,168.66927,3294.0,3294.0
2019-11-01 22:00:00,8.295209999999999,8.295209999999999,162.0,162.0
2019-11-01 23:00:00,11.469919999999998,11.469919999999998,224.0,224.0
2019-11-02 00:00:00,15.719935,15.719935,307.0,307.0
2019-11-02 01:00:00,19.713925,19.713925,385.0,385.0
2019-11-02 02:00:00,20.430795000000003,20.430795000000003,399.0,399.0
2019-11-02 03:00:00,17.051265,17.051265,333.0,333.0
2019-11-02 04:00:00,21.608510000000003,21.608510000000003,422.0,422.0
2019-11-02 05:00:00,19.867539999999998,19.86754,388.0,388.0
2019-11-02 06:00:00,15.003065,15.003065,293.0,293.0
2019-11-02 07:00:00,413.22435,413.22435,8070.0,8070.0
2019-11-02 08:00:00,400.2182799999999,400.2182799999999,7816.0,7816.0
2019-11-02 09:00:00,117.92511499999999,117.92511499999999,2303.0,2303.0
2019-11-02 10:00:00,111.78051499999995,111.78051499999995,2183.0,2183.0
2019-11-02 11:00:00,64.057455,64.057455,1251.0,1251.0
2019-11-02 12:00:00,72.19904999999999,72.19904999999999,1410.0,1410.0
2019-11-02 13:00:00,75.424965,75.424965,1473.0,1473.0
2019-11-02 14:00:00,60.985155,60.985155,1191.0,1191.0
2019-11-02 15:00:00,231.08816499999995,231.08816499999995,4513.0,4513.0
2019-11-02 16:00:00,237.48879,237.48879,4638.0,4638.0
2019-11-02 17:00:00,34.40976,34.40976,672.0,672.0
2019-11-02 18:00:00,34.92181,34.92181,682.0,682.0
2019-11-02 19:00:00,36.918805,36.918805,721.0,721.0
2019-11-02 20:00:00,135.84686500000004,135.84686500000004,2653.0,2653.0
2019-11-02 21:00:00,152.38607999999996,152.38607999999996,2976.0,2976.0
2019-11-02 22:00:00,135.642045,135.642045,2649.0,2649.0
2019-11-02 23:00:00,13.774144999999997,13.774144999999997,269.0,269.0
2019-11-03 00:00:00,18.74103,18.74103,366.0,366.0
2019-11-03 01:00:00,18.894644999999997,18.894644999999997,369.0,369.0
2019-11-03 02:00:00,20.533205,20.533205,401.0,401.0
2019-11-03 03:00:00,24.066350000000003,24.066350000000003,470.0,470.0
2019-11-03 04:00:00,14.081375,14.081375,275.0,275.0
2019-11-03 05:00:00,18.536209999999997,18.536209999999997,362.0,362.0
2019-11-03 06:00:00,20.225975000000005,20.225975000000005,395.0,395.0
2019-11-03 07:00:00,430.48043499999994,430.48043499999994,8407.0,8407.0
2019-11-03 08:00:00,404.673115,404.673115,7903.0,7903.0
2019-11-03 09:00:00,113.87991999999998,113.87991999999998,2224.0,2224.0
2019-11-03 10:00:00,112.75341000000002,112.75341000000002,2202.0,2202.0
2019-11-03 11:00:00,97.340705,97.340705,1901.0,1901.0
2019-11-03 12:00:00,71.27736,71.27736,1392.0,1392.0
2019-11-03 13:00:00,65.84962999999999,65.84962999999999,1286.0,1286.0
2019-11-03 14:00:00,75.32255500000002,75.32255500000002,1471.0,1471.0
2019-11-03 15:00:00,215.67546,215.67546,4212.0,4212.0
2019-11-03 16:00:00,217.21160999999998,217.21160999999998,4242.0,4242.0
2019-11-03 17:00:00,40.912795,40.912795,799.0,799.0
2019-11-03 18:00:00,43.268225,43.268225,845.0,845.0
2019-11-03 19:00:00,33.436865,33.436865,653.0,653.0
2019-11-03 20:00:00,139.73844499999998,139.73844499999998,2729.0,2729.0
2019-11-03 21:00:00,129.90708500000002,129.90708500000002,2537.0,2537.0
2019-11-03 22:00:00,148.033655,148.033655,2891.0,2891.0
2019-11-03 23:00:00,25.602499999999996,25.602499999999996,500.0,500.0
2019-11-04 00:00:00,12.698840000000004,12.698840000000004,248.0,248.0
2019-11-04 01:00:00,12.49402,12.49402,244.0,244.0
2019-11-04 02:00:00,7.834364999999999,7.834364999999999,153.0,153.0
2019-11-04 03:00:00,11.111484999999998,11.111484999999997,217.0,217.0
2019-11-04 04:00:00,9.370515,9.370515,183.0,183.0
2019-11-04 05:00:00,9.882564999999998,9.882564999999998,193.0,193.0
2019-11-04 06:00:00,10.138589999999999,10.138589999999999,198.0,198.0
2019-11-04 07:00:00,423.209325,423.209325,8265.0,8265.0
2019-11-04 08:00:00,101.53951500000001,101.53951500000001,1983.0,1983.0
2019-11-04 09:00:00,65.28637500000002,65.28637500000002,1275.0,1275.0
2019-11-04 10:00:00,94.83166000000003,94.83166000000003,1852.0,1852.0
2019-11-04 11:00:00,110.346775,110.346775,2155.0,2155.0
2019-11-04 12:00:00,214.08810499999998,214.08810499999998,4181.0,4181.0
2019-11-04 13:00:00,88.17501,88.17501,1722.0,1722.0
2019-11-04 14:00:00,97.49432,97.49432,1904.0,1904.0
2019-11-04 15:00:00,92.01538500000001,92.01538500000001,1797.0,1797.0
2019-11-04 16:00:00,56.68393500000002,56.68393500000003,1107.0,1107.0
2019-11-04 17:00:00,56.93996,56.93996,1112.0,1112.0
2019-11-04 18:00:00,204.30794999999998,204.30794999999998,3990.0,3990.0
2019-11-04 19:00:00,189.4585,189.4585,3700.0,3700.0
2019-11-04 20:00:00,209.12121999999997,209.12121999999997,4084.0,4084.0
2019-11-04 21:00:00,204.66638499999996,204.666385,3997.0,3997.0
2019-11-04 22:00:00,9.268104999999998,9.268104999999998,181.0,181.0
2019-11-04 23:00:00,10.241,10.241,200.0,200.0
2019-11-05 00:00:00,10.804255,10.804255,211.0,211.0
2019-11-05 01:00:00,7.424725,7.424725,145.0,145.0
2019-11-05 02:00:00,8.653645,8.653645,169.0,169.0
2019-11-05 03:00:00,6.912675,6.912675,135.0,135.0
2019-11-05 04:00:00,11.572330000000001,11.572330000000001,226.0,226.0
2019-11-05 05:00:00,11.572330000000003,11.572330000000001,226.0,226.0
2019-11-05 06:00:00,8.090390000000001,8.090390000000001,158.0,158.0
2019-11-05 07:00:00,420.7002800000001,420.7002800000001,8216.0,8216.0
2019-11-05 08:00:00,117.46427,117.46427,2294.0,2294.0
2019-11-05 09:00:00,70.56049,70.56049,1378.0,1378.0
2019-11-05 10:00:00,103.53651,103.53651,2022.0,2022.0
2019-11-05 11:00:00,108.29857500000001,108.29857500000001,2115.0,2115.0
2019-11-05 12:00:00,178.14219499999996,178.14219499999996,3479.0,3479.0
2019-11-05 13:00:00,84.949095,84.94909500000001,1659.0,1659.0
2019-11-05 14:00:00,100.617825,100.617825,1965.0,1965.0
2019-11-05 15:00:00,88.48224000000002,88.48224000000002,1728.0,1728.0
2019-11-05 16:00:00,62.828535,62.828534999999995,1227.0,1227.0
2019-11-05 17:00:00,58.01526500000001,58.01526500000001,1133.0,1133.0
2019-11-05 18:00:00,192.37718500000003,192.377185,3757.0,3757.0
2019-11-05 19:00:00,188.63922,188.63921999999997,3684.0,3684.0
2019-11-05 20:00:00,185.46451,185.46451,3622.0,3622.0
2019-11-05 21:00:00,182.39220999999998,182.39220999999998,3562.0,3562.0
2019-11-05 22:00:00,9.063285,9.063285,177.0,177.0
2019-11-05 23:00:00,7.9879799999999985,7.9879799999999985,156.0,156.0
2019-11-06 00:00:00,6.2470099999999995,6.2470099999999995,122.0,122.0
2019-11-06 01:00:00,8.09039,8.09039,158.0,158.0
2019-11-06 02:00:00,11.77715,11.77715,230.0,230.0
2019-11-06 03:00:00,8.039185,8.039185,157.0,157.0
2019-11-06 04:00:00,8.141594999999997,8.141594999999997,159.0,159.0
2019-11-06 05:00:00,9.370515000000001,9.370515000000001,183.0,183.0
2019-11-06 06:00:00,13.108479999999998,13.108479999999998,256.0,256.0
2019-11-06 07:00:00,421.7755849999999,421.7755849999999,8237.0,8237.0
2019-11-06 08:00:00,112.44618000000001,112.44618000000001,2196.0,2196.0
2019-11-06 09:00:00,65.33757999999999,65.33757999999999,1276.0,1276.0
2019-11-06 10:00:00,93.24430500000001,93.24430500000001,1821.0,1821.0
2019-11-06 11:00:00,93.44912500000001,93.44912500000001,1825.0,1825.0
2019-11-06 12:00:00,200.00672999999995,200.00672999999995,3906.0,3906.0
2019-11-06 13:00:00,106.81362999999997,106.81362999999997,2086.0,2086.0
2019-11-06 14:00:00,104.61181500000002,104.61181500000002,2043.0,2043.0
2019-11-06 15:00:00,94.52443000000002,94.52443000000002,1846.0,1846.0
2019-11-06 16:00:00,63.135765,63.135765,1233.0,1233.0
2019-11-06 17:00:00,60.524310000000014,60.524310000000014,1182.0,1182.0
2019-11-06 18:00:00,188.63922,188.63921999999997,3684.0,3684.0
2019-11-06 19:00:00,204.30794999999998,204.30794999999998,3990.0,3990.0
2019-11-06 20:00:00,197.39527499999997,197.39527499999997,3855.0,3855.0
2019-11-06 21:00:00,192.99164499999995,192.99164499999995,3769.0,3769.0
2019-11-06 22:00:00,7.117495,7.117495,139.0,139.0
2019-11-06 23:00:00,10.036179999999998,10.036179999999998,196.0,196.0
2019-11-07 00:00:00,7.783159999999998,7.783159999999998,152.0,152.0
2019-11-07 01:00:00,9.882564999999998,9.882564999999998,193.0,193.0
2019-11-07 02:00:00,10.087384999999998,10.087384999999998,197.0,197.0
2019-11-07 03:00:00,10.804255,10.804255,211.0,211.0
2019-11-07 04:00:00,8.50003,8.50003,166.0,166.0
2019-11-07 05:00:00,10.292205000000001,10.292205000000001,201.0,201.0
2019-11-07 06:00:00,6.86147,6.86147,134.0,134.0
2019-11-07 07:00:00,432.27261000000004,432.27261000000004,8442.0,8442.0
2019-11-07 08:00:00,93.60273999999998,93.60273999999998,1828.0,1828.0
2019-11-07 09:00:00,67.18096,67.18096,1312.0,1312.0
2019-11-07 10:00:00,95.702145,95.702145,1869.0,1869.0
2019-11-07 11:00:00,99.59372500000003,99.59372500000003,1945.0,1945.0
2019-11-07 12:00:00,187.61511999999996,187.61511999999996,3664.0,3664.0
2019-11-07 13:00:00,99.593725,99.593725,1945.0,1945.0
2019-11-07 14:00:00,101.33469500000001,101.33469500000001,1979.0,1979.0
2019-11-07 15:00:00,99.69613500000001,99.69613500000001,1947.0,1947.0
2019-11-07 16:00:00,60.268285000000006,60.268285000000006,1177.0,1177.0
2019-11-07 17:00:00,75.88581,75.88581,1482.0,1482.0
2019-11-07 18:00:00,190.99465,190.99465,3730.0,3730.0
2019-11-07 19:00:00,199.238655,199.238655,3891.0,3891.0
2019-11-07 20:00:00,183.62113,183.62113,3586.0,3586.0
2019-11-07 21:00:00,182.44341500000002,182.44341500000004,3563.0,3563.0
2019-11-07 22:00:00,12.698839999999999,12.698839999999999,248.0,248.0
2019-11-07 23:00:00,11.213895,11.213895,219.0,219.0
2019-11-08 00:00:00,9.93377,9.93377,194.0,194.0
2019-11-08 01:00:00,8.141595,8.141595,159.0,159.0
2019-11-08 02:00:00,9.780155000000002,9.780155000000004,191.0,191.0
2019-11-08 03:00:00,8.80726,8.80726,172.0,172.0
2019-11-08 04:00:00,10.44582,10.44582,204.0,204.0
2019-11-08 05:00:00,9.575334999999999,9.575334999999999,187.0,187.0
2019-11-08 06:00:00,6.707854999999999,6.707854999999999,131.0,131.0
2019-11-08 07:00:00,424.847885,424.8478850000001,8297.0,8297.0
2019-11-08 08:00:00,104.86784,104.86784,2048.0,2048.0
2019-11-08 09:00:00,73.683995,73.683995,1439.0,1439.0
2019-11-08 10:00:00,86.94609000000001,86.94609000000001,1698.0,1698.0
2019-11-08 11:00:00,102.40999999999997,102.40999999999997,2000.0,2000.0
2019-11-08 12:00:00,193.14526,193.14526,3772.0,3772.0
2019-11-08 13:00:00,87.15091000000001,87.15091000000001,1702.0,1702.0
2019-11-08 14:00:00,94.93407000000002,94.93407000000002,1854.0,1854.0
2019-11-08 15:00:00,100.00336500000002,100.00336500000002,1953.0,1953.0
2019-11-08 16:00:00,61.497205,61.497205,1201.0,1201.0
2019-11-08 17:00:00,65.593605,65.593605,1281.0,1281.0
2019-11-08 18:00:00,193.298875,193.298875,3775.0,3775.0
2019-11-08 19:00:00,199.03383499999998,199.03383499999998,3887.0,3887.0
2019-11-08 20:00:00,203.28385,203.28385,3970.0,3970.0
2019-11-08 21:00:00,198.57299,198.57299,3878.0,3878.0
2019-11-08 22:00:00,9.677745,9.677745,189.0,189.0
2019-11-08 23:00:00,9.524130000000001,9.524130000000001,186.0,186.0
2019-11-09 00:00:00,18.843439999999998,18.843439999999998,368.0,368.0
2019-11-09 01:00:00,17.204879999999996,17.204879999999996,336.0,336.0
2019-11-09 02:00:00,17.30729,17.30729,338.0,338.0
2019-11-09 03:00:00,20.021154999999993,20.021154999999993,391.0,391.0
2019-11-09 04:00:00,21.762124999999994,21.762124999999994,425.0,425.0
2019-11-09 05:00:00,17.768134999999997,17.768134999999997,347.0,347.0
2019-11-09 06:00:00,17.51211,17.51211,342.0,342.0
2019-11-09 07:00:00,427.97138999999993,427.97138999999993,8358.0,8358.0
2019-11-09 08:00:00,400.4230999999999,400.4230999999999,7820.0,7820.0
2019-11-09 09:00:00,111.67810500000003,111.67810500000003,2181.0,2181.0
2019-11-09 10:00:00,110.75641499999999,110.75641499999999,2163.0,2163.0
2019-11-09 11:00:00,77.93400999999999,77.93400999999999,1522.0,1522.0
2019-11-09 12:00:00,72.147845,72.147845,1409.0,1409.0
2019-11-09 13:00:00,79.931005,79.931005,1561.0,1561.0
2019-11-09 14:00:00,65.23516999999998,65.23516999999998,1274.0,1274.0
2019-11-09 15:00:00,229.449605,229.449605,4481.0,4481.0
2019-11-09 16:00:00,236.87433,236.87433,4626.0,4626.0
2019-11-09 17:00:00,42.09050999999998,42.09050999999998,822.0,822.0
2019-11-09 18:00:00,35.38265499999999,35.38265499999999,691.0,691.0
2019-11-09 19:00:00,31.388665,31.388665,613.0,613.0
2019-11-09 20:00:00,128.52454999999998,128.52454999999998,2510.0,2510.0
2019-11-09 21:00:00,132.979385,132.979385,2597.0,2597.0
2019-11-09 22:00:00,130.36793,130.36793,2546.0,2546.0
2019-11-09 23:00:00,18.33139,18.33139,358.0,358.0
2019-11-10 00:00:00,14.13258,14.13258,276.0,276.0
2019-11-10 01:00:00,15.771139999999997,15.771139999999997,308.0,308.0
2019-11-10 02:00:00,20.58441,20.58441,402.0,402.0
2019-11-10 03:00:00,26.677805,26.677805,521.0,521.0
2019-11-10 04:00:00,19.304285,19.304285,377.0,377.0
2019-11-10 05:00:00,24.5784,24.5784,480.0,480.0
2019-11-10 06:00:00,15.668730000000004,15.668730000000004,306.0,306.0
2019-11-10 07:00:00,402.77853000000005,402.77853000000005,7866.0,7866.0
2019-11-10 08:00:00,419.36895000000004,419.36895000000004,8190.0,8190.0
2019-11-10 09:00:00,118.232345,118.232345,2309.0,2309.0
2019-11-10 10:00:00,113.57269000000001,113.57269000000001,2218.0,2218.0
2019-11-10 11:00:00,79.36774999999999,79.36774999999999,1550.0,1550.0
2019-11-10 12:00:00,66.77132,66.77132,1304.0,1304.0
2019-11-10 13:00:00,77.52437,77.52437,1514.0,1514.0
2019-11-10 14:00:00,72.19905,72.19905,1410.0,1410.0
2019-11-10 15:00:00,236.61830499999994,236.61830499999994,4621.0,4621.0
2019-11-10 16:00:00,238.00083999999998,238.00083999999998,4648.0,4648.0
2019-11-10 17:00:00,39.83749,39.83749,778.0,778.0
2019-11-10 18:00:00,32.719995000000004,32.719995000000004,639.0,639.0
2019-11-10 19:00:00,43.268224999999994,43.268224999999994,845.0,845.0
2019-11-10 20:00:00,146.4463,146.4463,2860.0,2860.0
2019-11-10 21:00:00,134.31071500000002,134.31071500000002,2623.0,2623.0
2019-11-10 22:00:00,137.43422,137.43422,2684.0,2684.0
2019-11-10 23:00:00,16.692829999999997,16.692829999999997,326.0,326.0
2019-11-11 00:00:00,13.057275,13.057275,255.0,255.0
2019-11-11 01:00:00,7.98798,7.987980000000001,156.0,156.0
2019-11-11 02:00:00,6.759060000000001,6.759060000000001,132.0,132.0
2019-11-11 03:00:00,10.292205,10.292205,201.0,201.0
2019-11-11 04:00:00,9.882565,9.882565,193.0,193.0
2019-11-11 05:00:00,10.599435,10.599435,207.0,207.0
2019-11-11 06:00:00,9.62654,9.62654,188.0,188.0
2019-11-11 07:00:00,450.24556499999994,450.24556499999994,8793.0,8793.0
2019-11-11 08:00:00,105.07266000000003,105.07266000000003,2052.0,2052.0
2019-11-11 09:00:00,64.21107,64.21107,1254.0,1254.0
2019-11-11 10:00:00,83.924995,83.924995,1639.0,1639.0
2019-11-11 11:00:00,99.081675,99.081675,1935.0,1935.0
2019-11-11 12:00:00,195.5518949999999,195.5518949999999,3819.0,3819.0
2019-11-11 13:00:00,106.14796500000001,106.14796500000001,2073.0,2073.0
2019-11-11 14:00:00,91.96417999999998,91.96417999999998,1796.0,1796.0
2019-11-11 15:00:00,95.2413,95.2413,1860.0,1860.0
2019-11-11 16:00:00,64.159865,64.159865,1253.0,1253.0
2019-11-11 17:00:00,61.80443499999999,61.80443499999999,1207.0,1207.0
2019-11-11 18:00:00,195.75671499999999,195.75671499999999,3823.0,3823.0
2019-11-11 19:00:00,209.73568000000003,209.73568000000003,4096.0,4096.0
2019-11-11 20:00:00,194.16936,194.16936,3792.0,3792.0
2019-11-11 21:00:00,194.98863999999998,194.98863999999998,3808.0,3808.0
2019-11-11 22:00:00,10.95787,10.95787,214.0,214.0
2019-11-11 23:00:00,7.0662899999999995,7.066289999999999,138.0,138.0
2019-11-12 00:00:00,7.783159999999999,7.783159999999999,152.0,152.0
2019-11-12 01:00:00,8.244005,8.244005,161.0,161.0
2019-11-12 02:00:00,11.674739999999996,11.674739999999996,228.0,228.0
2019-11-12 03:00:00,10.548230000000002,10.548230000000002,206.0,206.0
2019-11-12 04:00:00,8.807259999999998,8.807259999999998,172.0,172.0
2019-11-12 05:00:00,8.90967,8.90967,174.0,174.0
2019-11-12 06:00:00,10.189795,10.189795,199.0,199.0
2019-11-12 07:00:00,421.36594499999995,421.36594499999995,8229.0,8229.0
2019-11-12 08:00:00,111.01244,111.01244,2168.0,2168.0
2019-11-12 09:00:00,68.153855,68.153855,1331.0,1331.0
2019-11-12 10:00:00,97.39191000000001,97.39191000000001,1902.0,1902.0
2019-11-12 11:00:00,96.57263000000002,96.57263000000002,1886.0,1886.0
2019-11-12 12:00:00,195.19346000000002,195.19346,3812.0,3812.0
2019-11-12 13:00:00,100.413005,100.413005,1961.0,1961.0
2019-11-12 14:00:00,101.33469500000001,101.33469500000001,1979.0,1979.0
2019-11-12 15:00:00,95.29250499999999,95.29250499999999,1861.0,1861.0
2019-11-12 16:00:00,54.12368500000001,54.12368500000001,1057.0,1057.0
2019-11-12 17:00:00,68.05144500000002,68.05144500000002,1329.0,1329.0
2019-11-12 18:00:00,194.83502500000006,194.83502500000006,3805.0,3805.0
2019-11-12 19:00:00,199.08504000000002,199.08504000000002,3888.0,3888.0
2019-11-12 20:00:00,206.15133000000003,206.15133000000003,4026.0,4026.0
2019-11-12 21:00:00,200.62118999999996,200.62118999999996,3918.0,3918.0
2019-11-12 22:00:00,9.575335,9.575335,187.0,187.0
2019-11-12 23:00:00,9.62654,9.62654,188.0,188.0
2019-11-13 00:00:00,8.1928,8.1928,160.0,160.0
2019-11-13 01:00:00,16.436805,16.436805,321.0,321.0
2019-11-13 02:00:00,8.858464999999999,8.858464999999999,173.0,173.0
2019-11-13 03:00:00,10.54823,10.548230000000002,206.0,206.0
2019-11-13 04:00:00,9.472925,9.472925,185.0,185.0
2019-11-13 05:00:00,12.033175,12.033175,235.0,235.0
2019-11-13 06:00:00,6.75906,6.75906,132.0,132.0
2019-11-13 07:00:00,444.6642199999999,444.6642199999999,8684.0,8684.0
2019-11-13 08:00:00,114.80160999999998,114.80160999999998,2242.0,2242.0
2019-11-13 09:00:00,69.997235,69.997235,1367.0,1367.0
2019-11-13 10:00:00,101.07867,101.07867,1974.0,1974.0
2019-11-13 11:00:00,95.54853,95.54853,1866.0,1866.0
2019-11-13 12:00:00,189.97055,189.97055,3710.0,3710.0
2019-11-13 13:00:00,101.33469500000001,101.33469500000001,1979.0,1979.0
2019-11-13 14:00:00,98.10878000000002,98.10878000000002,1916.0,1916.0
2019-11-13 15:00:00,109.27147,109.27147,2134.0,2134.0
2019-11-13 16:00:00,68.05144499999999,68.05144499999999,1329.0,1329.0
2019-11-13 17:00:00,55.506220000000006,55.506220000000006,1084.0,1084.0
2019-11-13 18:00:00,198.06094000000002,198.06094000000002,3868.0,3868.0
2019-11-13 19:00:00,195.50069,195.50069,3818.0,3818.0
2019-11-13 20:00:00,182.08498,182.08498,3556.0,3556.0
2019-11-13 21:00:00,202.56698,202.56698,3956.0,3956.0
2019-11-13 22:00:00,12.596430000000003,12.596430000000005,246.0,246.0
2019-11-13 23:00:00,13.10848,13.10848,256.0,256.0
2019-11-14 00:00:00,10.13859,10.138589999999999,198.0,198.0
2019-11-14 01:00:00,8.39762,8.39762,164.0,164.0
2019-11-14 02:00:00,9.063284999999999,9.063284999999999,177.0,177.0
2019-11-14 03:00:00,9.165695,9.165695,179.0,179.0
2019-11-14 04:00:00,6.503035,6.503035,127.0,127.0
2019-11-14 05:00:00,11.725945,11.725944999999998,229.0,229.0
2019-11-14 06:00:00,10.855459999999999,10.855459999999999,212.0,212.0
2019-11-14 07:00:00,422.1340200000001,422.1340200000001,8244.0,8244.0
2019-11-14 08:00:00,107.73532000000002,107.73532000000002,2104.0,2104.0
2019-11-14 09:00:00,68.51229,68.51229,1338.0,1338.0
2019-11-14 10:00:00,91.86176999999999,91.86176999999999,1794.0,1794.0
2019-11-14 11:00:00,106.19917000000001,106.19917000000001,2074.0,2074.0
2019-11-14 12:00:00,184.338,184.338,3600.0,3600.0
2019-11-14 13:00:00,106.864835,106.864835,2087.0,2087.0
2019-11-14 14:00:00,104.86783999999999,104.86783999999999,2048.0,2048.0
2019-11-14 15:00:00,97.238295,97.238295,1899.0,1899.0
2019-11-14 16:00:00,55.45501499999999,55.45501499999998,1083.0,1083.0
2019-11-14 17:00:00,68.30747000000001,68.30747000000001,1334.0,1334.0
2019-11-14 18:00:00,197.80491499999994,197.80491499999994,3863.0,3863.0
2019-11-14 19:00:00,192.58200499999995,192.58200499999995,3761.0,3761.0
2019-11-14 20:00:00,197.804915,197.804915,3863.0,3863.0
2019-11-14 21:00:00,196.47358499999996,196.47358499999996,3837.0,3837.0
2019-11-14 22:00:00,11.2651,11.2651,220.0,220.0
2019-11-14 23:00:00,6.912674999999999,6.912674999999999,135.0,135.0
2019-11-15 00:00:00,10.804255000000001,10.804255000000001,211.0,211.0
2019-11-15 01:00:00,7.834365,7.834365,153.0,153.0
2019-11-15 02:00:00,10.189794999999998,10.189794999999998,199.0,199.0
2019-11-15 03:00:00,11.213895,11.213895,219.0,219.0
2019-11-15 04:00:00,12.59643,12.59643,246.0,246.0
2019-11-15 05:00:00,11.674740000000002,11.674740000000002,228.0,228.0
2019-11-15 06:00:00,6.96388,6.96388,136.0,136.0
2019-11-15 07:00:00,445.89314,445.89314,8708.0,8708.0
2019-11-15 08:00:00,108.708215,108.708215,2123.0,2123.0
2019-11-15 09:00:00,72.81351000000001,72.81351000000001,1422.0,1422.0
2019-11-15 10:00:00,97.28950000000003,97.28950000000003,1900.0,1900.0
2019-11-15 11:00:00,99.13288000000001,99.13288000000001,1936.0,1936.0
2019-11-15 12:00:00,198.931425,198.931425,3885.0,3885.0
2019-11-15 13:00:00,96.2654,96.2654,1880.0,1880.0
2019-11-15 14:00:00,105.73832499999996,105.73832499999996,2065.0,2065.0
2019-11-15 15:00:00,99.95216,99.95216,1952.0,1952.0
2019-11-15 16:00:00,56.069475,56.069475,1095.0,1095.0
2019-11-15 17:00:00,64.72312,64.72312,1264.0,1264.0
2019-11-15 18:00:00,196.42238,196.42238,3836.0,3836.0
2019-11-15 19:00:00,196.42238,196.42238,3836.0,3836.0
2019-11-15 20:00:00,197.907325,197.907325,3865.0,3865.0
2019-11-15 21:00:00,202.97662,202.97661999999997,3964.0,3964.0
2019-11-15 22:00:00,13.21089,13.21089,258.0,258.0
2019-11-15 23:00:00,8.653645000000001,8.653645000000001,169.0,169.0
2019-11-16 00:00:00,23.707914999999993,23.707914999999993,463.0,463.0
2019-11-16 01:00:00,21.608510000000003,21.608510000000003,422.0,422.0
2019-11-16 02:00:00,19.355489999999996,19.355489999999996,378.0,378.0
2019-11-16 03:00:00,20.68682,20.686819999999997,404.0,404.0
2019-11-16 04:00:00,18.894645000000004,18.894645000000004,369.0,369.0
2019-11-16 05:00:00,16.48801,16.48801,322.0,322.0
2019-11-16 06:00:00,15.975959999999999,15.975959999999999,312.0,312.0
2019-11-16 07:00:00,412.763505,412.763505,8061.0,8061.0
2019-11-16 08:00:00,400.26948500000003,400.26948500000003,7817.0,7817.0
2019-11-16 09:00:00,117.41306499999999,117.41306499999999,2293.0,2293.0
2019-11-16 10:00:00,115.87691500000003,115.87691500000003,2263.0,2263.0
2019-11-16 11:00:00,88.22621500000001,88.226215,1723.0,1723.0
2019-11-16 12:00:00,68.05144499999999,68.05144499999999,1329.0,1329.0
2019-11-16 13:00:00,67.43698500000002,67.43698500000002,1317.0,1317.0
2019-11-16 14:00:00,60.780334999999994,60.780334999999994,1187.0,1187.0
2019-11-16 15:00:00,224.124285,224.124285,4377.0,4377.0
2019-11-16 16:00:00,237.02794500000002,237.02794500000002,4629.0,4629.0
2019-11-16 17:00:00,33.436865000000004,33.436865000000004,653.0,653.0
2019-11-16 18:00:00,44.292325,44.292325,865.0,865.0
2019-11-16 19:00:00,39.991105000000005,39.991105,781.0,781.0
2019-11-16 20:00:00,142.86195,142.86195,2790.0,2790.0
2019-11-16 21:00:00,126.9884,126.9884,2480.0,2480.0
2019-11-16 22:00:00,150.84992999999997,150.84992999999997,2946.0,2946.0
2019-11-16 23:00:00,17.665725,17.665725,345.0,345.0
2019-11-17 00:00:00,23.963939999999997,23.963939999999997,468.0,468.0
2019-11-17 01:00:00,22.01815,22.01815,430.0,430.0
2019-11-17 02:00:00,20.072359999999996,20.072359999999996,392.0,392.0
2019-11-17 03:00:00,22.632610000000003,22.632610000000003,442.0,442.0
2019-11-17 04:00:00,21.762125,21.762125,425.0,425.0
2019-11-17 05:00:00,23.707915,23.707915000000003,463.0,463.0
2019-11-17 06:00:00,20.123564999999996,20.123564999999996,393.0,393.0
2019-11-17 07:00:00,429.25151500000004,429.25151500000004,8383.0,8383.0
2019-11-17 08:00:00,404.36588499999993,404.36588499999993,7897.0,7897.0
2019-11-17 09:00:00,118.69318999999999,118.69318999999999,2318.0,2318.0
2019-11-17 10:00:00,116.44017000000001,116.44017000000001,2274.0,2274.0
2019-11-17 11:00:00,89.45513500000001,89.45513500000001,1747.0,1747.0
2019-11-17 12:00:00,73.683995,73.683995,1439.0,1439.0
2019-11-17 13:00:00,70.50928499999999,70.50928499999999,1377.0,1377.0
2019-11-17 14:00:00,77.93401,77.93401,1522.0,1522.0
2019-11-17 15:00:00,244.094235,244.09423500000003,4767.0,4767.0
2019-11-17 16:00:00,224.99477,224.99476999999996,4394.0,4394.0
2019-11-17 17:00:00,34.870605000000005,34.870605000000005,681.0,681.0
2019-11-17 18:00:00,34.10253,34.10253,666.0,666.0
2019-11-17 19:00:00,38.35254499999999,38.35254499999999,749.0,749.0
2019-11-17 20:00:00,132.92818,132.92818,2596.0,2596.0
2019-11-17 21:00:00,130.16311,130.16311,2542.0,2542.0
2019-11-17 22:00:00,137.02458000000001,137.02458000000001,2676.0,2676.0
2019-11-17 23:00:00,18.741029999999995,18.741029999999995,366.0,366.0
2019-11-18 00:00:00,9.01208,9.01208,176.0,176.0
2019-11-18 01:00:00,12.750045000000002,12.750045000000002,249.0,249.0
2019-11-18 02:00:00,8.858464999999999,8.858464999999999,173.0,173.0
2019-11-18 03:00:00,11.162689999999998,11.162689999999998,218.0,218.0
2019-11-18 04:00:00,11.57233,11.57233,226.0,226.0
2019-11-18 05:00:00,9.165695,9.165695,179.0,179.0
2019-11-18 06:00:00,9.31931,9.31931,182.0,182.0
2019-11-18 07:00:00,435.08888499999995,435.08888499999995,8497.0,8497.0
2019-11-18 08:00:00,109.015445,109.015445,2129.0,2129.0
2019-11-18 09:00:00,80.64787500000001,80.64787500000001,1575.0,1575.0
2019-11-18 10:00:00,94.72925000000004,94.72925000000004,1850.0,1850.0
2019-11-18 11:00:00,104.76543,104.76543000000001,2046.0,2046.0
2019-11-18 12:00:00,196.371175,196.371175,3835.0,3835.0
2019-11-18 13:00:00,96.57262999999996,96.57262999999996,1886.0,1886.0
2019-11-18 14:00:00,105.533505,105.533505,2061.0,2061.0
2019-11-18 15:00:00,104.30458499999996,104.30458499999996,2037.0,2037.0
2019-11-18 16:00:00,58.117675,58.117675,1135.0,1135.0
2019-11-18 17:00:00,65.74722000000003,65.74722000000003,1284.0,1284.0
2019-11-18 18:00:00,197.39527500000003,197.39527500000003,3855.0,3855.0
2019-11-18 19:00:00,195.80792000000002,195.80792000000002,3824.0,3824.0
2019-11-18 20:00:00,193.14525999999998,193.14525999999995,3772.0,3772.0
2019-11-18 21:00:00,192.53080000000003,192.53080000000003,3760.0,3760.0
2019-11-18 22:00:00,9.677745,9.677745,189.0,189.0
2019-11-18 23:00:00,9.882565,9.882565,193.0,193.0
2019-11-19 00:00:00,7.834364999999999,7.834364999999999,153.0,153.0
2019-11-19 01:00:00,10.189794999999998,10.189794999999998,199.0,199.0
2019-11-19 02:00:00,6.042189999999999,6.042189999999999,118.0,118.0
2019-11-19 03:00:00,5.63255,5.63255,110.0,110.0
2019-11-19 04:00:00,9.52413,9.524129999999998,186.0,186.0
2019-11-19 05:00:00,8.448825,8.448825,165.0,165.0
2019-11-19 06:00:00,7.936775,7.936775,155.0,155.0
2019-11-19 07:00:00,432.426225,432.426225,8445.0,8445.0
2019-11-19 08:00:00,108.75942,108.75942,2124.0,2124.0
2019-11-19 09:00:00,63.59661,63.59661,1242.0,1242.0
2019-11-19 10:00:00,96.98227000000001,96.98227000000003,1894.0,1894.0
2019-11-19 11:00:00,93.29551,93.29551,1822.0,1822.0
2019-11-19 12:00:00,208.09712,208.09712,4064.0,4064.0
2019-11-19 13:00:00,103.84374,103.84374,2028.0,2028.0
2019-11-19 14:00:00,97.34070500000001,97.34070500000001,1901.0,1901.0
2019-11-19 15:00:00,84.28343,84.28343,1646.0,1646.0
2019-11-19 16:00:00,70.6629,70.6629,1380.0,1380.0
2019-11-19 17:00:00,56.37670500000001,56.37670500000001,1101.0,1101.0
2019-11-19 18:00:00,213.72966999999994,213.72966999999994,4174.0,4174.0
2019-11-19 19:00:00,190.99464999999998,190.99464999999998,3730.0,3730.0
2019-11-19 20:00:00,206.86820000000003,206.86820000000003,4040.0,4040.0
2019-11-19 21:00:00,187.51270999999997,187.51270999999997,3662.0,3662.0
2019-11-19 22:00:00,9.319309999999998,9.31931,182.0,182.0
2019-11-19 23:00:00,10.548229999999998,10.548229999999998,206.0,206.0
2019-11-20 00:00:00,5.837369999999999,5.837369999999999,114.0,114.0
2019-11-20 01:00:00,8.295209999999999,8.295209999999999,162.0,162.0
2019-11-20 02:00:00,9.626539999999999,9.626539999999999,188.0,188.0
2019-11-20 03:00:00,9.83136,9.83136,192.0,192.0
2019-11-20 04:00:00,9.575335,9.575335,187.0,187.0
2019-11-20 05:00:00,10.394615,10.394615,203.0,203.0
2019-11-20 06:00:00,9.984975,9.984975,195.0,195.0
2019-11-20 07:00:00,445.27867999999995,445.27867999999995,8696.0,8696.0
2019-11-20 08:00:00,105.89194,105.89194,2068.0,2068.0
2019-11-20 09:00:00,79.82859499999998,79.82859499999998,1559.0,1559.0
2019-11-20 10:00:00,114.39197000000003,114.39197000000003,2234.0,2234.0
2019-11-20 11:00:00,98.72323999999999,98.72324,1928.0,1928.0
2019-11-20 12:00:00,207.58507,207.58507,4054.0,4054.0
2019-11-20 13:00:00,90.63285000000002,90.63285000000002,1770.0,1770.0
2019-11-20 14:00:00,95.49732500000002,95.49732500000002,1865.0,1865.0
2019-11-20 15:00:00,87.09970499999999,87.09970499999999,1701.0,1701.0
2019-11-20 16:00:00,59.80743999999999,59.80743999999999,1168.0,1168.0
2019-11-20 17:00:00,64.569505,64.569505,1261.0,1261.0
2019-11-20 18:00:00,173.840975,173.84097499999996,3395.0,3395.0
2019-11-20 19:00:00,202.72059499999997,202.72059499999997,3959.0,3959.0
2019-11-20 20:00:00,210.81098499999996,210.81098499999996,4117.0,4117.0
2019-11-20 21:00:00,186.59102,186.59102,3644.0,3644.0
2019-11-20 22:00:00,11.060279999999999,11.060279999999999,216.0,216.0
2019-11-20 23:00:00,8.448825,8.448825,165.0,165.0
2019-11-21 00:00:00,7.834365,7.834365,153.0,153.0
2019-11-21 01:00:00,10.701845,10.701845,209.0,209.0
2019-11-21 02:00:00,6.86147,6.86147,134.0,134.0
2019-11-21 03:00:00,11.623535,11.623535,227.0,227.0
2019-11-21 04:00:00,10.292205000000001,10.292205000000001,201.0,201.0
2019-11-21 05:00:00,8.807259999999998,8.807259999999998,172.0,172.0
2019-11-21 06:00:00,10.650640000000001,10.650640000000001,208.0,208.0
2019-11-21 07:00:00,446.5588049999999,446.5588049999999,8721.0,8721.0
2019-11-21 08:00:00,110.961235,110.961235,2167.0,2167.0
2019-11-21 09:00:00,70.714105,70.714105,1381.0,1381.0
2019-11-21 10:00:00,98.92805999999997,98.92805999999997,1932.0,1932.0
2019-11-21 11:00:00,104.61181499999999,104.61181499999999,2043.0,2043.0
2019-11-21 12:00:00,209.07001499999996,209.07001499999996,4083.0,4083.0
2019-11-21 13:00:00,97.75034499999998,97.75034499999998,1909.0,1909.0
2019-11-21 14:00:00,113.26546,113.26546,2212.0,2212.0
2019-11-21 15:00:00,105.22627500000003,105.22627500000003,2055.0,2055.0
2019-11-21 16:00:00,55.04537499999999,55.04537499999999,1075.0,1075.0
2019-11-21 17:00:00,67.28337,67.28337,1314.0,1314.0
2019-11-21 18:00:00,192.17236499999993,192.17236499999993,3753.0,3753.0
2019-11-21 19:00:00,188.280785,188.280785,3677.0,3677.0
2019-11-21 20:00:00,176.196405,176.196405,3441.0,3441.0
2019-11-21 21:00:00,202.87421000000003,202.87421000000003,3962.0,3962.0
2019-11-21 22:00:00,5.93978,5.93978,116.0,116.0
2019-11-21 23:00:00,13.876555000000002,13.876555000000002,271.0,271.0
2019-11-22 00:00:00,12.852455,12.852455,251.0,251.0
2019-11-22 01:00:00,6.759059999999999,6.759059999999998,132.0,132.0
2019-11-22 02:00:00,9.882564999999998,9.882564999999998,193.0,193.0
2019-11-22 03:00:00,10.599435000000001,10.599435000000001,207.0,207.0
2019-11-22 04:00:00,6.96388,6.96388,136.0,136.0
2019-11-22 05:00:00,10.087385,10.087385,197.0,197.0
2019-11-22 06:00:00,8.09039,8.09039,158.0,158.0
2019-11-22 07:00:00,447.58290499999987,447.5829049999999,8741.0,8741.0
2019-11-22 08:00:00,108.04254999999999,108.04254999999999,2110.0,2110.0
2019-11-22 09:00:00,91.1449,91.1449,1780.0,1780.0
2019-11-22 10:00:00,105.02145500000003,105.02145500000003,2051.0,2051.0
2019-11-22 11:00:00,96.31660500000001,96.31660500000001,1881.0,1881.0
2019-11-22 12:00:00,186.02776499999996,186.027765,3633.0,3633.0
2019-11-22 13:00:00,117.72029500000002,117.72029500000002,2299.0,2299.0
2019-11-22 14:00:00,102.71722999999999,102.71722999999999,2006.0,2006.0
2019-11-22 15:00:00,101.18108,101.18108,1976.0,1976.0
2019-11-22 16:00:00,58.732135,58.732135,1147.0,1147.0
2019-11-22 17:00:00,55.76224500000001,55.76224500000001,1089.0,1089.0
2019-11-22 18:00:00,198.36817,198.36817,3874.0,3874.0
2019-11-22 19:00:00,188.84403999999995,188.84403999999992,3688.0,3688.0
2019-11-22 20:00:00,211.57906000000003,211.57906000000006,4132.0,4132.0
2019-11-22 21:00:00,190.431395,190.431395,3719.0,3719.0
2019-11-22 22:00:00,7.57834,7.578340000000001,148.0,148.0
2019-11-22 23:00:00,13.00607,13.00607,254.0,254.0
2019-11-23 00:00:00,19.304285,19.304285,377.0,377.0
2019-11-23 01:00:00,17.92175,17.92175,350.0,350.0
2019-11-23 02:00:00,20.123565,20.123565,393.0,393.0
2019-11-23 03:00:00,18.792234999999998,18.792234999999998,367.0,367.0
2019-11-23 04:00:00,18.485004999999997,18.485004999999997,361.0,361.0
2019-11-23 05:00:00,25.448884999999994,25.448884999999994,497.0,497.0
2019-11-23 06:00:00,17.870545,17.870545,349.0,349.0
2019-11-23 07:00:00,415.221345,415.221345,8109.0,8109.0
2019-11-23 08:00:00,430.3780249999999,430.3780249999999,8405.0,8405.0
2019-11-23 09:00:00,113.77750999999999,113.77750999999999,2222.0,2222.0
2019-11-23 10:00:00,114.44317500000002,114.44317500000002,2235.0,2235.0
2019-11-23 11:00:00,74.196045,74.196045,1449.0,1449.0
2019-11-23 12:00:00,61.855639999999994,61.855639999999994,1208.0,1208.0
2019-11-23 13:00:00,69.28036499999999,69.28036499999999,1353.0,1353.0
2019-11-23 14:00:00,75.27134999999998,75.27134999999998,1470.0,1470.0
2019-11-23 15:00:00,246.44966499999998,246.44966499999995,4813.0,4813.0
2019-11-23 16:00:00,227.811045,227.811045,4449.0,4449.0
2019-11-23 17:00:00,39.786285,39.786285,777.0,777.0
2019-11-23 18:00:00,28.98203,28.98203,566.0,566.0
2019-11-23 19:00:00,36.253139999999995,36.253139999999995,708.0,708.0
2019-11-23 20:00:00,139.58483,139.58483,2726.0,2726.0
2019-11-23 21:00:00,152.59089999999998,152.59089999999998,2980.0,2980.0
2019-11-23 22:00:00,146.75353,146.75353000000004,2866.0,2866.0
2019-11-23 23:00:00,14.183785,14.183785,277.0,277.0
2019-11-24 00:00:00,24.219965000000002,24.219965000000002,473.0,473.0
2019-11-24 01:00:00,23.298275,23.298275000000004,455.0,455.0
2019-11-24 02:00:00,17.81934,17.81934,348.0,348.0
2019-11-24 03:00:00,24.629605,24.629605,481.0,481.0
2019-11-24 04:00:00,22.632609999999993,22.632609999999993,442.0,442.0
2019-11-24 05:00:00,14.439809999999998,14.439809999999998,282.0,282.0
2019-11-24 06:00:00,20.225975,20.225975,395.0,395.0
2019-11-24 07:00:00,428.68825999999996,428.68825999999996,8372.0,8372.0
2019-11-24 08:00:00,418.54967,418.54967,8174.0,8174.0
2019-11-24 09:00:00,118.38596,118.38596,2312.0,2312.0
2019-11-24 10:00:00,114.75040500000001,114.75040500000001,2241.0,2241.0
2019-11-24 11:00:00,75.16894,75.16894,1468.0,1468.0
2019-11-24 12:00:00,69.53639,69.53639,1358.0,1358.0
2019-11-24 13:00:00,70.45808,70.45808,1376.0,1376.0
2019-11-24 14:00:00,65.59360500000001,65.59360500000001,1281.0,1281.0
2019-11-24 15:00:00,241.38037000000003,241.38037000000003,4714.0,4714.0
2019-11-24 16:00:00,243.22375000000002,243.22375000000002,4750.0,4750.0
2019-11-24 17:00:00,39.42785,39.42785,770.0,770.0
2019-11-24 18:00:00,34.460965,34.460965,673.0,673.0
2019-11-24 19:00:00,39.63267,39.63267,774.0,774.0
2019-11-24 20:00:00,133.491435,133.491435,2607.0,2607.0
2019-11-24 21:00:00,137.38301499999997,137.38301499999997,2683.0,2683.0
2019-11-24 22:00:00,141.069775,141.069775,2755.0,2755.0
2019-11-24 23:00:00,16.18078,16.18078,316.0,316.0
2019-11-25 00:00:00,11.418714999999999,11.418714999999999,223.0,223.0
2019-11-25 01:00:00,10.753050000000002,10.753050000000002,210.0,210.0
2019-11-25 02:00:00,9.165695,9.165695,179.0,179.0
2019-11-25 03:00:00,12.596429999999998,12.596429999999998,246.0,246.0
2019-11-25 04:00:00,8.858464999999999,8.858464999999999,173.0,173.0
2019-11-25 05:00:00,8.29521,8.29521,162.0,162.0
2019-11-25 06:00:00,10.599435,10.599435,207.0,207.0
2019-11-25 07:00:00,422.64606999999995,422.6460699999999,8254.0,8254.0
2019-11-25 08:00:00,116.59378499999997,116.59378499999997,2277.0,2277.0
2019-11-25 09:00:00,74.7593,74.7593,1460.0,1460.0
2019-11-25 10:00:00,106.55760500000001,106.55760500000001,2081.0,2081.0
2019-11-25 11:00:00,101.18107999999998,101.18107999999998,1976.0,1976.0
2019-11-25 12:00:00,191.91634000000005,191.91634000000005,3748.0,3748.0
2019-11-25 13:00:00,91.34972000000003,91.34972000000003,1784.0,1784.0
2019-11-25 14:00:00,91.19610499999999,91.19610499999999,1781.0,1781.0
2019-11-25 15:00:00,99.3377,99.3377,1940.0,1940.0
2019-11-25 16:00:00,65.43999000000001,65.43999000000001,1278.0,1278.0
2019-11-25 17:00:00,74.55448,74.55448,1456.0,1456.0
2019-11-25 18:00:00,200.51878000000002,200.51878000000002,3916.0,3916.0
2019-11-25 19:00:00,199.08504,199.08504,3888.0,3888.0
2019-11-25 20:00:00,199.80191000000002,199.80191000000002,3902.0,3902.0
2019-11-25 21:00:00,221.30800999999997,221.30800999999997,4322.0,4322.0
2019-11-25 22:00:00,8.90967,8.90967,174.0,174.0
2019-11-25 23:00:00,8.192799999999998,8.192799999999998,160.0,160.0
2019-11-26 00:00:00,10.753049999999998,10.753049999999998,210.0,210.0
2019-11-26 01:00:00,11.2651,11.2651,220.0,220.0
2019-11-26 02:00:00,8.141594999999999,8.141594999999999,159.0,159.0
2019-11-26 03:00:00,9.575334999999999,9.575334999999999,187.0,187.0
2019-11-26 04:00:00,12.18679,12.18679,238.0,238.0
2019-11-26 05:00:00,10.497024999999999,10.497024999999999,205.0,205.0
2019-11-26 06:00:00,7.8855699999999995,7.8855699999999995,154.0,154.0
2019-11-26 07:00:00,421.365945,421.365945,8229.0,8229.0
2019-11-26 08:00:00,107.06965499999998,107.06965499999998,2091.0,2091.0
2019-11-26 09:00:00,72.04543500000001,72.04543500000001,1407.0,1407.0
2019-11-26 10:00:00,100.97626000000001,100.97626000000001,1972.0,1972.0
2019-11-26 11:00:00,99.38890500000001,99.38890500000001,1941.0,1941.0
2019-11-26 12:00:00,203.84710499999997,203.84710499999997,3981.0,3981.0
2019-11-26 13:00:00,111.57569500000001,111.57569500000001,2179.0,2179.0
2019-11-26 14:00:00,106.147965,106.147965,2073.0,2073.0
2019-11-26 15:00:00,99.90095500000002,99.90095500000002,1951.0,1951.0
2019-11-26 16:00:00,73.683995,73.683995,1439.0,1439.0
2019-11-26 17:00:00,61.65082,61.65082,1204.0,1204.0
2019-11-26 18:00:00,185.25969000000003,185.25969000000003,3618.0,3618.0
2019-11-26 19:00:00,198.57299000000003,198.57299000000003,3878.0,3878.0
2019-11-26 20:00:00,216.18750999999997,216.18751,4222.0,4222.0
2019-11-26 21:00:00,199.13624499999997,199.136245,3889.0,3889.0
2019-11-26 22:00:00,10.189795000000002,10.189795000000002,199.0,199.0
2019-11-26 23:00:00,12.750045,12.750044999999998,249.0,249.0
2019-11-27 00:00:00,12.494019999999999,12.494019999999999,244.0,244.0
2019-11-27 01:00:00,11.316305,11.316305,221.0,221.0
2019-11-27 02:00:00,6.963879999999999,6.96388,136.0,136.0
2019-11-27 03:00:00,11.213894999999999,11.213894999999999,219.0,219.0
2019-11-27 04:00:00,9.319310000000003,9.319310000000003,182.0,182.0
2019-11-27 05:00:00,9.677744999999998,9.677744999999998,189.0,189.0
2019-11-27 06:00:00,7.322315,7.322315,143.0,143.0
2019-11-27 07:00:00,449.98954,449.9895399999999,8788.0,8788.0
2019-11-27 08:00:00,114.03353500000001,114.033535,2227.0,2227.0
2019-11-27 09:00:00,78.75329,78.75329,1538.0,1538.0
2019-11-27 10:00:00,98.67203500000002,98.67203500000002,1927.0,1927.0
2019-11-27 11:00:00,108.75942000000002,108.75942000000002,2124.0,2124.0
2019-11-27 12:00:00,211.63026500000004,211.63026500000004,4133.0,4133.0
2019-11-27 13:00:00,104.86784000000002,104.86784000000002,2048.0,2048.0
2019-11-27 14:00:00,89.76236499999999,89.76236499999999,1753.0,1753.0
2019-11-27 15:00:00,96.98227000000001,96.98227000000003,1894.0,1894.0
2019-11-27 16:00:00,69.79241499999999,69.79241499999999,1363.0,1363.0
2019-11-27 17:00:00,56.735139999999994,56.735139999999994,1108.0,1108.0
2019-11-27 18:00:00,179.62714,179.62714,3508.0,3508.0
2019-11-27 19:00:00,209.63326999999998,209.63326999999995,4094.0,4094.0
2019-11-27 20:00:00,189.10006500000003,189.10006500000003,3693.0,3693.0
2019-11-27 21:00:00,200.67239500000002,200.67239500000002,3919.0,3919.0
2019-11-27 22:00:00,9.728949999999998,9.728949999999998,190.0,190.0
2019-11-27 23:00:00,9.52413,9.524129999999998,186.0,186.0
2019-11-28 00:00:00,11.060279999999999,11.060279999999999,216.0,216.0
2019-11-28 01:00:00,11.674740000000002,11.674740000000002,228.0,228.0
2019-11-28 02:00:00,11.930765000000003,11.930765000000003,233.0,233.0
2019-11-28 03:00:00,9.626540000000002,9.626540000000002,188.0,188.0
2019-11-28 04:00:00,8.653645,8.653645,169.0,169.0
2019-11-28 05:00:00,9.524129999999998,9.524129999999998,186.0,186.0
2019-11-28 06:00:00,13.569325000000001,13.569325000000003,265.0,265.0
2019-11-28 07:00:00,458.84800500000006,458.84800500000006,8961.0,8961.0
2019-11-28 08:00:00,111.47328499999998,111.47328499999996,2177.0,2177.0
2019-11-28 09:00:00,86.74127000000001,86.74127000000001,1694.0,1694.0
2019-11-28 10:00:00,103.485305,103.485305,2021.0,2021.0
2019-11-28 11:00:00,103.22927999999996,103.22927999999996,2016.0,2016.0
2019-11-28 12:00:00,201.286855,201.28685499999997,3931.0,3931.0
2019-11-28 13:00:00,96.77744999999997,96.77744999999997,1890.0,1890.0
2019-11-28 14:00:00,119.41006,119.41006,2332.0,2332.0
2019-11-28 15:00:00,100.10577500000001,100.10577500000001,1955.0,1955.0
2019-11-28 16:00:00,68.563495,68.563495,1339.0,1339.0
2019-11-28 17:00:00,78.19003500000001,78.19003500000001,1527.0,1527.0
2019-11-28 18:00:00,203.79589999999996,203.79589999999996,3980.0,3980.0
2019-11-28 19:00:00,203.07903000000002,203.07903000000002,3966.0,3966.0
2019-11-28 20:00:00,207.68747999999997,207.68747999999997,4056.0,4056.0
2019-11-28 21:00:00,204.25674499999994,204.25674499999994,3989.0,3989.0
2019-11-28 22:00:00,10.95787,10.95787,214.0,214.0
2019-11-28 23:00:00,10.650639999999997,10.650639999999997,208.0,208.0
2019-11-29 00:00:00,13.569325,13.569325,265.0,265.0
2019-11-29 01:00:00,7.015084999999999,7.015084999999999,137.0,137.0
2019-11-29 02:00:00,10.240999999999998,10.240999999999998,200.0,200.0
2019-11-29 03:00:00,9.72895,9.728950000000001,190.0,190.0
2019-11-29 04:00:00,9.933769999999997,9.933769999999997,194.0,194.0
2019-11-29 05:00:00,6.503034999999998,6.503034999999998,127.0,127.0
2019-11-29 06:00:00,10.701845,10.701845,209.0,209.0
2019-11-29 07:00:00,447.787725,447.787725,8745.0,8745.0
2019-11-29 08:00:00,124.01850999999999,124.01851,2422.0,2422.0
2019-11-29 09:00:00,75.32255500000001,75.32255500000001,1471.0,1471.0
2019-11-29 10:00:00,103.12686999999998,103.12686999999998,2014.0,2014.0
2019-11-29 11:00:00,103.17807499999999,103.17807499999999,2015.0,2015.0
2019-11-29 12:00:00,205.58807499999995,205.58807499999995,4015.0,4015.0
2019-11-29 13:00:00,119.25644499999999,119.25644499999999,2329.0,2329.0
2019-11-29 14:00:00,97.34070499999999,97.34070499999999,1901.0,1901.0
2019-11-29 15:00:00,95.70214499999999,95.70214499999999,1869.0,1869.0
2019-11-29 16:00:00,57.810445,57.810445,1129.0,1129.0
2019-11-29 17:00:00,62.98214999999999,62.98214999999999,1230.0,1230.0
2019-11-29 18:00:00,204.25674500000002,204.25674500000002,3989.0,3989.0
2019-11-29 19:00:00,201.082035,201.082035,3927.0,3927.0
2019-11-29 20:00:00,209.73567999999997,209.73567999999997,4096.0,4096.0
2019-11-29 21:00:00,184.95246,184.95246,3612.0,3612.0
2019-11-29 22:00:00,9.31931,9.31931,182.0,182.0
2019-11-29 23:00:00,10.599435,10.599435,207.0,207.0
2019-11-30 00:00:00,15.924755000000001,15.924755000000001,311.0,311.0
2019-11-30 01:00:00,18.587414999999996,18.587414999999996,363.0,363.0
2019-11-30 02:00:00,19.201875,19.201875,375.0,375.0
2019-11-30 03:00:00,19.662719999999997,19.662719999999997,384.0,384.0
2019-11-30 04:00:00,20.482,20.482,400.0,400.0
2019-11-30 05:00:00,20.584409999999995,20.58440999999999,402.0,402.0
2019-11-30 06:00:00,17.972955,17.972955,351.0,351.0
2019-11-30 07:00:00,396.63392999999996,396.63392999999996,7746.0,7746.0
2019-11-30 08:00:00,420.08582,420.08582,8204.0,8204.0
2019-11-30 09:00:00,111.11484999999999,111.11484999999999,2170.0,2170.0
2019-11-30 10:00:00,115.31366,115.31366,2252.0,2252.0
2019-11-30 11:00:00,89.60875000000001,89.60875000000001,1750.0,1750.0
2019-11-30 12:00:00,71.430975,71.430975,1395.0,1395.0
2019-11-30 13:00:00,75.27135000000001,75.27135000000001,1470.0,1470.0
2019-11-30 14:00:00,71.22615499999998,71.22615499999998,1391.0,1391.0
2019-11-30 15:00:00,250.23883499999997,250.23883499999997,4887.0,4887.0
2019-11-30 16:00:00,231.395395,231.395395,4519.0,4519.0
2019-11-30 17:00:00,34.20493999999999,34.20493999999999,668.0,668.0
2019-11-30 18:00:00,33.436865,33.436865,653.0,653.0
2019-11-30 19:00:00,37.942904999999996,37.942904999999996,741.0,741.0
2019-11-30 20:00:00,135.846865,135.846865,2653.0,2653.0
2019-11-30 21:00:00,139.636035,139.636035,2727.0,2727.0
2019-11-30 22:00:00,134.36192,134.36192,2624.0,2624.0
2019-11-30 23:00:00,16.846445,16.846445,329.0,329.0
2019-12-01 00:00:00,17.870545,17.870545,349.0,349.0
2019-12-01 01:00:00,19.04826,19.048259999999996,372.0,372.0
2019-12-01 02:00:00,17.972955000000002,17.972955000000002,351.0,351.0
2019-12-01 03:00:00,24.424785,24.424785,477.0,477.0
2019-12-01 04:00:00,21.557305,21.557305,421.0,421.0
2019-12-01 05:00:00,25.756114999999994,25.756114999999994,503.0,503.0
2019-12-01 06:00:00,19.918745,19.918745,389.0,389.0
2019-12-01 07:00:00,433.552735,433.552735,8467.0,8467.0
2019-12-01 08:00:00,422.74848,422.74848,8256.0,8256.0
2019-12-01 09:00:00,118.59077999999998,118.59077999999997,2316.0,2316.0
2019-12-01 10:00:00,121.81669500000001,121.81669500000001,2379.0,2379.0
2019-12-01 11:00:00,70.611695,70.611695,1379.0,1379.0
2019-12-01 12:00:00,67.89783,67.89783,1326.0,1326.0
2019-12-01 13:00:00,69.84362,69.84362,1364.0,1364.0
2019-12-01 14:00:00,77.72919,77.72919,1518.0,1518.0
2019-12-01 15:00:00,215.06099999999998,215.061,4200.0,4200.0
2019-12-01 16:00:00,230.47370500000002,230.47370500000002,4501.0,4501.0
2019-12-01 17:00:00,30.979025,30.979025,605.0,605.0
2019-12-01 18:00:00,41.88569,41.88569,818.0,818.0
2019-12-01 19:00:00,40.55436,40.554359999999996,792.0,792.0
2019-12-01 20:00:00,135.1812,135.1812,2640.0,2640.0
2019-12-01 21:00:00,115.05763499999998,115.05763499999998,2247.0,2247.0
2019-12-01 22:00:00,144.39809999999997,144.39809999999997,2820.0,2820.0
2019-12-01 23:00:00,17.563315,17.563315,343.0,343.0
2019-12-02 00:00:00,10.906665,10.906665,213.0,213.0
2019-12-02 01:00:00,9.063285,9.063285,177.0,177.0
2019-12-02 02:00:00,12.494019999999999,12.494019999999999,244.0,244.0
2019-12-02 03:00:00,11.162689999999998,11.162689999999998,218.0,218.0
2019-12-02 04:00:00,8.756055,8.756055,171.0,171.0
2019-12-02 05:00:00,13.00607,13.00607,254.0,254.0
2019-12-02 06:00:00,10.95787,10.95787,214.0,214.0
2019-12-02 07:00:00,444.86904,444.86904,8688.0,8688.0
2019-12-02 08:00:00,107.83773000000001,107.83773000000001,2106.0,2106.0
2019-12-02 09:00:00,84.539455,84.539455,1651.0,1651.0
2019-12-02 10:00:00,98.467215,98.467215,1923.0,1923.0
2019-12-02 11:00:00,105.78952999999998,105.78952999999998,2066.0,2066.0
2019-12-02 12:00:00,205.84410000000003,205.84410000000003,4020.0,4020.0
2019-12-02 13:00:00,102.05156500000001,102.05156500000001,1993.0,1993.0
2019-12-02 14:00:00,103.74132999999999,103.74132999999999,2026.0,2026.0
2019-12-02 15:00:00,99.54251999999998,99.54251999999998,1944.0,1944.0
2019-12-02 16:00:00,66.56649999999998,66.56649999999998,1300.0,1300.0
2019-12-02 17:00:00,54.68693999999999,54.68693999999999,1068.0,1068.0
2019-12-02 18:00:00,203.335055,203.335055,3971.0,3971.0
2019-12-02 19:00:00,202.77179999999998,202.77179999999998,3960.0,3960.0
2019-12-02 20:00:00,197.75371,197.75371,3862.0,3862.0
2019-12-02 21:00:00,195.96153499999997,195.96153499999994,3827.0,3827.0
2019-12-02 22:00:00,11.623535,11.623535,227.0,227.0
2019-12-02 23:00:00,10.138589999999999,10.138589999999999,198.0,198.0
2019-12-03 00:00:00,7.8855699999999995,7.8855699999999995,154.0,154.0
2019-12-03 01:00:00,9.984975000000004,9.984975000000002,195.0,195.0
2019-12-03 02:00:00,11.06028,11.06028,216.0,216.0
2019-12-03 03:00:00,7.78316,7.78316,152.0,152.0
2019-12-03 04:00:00,10.189794999999998,10.189794999999998,199.0,199.0
2019-12-03 05:00:00,12.084380000000001,12.084380000000001,236.0,236.0
2019-12-03 06:00:00,10.906665000000002,10.906665000000002,213.0,213.0
2019-12-03 07:00:00,456.2365500000001,456.2365500000001,8910.0,8910.0
2019-12-03 08:00:00,112.03654,112.03654,2188.0,2188.0
2019-12-03 09:00:00,81.00630999999998,81.00630999999998,1582.0,1582.0
2019-12-03 10:00:00,114.75040499999999,114.75040499999999,2241.0,2241.0
2019-12-03 11:00:00,101.334695,101.334695,1979.0,1979.0
2019-12-03 12:00:00,223.50982499999995,223.50982499999992,4365.0,4365.0
2019-12-03 13:00:00,95.34370999999999,95.34370999999999,1862.0,1862.0
2019-12-03 14:00:00,94.83166,94.83166000000001,1852.0,1852.0
2019-12-03 15:00:00,100.720235,100.720235,1967.0,1967.0
2019-12-03 16:00:00,69.53639,69.53639,1358.0,1358.0
2019-12-03 17:00:00,62.418894999999985,62.418894999999985,1219.0,1219.0
2019-12-03 18:00:00,210.19652500000004,210.19652500000004,4105.0,4105.0
2019-12-03 19:00:00,217.05799499999998,217.05799499999998,4239.0,4239.0
2019-12-03 20:00:00,197.08804499999997,197.08804499999997,3849.0,3849.0
2019-12-03 21:00:00,193.96453999999997,193.96453999999997,3788.0,3788.0
2019-12-03 22:00:00,12.033174999999998,12.033174999999998,235.0,235.0
2019-12-03 23:00:00,10.54823,10.548230000000002,206.0,206.0
2019-12-04 00:00:00,10.957869999999998,10.957869999999998,214.0,214.0
2019-12-04 01:00:00,12.647635000000003,12.647635000000003,247.0,247.0
2019-12-04 02:00:00,11.316305,11.316305,221.0,221.0
2019-12-04 03:00:00,12.08438,12.08438,236.0,236.0
2019-12-04 04:00:00,13.62053,13.62053,266.0,266.0
2019-12-04 05:00:00,8.80726,8.80726,172.0,172.0
2019-12-04 06:00:00,9.319310000000002,9.319310000000002,182.0,182.0
2019-12-04 07:00:00,455.00763,455.00763,8886.0,8886.0
2019-12-04 08:00:00,113.52148500000001,113.521485,2217.0,2217.0
2019-12-04 09:00:00,88.68706,88.68706,1732.0,1732.0
2019-12-04 10:00:00,101.28349000000001,101.28349000000001,1978.0,1978.0
2019-12-04 11:00:00,100.56662,100.56662,1964.0,1964.0
2019-12-04 12:00:00,210.04290999999998,210.04290999999998,4102.0,4102.0
2019-12-04 13:00:00,105.73832499999996,105.73832499999996,2065.0,2065.0
2019-12-04 14:00:00,99.54251999999998,99.54251999999998,1944.0,1944.0
2019-12-04 15:00:00,102.358795,102.358795,1999.0,1999.0
2019-12-04 16:00:00,71.99423000000002,71.99423000000002,1406.0,1406.0
2019-12-04 17:00:00,66.105655,66.105655,1291.0,1291.0
2019-12-04 18:00:00,208.40435,208.40435000000002,4070.0,4070.0
2019-12-04 19:00:00,202.92541499999996,202.92541499999996,3963.0,3963.0
2019-12-04 20:00:00,206.97061,206.97061,4042.0,4042.0
2019-12-04 21:00:00,205.07602499999996,205.07602499999996,4005.0,4005.0
2019-12-04 22:00:00,12.903660000000002,12.903660000000002,252.0,252.0
2019-12-04 23:00:00,9.165695000000001,9.165695000000001,179.0,179.0
2019-12-05 00:00:00,8.704849999999999,8.704849999999999,170.0,170.0
2019-12-05 01:00:00,12.596429999999998,12.596429999999998,246.0,246.0
2019-12-05 02:00:00,11.623535000000002,11.623535000000002,227.0,227.0
2019-12-05 03:00:00,14.081375,14.081375,275.0,275.0
2019-12-05 04:00:00,9.216899999999999,9.216899999999999,180.0,180.0
2019-12-05 05:00:00,7.27111,7.27111,142.0,142.0
2019-12-05 06:00:00,7.57834,7.578340000000001,148.0,148.0
2019-12-05 07:00:00,468.93539000000004,468.93539000000004,9158.0,9158.0
2019-12-05 08:00:00,107.94014,107.94014,2108.0,2108.0
2019-12-05 09:00:00,60.72912999999999,60.72912999999999,1186.0,1186.0
2019-12-05 10:00:00,105.73832499999997,105.73832499999997,2065.0,2065.0
2019-12-05 11:00:00,111.063645,111.063645,2169.0,2169.0
2019-12-05 12:00:00,195.24466500000003,195.24466500000003,3813.0,3813.0
2019-12-05 13:00:00,102.256385,102.256385,1997.0,1997.0
2019-12-05 14:00:00,115.16004499999998,115.16004499999998,2249.0,2249.0
2019-12-05 15:00:00,95.95817,95.95817000000001,1874.0,1874.0
2019-12-05 16:00:00,67.79541999999998,67.79541999999998,1324.0,1324.0
2019-12-05 17:00:00,60.11466999999999,60.11467,1174.0,1174.0
2019-12-05 18:00:00,184.79884499999994,184.79884499999994,3609.0,3609.0
2019-12-05 19:00:00,193.09405500000003,193.09405500000003,3771.0,3771.0
2019-12-05 20:00:00,204.82000000000002,204.82000000000002,4000.0,4000.0
2019-12-05 21:00:00,211.42544499999997,211.42544499999997,4129.0,4129.0
2019-12-05 22:00:00,9.677745,9.677745,189.0,189.0
2019-12-05 23:00:00,10.75305,10.753050000000002,210.0,210.0
2019-12-06 00:00:00,6.554239999999999,6.554239999999999,128.0,128.0
2019-12-06 01:00:00,9.063284999999999,9.063284999999999,177.0,177.0
2019-12-06 02:00:00,9.728950000000001,9.728950000000001,190.0,190.0
2019-12-06 03:00:00,9.83136,9.83136,192.0,192.0
2019-12-06 04:00:00,7.987979999999999,7.987979999999999,156.0,156.0
2019-12-06 05:00:00,11.572330000000001,11.572330000000001,226.0,226.0
2019-12-06 06:00:00,11.213895,11.213895,219.0,219.0
2019-12-06 07:00:00,462.125125,462.125125,9025.0,9025.0
2019-12-06 08:00:00,105.63591499999998,105.63591499999998,2063.0,2063.0
2019-12-06 09:00:00,83.9762,83.9762,1640.0,1640.0
2019-12-06 10:00:00,105.4823,105.4823,2060.0,2060.0
2019-12-06 11:00:00,102.00035999999996,102.00035999999996,1992.0,1992.0
2019-12-06 12:00:00,197.13924999999998,197.13924999999998,3850.0,3850.0
2019-12-06 13:00:00,101.69312999999998,101.69312999999998,1986.0,1986.0
2019-12-06 14:00:00,112.34376999999999,112.34376999999999,2194.0,2194.0
2019-12-06 15:00:00,100.05456999999998,100.05456999999998,1954.0,1954.0
2019-12-06 16:00:00,70.81651500000001,70.81651500000001,1383.0,1383.0
2019-12-06 17:00:00,68.25626499999998,68.25626499999998,1333.0,1333.0
2019-12-06 18:00:00,191.76272500000002,191.76272500000002,3745.0,3745.0
2019-12-06 19:00:00,201.44047,201.44047,3934.0,3934.0
2019-12-06 20:00:00,202.31095500000004,202.31095500000004,3951.0,3951.0
2019-12-06 21:00:00,192.47959500000002,192.47959500000002,3759.0,3759.0
2019-12-06 22:00:00,10.599434999999998,10.599434999999998,207.0,207.0
2019-12-06 23:00:00,9.268105,9.268105,181.0,181.0
2019-12-07 00:00:00,16.79524,16.79524,328.0,328.0
2019-12-07 01:00:00,26.012140000000002,26.012140000000002,508.0,508.0
2019-12-07 02:00:00,23.759120000000003,23.759120000000003,464.0,464.0
2019-12-07 03:00:00,24.527195,24.527195,479.0,479.0
2019-12-07 04:00:00,17.153675000000003,17.153675000000003,335.0,335.0
2019-12-07 05:00:00,26.472985,26.472985,517.0,517.0
2019-12-07 06:00:00,19.76513,19.76513,386.0,386.0
2019-12-07 07:00:00,434.01358,434.01358,8476.0,8476.0
2019-12-07 08:00:00,439.492515,439.492515,8583.0,8583.0
2019-12-07 09:00:00,114.18714999999999,114.18714999999997,2230.0,2230.0
2019-12-07 10:00:00,103.280485,103.280485,2017.0,2017.0
2019-12-07 11:00:00,82.33764,82.33764,1608.0,1608.0
2019-12-07 12:00:00,64.51830000000001,64.51830000000001,1260.0,1260.0
2019-12-07 13:00:00,75.57858,75.57858000000002,1476.0,1476.0
2019-12-07 14:00:00,79.26534000000001,79.26534000000001,1548.0,1548.0
2019-12-07 15:00:00,230.064065,230.064065,4493.0,4493.0
2019-12-07 16:00:00,256.076205,256.076205,5001.0,5001.0
2019-12-07 17:00:00,33.641685,33.641685,657.0,657.0
2019-12-07 18:00:00,40.810385000000004,40.81038500000001,797.0,797.0
2019-12-07 19:00:00,37.533265,37.53326499999999,733.0,733.0
2019-12-07 20:00:00,140.250495,140.250495,2739.0,2739.0
2019-12-07 21:00:00,135.59084000000001,135.59084000000001,2648.0,2648.0
2019-12-07 22:00:00,146.804735,146.804735,2867.0,2867.0
2019-12-07 23:00:00,19.918744999999998,19.918744999999998,389.0,389.0
2019-12-08 00:00:00,21.91574,21.91574,428.0,428.0
2019-12-08 01:00:00,21.60851,21.60851,422.0,422.0
2019-12-08 02:00:00,17.153674999999996,17.153674999999996,335.0,335.0
2019-12-08 03:00:00,20.17477,20.17477,394.0,394.0
2019-12-08 04:00:00,23.759119999999996,23.759119999999996,464.0,464.0
2019-12-08 05:00:00,18.280185,18.280185,357.0,357.0
2019-12-08 06:00:00,20.37959,20.37959,398.0,398.0
2019-12-08 07:00:00,435.14008999999993,435.14008999999993,8498.0,8498.0
2019-12-08 08:00:00,444.45939999999996,444.45939999999996,8680.0,8680.0
2019-12-08 09:00:00,113.93112500000002,113.93112500000002,2225.0,2225.0
2019-12-08 10:00:00,124.06971499999999,124.06971499999997,2423.0,2423.0
2019-12-08 11:00:00,104.20217500000001,104.20217500000001,2035.0,2035.0
2019-12-08 12:00:00,71.943025,71.943025,1405.0,1405.0
2019-12-08 13:00:00,75.22014500000002,75.22014500000002,1469.0,1469.0
2019-12-08 14:00:00,68.30747000000001,68.30747000000001,1334.0,1334.0
2019-12-08 15:00:00,233.08515999999997,233.08515999999997,4552.0,4552.0
2019-12-08 16:00:00,221.61524000000006,221.61524000000006,4328.0,4328.0
2019-12-08 17:00:00,39.530260000000006,39.530260000000006,772.0,772.0
2019-12-08 18:00:00,36.45795999999999,36.45796,712.0,712.0
2019-12-08 19:00:00,38.147725,38.147725,745.0,745.0
2019-12-08 20:00:00,138.509525,138.509525,2705.0,2705.0
2019-12-08 21:00:00,157.50658,157.50658,3076.0,3076.0
2019-12-08 22:00:00,143.52761499999997,143.52761499999997,2803.0,2803.0
2019-12-08 23:00:00,13.722940000000001,13.722940000000001,268.0,268.0
2019-12-09 00:00:00,10.497024999999999,10.497024999999999,205.0,205.0
2019-12-09 01:00:00,9.984975,9.984975,195.0,195.0
2019-12-09 02:00:00,11.316305000000003,11.316305000000003,221.0,221.0
2019-12-09 03:00:00,11.06028,11.06028,216.0,216.0
2019-12-09 04:00:00,8.70485,8.70485,170.0,170.0
2019-12-09 05:00:00,7.68075,7.680750000000001,150.0,150.0
2019-12-09 06:00:00,6.656649999999999,6.656649999999999,130.0,130.0
2019-12-09 07:00:00,443.94735,443.94735,8670.0,8670.0
2019-12-09 08:00:00,116.184145,116.184145,2269.0,2269.0
2019-12-09 09:00:00,73.991225,73.99122499999999,1445.0,1445.0
2019-12-09 10:00:00,104.81663499999998,104.81663499999998,2047.0,2047.0
2019-12-09 11:00:00,106.04555499999996,106.04555499999995,2071.0,2071.0
2019-12-09 12:00:00,199.75070499999998,199.75070499999998,3901.0,3901.0
2019-12-09 13:00:00,112.80461499999997,112.80461499999997,2203.0,2203.0
2019-12-09 14:00:00,104.04856,104.04856,2032.0,2032.0
2019-12-09 15:00:00,89.60875,89.60875,1750.0,1750.0
2019-12-09 16:00:00,72.25025500000001,72.25025500000001,1411.0,1411.0
2019-12-09 17:00:00,69.02434,69.02434,1348.0,1348.0
2019-12-09 18:00:00,204.82,204.82,4000.0,4000.0
2019-12-09 19:00:00,188.94645000000003,188.94645000000003,3690.0,3690.0
2019-12-09 20:00:00,213.72966999999994,213.72966999999994,4174.0,4174.0
2019-12-09 21:00:00,205.07602500000002,205.07602500000002,4005.0,4005.0
2019-12-09 22:00:00,11.367510000000001,11.367510000000003,222.0,222.0
2019-12-09 23:00:00,9.52413,9.524129999999998,186.0,186.0
2019-12-10 00:00:00,10.241,10.241,200.0,200.0
2019-12-10 01:00:00,12.545225,12.545224999999999,245.0,245.0
2019-12-10 02:00:00,9.93377,9.93377,194.0,194.0
2019-12-10 03:00:00,9.2169,9.2169,180.0,180.0
2019-12-10 04:00:00,13.927760000000003,13.927760000000003,272.0,272.0
2019-12-10 05:00:00,12.596429999999998,12.596429999999998,246.0,246.0
2019-12-10 06:00:00,6.861470000000001,6.861470000000001,134.0,134.0
2019-12-10 07:00:00,445.43229499999995,445.43229499999995,8699.0,8699.0
2019-12-10 08:00:00,113.11184500000002,113.11184500000002,2209.0,2209.0
2019-12-10 09:00:00,83.25933000000002,83.25933000000002,1626.0,1626.0
2019-12-10 10:00:00,110.75641500000002,110.75641500000002,2163.0,2163.0
2019-12-10 11:00:00,119.20524,119.20524,2328.0,2328.0
2019-12-10 12:00:00,204.46156499999995,204.46156499999995,3993.0,3993.0
2019-12-10 13:00:00,115.979325,115.979325,2265.0,2265.0
2019-12-10 14:00:00,101.18108000000002,101.18108000000002,1976.0,1976.0
2019-12-10 15:00:00,95.65093999999998,95.65093999999998,1868.0,1868.0
2019-12-10 16:00:00,66.77131999999999,66.77131999999999,1304.0,1304.0
2019-12-10 17:00:00,74.91291500000003,74.91291500000004,1463.0,1463.0
2019-12-10 18:00:00,205.485665,205.485665,4013.0,4013.0
2019-12-10 19:00:00,208.30194000000003,208.30194,4068.0,4068.0
2019-12-10 20:00:00,218.491735,218.491735,4267.0,4267.0
2019-12-10 21:00:00,209.32603999999992,209.32603999999992,4088.0,4088.0
2019-12-10 22:00:00,10.906665,10.906665,213.0,213.0
2019-12-10 23:00:00,8.39762,8.39762,164.0,164.0
2019-12-11 00:00:00,10.701844999999999,10.701844999999999,209.0,209.0
2019-12-11 01:00:00,12.647635,12.647635,247.0,247.0
2019-12-11 02:00:00,10.241,10.241,200.0,200.0
2019-12-11 03:00:00,14.74704,14.747039999999998,288.0,288.0
2019-12-11 04:00:00,8.1928,8.1928,160.0,160.0
2019-12-11 05:00:00,10.85546,10.85546,212.0,212.0
2019-12-11 06:00:00,10.343409999999999,10.343409999999999,202.0,202.0
2019-12-11 07:00:00,444.15216999999996,444.15216999999996,8674.0,8674.0
2019-12-11 08:00:00,103.33168999999998,103.33168999999998,2018.0,2018.0
2019-12-11 09:00:00,72.71110000000002,72.71110000000002,1420.0,1420.0
2019-12-11 10:00:00,103.33169000000002,103.33169000000002,2018.0,2018.0
2019-12-11 11:00:00,98.82565,98.82565,1930.0,1930.0
2019-12-11 12:00:00,207.73868500000003,207.738685,4057.0,4057.0
2019-12-11 13:00:00,116.69619500000002,116.69619500000002,2279.0,2279.0
2019-12-11 14:00:00,98.46721500000001,98.46721500000001,1923.0,1923.0
2019-12-11 15:00:00,97.39191000000001,97.39191000000001,1902.0,1902.0
2019-12-11 16:00:00,62.26527999999999,62.26527999999999,1216.0,1216.0
2019-12-11 17:00:00,72.19905000000001,72.19905000000001,1410.0,1410.0
2019-12-11 18:00:00,211.01580500000006,211.01580500000006,4121.0,4121.0
2019-12-11 19:00:00,197.24166000000002,197.24166000000005,3852.0,3852.0
2019-12-11 20:00:00,189.202475,189.20247499999996,3695.0,3695.0
2019-12-11 21:00:00,224.38030999999998,224.38030999999998,4382.0,4382.0
2019-12-11 22:00:00,8.858464999999999,8.858464999999999,173.0,173.0
2019-12-11 23:00:00,10.95787,10.95787,214.0,214.0
2019-12-12 00:00:00,11.725945000000003,11.725945000000003,229.0,229.0
2019-12-12 01:00:00,9.728950000000001,9.728950000000001,190.0,190.0
2019-12-12 02:00:00,16.48801,16.48801,322.0,322.0
2019-12-12 03:00:00,10.44582,10.44582,204.0,204.0
2019-12-12 04:00:00,11.16269,11.16269,218.0,218.0
2019-12-12 05:00:00,7.0662899999999995,7.066289999999999,138.0,138.0
2019-12-12 06:00:00,11.674739999999998,11.674739999999998,228.0,228.0
2019-12-12 07:00:00,456.23654999999997,456.23654999999997,8910.0,8910.0
2019-12-12 08:00:00,102.51241,102.51241000000002,2002.0,2002.0
2019-12-12 09:00:00,77.62678,77.62678,1516.0,1516.0
2019-12-12 10:00:00,95.70214499999999,95.70214499999999,1869.0,1869.0
2019-12-12 11:00:00,101.33469500000001,101.33469500000001,1979.0,1979.0
2019-12-12 12:00:00,216.13630499999996,216.13630499999996,4221.0,4221.0
2019-12-12 13:00:00,101.12987499999998,101.12987499999998,1975.0,1975.0
2019-12-12 14:00:00,111.67810499999997,111.67810499999997,2181.0,2181.0
2019-12-12 15:00:00,104.45820000000003,104.45820000000003,2040.0,2040.0
2019-12-12 16:00:00,65.64480999999999,65.64480999999999,1282.0,1282.0
2019-12-12 17:00:00,61.44599999999999,61.44599999999999,1200.0,1200.0
2019-12-12 18:00:00,205.74169,205.74169,4018.0,4018.0
2019-12-12 19:00:00,210.55496,210.55496,4112.0,4112.0
2019-12-12 20:00:00,208.250735,208.250735,4067.0,4067.0
2019-12-12 21:00:00,196.62720000000002,196.62720000000002,3840.0,3840.0
2019-12-12 22:00:00,8.192799999999998,8.192799999999998,160.0,160.0
2019-12-12 23:00:00,9.83136,9.83136,192.0,192.0
2019-12-13 00:00:00,7.731955,7.731955,151.0,151.0
2019-12-13 01:00:00,11.521125,11.521125,225.0,225.0
2019-12-13 02:00:00,11.36751,11.36751,222.0,222.0
2019-12-13 03:00:00,13.3133,13.3133,260.0,260.0
2019-12-13 04:00:00,7.885569999999999,7.885569999999999,154.0,154.0
2019-12-13 05:00:00,11.367510000000003,11.367510000000003,222.0,222.0
2019-12-13 06:00:00,9.83136,9.83136,192.0,192.0
2019-12-13 07:00:00,475.69445,475.69445,9290.0,9290.0
2019-12-13 08:00:00,107.01844999999997,107.01844999999997,2090.0,2090.0
2019-12-13 09:00:00,79.98221,79.98221,1562.0,1562.0
2019-12-13 10:00:00,113.36787,113.36787,2214.0,2214.0
2019-12-13 11:00:00,115.82570999999999,115.82570999999997,2262.0,2262.0
2019-12-13 12:00:00,202.61818500000004,202.61818500000004,3957.0,3957.0
2019-12-13 13:00:00,95.54853,95.54853,1866.0,1866.0
2019-12-13 14:00:00,100.92505499999999,100.92505499999999,1971.0,1971.0
2019-12-13 15:00:00,103.38289500000002,103.38289500000002,2019.0,2019.0
2019-12-13 16:00:00,71.99422999999999,71.99422999999999,1406.0,1406.0
2019-12-13 17:00:00,67.02734500000003,67.02734500000003,1309.0,1309.0
2019-12-13 18:00:00,202.51577499999996,202.515775,3955.0,3955.0
2019-12-13 19:00:00,186.89825000000002,186.89825000000002,3650.0,3650.0
2019-12-13 20:00:00,201.90131499999998,201.90131499999998,3943.0,3943.0
2019-12-13 21:00:00,200.00672999999995,200.00672999999995,3906.0,3906.0
2019-12-13 22:00:00,11.521124999999998,11.521125,225.0,225.0
2019-12-13 23:00:00,10.753049999999998,10.753049999999998,210.0,210.0
2019-12-14 00:00:00,19.867539999999998,19.86754,388.0,388.0
2019-12-14 01:00:00,23.14466,23.14466,452.0,452.0
2019-12-14 02:00:00,26.677805,26.677805,521.0,521.0
2019-12-14 03:00:00,24.066350000000003,24.066350000000003,470.0,470.0
2019-12-14 04:00:00,20.78923,20.78923,406.0,406.0
2019-12-14 05:00:00,19.048260000000003,19.048260000000003,372.0,372.0
2019-12-14 06:00:00,20.89164,20.89164,408.0,408.0
2019-12-14 07:00:00,460.23053999999996,460.23053999999996,8988.0,8988.0
2019-12-14 08:00:00,429.149105,429.149105,8381.0,8381.0
2019-12-14 09:00:00,113.419075,113.419075,2215.0,2215.0
2019-12-14 10:00:00,122.635975,122.635975,2395.0,2395.0
2019-12-14 11:00:00,100.105775,100.105775,1955.0,1955.0
2019-12-14 12:00:00,85.40993999999998,85.40993999999998,1668.0,1668.0
2019-12-14 13:00:00,63.80143,63.80143,1246.0,1246.0
2019-12-14 14:00:00,68.15385500000001,68.15385500000001,1331.0,1331.0
2019-12-14 15:00:00,237.539995,237.53999499999998,4639.0,4639.0
2019-12-14 16:00:00,240.612295,240.612295,4699.0,4699.0
2019-12-14 17:00:00,36.66278,36.66278,716.0,716.0
2019-12-14 18:00:00,30.159745000000004,30.159745,589.0,589.0
2019-12-14 19:00:00,40.093515,40.093515,783.0,783.0
2019-12-14 20:00:00,128.985395,128.985395,2519.0,2519.0
2019-12-14 21:00:00,150.44028999999998,150.44028999999998,2938.0,2938.0
2019-12-14 22:00:00,155.509585,155.509585,3037.0,3037.0
2019-12-14 23:00:00,16.79524,16.79524,328.0,328.0
2019-12-15 00:00:00,18.024160000000002,18.024160000000002,352.0,352.0
2019-12-15 01:00:00,16.89765,16.89765,330.0,330.0
2019-12-15 02:00:00,17.768135,17.768135,347.0,347.0
2019-12-15 03:00:00,19.406695,19.406695,379.0,379.0
2019-12-15 04:00:00,22.83743,22.83743,446.0,446.0
2019-12-15 05:00:00,19.201875,19.201875,375.0,375.0
2019-12-15 06:00:00,16.334394999999997,16.334394999999997,319.0,319.0
2019-12-15 07:00:00,438.4684149999999,438.4684149999999,8563.0,8563.0
2019-12-15 08:00:00,453.11304499999994,453.11304499999994,8849.0,8849.0
2019-12-15 09:00:00,115.62089000000002,115.62089000000002,2258.0,2258.0
2019-12-15 10:00:00,120.63897999999998,120.63897999999998,2356.0,2356.0
2019-12-15 11:00:00,90.68405500000001,90.68405500000001,1771.0,1771.0
2019-12-15 12:00:00,74.605685,74.605685,1457.0,1457.0
2019-12-15 13:00:00,70.15084999999998,70.15084999999998,1370.0,1370.0
2019-12-15 14:00:00,76.60267999999999,76.60267999999999,1496.0,1496.0
2019-12-15 15:00:00,234.31408,234.31408,4576.0,4576.0
2019-12-15 16:00:00,230.064065,230.064065,4493.0,4493.0
2019-12-15 17:00:00,38.09652,38.09651999999999,744.0,744.0
2019-12-15 18:00:00,36.09952499999999,36.09952499999999,705.0,705.0
2019-12-15 19:00:00,35.43386,35.43386,692.0,692.0
2019-12-15 20:00:00,141.73543999999998,141.73543999999998,2768.0,2768.0
2019-12-15 21:00:00,142.24749,142.24749,2778.0,2778.0
2019-12-15 22:00:00,155.407175,155.407175,3035.0,3035.0
2019-12-15 23:00:00,19.406695000000003,19.406695000000003,379.0,379.0
2019-12-16 00:00:00,11.2651,11.2651,220.0,220.0
2019-12-16 01:00:00,7.27111,7.27111,142.0,142.0
2019-12-16 02:00:00,6.656649999999999,6.656649999999999,130.0,130.0
2019-12-16 03:00:00,5.42773,5.42773,106.0,106.0
2019-12-16 04:00:00,10.650640000000001,10.650640000000001,208.0,208.0
2019-12-16 05:00:00,12.750045,12.750044999999998,249.0,249.0
2019-12-16 06:00:00,10.343409999999999,10.343409999999999,202.0,202.0
2019-12-16 07:00:00,458.69438999999994,458.69438999999994,8958.0,8958.0
2019-12-16 08:00:00,108.34977999999995,108.34977999999995,2116.0,2116.0
2019-12-16 09:00:00,69.6388,69.6388,1360.0,1360.0
2019-12-16 10:00:00,107.12086,107.12086,2092.0,2092.0
2019-12-16 11:00:00,98.31359999999998,98.31359999999998,1920.0,1920.0
2019-12-16 12:00:00,203.28385,203.28385,3970.0,3970.0
2019-12-16 13:00:00,108.04255,108.04254999999999,2110.0,2110.0
2019-12-16 14:00:00,104.09976499999999,104.09976499999999,2033.0,2033.0
2019-12-16 15:00:00,97.75034500000001,97.75034500000001,1909.0,1909.0
2019-12-16 16:00:00,72.30146000000002,72.30146000000002,1412.0,1412.0
2019-12-16 17:00:00,67.38578,67.38578,1316.0,1316.0
2019-12-16 18:00:00,209.53086000000002,209.53086000000002,4092.0,4092.0
2019-12-16 19:00:00,204.66638499999996,204.666385,3997.0,3997.0
2019-12-16 20:00:00,216.033895,216.033895,4219.0,4219.0
2019-12-16 21:00:00,193.196465,193.196465,3773.0,3773.0
2019-12-16 22:00:00,13.313299999999998,13.313299999999998,260.0,260.0
2019-12-16 23:00:00,9.216899999999999,9.216899999999999,180.0,180.0
2019-12-17 00:00:00,7.68075,7.680750000000001,150.0,150.0
2019-12-17 01:00:00,10.65064,10.65064,208.0,208.0
2019-12-17 02:00:00,5.63255,5.63255,110.0,110.0
2019-12-17 03:00:00,9.626539999999999,9.626539999999999,188.0,188.0
2019-12-17 04:00:00,9.882565,9.882565,193.0,193.0
2019-12-17 05:00:00,9.780155,9.780155,191.0,191.0
2019-12-17 06:00:00,7.06629,7.06629,138.0,138.0
2019-12-17 07:00:00,457.0558299999999,457.0558299999999,8926.0,8926.0
2019-12-17 08:00:00,110.449185,110.449185,2157.0,2157.0
2019-12-17 09:00:00,84.07861000000003,84.07861000000003,1642.0,1642.0
2019-12-17 10:00:00,106.19916999999998,106.19916999999998,2074.0,2074.0
2019-12-17 11:00:00,102.41000000000001,102.41000000000001,2000.0,2000.0
2019-12-17 12:00:00,219.31101500000003,219.31101500000003,4283.0,4283.0
2019-12-17 13:00:00,110.858825,110.858825,2165.0,2165.0
2019-12-17 14:00:00,101.89795000000004,101.89795000000004,1990.0,1990.0
2019-12-17 15:00:00,94.31960999999997,94.31960999999997,1842.0,1842.0
2019-12-17 16:00:00,75.93701499999999,75.93701499999999,1483.0,1483.0
2019-12-17 17:00:00,58.476110000000006,58.476110000000006,1142.0,1142.0
2019-12-17 18:00:00,221.51282999999998,221.51282999999998,4326.0,4326.0
2019-12-17 19:00:00,209.07001499999998,209.07001499999996,4083.0,4083.0
2019-12-17 20:00:00,199.39226999999997,199.39226999999997,3894.0,3894.0
2019-12-17 21:00:00,213.16641499999997,213.16641499999997,4163.0,4163.0
2019-12-17 22:00:00,8.858464999999999,8.858464999999999,173.0,173.0
2019-12-17 23:00:00,12.954865,12.954865000000002,253.0,253.0
2019-12-18 00:00:00,13.569325000000003,13.569325000000003,265.0,265.0
2019-12-18 01:00:00,10.087385,10.087385,197.0,197.0
2019-12-18 02:00:00,10.599435000000001,10.599435000000001,207.0,207.0
2019-12-18 03:00:00,10.189795,10.189795,199.0,199.0
2019-12-18 04:00:00,8.756055,8.756055,171.0,171.0
2019-12-18 05:00:00,8.295209999999999,8.295209999999999,162.0,162.0
2019-12-18 06:00:00,9.063284999999999,9.063284999999999,177.0,177.0
2019-12-18 07:00:00,458.131135,458.131135,8947.0,8947.0
2019-12-18 08:00:00,115.41607,115.41607,2254.0,2254.0
2019-12-18 09:00:00,87.15091,87.15091000000001,1702.0,1702.0
2019-12-18 10:00:00,101.48831000000001,101.48831000000001,1982.0,1982.0
2019-12-18 11:00:00,103.84374000000001,103.84374000000001,2028.0,2028.0
2019-12-18 12:00:00,193.14526,193.14526,3772.0,3772.0
2019-12-18 13:00:00,115.72329999999998,115.72329999999998,2260.0,2260.0
2019-12-18 14:00:00,113.47028,113.47028,2216.0,2216.0
2019-12-18 15:00:00,113.31666500000003,113.31666500000003,2213.0,2213.0
2019-12-18 16:00:00,60.165875,60.165875,1175.0,1175.0
2019-12-18 17:00:00,63.186969999999995,63.186969999999995,1234.0,1234.0
2019-12-18 18:00:00,202.77179999999996,202.77179999999996,3960.0,3960.0
2019-12-18 19:00:00,189.714525,189.714525,3705.0,3705.0
2019-12-18 20:00:00,190.27778000000004,190.27778000000004,3716.0,3716.0
2019-12-18 21:00:00,222.74174999999997,222.74174999999997,4350.0,4350.0
2019-12-18 22:00:00,9.780154999999999,9.780154999999999,191.0,191.0
2019-12-18 23:00:00,9.677745,9.677745,189.0,189.0
2019-12-19 00:00:00,15.310295000000002,15.310295000000002,299.0,299.0
2019-12-19 01:00:00,8.960875,8.960875,175.0,175.0
2019-12-19 02:00:00,11.930764999999997,11.930764999999997,233.0,233.0
2019-12-19 03:00:00,7.731955000000001,7.731955000000001,151.0,151.0
2019-12-19 04:00:00,12.289199999999997,12.289199999999997,240.0,240.0
2019-12-19 05:00:00,13.671735000000002,13.671735000000002,267.0,267.0
2019-12-19 06:00:00,11.06028,11.06028,216.0,216.0
2019-12-19 07:00:00,436.2665999999999,436.2665999999999,8520.0,8520.0
2019-12-19 08:00:00,107.786525,107.786525,2105.0,2105.0
2019-12-19 09:00:00,75.73219499999999,75.73219499999999,1479.0,1479.0
2019-12-19 10:00:00,104.15097000000002,104.15097,2034.0,2034.0
2019-12-19 11:00:00,101.48830999999998,101.48830999999998,1982.0,1982.0
2019-12-19 12:00:00,222.895365,222.895365,4353.0,4353.0
2019-12-19 13:00:00,110.39798000000002,110.39798000000002,2156.0,2156.0
2019-12-19 14:00:00,112.75340999999997,112.75340999999997,2202.0,2202.0
2019-12-19 15:00:00,99.54252000000001,99.54252000000001,1944.0,1944.0
2019-12-19 16:00:00,70.97013000000001,70.97013000000001,1386.0,1386.0
2019-12-19 17:00:00,71.53338499999998,71.53338499999998,1397.0,1397.0
2019-12-19 18:00:00,203.38625999999996,203.38625999999996,3972.0,3972.0
2019-12-19 19:00:00,220.89836999999997,220.89836999999997,4314.0,4314.0
2019-12-19 20:00:00,209.479655,209.479655,4091.0,4091.0
2019-12-19 21:00:00,202.823005,202.823005,3961.0,3961.0
2019-12-19 22:00:00,7.936775,7.936775,155.0,155.0
2019-12-19 23:00:00,8.960875,8.960875,175.0,175.0
2019-12-20 00:00:00,12.340405,12.340405,241.0,241.0
2019-12-20 01:00:00,12.903659999999999,12.903659999999999,252.0,252.0
2019-12-20 02:00:00,10.804255000000003,10.804255000000003,211.0,211.0
2019-12-20 03:00:00,12.135585000000003,12.135585000000003,237.0,237.0
2019-12-20 04:00:00,7.37352,7.373519999999999,144.0,144.0
2019-12-20 05:00:00,10.394615000000002,10.394615000000002,203.0,203.0
2019-12-20 06:00:00,11.930765000000001,11.930765000000001,233.0,233.0
2019-12-20 07:00:00,446.81483000000003,446.81483000000003,8726.0,8726.0
2019-12-20 08:00:00,111.67810499999999,111.67810499999999,2181.0,2181.0
2019-12-20 09:00:00,93.44912500000002,93.44912500000002,1825.0,1825.0
2019-12-20 10:00:00,107.172065,107.172065,2093.0,2093.0
2019-12-20 11:00:00,100.105775,100.105775,1955.0,1955.0
2019-12-20 12:00:00,202.51577499999993,202.51577499999993,3955.0,3955.0
2019-12-20 13:00:00,96.93106499999999,96.93106499999999,1893.0,1893.0
2019-12-20 14:00:00,112.907025,112.907025,2205.0,2205.0
2019-12-20 15:00:00,105.12386500000001,105.12386500000001,2053.0,2053.0
2019-12-20 16:00:00,71.07253999999999,71.07253999999999,1388.0,1388.0
2019-12-20 17:00:00,72.96712500000001,72.96712500000001,1425.0,1425.0
2019-12-20 18:00:00,201.59408499999998,201.59408499999998,3937.0,3937.0
2019-12-20 19:00:00,203.89830999999995,203.89830999999995,3982.0,3982.0
2019-12-20 20:00:00,199.85311500000003,199.85311500000003,3903.0,3903.0
2019-12-20 21:00:00,203.28385,203.28385,3970.0,3970.0
2019-12-20 22:00:00,11.265099999999999,11.265099999999999,220.0,220.0
2019-12-20 23:00:00,9.52413,9.524129999999998,186.0,186.0
2019-12-21 00:00:00,26.472985000000005,26.472985000000005,517.0,517.0
2019-12-21 01:00:00,19.76513,19.76513,386.0,386.0
2019-12-21 02:00:00,21.81333,21.81333,426.0,426.0
2019-12-21 03:00:00,26.370575,26.370575,515.0,515.0
2019-12-21 04:00:00,25.704909999999998,25.704909999999998,502.0,502.0
2019-12-21 05:00:00,18.689825000000003,18.689825000000003,365.0,365.0
2019-12-21 06:00:00,22.120560000000005,22.120560000000005,432.0,432.0
2019-12-21 07:00:00,453.7275049999999,453.7275049999999,8861.0,8861.0
2019-12-21 08:00:00,447.01964999999996,447.01964999999996,8730.0,8730.0
2019-12-21 09:00:00,122.58477000000002,122.58477000000002,2394.0,2394.0
2019-12-21 10:00:00,110.44918499999999,110.44918499999999,2157.0,2157.0
2019-12-21 11:00:00,96.726245,96.726245,1889.0,1889.0
2019-12-21 12:00:00,82.90089499999999,82.90089499999999,1619.0,1619.0
2019-12-21 13:00:00,70.30446499999998,70.30446499999998,1373.0,1373.0
2019-12-21 14:00:00,69.74120999999998,69.74120999999998,1362.0,1362.0
2019-12-21 15:00:00,239.79301500000003,239.79301500000003,4683.0,4683.0
2019-12-21 16:00:00,250.29003999999998,250.29004,4888.0,4888.0
2019-12-21 17:00:00,38.50616,38.50616,752.0,752.0
2019-12-21 18:00:00,35.689885,35.689885,697.0,697.0
2019-12-21 19:00:00,42.551355,42.551355,831.0,831.0
2019-12-21 20:00:00,149.057755,149.057755,2911.0,2911.0
2019-12-21 21:00:00,163.34394999999995,163.34394999999995,3190.0,3190.0
2019-12-21 22:00:00,144.19327999999996,144.19327999999996,2816.0,2816.0
2019-12-21 23:00:00,21.5061,21.506100000000004,420.0,420.0
2019-12-22 00:00:00,21.403689999999997,21.403689999999997,418.0,418.0
2019-12-22 01:00:00,15.617524999999997,15.617524999999997,305.0,305.0
2019-12-22 02:00:00,22.12056,22.12056,432.0,432.0
2019-12-22 03:00:00,26.165755,26.165755,511.0,511.0
2019-12-22 04:00:00,16.948855,16.948855,331.0,331.0
2019-12-22 05:00:00,22.888635000000004,22.888635000000004,447.0,447.0
2019-12-22 06:00:00,18.53621,18.53621,362.0,362.0
2019-12-22 07:00:00,448.914235,448.914235,8767.0,8767.0
2019-12-22 08:00:00,427.86898,427.86898,8356.0,8356.0
2019-12-22 09:00:00,120.74139,120.74138999999998,2358.0,2358.0
2019-12-22 10:00:00,123.96730500000001,123.967305,2421.0,2421.0
2019-12-22 11:00:00,76.44906499999999,76.44906499999999,1493.0,1493.0
2019-12-22 12:00:00,75.37376,75.37376,1472.0,1472.0
2019-12-22 13:00:00,74.65688999999999,74.65688999999999,1458.0,1458.0
2019-12-22 14:00:00,87.45814000000001,87.45814000000001,1708.0,1708.0
2019-12-22 15:00:00,221.41041999999996,221.41041999999996,4324.0,4324.0
2019-12-22 16:00:00,254.38643999999996,254.38643999999996,4968.0,4968.0
2019-12-22 17:00:00,33.48807,33.48807,654.0,654.0
2019-12-22 18:00:00,40.65677,40.65677,794.0,794.0
2019-12-22 19:00:00,36.45796,36.45796,712.0,712.0
2019-12-22 20:00:00,144.80774,144.80774,2828.0,2828.0
2019-12-22 21:00:00,145.473405,145.473405,2841.0,2841.0
2019-12-22 22:00:00,158.73549999999994,158.73549999999994,3100.0,3100.0
2019-12-22 23:00:00,18.94585,18.94585,370.0,370.0
2019-12-23 00:00:00,11.879559999999998,11.879559999999998,232.0,232.0
2019-12-23 01:00:00,10.394615,10.394615,203.0,203.0
2019-12-23 02:00:00,5.32532,5.32532,104.0,104.0
2019-12-23 03:00:00,10.497025,10.497025,205.0,205.0
2019-12-23 04:00:00,11.521125,11.521125,225.0,225.0
2019-12-23 05:00:00,10.701845,10.701845,209.0,209.0
2019-12-23 06:00:00,7.783159999999999,7.783159999999999,152.0,152.0
2019-12-23 07:00:00,471.0347949999999,471.0347949999999,9199.0,9199.0
2019-12-23 08:00:00,117.51547500000001,117.51547500000001,2295.0,2295.0
2019-12-23 09:00:00,86.43404,86.43404,1688.0,1688.0
2019-12-23 10:00:00,107.94014000000003,107.94014000000001,2108.0,2108.0
2019-12-23 11:00:00,99.03047000000001,99.03047000000001,1934.0,1934.0
2019-12-23 12:00:00,232.2146749999999,232.2146749999999,4535.0,4535.0
2019-12-23 13:00:00,104.97024999999998,104.97024999999998,2050.0,2050.0
2019-12-23 14:00:00,94.06358499999996,94.06358499999996,1837.0,1837.0
2019-12-23 15:00:00,103.382895,103.382895,2019.0,2019.0
2019-12-23 16:00:00,65.183965,65.183965,1273.0,1273.0
2019-12-23 17:00:00,73.17194500000001,73.17194500000001,1429.0,1429.0
2019-12-23 18:00:00,226.73574,226.73574,4428.0,4428.0
2019-12-23 19:00:00,204.30794999999995,204.30794999999992,3990.0,3990.0
2019-12-23 20:00:00,199.54588500000003,199.54588500000003,3897.0,3897.0
2019-12-23 21:00:00,211.57906,211.57906,4132.0,4132.0
2019-12-23 22:00:00,10.957870000000002,10.95787,214.0,214.0
2019-12-23 23:00:00,11.930765000000001,11.930765000000001,233.0,233.0
2019-12-24 00:00:00,8.346415,8.346415,163.0,163.0
2019-12-24 01:00:00,6.04219,6.04219,118.0,118.0
2019-12-24 02:00:00,12.69884,12.69884,248.0,248.0
2019-12-24 03:00:00,11.009075,11.009075,215.0,215.0
2019-12-24 04:00:00,9.472925000000002,9.472925000000002,185.0,185.0
2019-12-24 05:00:00,10.804255,10.804255,211.0,211.0
2019-12-24 06:00:00,11.316305,11.316305,221.0,221.0
2019-12-24 07:00:00,453.31786500000004,453.31786500000004,8853.0,8853.0
2019-12-24 08:00:00,109.06665000000001,109.06665000000001,2130.0,2130.0
2019-12-24 09:00:00,99.84975,99.84975,1950.0,1950.0
2019-12-24 10:00:00,112.29256499999998,112.29256499999998,2193.0,2193.0
2019-12-24 11:00:00,105.738325,105.738325,2065.0,2065.0
2019-12-24 12:00:00,200.46757499999993,200.46757499999995,3915.0,3915.0
2019-12-24 13:00:00,119.61487999999997,119.61487999999997,2336.0,2336.0
2019-12-24 14:00:00,101.18108000000001,101.18108000000001,1976.0,1976.0
2019-12-24 15:00:00,101.84674499999998,101.84674499999998,1989.0,1989.0
2019-12-24 16:00:00,76.29544999999996,76.29544999999996,1490.0,1490.0
2019-12-24 17:00:00,63.59661,63.59661,1242.0,1242.0
2019-12-24 18:00:00,214.29292499999997,214.29292499999997,4185.0,4185.0
2019-12-24 19:00:00,211.88628999999995,211.88628999999995,4138.0,4138.0
2019-12-24 20:00:00,216.08509999999998,216.08509999999998,4220.0,4220.0
2019-12-24 21:00:00,196.01273999999998,196.01273999999998,3828.0,3828.0
2019-12-24 22:00:00,8.039185,8.039185,157.0,157.0
2019-12-24 23:00:00,9.728950000000001,9.728950000000001,190.0,190.0
2019-12-25 00:00:00,19.304285,19.304285,377.0,377.0
2019-12-25 01:00:00,26.114550000000005,26.114550000000005,510.0,510.0
2019-12-25 02:00:00,25.448885000000004,25.448885000000004,497.0,497.0
2019-12-25 03:00:00,22.069354999999998,22.069355,431.0,431.0
2019-12-25 04:00:00,20.021155,20.021155,391.0,391.0
2019-12-25 05:00:00,21.506099999999996,21.506099999999996,420.0,420.0
2019-12-25 06:00:00,20.738025,20.738025,405.0,405.0
2019-12-25 07:00:00,455.62209,455.62209,8898.0,8898.0
2019-12-25 08:00:00,444.61301499999996,444.61301499999996,8683.0,8683.0
2019-12-25 09:00:00,109.37387999999999,109.37387999999999,2136.0,2136.0
2019-12-25 10:00:00,107.88893499999999,107.88893499999999,2107.0,2107.0
2019-12-25 11:00:00,87.0485,87.0485,1700.0,1700.0
2019-12-25 12:00:00,88.226215,88.226215,1723.0,1723.0
2019-12-25 13:00:00,83.46415,83.46415,1630.0,1630.0
2019-12-25 14:00:00,83.105715,83.105715,1623.0,1623.0
2019-12-25 15:00:00,246.09122999999997,246.09122999999997,4806.0,4806.0
2019-12-25 16:00:00,223.2538,223.2538,4360.0,4360.0
2019-12-25 17:00:00,43.319430000000004,43.319430000000004,846.0,846.0
2019-12-25 18:00:00,37.226035,37.22603500000001,727.0,727.0
2019-12-25 19:00:00,42.448944999999995,42.448944999999995,829.0,829.0
2019-12-25 20:00:00,153.51259000000002,153.51259000000002,2998.0,2998.0
2019-12-25 21:00:00,132.51854,132.51854,2588.0,2588.0
2019-12-25 22:00:00,148.28967999999998,148.28967999999998,2896.0,2896.0
2019-12-25 23:00:00,15.105475,15.105475,295.0,295.0
2019-12-26 00:00:00,19.4579,19.457900000000002,380.0,380.0
2019-12-26 01:00:00,18.228979999999996,18.22898,356.0,356.0
2019-12-26 02:00:00,14.13258,14.13258,276.0,276.0
2019-12-26 03:00:00,20.840434999999996,20.840435,407.0,407.0
2019-12-26 04:00:00,18.792234999999998,18.792234999999998,367.0,367.0
2019-12-26 05:00:00,16.385599999999997,16.385599999999997,320.0,320.0
2019-12-26 06:00:00,24.629605,24.629605,481.0,481.0
2019-12-26 07:00:00,440.721435,440.721435,8607.0,8607.0
2019-12-26 08:00:00,418.703285,418.703285,8177.0,8177.0
2019-12-26 09:00:00,123.76248500000001,123.76248500000001,2417.0,2417.0
2019-12-26 10:00:00,109.42508499999998,109.42508499999998,2137.0,2137.0
2019-12-26 11:00:00,110.50039,110.50039,2158.0,2158.0
2019-12-26 12:00:00,81.21113,81.21113,1586.0,1586.0
2019-12-26 13:00:00,79.98221000000001,79.98221,1562.0,1562.0
2019-12-26 14:00:00,72.967125,72.967125,1425.0,1425.0
2019-12-26 15:00:00,255.1545149999999,255.1545149999999,4983.0,4983.0
2019-12-26 16:00:00,253.00390500000003,253.00390500000003,4941.0,4941.0
2019-12-26 17:00:00,39.530260000000006,39.530260000000006,772.0,772.0
2019-12-26 18:00:00,43.882684999999995,43.88268499999999,857.0,857.0
2019-12-26 19:00:00,43.0122,43.01220000000001,840.0,840.0
2019-12-26 20:00:00,137.84386000000003,137.84386000000003,2692.0,2692.0
2019-12-26 21:00:00,149.877035,149.877035,2927.0,2927.0
2019-12-26 22:00:00,152.69331,152.69331,2982.0,2982.0
2019-12-26 23:00:00,21.608509999999995,21.608509999999995,422.0,422.0
2019-12-27 00:00:00,11.36751,11.36751,222.0,222.0
2019-12-27 01:00:00,9.063284999999999,9.063284999999999,177.0,177.0
2019-12-27 02:00:00,11.06028,11.06028,216.0,216.0
2019-12-27 03:00:00,4.966884999999999,4.966884999999999,97.0,97.0
2019-12-27 04:00:00,9.882565,9.882565,193.0,193.0
2019-12-27 05:00:00,10.54823,10.548230000000002,206.0,206.0
2019-12-27 06:00:00,8.70485,8.70485,170.0,170.0
2019-12-27 07:00:00,443.384095,443.384095,8659.0,8659.0
2019-12-27 08:00:00,106.60880999999998,106.60880999999998,2082.0,2082.0
2019-12-27 09:00:00,82.08161499999999,82.08161499999999,1603.0,1603.0
2019-12-27 10:00:00,106.557605,106.557605,2081.0,2081.0
2019-12-27 11:00:00,103.12686999999997,103.12686999999997,2014.0,2014.0
2019-12-27 12:00:00,200.77480500000004,200.77480500000004,3921.0,3921.0
2019-12-27 13:00:00,109.117855,109.11785500000002,2131.0,2131.0
2019-12-27 14:00:00,108.50339500000003,108.50339500000001,2119.0,2119.0
2019-12-27 15:00:00,114.59679000000001,114.59679,2238.0,2238.0
2019-12-27 16:00:00,71.635795,71.635795,1399.0,1399.0
2019-12-27 17:00:00,68.51229,68.51229,1338.0,1338.0
2019-12-27 18:00:00,221.768855,221.768855,4331.0,4331.0
2019-12-27 19:00:00,201.85011,201.85010999999997,3942.0,3942.0
2019-12-27 20:00:00,201.79890500000002,201.79890500000002,3941.0,3941.0
2019-12-27 21:00:00,203.949515,203.949515,3983.0,3983.0
2019-12-27 22:00:00,11.725944999999998,11.725944999999998,229.0,229.0
2019-12-27 23:00:00,10.394615,10.394615,203.0,203.0
2019-12-28 00:00:00,19.25308,19.25308,376.0,376.0
2019-12-28 01:00:00,19.509105,19.509105,381.0,381.0
2019-12-28 02:00:00,17.716929999999998,17.716929999999998,346.0,346.0
2019-12-28 03:00:00,23.195864999999998,23.195864999999998,453.0,453.0
2019-12-28 04:00:00,15.617524999999999,15.617524999999999,305.0,305.0
2019-12-28 05:00:00,19.201875,19.201875,375.0,375.0
2019-12-28 06:00:00,20.174770000000002,20.174770000000002,394.0,394.0
2019-12-28 07:00:00,441.07986999999997,441.07986999999997,8614.0,8614.0
2019-12-28 08:00:00,437.90515999999997,437.90515999999997,8552.0,8552.0
2019-12-28 09:00:00,114.23835499999997,114.23835499999998,2231.0,2231.0
2019-12-28 10:00:00,121.25344,121.25344000000001,2368.0,2368.0
2019-12-28 11:00:00,112.65099999999998,112.65099999999998,2200.0,2200.0
2019-12-28 12:00:00,74.91291500000001,74.91291500000001,1463.0,1463.0
2019-12-28 13:00:00,81.10871999999998,81.10871999999998,1584.0,1584.0
2019-12-28 14:00:00,83.20812499999998,83.20812499999998,1625.0,1625.0
2019-12-28 15:00:00,246.756895,246.756895,4819.0,4819.0
2019-12-28 16:00:00,264.11539,264.11539,5158.0,5158.0
2019-12-28 17:00:00,39.479055,39.479055,771.0,771.0
2019-12-28 18:00:00,39.83749,39.83749,778.0,778.0
2019-12-28 19:00:00,36.56037,36.56037,714.0,714.0
2019-12-28 20:00:00,161.91021,161.91021,3162.0,3162.0
2019-12-28 21:00:00,142.196285,142.196285,2777.0,2777.0
2019-12-28 22:00:00,151.97644,151.97644,2968.0,2968.0
2019-12-28 23:00:00,20.840434999999996,20.840435,407.0,407.0
2019-12-29 00:00:00,21.966944999999996,21.966944999999996,429.0,429.0
2019-12-29 01:00:00,21.966945,21.966945,429.0,429.0
2019-12-29 02:00:00,20.328384999999997,20.328384999999997,397.0,397.0
2019-12-29 03:00:00,20.123565,20.123565,393.0,393.0
2019-12-29 04:00:00,19.816335000000002,19.816335000000002,387.0,387.0
2019-12-29 05:00:00,15.617525000000002,15.617525000000002,305.0,305.0
2019-12-29 06:00:00,21.81333,21.81333,426.0,426.0
2019-12-29 07:00:00,428.53464499999995,428.53464499999995,8369.0,8369.0
2019-12-29 08:00:00,434.01357999999993,434.01357999999993,8476.0,8476.0
2019-12-29 09:00:00,121.56066999999997,121.56066999999997,2374.0,2374.0
2019-12-29 10:00:00,123.71127999999996,123.71127999999996,2416.0,2416.0
2019-12-29 11:00:00,107.94013999999999,107.94013999999999,2108.0,2108.0
2019-12-29 12:00:00,63.750225,63.750225,1245.0,1245.0
2019-12-29 13:00:00,82.491255,82.491255,1611.0,1611.0
2019-12-29 14:00:00,78.59967500000002,78.59967500000002,1535.0,1535.0
2019-12-29 15:00:00,265.13949,265.13949,5178.0,5178.0
2019-12-29 16:00:00,253.9768,253.9768,4960.0,4960.0
2019-12-29 17:00:00,44.394735,44.394735,867.0,867.0
2019-12-29 18:00:00,43.0122,43.01220000000001,840.0,840.0
2019-12-29 19:00:00,32.515175,32.515175,635.0,635.0
2019-12-29 20:00:00,147.521605,147.521605,2881.0,2881.0
2019-12-29 21:00:00,148.54570500000003,148.54570500000003,2901.0,2901.0
2019-12-29 22:00:00,150.18426499999998,150.18426499999998,2933.0,2933.0
2019-12-29 23:00:00,27.189855,27.189855,531.0,531.0
2019-12-30 00:00:00,12.596430000000002,12.596430000000002,246.0,246.0
2019-12-30 01:00:00,9.31931,9.31931,182.0,182.0
2019-12-30 02:00:00,11.828355000000002,11.828355000000002,231.0,231.0
2019-12-30 03:00:00,12.084380000000001,12.084380000000001,236.0,236.0
2019-12-30 04:00:00,11.725945,11.725944999999998,229.0,229.0
2019-12-30 05:00:00,11.469919999999998,11.469919999999998,224.0,224.0
2019-12-30 06:00:00,6.759059999999998,6.759059999999998,132.0,132.0
2019-12-30 07:00:00,484.6041199999999,484.6041199999999,9464.0,9464.0
2019-12-30 08:00:00,109.27147,109.27147,2134.0,2134.0
2019-12-30 09:00:00,85.56355499999997,85.56355499999997,1671.0,1671.0
2019-12-30 10:00:00,110.09075000000001,110.09075000000001,2150.0,2150.0
2019-12-30 11:00:00,101.28349,101.28349,1978.0,1978.0
2019-12-30 12:00:00,208.19953,208.19953,4066.0,4066.0
2019-12-30 13:00:00,109.06664999999998,109.06664999999998,2130.0,2130.0
2019-12-30 14:00:00,111.26846500000003,111.26846500000003,2173.0,2173.0
2019-12-30 15:00:00,108.45219,108.45219,2118.0,2118.0
2019-12-30 16:00:00,71.99422999999999,71.99422999999999,1406.0,1406.0
2019-12-30 17:00:00,56.93996000000001,56.93996000000001,1112.0,1112.0
2019-12-30 18:00:00,219.46463,219.46462999999997,4286.0,4286.0
2019-12-30 19:00:00,206.10012500000002,206.10012500000002,4025.0,4025.0
2019-12-30 20:00:00,201.33806,201.33806,3932.0,3932.0
2019-12-30 21:00:00,202.10613500000005,202.10613500000008,3947.0,3947.0
2019-12-30 22:00:00,13.415710000000002,13.415710000000002,262.0,262.0
2019-12-30 23:00:00,9.524130000000001,9.524130000000001,186.0,186.0
2019-12-31 00:00:00,14.3374,14.3374,280.0,280.0
2019-12-31 01:00:00,11.879559999999998,11.879559999999998,232.0,232.0
2019-12-31 02:00:00,7.7831600000000005,7.78316,152.0,152.0
2019-12-31 03:00:00,8.29521,8.29521,162.0,162.0
2019-12-31 04:00:00,11.674740000000002,11.674740000000002,228.0,228.0
2019-12-31 05:00:00,8.1928,8.1928,160.0,160.0
2019-12-31 06:00:00,9.472925000000002,9.472925000000002,185.0,185.0
2019-12-31 07:00:00,444.203375,444.203375,8675.0,8675.0
2019-12-31 08:00:00,111.47328499999996,111.47328499999996,2177.0,2177.0
2019-12-31 09:00:00,62.16286999999999,62.16286999999999,1214.0,1214.0
2019-12-31 10:00:00,102.20518000000003,102.20518000000003,1996.0,1996.0
2019-12-31 11:00:00,104.09976500000003,104.09976500000003,2033.0,2033.0
2019-12-31 12:00:00,204.46156500000004,204.46156500000004,3993.0,3993.0
2019-12-31 13:00:00,108.14496000000001,108.14496000000001,2112.0,2112.0
2019-12-31 14:00:00,96.57262999999999,96.57262999999998,1886.0,1886.0
2019-12-31 15:00:00,112.59979500000001,112.59979500000001,2199.0,2199.0
2019-12-31 16:00:00,73.7352,73.7352,1440.0,1440.0
2019-12-31 17:00:00,58.06647,58.06647,1134.0,1134.0
2019-12-31 18:00:00,211.937495,211.937495,4139.0,4139.0
2019-12-31 19:00:00,199.90431999999998,199.90431999999998,3904.0,3904.0
2019-12-31 20:00:00,227.35019999999997,227.35019999999997,4440.0,4440.0
2019-12-31 21:00:00,210.35013999999998,210.35013999999998,4108.0,4108.0
2019-12-31 22:00:00,9.42172,9.42172,184.0,184.0
2019-12-31 23:00:00,8.960875,8.960875,175.0,175.0
